review,sentiment
"Im a die hard Dads Army fan and nothing will ever change that. I got all the tapes, DVD's and audiobooks and every time i watch/listen to them its brand new. <br /><br />The film. The film is a re run of certain episodes, Man and the hour, Enemy within the gates, Battle School and numerous others with a different edge. Introduction of a new General instead of Captain Square was a brilliant move - especially when he wouldn't cash the cheque (something that is rarely done now).<br /><br />It follows through the early years of getting equipment and uniforms, starting up and training. All in all, its a great film for a boring Sunday afternoon. <br /><br />Two draw backs. One is the Germans bogus dodgy accents (come one, Germans cant pronounced the letter ""W"" like us) and Two The casting of Liz Frazer instead of the familiar Janet Davis. I like Liz in other films like the carry ons but she doesn't carry it correctly in this and Janet Davis would have been the better choice.",positive
A very good wartime movie showing the effects of war on a hometown boy who looses his eyesight on Guadalcanal and must come home and re-adjust himself with the help of family and friends. An excellent cast of actor's helps make this movie very entertaining. Eleanor Parker's role as the girlfriend was worthy of an Oscar nomination. She has such an innocence to her in this movie. Ann Doran role was equally satisfying as was all of her small supporting roles. I especially like the hometown aura of pre-war Phildelphia. The hunting scene is very good. Of course the war scene on Guadalcanal truly showed the horror faced by our soldiers during this epic battle. A well deserving film and one that should not be forgotten,positive
"Absolutely fantastic trash....this one has it all: nudity, good fight scenes, gore, action, explosions etc. It also stars the wonderful Belinda Mayne as Ingrid - not Olga as the other reviewer pointed out - although Olga turns into Ingrid later on in the film (you'll have to watch it to see what I mean).<br /><br />I won't bother to go into the story as it's far too long winded and not very interesting. The relationship between Ingrid and her brother Bo (Robert Ginty) is interesting - watch the towel stealing scene to see what I mean.<br /><br />The fight scenes were at once quite good and then spoilt by some really shoddy gore effects that looked like they were done by the team who did City of the Walking Dead (i.e. strange coloured blood gushing out of neck wounds).<br /><br />I'd advise fans of low budget trash to check it out if they can track down a copy - its pretty rare though and I couldn't ever see anyone bothering to re-release it so it'll become all the rarer in a few years.<br /><br />Anyway I'd recommend it solely for Belinda Mayne's great nude scenes! That lady's a fox!",positive
"I liked this movie. It was pretty cool. It has it all: cars, gun shooting, fighting, and even a token girl. It does not excel in any of this things, with the exception of the cars. A bit of shooting, a bit of fighting, a bit of smooching around, and LOT´s of car, with a great chase near the end. The jump, you may say, is impractical, but according to our good friends here at the IMDB it is possible, so the movie ain´t as bad as people are painting it. It has some quality, and I liked to watch it. In fact, I loved the film. And I didn´t need to turn off my brains to watch it. I wasn´t always thinking ""Is this possible?"" or tramp like that. 9 in 10.",positive
"I really don't know why I agreed to watch this movie, but like a complete fool I did and for that I deserve to be shot! I had seen the original Killjoy, well I say I have seen it.... I started watching it but found it that bad that I ended up watching it in 4x speed to get it over with and get rid of the annoying dialogue, but I said I would watch it and I did even if it was in 4x speed.<br /><br />To cut a long story short Killjoy 2 kicks off where Killjoy left off. By this i don't mean the plot, I mean the complete and total bag of dirt known as acting and cheapness. I have nothing against low budget movies, in fact I kinda enjoy them, they are something different from Mega budget blockbusters, but this film is just terrible! The acting is diabolical and the script... well i think you could of given Stevie Wonder a pen and paper, and he would of produced something much better! This movie is just annoying, not to mention the annoying laugh the clown has which is so obviously dubbed! I didn't make it through this movie anyway, about three quarters of the way through it was time to turn it off and throw it through the window. It may of been a rip off to buy as a DVD but as a frisbee it was a mega bargain! <br /><br />Please for the love of mankind itself DO NOT watch this muck, it is possibly the worst thing I have ever seen and considering some of the muck I've seen thats saying a lot! <br /><br />My rating on this movie would be.... Nailgun to the head/10",negative
"I second the motion to make this into a movie, it would be great!! I was also amazed at the storyline and character build in this game. I have played it again and again (over 20 times) just to try something different and it gets more interesting every time. Final Fantasy eat your heart out!! THIS SHOULD BE MADE INTO A MOVIE!!!!! If anyone out there wants some help to start a petition to have this made into a movie, please contact me. I would love to help with that project any day. The graphics are great for PS1 and even make you forget it is PS1 most of the time. The multitude of side quests makes it different every time you play.",positive
"While driving in a highway to the wedding of his beloved Betty-Ann, Adam (Eric Jungmann) is surprised by his former schoolmate Harley (Justin Urich) on the backseat of his car. Adam has broken off with the inconvenient and moron Harley because of Betty-Ann. Along their road trip, Harley makes fun of some rednecks in a bar and later their car is chased by a giant monster truck on the road. After some incidents, they give a lift to the hitchhiker Sarah (Aimee Brooks) and sooner the trio is terrorized by a scary monster driving the monster truck.<br /><br />In spite of having one of the most annoying characters I have ever seen in a horror movie, the irritating Harley, ""Monster Man"" is a surprisingly good trash horror-comedy. The story is a collection of clichés, beginning like ""Joy Ride"" or ""Duel""; then it turns to one of the countless rip-offs of ""The Texas Chainsaw Massacre""; there is a surprising twist, ending with a hook for a sequel. There are hilarious scenes, Aimee Brooks is extremely sexy and this film really entertains. My vote is seven.<br /><br />Title (Brazil): ""Monster Man""",positive
"I can accept the fact this was the NEXT karate kid so Ralph Macchio can be happily retired from the series, and while Hillary Swank is great for the role....the plot to the movie is just dreadful.<br /><br />Mr. Miyagi's old buddy from World War 2 dies, leaving his widow to take care of her rebellious grand-daughter when her parents die in an accident. The girl has no discipline yet is the hero because the local ROTC...which I'll explain in a minute, has it out to get her. You know the drill...Miyagi takes her under his wing and in the end they beat the bad guys and everyone lives happily ever after.<br /><br />Its hokey, its cheesy, its the 90's....but that's not even the long and the short of it. My first case of ""huh?"" is why is there a ""military division"" in high school? I thought that stuff went out in the 1960's, especially in a public school. As much as Michael Ironside kicks booty in his role as the main heel, since when is military involved in a high school? My next gripe is that during the prom scene, the militants bungee jump to scare the crap out of people....why? The thing I noticed throughout all 4 movies was at the very end the heels suddenly turn face after all the nonsense they put the main character through (Billy in part 1, Sato in part 2, Kreese in part 3). This movie is no different. After Ned and cronies basically sabotage the senior prom, blow up Eric's car and threaten Hillary Swank the whole movie.....Ironside tells them to beat her up and they're like ""um...no"" If you're gonna do pathetic face turns, at least make sure the characters haven't done anything too over the top such as blowing up a hot rod.<br /><br />As for the rest of the love plot between Eric and Hillary Swank....corny but nothing to melodramatic, which is a breath of fresh air from the garbage Ralph Macchio pulled in the first 3 movies.<br /><br />I will say for its own movie, after watching the first 3 movies, I can accept it being more or less a spin off...but I can't accept the whole military thing, way too uncommon for it to be taken seriously. Now if Ironside and crew was a wrestling/football team and he was the coach, THAT would have been more believable.<br /><br />Ironside and Morita deliver the goods, Swank is OK...the rest are the same as anything, the one highlight is when they blow up the hot rod, THAT was cool 4 out of 10",negative
"OK I have to admit that I quite enjoyed House of the Dead despite its well documented failings. This however was the worst film I have seen since Demons at the Door. Compared to DATD the effects are vastly superior. However the plot is weak, the acting reminiscent of everyone's favourite, the porn film, and the decisions and actions of the ""characters"" consistently verge on the moronic. I feel like trying out Uwe Boll's latest cinematic outings just to get some sense of perspective over HOTD2. I am not suggesting that he is really the cure, more a case of a different disease, but when your senses have been insulted in such an abhorrent manner the only way is up. OK there it is. I have managed the ten line minimum and shall waste no more of our time on the waste of celluloid that is House of the dead 2.",negative
"this is one of my favorite movies ever! along with casablanca and cannibal holocaust, this is near perfect cinema. rex allen narrates this wonderful tale of a cougar who just needs a little loving. contains action, adventure, suspense, comedy, and riverbed chaos! SEE THIS MOVIE IF YOU HAVE TO KILL TO DO IT!!! you will not find a better cat picture anywhere, with ""cat from outer space"" coming in as a not so close second. charlie's performance is magnificent. even includes animal cruelty and intense logging! gotta love disney, for all moral failures!",positive
"Somehow, I really thought that I was going to enjoy this film because I love pictures with mountain climbing and a great mystery in the plot. I must say that the photography was fantastic and there was some scary scenes that captured my attention. I thought that Nicole Eggert,(Diana Pennington),""Thank You, Good Night"",'01 played a very convincing role as a young girl who had a tragic loss in her life and meets up with some characters who want her to guide them up the mountain. Marc Singer, ""Angel Blade"",'02, played a very unconvincing weird guy and over acted in many scenes with a bad temper that looked comical. This film was a big disappointed and not worth watching, unless there is nothing on the TV to ENJOY!!",negative
"No doubt Frank Sinatra was a talented actor as well as a talented singer. After all, very few actors nowadays can get a scene just right in one take, and that was pretty much Sinatra's modus operandi on set.<br /><br />I feel that as the 1960's wore on, the quality of the man's films really started to tank. The Tony Rome detective series was nothing short of trying to compete with Dean Martin's Matt Helm series which came out at the same time. Perhaps even a James Bond competition, but nothing really worked for Frank during these years. His personal life in shambles, his music fading out...Sinatra appeared more like a throwback to the 1950's. The last great Sinatra film of this period was probably Von Ryan's Express in 1965.",negative
"I love this movie. Even though I rated it a ""4"", that's because the acting, the plot and the budget were all slated to the ""B"" universe even before this movie was released. But that's OK! It is an entertaining film that has a lot to offer! <br /><br />I remember what Leonard Maltin said about ""Plan 9 From Outer Space"": a film so bad that it's great! Lacking the UFO - alien plot, The Thing the Couldn't Die relies on the supernatural (divination, a buried head looking for it's body, hypnosis, etc) to tell it's story. The acting is stilted, the camera work second class and the settings are limited, but boy! what a movie! This film is available in the bootleg market. If you find a copy, buy it!",negative
"After the superb AANKHEN(2002) which was a remake of a Gujarati play he comes with WAQT which too looks like a stage play<br /><br />In stage plays, we have characters shouting, overacting here too the same<br /><br />The first half shows Amitabh almost kidding the 40+ Akshay Kumar who acts too funny like a small nerd<br /><br />The film has a good message how not to spoil your son but sadly the way Amitabh wants to make Akki responsible is absolutely fake<br /><br />Even his reason for hiding his sickness, his runnign from the hospital and the melodramatic speech by Akki is a put off<br /><br />Some emotions do touch you but most are too over the top<br /><br />Rajpal's comedy is hilarious but too stretched in second half <br /><br />Direction by Vipul Shah is too overdone though some scenes are good Music is okay<br /><br />Amongst actors Amitabh overdoes it in the first half but is superb in emotional scenes Akshay Kumar too does his part well but looks umcomfortable in some too weepy scenes His chemistry with Bachchan is matchless Rajpal is a highlight, he makes you laugh without overacting and just his presence and his dumb behaviour and deadpan humour he is a riot Boman is good in some comic parts but too loud at places Priyanka is the heroine so nothing to do, this is her last film with Akki so far Shefali is awesome though she looks too young for Bachchan",negative
"To start with, I have done some further research on the film. Firslty, Jules Dassin directed and acted in this extremely imaginative and different film noir crime film. Secondly, This was a very low budget film, created in the Rennaissance of the prime moment of film noir. Thirdly, the jewelers where the robbery was attempted is an actual jewelers. The producers of Rififi asked them to film their, surprisingly, (I quote Jules Dassin in a recent interview on the subject, ""surprisingly, for some not very obvious reason, they were delighted at the idea of a crime film being set in their shop). <br /><br />It's impeccable characters and plot fit in so beautifully with their surroundings. To add on to my praise I will say this; some might say that this was a typical Hollywood film, on the contrary, this set the base for the regular plot of a Hollywood crime film. <br /><br />Laslty, I would like to say that I support this fresh idea of a film where not only one side wins, and that side doesn't always have to be the good one. For once, I can say that a film is not predictable! Ten stars!",positive
"One of the best documentaries released in recent years. Some points...<br /><br />1. Hugo Chavez was elected Venezuela's president in 1998, his support largely coming from the poorer regions of Venezuela.<br /><br />2. In 2002, a coup briefly deposed Chavez. At the time, Irish filmmakers Kim Bartley and Donnacha O'Briain were in Caracas, shooting a documentary about Chavez for British television. Their film deconstructs the coup and its aftermath, and electrifyingly records history unfolding on-the-spot, outside and inside the presidential palace.<br /><br />3. Chavez aimed to free Venezuela from the free-market policies imposed on it by the US. Though Venezuela's oil was already state-owned, it was run for private benefit by executives who Chavez wished to replace.<br /><br />4. Despite being the world's fourth largest oil supplier, Venezuela remains swamped by poverty, its resources literally sucked away by foreign multinational corporations.<br /><br />5. The documentary begins by portraying Chavez's first years as president before the coup. It focuses on his popularity with the poor, and his various policies which proved popular with working class locals (educational plans, distribution of the oil revenue, grass-root democracy etc).<br /><br />6. Chavez was a huge proponent of education, and printed thousands of copies of the Venezuelan constitution, encouraging children and adults to study and understand it.<br /><br />7. When Chavez came to power, he immediately pledged to redistribute oil profits. This, understandably, made the oil companies nervous.<br /><br />8. A media-war broke out. The six private TV stations promptly began opposing the state-run TV station. They questioned Chavez's motives, sanity and sexual orientation.<br /><br />9. Without media support, the coup would not have been successful. The film makes it clear that coups rely heavily on the media to disseminate information and that news can be easily fabricated.<br /><br />10. Under the guise of ""re-establishing democracy"", the opposition silenced the state-run TV station, dissolved the National Electoral Board, Supreme Court, National Assembly and took control of the military.<br /><br />11. Moneyed interests, backed by the military elite (encouraged by the US and CIA), organised a citizens' march on the presidential palace to effect the coup. Snipers shot at Chávez supporters, but the private media stations edited footage so it appeared that return fire was aimed at the opposition march that in fact had been safely diverted.<br /><br />12. Police went on a shooting rampage against Chavez supporters, further bloodying the streets.<br /><br />13. Chavez, held captive, refused to resign. Of course the media/government then lied, saying he had resigned, but Chavez's cabinet members communicated the truth to the international community, which eventually got the message back to Venezuela by cable TV.<br /><br />14. The people rose up, pressuring the return of the president they had elected, whom only a referendum could constitutionally replace.<br /><br />8.9/10 - At a little over an hour long, this doc is far too short. Nevertheless, its an engrossing piece of journalism and deals with a form of ""media warfare"" which rarely gets touched upon. Makes a great companion piece to ""The Battle of Algiers"".<br /><br />Worth one viewing.",positive
"I found this a bit hard to follow to the extent that it seemed to dip in the middle while I tried to make head or tail of who was fighting who and why. One of the problems is the cultural/language one. Here we have a Chinese/Taiwanese/Japanese problem of which we know little and because we are simply reading English subtitles inevitably loose some of the subtleties. Another problem is that there seem to be just too many only half explained twists and coincidences. Nevertheless, it seems unlikely that there is a wholly bad Miiki film and this certainly is not that. Plenty of stylish and bone crunching violence, a window upon some less than orthodox sexual goings on plus the family aspect. All in all a decent ride but maybe checking out the storyline might actually be helpful before watching this one.",positive
"As much as I love Rodney Dangerfield, this was a terrible movie. The plot was kind of a holistic rip off of various movies, but unfortunately they forgot to rip off any good jokes. In addition it was annoying and boring and that's being kind. If you're looking for a good laugh, rent a copy of Private Parts.",negative
"My friend and I picked ""Paperhouse"" out of a random pile of movies on our weekly excursion to the Horror section-- neither of us had heard of it, but the blurb on the box was really promising. And the movie didn't disappoint, though I still probably wouldn't call it a horror movie exclusively.<br /><br />11-year old Anna Madden draws a house, and visits it in her dreams. She is definitely asleep when she's seeing the house, but it's so real in a sense that it's almost like a completely separate reality. Which, in view of later events, doesn't seem like a far cry from the truth. Anyhow, she finds she can add to the house, its contents and its surroundings by simply adding to the picture. <br /><br />While this is going on, Anna is getting increasingly more ill with a fever, and besides that is getting totally obsessed with the house and her drawing. On top of that, she and her mother are also dealing with her absent father; he has a job that takes him away for long stretches, though one gets the impression there's actually more to the story than that.<br /><br />OK, so the drawing stuff sounds nice enough-- but frankly there's something really menacing about it. The dreamworld is eerily surreal -- the house, for instance, is just a grey block in the middle of a desolate field. The folks who made the movie did a great job of making us very uncomfortable with this alternate world/ongoing dream...<br /><br />One of the things Anna adds to the house is a boy, Mark, who seems to be the same patient her doctor keeps talking about (I'm not giving that away, you know from the moment he appears that it's the same kid). In reality, Mark can't walk due to an illness; in Anna's drawing-world, he can't walk because she didn't draw him any legs. She blames herself for his real-life illness, and tries to rectify the situation, but... everything starts getting really weird. She even brings her absent father into the drawing, with disastrous results. The bits with the father are really terrifying.<br /><br />I don't want to give anything away, so I'll stop there... There seems to be a lot going on in this film. I'm sure you'll have a ball analyzing this thing do death with your pals after you watch it-- Is it a simple a story as it seems, or are there actually layers of meaning? I don't know, but either way it's quite fascinating. There was a ""Nightmare On Elm Street""-ish quality about it, in that at a certain point reality and dreams intersect. I love things like that.<br /><br />My only complaint is that it feels like it COULD have ended many times, but didn't. I'm satisfied with the ending it had (some of you sensitive types might want to have Kleenex handy!), though it really could have a variety of conclusions. Anyway, it doesn't exactly feel drawn out once it's actually over, but while you're watching and it keeps fading back in, it's a little nerve wracking.<br /><br />Still, ""Paperhouse"" is a really GOOD film. It's well done, and acting-- especially Charlotte Burke as Anna-- is top notch. Burke, who has never before or since appeared in a film, is a real gem. I don't know why she never went onto do anything else, but either way she's really convincing and enjoyable to watch.<br /><br />""Paperhouse"" isn't exactly a horror movie, it's sort of a fantasy/suspense/something else type of movie, with some definite horroresque moments-- but you can still watch it with your family and not be worried that your little brother or grandmother will get grossed out by blood splashing or something.<br /><br />Give it a chance, you won't regret it! And maybe you should read the book, too...",positive
"This romantic comedy isn't too bad. There are some funny things happening here and there, and there are some rather memorable characters in it.<br /><br />The acting, however, is amateurish (with the exception of the banker). While some scenes are great fun, others are simply embarrassing. In particular, I found the ""romantic"" part of the story poor. <br /><br />All in all, I guess it's worth seeing if you like football and romantic comedies. It's not really a bad movie, and the ending did feel quite good. Just don't expect anything out of the ordinary. Fair enough if you have an hour and a quarter to kill.",negative
"I love ghost stories in general, but I PARTICULARLY LOVE chilly, atmospheric and elegantly creepy British period-style ghost stories. This one qualifies on all counts. A naive young lawyer (""solicitor"" in Britspeak) is sent to a small village near the seaside to settle an elderly, deceased woman's estate. It's the 1920s, a time when many middle-class Brits go to the seaside on vacation for ""their health."" Well, guess what, there's nothing ""healthy"" about the village of Crythin Gifford, the creepy site of the elderly woman's hulking, brooding Victorian estate, which is located on the fringes of a fog-swathed salt marsh. When the lawyer saves the life of a small girl (none of the locals will help the endangered tot -- you find out why later on in the film), he inadvertently incurs the wrath of a malevolent spirit, the woman in black. She is no filmy, gauzy wraith, but a solid black silhouette of malice and evil. The viewer only sees her a few times, but you feel her malevolent presence in every frame. As the camera creeps up on the lawyer while he's reading through legal papers, you expect to see the woman in black at any moment. When the lawyer goes out to the generator shed to turn on the electricity for the creepy old house, the camera snakes in on him and you think she'll pop up there, too. Waiting for the woman in black to show up is nail-bitingly suspenseful. We've seen many elements of this story before(the locked room that no one enters, the fog, the naive outsider who ignores the locals' warnings) but the director somehow manages to combine them all into a completely new-seeming and compelling ghost story. Watch it with a buddy so you can have someone warm to grab onto while waiting for the woman in black. . .",positive
"OK, look at the title of this film.<br /><br />the title says it all right? the title is great... i mean, a lot of things should come into your head after readin it. in fact, you might be extremely anxious to see it.<br /><br />well, sadly, you won't see any of that.<br /><br />just a bunch of bad actors, some blood spilling, some hot chicks, and some lesbo action.<br /><br />oh, well, i think there are about 5-10 minutes of zombies and vampires indeed...<br /><br />get away from this if you want to see a good movie. else get it.",negative
"Okay, here's what I think about Jack Frost. I looked at the morphing box for the VHS tape and I thought to myself, this looks interesting. I rent it and I take it home. Boy was I right, it is interesting. They put serial killer's spirits in dreams, in walking corpses and inside every day machines. But this has got to be the most unique place to put the spirit of a serial killer. Inside the body of a snowman. I liked all the friendly snowman images littering the landscape, the pot holder, the snow globe, etc. I like the actor who played Jack, he put some fun into a killer really not seen since FREDDY KRUGGER. That's right, I said it. FREDDY KRUGGER. It's that level of ""cool"". I wish some of the puppet effects were better, the mouth movements could have matched better. But I chalk that up to a small budget. The cast does a great job, there are some great one liners and scares to make any hardcore horror fan jump. All and all, a great story, good effects, great dialog and a great cast. I give JACK FROST...9 STARS",positive
"This show has all the typical characters in a comedy: the good guy, the idiot, the pervert, the rich girl... but it's set on the 70's. That's the only difference that it has with other TV comedies. I don't know how you can like this show. Its humor is pathetic! I mean, the jokes are so direct... A typical dialog is this: ""Fez: Oh, Jackie I want to have sex with you. (audience laughs) Jackie: Fez you're a pervert. (audience laughs) Fez: Oh yes I am. (audience cheers and applauds)"" This isn't funny. I think that if it didn't have those laughs (I don't know how you call that in English, sorry) you wouldn't laugh at all. This isn't intelligent comedy, this is an insult to the public. I like most of the American comedies, but this isn't good at all. I would give it 4 out of 10. (Sorry for my poor English again.)",positive
"A by-the-numbers exorcism exercise with a disappointing non-allegiance and usage of the term 'blackwater.' The cinematography appears right out of basic cable MOW land which removes any semblance of swampy, murky atmosphere from the proceedings. In addition, there's not nearly enough gore, sex or attractive young things to satiate the majority of the film's targeted viewers. That being said, the lead actress who plays the possessed has a sexy olive-skinned presence. What else needs to be said about this non-winner? Don't rent unless you've got a thing for middle-aged adults bemoaning their past and rants with clichéd priests, shrinks, hispanic stablemen all regretting their past actions.",negative
"Will there be please coming an end to hyping movies that are dealing about social conflicts or other human disasters? Okay ""Care"" is about childabuse, ""Care"" is about perverts misusing boys in a school and how disgusting it might be, if it's a movie with a poor script and made with bad playing actors then it stays a bad movie. ""Care"" is a movie that could have been, but is it because it was a tvmovie I don't know but everything seemed so limited that it comes over as some cheap movie that will be seen by some housewifes and fathers who decide not to go to bed. There are so many unanswered things in this movie...the relation with his mother for instance or the death of some abused boy from which we know nothing more. ""Care"" should have been much much better.",negative
"From the weeks and weeks of promotion for this, ABC's ""The One"" was supposed to be ""The Real World"" meets ""American Idol."" We were to watch these singers perform, compete and see how they lived together in a house as well. The Drama! The Tension! <br /><br />Where does one begin with this atrocity? Let's start with the ""judges"" who were known as ""Music Experts"" on this program. ""Experts"" implies they have expertise. Andre Harrell at least had a pedigree. He was in charge of Motown Records for a time. The other two... eh. Kate Hudson's uncle, who could have been labeled Mr. Weird Beard. He dyed his facial hair three distinctly different florescent colors. I wonder how scary he would have been with a black light! And The Paula Abdul wannabe, who did something I didn't think could happen: she was even more gushing and cloying than Paula! She then over corrected and became harshly critical after the first episode. The farce of ""critiques"" that these three offered was a true joke and an insult, not only to the process of finding the best singer, but to the audience that is now quite savvy, already having done this numerous times on Fox.<br /><br />There was the host. George Stroumboulopoulos was no Ryan Seacrest. In fact, he was as lackluster as can be. He actually sucked what little energy there was in the program, dry. How he got that job was the second biggest mystery of the show.<br /><br />The first was how did they pick the 11 competitors for this program? This was literally a talent-free talent show. OK. Perhaps that's an exaggeration. And granted, the performers all have to be relatively close in ability, because if they were not, there wouldn't be a ""contest."" If only one person was ""good,"" there would be no ""suspense."" So, I get that they all needed to be comparable. But they all should have had *some* chops! Additionally, the judges were running a ""Singing Academy,"" so the program was part ""Fame,"" as well. Clearly these performers desperately needed those lessons. But you need some extremely talented people to teach those with little talent to be talented. And that definitely wasn't what was happening here.<br /><br />It seemed in casting the show, the priority was on the ""homelife"" elements, as all of the players were very attractive to look at, in equal parts to how badly they vocalized. But the filmed segments in their house were so chopped and sliced, you couldn't get into the stories that were starting to happen, so the show didn't capture the events there, either.<br /><br />As badly devised as all of that was, ""The One"" had an incredible, unbelievable, fatal design flaw built into the results that made it completely laughable.<br /><br />The audience phoned in their votes for who they liked the best, just like on ""AI."" But then, after the audience vote was revealed, the bottom three contestants were forced to sing a final song. The ""music experts,"" based on that performance, chose one person from the three to save for the following week. And THEN, the contestants who were safe got to vote for who they wanted to keep from the remaining two, sending the remaining contestant home.<br /><br />The ""design flaw"" was that the contestants had the final say. I mean, if you were in a music competition and you wanted to get as far along the path as you could, would you vote to KEEP the better singer, or would you try to get rid of your toughest rival? Any first season viewer of CBS's ""Survivor"" could answer that one! And that's exactly what happened on the program. The person who had the better potential was lost, and the contestants voted back ""the one"" who had no talent at all! On top of that, the contestant who was just saved from the bottom by the ""experts"" was also allowed to vote against the remaining two! It was a complete farce! <br /><br />Maybe if they let the contestants vote first, at least the ""experts"" would save the better of two evils to finish. But this just confirms how not ready this show was for broadcast, how unsatisfying the whole process was to view and how misguided the producers were in attempting it.",negative
How his charter evolved as both man and ape was outstanding. Not to mention the scenery of the film. Christopher lambert was astonishing as lord of Greystoke. Christopher is the soul to this masterpiece. I became so enthrawled with his performance i could feel my heart pounding. The entireity of the movie still moves me to this day. His portrayal of John was Oscar worthy; as he should have been nominated for it.,positive
"It is a Frank Zappa axiom that ""music journalism is people who can't write interviewing people who can't talk for people who can't read."" If you ever needed proof that musicians can't talk, this is the film for you. Repeated attempts at profundity stumble over themselves to end up in monosyllabic comments delivered in awestruck voices: ""Wow."" (Thank you, Idris Muhammed.) This film is pretentious but, while much of the pontificating from Youssou N'Dour and his gang of merry men (and one token woman) grates, the music saves the day.<br /><br />The main idea behind the film (what I take to be the main idea, dredged out of the inarticulate commentary) is interesting. To gather a group of musicians from America and Europe and take them on a journey through the different styles of music that grew up in and out of slavery, back to their roots in the music of West Africa, and a concert in the old slave fort of Gorée off the coast of Senegal. We are treated to gospel, blues, jazz and variations of these, including some fantastic drumming both in New Orleans and Senegal. There's also a good deal of N'Dour's own compositions.<br /><br />Sadly, that's another weakness. It's never entirely clear what N'Dour himself wants to achieve. To some degree, the film appears to be an exercise in self-promotion on N'Dour's part. He wants to play his own music, jazzed up to some degree and performed in the company of a bunch of musicians he admires. He's clearly a little embarrassed by this and early in the film obtains the blessings of the Curator of the Gorée museum.<br /><br />The clash between the different agendas shows through in several other places. For example, somebody obviously felt that it was not possible to tell the story of black music without involving a gospel choir, but N'Dour and most of his mates are Moslems (a point made repeatedly throughout the film). The whole early sequence involving the black Christians is uncomfortable and then they disappear from the story until the close harmony group (the only black Christians who can hold a tone?) turn up in Dakar at the end of the film. (To be fair, they turn up triumphantly and perform the best piece in the film.) If the story of black music needs to nod in the direction of gospel, why not also in the direction of Latin America? Where are the black musical influences from the Caribbean and Brazil? Samba? Reggae? Then there's Europe. Here the black diaspora doesn't seem to have produced any musicians of calibre, since N'Dour chooses to draft in Austrian guitarist and a trumpet player from Luxemburg. Are they in the team just because N'Dour has played with him before? What I personally found most irritating, though, was the long sequence which tried to recreate a kind of 60s beatnik/black power/Nation of Islam cultural happening in the New York home of Amir Baraka (a.k.a. Leroi Jones). Hearing people talk about the importance of ""knowing your history"", and then in the next breath perpetuating ignorance. Why do so many African-Americans believe that taking an Arabic name is an assertion of their African roots? And why do they think Arabic Islam is so much more admirable than European Christianity? Who do they think established the trade in African slaves in the first place? The film doesn't have much to say about the situation in West Africa today beyond the platitude that ""present conditions"" are a consequence of all the brightest and best having been shipped away for 300 years. The Senegalese appear to be a poor but happy, musical gifted folk, friendly and welcoming, respectful of their elders (and not above fleecing the visiting Americans in the fish market). Is this ethnic stereotyping or just my imagination? There is no comment on the armed guard that N'Dour and the camera crew seem to need in the opening sequence as they walk through the streets of Dakar.<br /><br />There is also a strong implication in the film that the slaves who were taken from Dakar came from Dakar. The similarity between the folk drumming style of New Orleans and the folk drumming style of Senegal is cited in evidence. The last thing the slaves heard before they were shipped away was the drumming of their homeland, bidding them farewell. Except, of course, that by and large, the slaves shipped from Dakar did not come from Dakar. They were captured or traded from the interior by the coastal Senegalese and sold to merchants of whichever European power currently held the Gorée slave fort. The people of Dakar are not the descendents of Africans who escaped the slave trade, they are just as likely  more likely  to be descendents of the people who sold their black brethren into slavery and exile.<br /><br />The two agenda's clash again in the final part of the film. There are two separate endings. On the one hand, the concert which N'Dour and Co have been rehearsing and preparing along the way and which they deliver in the courtyard of the Gorée slave fort. The other end comes when the Harmony Harmoneers sing the spiritual ""Return to Glory"", in the seaward doorway of the slave fort. This is deeply moving, even if it is hard to believe the performance is quite as spontaneous as it appears.<br /><br />This is a film that is flawed. Unclear of the story it is trying to tell and tugged in different directions. Irritating, confusing, beautiful and emotional by turns. Watch it (listen to it) for the music and the feeling, but don't expect enlightenment or intellectual rigour.",negative
"All right, there's no way to sugarcoat this. The plot was ridiculous, the premise was ridiculous, the acting was unconscionable, the effects were laughable and all of the outdoor scenes appear to have been filmed in New York's Central Park. That having been said, there was something about this movie that I couldn't walk away from. Maybe it was the atmosphere, or maybe it was the evil super-vixen or the amazon wenches.<br /><br />Anyway I'm not one to sit on the margins and criticise without pointing out a few redeeming qualities, so here they are.<br /><br />A violent off-shoot of the women's lib movement is portrayed in a wilderness setting (central park, of course), and all of the masochistic young men out there will be very impressed. Furthermore, some of the scenes in which certain characters lose consciousness are amusingly dramatic (you'll note that I write dramatic, rather than convincing).<br /><br />All I can say is that some people like B movies and I'm one of them. If you're one of them too, then give it a go. Cheers, Mr Kincaid. This is one for the ages.",negative
"This was quite possibly the worst movie I have ever seen. I watched it with a large group of friends and after it was over not a one of us understood the plot. Aside from the lack of plot, the acting was atrocious, the ""special effects"" were not so special, and the writing was absolutely horrible. The movie's only redeeming factor is that it's so incredibly bad that it's quite funny. You can't help but laugh at a zombie being run over while actors are spewing crappy dialogue. I wouldn't recommend this film to anyone looking for a good movie, but it's something that a group of friends can get together and have a good laugh about. It's now a running joke among my friends and I. 1 out of 10.",negative
"Came across this film recently after so long hearing about it. It is an excellent not pretentious movie for people who loves film noir literature and films. Not ""camp"" but humorous. <br /><br />GREAT CAST! From the magnificent Carla Gugino and Emma Thompson to German superstar Til Schweiger, this movie is a feast for the eyes. Alan Rickman is very funny as the antagonist of gang. Would love to see spin off movie with this character and Emma Thompson solving cases and arguments between them all the time (much like Tracy and Hepburn, etc.)<br /><br />Intelligent story, nice twists and scope photography (don't watch unless it is scope because compositions are very rich).<br /><br />Sexy sexy sexy and very fun time.<br /><br />Best use of Just Like Heaven by The Cure ever (must see to believe!)<br /><br />********",positive
"""Gunga Din"": one of the greatest adventure stories ever told! A story about the British Foreign legion in 19th century India and a lowly ""water-bearer"" named Gunga Din, a local denizen who aspires to be just like his military counterparts; three British sergeants whose loyalty and camaraderie for each other extend far beyond the bounds of mere patriotism. Their's is a true and abiding friendship for one another and each would be willing to sacrifice his own life for the good of the other. Gunga Din longs to be a soldier too, a Bugler in particular, but can never attain that rank due to his subordinate social standing. However, heroes are not made according to their social credentials, they're made through their willingness to sacrifice for the greater good of others. Gunga Din tries at every turn to prove his mettle, but will he ever attain the rank he so passionately seeks?....""You're a better man than I am, Gunga Din""! One of Hollywood's classics and a perfect 10!!!!",positive
This is a really obnoxious show. It is in fact an example of how low television has fallen since 'reality' got in style. Tanya is pretty but she is also extremely rude and has awful taste. Is a house show the place for sex appeal? Apparently some males like the show because they find Tanya attractive. The other boss is not pretty but he's fully as rude and also has awful taste. It is unfortunate that so many houses have to be shown while someone is still living in them. Most of the people who are allegedly viewing these houses before changes are made should be moving into brand new houses or completely empty ones so they will not be insulting anyone. Most of them ..like the 'crew'..need to be taught manners. I can imagine how awful the British show is since the British reality shows tend to be even worse when it comes to manners and taste.<br /><br />What happened to the Arts and Entertainment channel? When it started out (and for some years afterward) it was filled with treats. Now it's one big trash machine.,negative
"I don't know what you guys are inhaling, but please stop. This movie was complete trash.<br /><br />Macaulay Culkin as Kevin McCallister was lovable, cute, sweet, loving, and extremely fun to watch. He had that innocence but at the same time, he was strong as well.<br /><br />This new kid, Alex? Annoying as all hell! Just a blatant ripoff at trying to match Culkin's charm and grace, failing miserably at that.<br /><br />The villains, complete crap. Harry and Marv, they were such an entertaining on screen team. They were comedic, they were humorous, and just made you really want to root for Culkin even more, which is what a good villain is suppose to do. These guys Joe Pesci and Daniel Stern, absolutely PERFECT for those roles. On the other hand, in 3, we have 4 new idiots that just bicker and again, try to capitalize on the charisma and duo charm of the first villains. Not saying they were horrible, but they were not memorable or even really that entertaining. More on the corny side actually.<br /><br />Then we got the actual movies. Part 1 and 2, classics. Memorable. Perfect to watch around Christmas and brings a wonderful Christmas feeling and brings out so many emotions. It makes you fall in love with the story, and care about the characters. Simply, memorable and close to being masterpieces. Part 3? Masterpiece of crap. Enough said.<br /><br />All and all, I don't know why people like this. I think people really don't know what a good movie is anymore. Its a crappy sequel rip-off with more unrealistic traps and a stupid new main character kid that I wish the robbers would of at least beat the crap out of.<br /><br />Run, run away from this garbage. And lets not even start with Part 4!",negative
"This one stood out for it's originality. I'm seriously tired of seeing Hindi movies that are a hotch-potch of a whole bunch of Hollywood and Brit movies. Some flaws were inevitable, nonetheless, this movie is a must-see. Surya's portrayal of the clean-cut, conscientious cop (as opposed to the pot-bellied, money-hungry ones that we normally see) was awesome. He's come a long way from his work in Nerukku Ner. I liked the movie so much that I had to own it. I'm not usually into the mindless violence type of movies, somehow I actually felt for each character and therefore can't really bring myself to call it 'mindless' violence. I do not appreciate the excessive melodrama and sentimental scenes that go hand in hand with most Hindi and Tamil movies. I absolutely loved this movie for it's lack of the same. ACP Anbuselvan's reaction to loosing his wife, is not overdone, is heart-wrenching and makes me want to bawl my eyes out. There are certain times when I'm watching a movie when I want to hit the FF button. Plenty of times I've wanted to do that at a cinema hall. Never wanted to do so when watching this movie. I'm really hoping that Ghajini releases soon.",positive
"I am astounded at the positive reviews for this thoroughly uninspiring film.<br /><br />Often with foreign films I skip over reviews that complain about slow pace and seeming ""absence of action"" as many of the best international films do not live up to the Western Hollywood model of cinematic storytelling.<br /><br />I enjoy the frequent artfulness and lack of cliché in the foreign film arena. I enjoy that many foreign films don't tie things up in a neat palatable little bow.<br /><br />That said, this particular film offered no redemptive value for the time I wasted watching it. No meaningful character development, no engaging story arc, no way to get emotionally involved with any of the characters on screen. <br /><br />Synopsis: A bunch of emotionally immature uptight prejudiced colonials mistreat their slaves, and a little girl gets hurt by her only friend when the ""house-boy"" finally gets fed up and takes his abuse out on her. <br /><br />While the above paragraph is poignant and dramatic, this movie will bore you while playing out the scenario. I was so unengaged that it took three sittings to finish it, and I wouldn't have even done that were it not for the positive ratings. <br /><br />Unless you have an academic interest in the period I strongly suggest steering clear of this one.",negative
"First of all, I'd like to say I'm just an amateur in commenting movies and that English is not my native language, but that I felt a strong feeling compelling me to write about such movie; possibly as a way to thank and congratulate C. Jay Cox, the cast and the crew for such a brilliant production.<br /><br />Yesterday I watched ""Latter Days"" for the first time.<br /><br />At first I thought it might be similar to the movie ""Priest"", which I liked very much for showing a gay priest out of the closet. But ""Priest"", maybe due to its restrict Catholic Ideological notions, didn't supply my spectator's needs by revealing a profound sad end.<br /><br />""Latter Days"", on the other hand, broke that concept (and some other ones as well, such as the Mormon's principles); presenting a tender and cheerful story, leading it to a happy and emotive end, and yet arousing a feeling of God's blessing and hope. A great movie indeed!<br /><br />Somehow ""Latter Days"" made me feel L.A. as a city of angels. <br /><br />I would recommend this movie to anyone who likes astoundingly beautiful gay love stories!",positive
"Well to answer one persons's question of ""why doesn't anyone remember this film?"" it's because really,not that many people saw it in 1978 and it's not been shown much on TV since. (If it's on video that'd be news to me!) Even in the era of sometimes mindless comedies that was the '70s,movie-goers had the smarts to avoid this film. Unless they love Billy Crytal,Paul Lynde or Joan Rivers ""that"" much! <br /><br />Paul Lynde was funnier on ""Bewitched"" or ""Hollywood Squares"" than here. Joan Rivers at this time in her career was getting laughs making cruel jokes about singer Karen Carpenter's lack of weight! Har-har Joan! It also seems like every ""somewhat"" famous name from the era is in the cast. (Most surprising is Doris Roberts later of ""Everybody Loves Raymond"".)<br /><br />Anyhow,a somewhat good idea for a storyline,a man getting pregnant instead of the woman goes to waste here. With help from a male friend Crystal gets set up with a hooker to finally lose his virginity but because she was ""on top"" instead of him,he gets pregnant! (A commentary on women taking positions of power away from men).<br /><br />Crystal's stomach grows,he goes through all the female emotions and related feelings. Unfortunately,he is now a socially misunderstood outcast! He's attacked by a mob who wants him rubbed out (I guess).<br /><br />He's forced to go into seclusion to have his baby...in a barn. Or if you will,a manger (God only knows where it may have exited from! Ewwww!) It turns out (no shock here) to be a girl! <br /><br />Everything else about this movie is worthless and forgettable,the humor is high school level or less.<br /><br />2 stars for a good idea and a few good touching & relevant moments w/ Billy Crystal. Ignore the rest of Rabitt Test,it flunks big time!<br /><br />I can't believe Roddy McDowell signed on either! (END)",negative
"As we all know a romantic comedy is the genre with the ending already known. The two leads always have to get together. Late in the third act I was trying to figure out how this will wrap up and how they will end up together. A clue was given right from the start, but you'll never realize it until the end. It's a simple hook, but it works. It Had To Be You cover a lot of the usual ground, but takes a fresh spin when ever possible. I liked all the NY characters and I loved the locations. It's a postcard of NY. Also it was nice to watch a film and not find anything offensive in it. So, if you like a good old fashion romantic movie ... then this is for you.",positive
"Firstly, I would like to point out that people who have criticised this film have made some glaring errors. Anything that has a rating below 6/10 is clearly utter nonsense.<br /><br />Creep is an absolutely fantastic film with amazing film effects. The actors are highly believable, the narrative thought provoking and the horror and graphical content extremely disturbing. <br /><br />There is much mystique in this film. Many questions arise as the audience are revealed to the strange and freakish creature that makes habitat in the dark rat ridden tunnels. How was 'Craig' created and what happened to him?<br /><br />A fantastic film with a large chill factor. A film with so many unanswered questions and a film that needs to be appreciated along with others like 28 Days Later, The Bunker, Dog Soldiers and Deathwatch.<br /><br />Look forward to more of these fantastic films!!",positive
"George Lopez is a funny man even without the sitcom. The first episodes I saw of this too often made jokes at the expense of his mom. As I have watched this more, there has been more & more variety. No one on the cast is really safe from his wit now.<br /><br />It seems to me as this season has progressed that George is getting more comfortable with the family sitcom Dad role. At first he wasn't, but he is getting More & more into a groove. This makes both him & the shows progressively funnier. They had added a couple of characters for George to play off this year too. His wife's dad is getting more & more involved in the plot.<br /><br />His mom is still there, but not as central as past seasons. I think it is prudent to say with George's sense of comic timing, & ABC's lack of good sitcoms, George Lopez has a good chance of being here on ABC long after George W. Bush.",positive
"This is one of those horror flicks where twenty-somethings fool around with the dark arts around a camp fire, getting into a heap of trouble for doing so. A portal was opened containing a world of demons known as the Kelippoth of the Sitra Achra by a man whose daughter, Summer, gets kidnapped by something, taken into it. Summer is trained by a mysterious group whose identities are never revealed to battle the demon monsters. This is a portion of the plot which lends itself to scrutiny. Anyway, three wannabee witches, who went to high school together, Renea, the most enthusiastic, serious practitioner in the dark arts, and her lesbian cohorts, Jasmine and Marlene(..it's more or less a passing fad with them, though..) join up with buddies, Jason and Ricky, on a trip in the wilderness where Summer vanished from her home ten years ago. Opening the portal through a spoken text written in an ancient book, a demon is set free, as is Summer, now a warrior babe whose training has led to a very fit and athletic body and skills that have been needed to ward off monsters in the other world.<br /><br />Low budget contains a loopy, but ambitious story, restraining it into a confined setting. These young adults spend a lot of time running around in the woods hoping not to be fodder for a beast. As can be the case in these movies, the demon stands on the sidelines while the story develops as Summer attempts to remember how everything came to pass, while befriending Jason who wishes to help her restore the lost time. The action is shot mostly in the dark, making any violence hard to decipher. Brigitte Kingsley(and the rest of the female cast for that matter), is some mighty nice eye candy, dressed scantily clad as a female Conan, a gorgeous body we have to pleasure to gaze upon from the moment she appears until the closing of the movie. Some lesbianism(..some kissing and fondling)and nudity spice things up nicely, and the cast seem to be having fun with the goofy plot..it's so preposterous that the silly tone is probably appropriate for the material.<br /><br />Might be of interest for co-starring World Wrestling Entertainment's ""Captain Courageous"" Christian(real name, Jason Reso)as one of the group, spoofing his alter ego, as a chicken, quivering at the sound of a snapping tree twig. Landy Cannon is likable as unlikely hero, Jason, a lovestruck, naive young man whose ex-fiancé, Jasmine(Vanessa James)is now bi-sexual and in love with Marlene(..Jasmine's cruelty is in toying with Jason's feelings by hiding her affair with Marlene from his knowledge), while Ricky and Renea attempt to steer him away from this idea that he can rekindle a dead flame that gone out, never to ignite again. The Kelippoth demon is mostly darkly lit, I guess to refrain from showing how ludicrous/laughable it looks if presented in full. The lesbian antics of Jasmine and Marlene(Haley Shannon) is mostly tame, their love making, once alone in the woods up against a tree, is toned down and also lighted using the blackness of night. My rating is a bit favorable towards it, almost solely because of Kingsley, for purely superficial reasons, rather than the plot or film-making. The movie aims to please and is marketed to the boys(and girls who love hot women). I think, though, for the most part, the humor falls a bit flat.",negative
"I should have figured that any movie with the Poltergeist lady in it isn't going to be good. It actually starts out okay, but during the first murder scene you find out that the movie you're watching is a movie inside of a movie. There's people sitting in a movie theatre watching that movie. One girl in the audience is so annoying that I would have turned around and strangled her. A bit strange, but far from good.",negative
"To be brutally honest... I LOVED watching Severed. That's why I<br /><br />gave it a 1/10 stars because of its starkly unimaginative<br /><br />story/filming/acting/everything. This film was a RIOT to watch. If<br /><br />you enjoy watching bad films in order to poke fun at them, you will<br /><br />really get a kick out of Severed.<br /><br />The story really doesn't matter, it involves some guy who's bald<br /><br />and has a sword and goes around beheading random people. <br /><br />But he has a supernatural twist... nobody ever sees him do it. <br /><br />Even when, in one very memorable scene, he walks into a<br /><br />jampacked night club and whacks off some girl's noodle and<br /><br />nobody sees it. <br /><br />Severed doesn't merely look like it was filmed on video- it WAS<br /><br />filmed on someone's home camcorder. The filmmakers had<br /><br />knowledge of lighting (very thin knowledge) and composition<br /><br />actually holds together in some scenes. But mostly you can't hear<br /><br />the actors... you can't understand what they're doing, and you laugh<br /><br />when the next vicitm gets his pumpkin detatched from his body.<br /><br />Go and rent this movie. Support films like this- they are a hoot and<br /><br />a hollar!",negative
"I saw this film when it was originally released in 1989. I enjoyed it then, and I still do now. But what I realize now is that this is quite ""adult"" for a film with a G rating, especially the notion of dying and going to Heaven. Burt Reynolds and Dom DeLuise work wonderfully together, and Reynolds' singing voice is appropriate for a junkyard dog. There are some good songs ranging from upbeat (""Let's Make Music Together"") to downright emotional (""Home to My Heart""). I found the plot good, although it does go off on a tangent once or twice. The final scene of the film with Charlie and Anne-Marie is one of the saddest I've ever seen in animation. A film worth experiencing.",positive
"Man, I think people have forgotten how to watch a movie. Everyone thinks they're a critic. They comment on things that the average movie goer doesn't even know or think about.<br /><br />I enjoyed the film. It was what I was expecting therefore was not disappointed. Steven gets a bad rap for putting his views into his films but that's also a reason to watch. What's even more funny is the people that complain about his films, say he's the worst and that we shouldn't watch his films, yet watch his movies anyway. All so they can comment on how bad they are. Who's the dummy? If you don't like his work, don't watch it. Then you won't have to subject yourself to this supposedly painful event.<br /><br />Stop comparing movies to other movies and watch a movie on an individual basis and you may begin to enjoy films again.",positive
"I just came back from seeing this awesome movie!! I can relate to it so much...It reminded me when my sister had to go to college, we had to move from place to place, and my mom acts like Adele August! Boys might not like this movie since it brings tears to your eyes. One of the best real-life movies I've ever seen!! and Natalie Portman rules!! 10/10",positive
"1st watched 4/29/2007 - 4 out of 10(Dir-Mick Garris): Campy vampire-like Stephen King movie has so many strange and goofy elements that you start laughing over the extreme weirdness about 3/4 the way into the movie and you wonder if this movie might have a cult following for King fans. It's the story of a mother and son who are sleepwalkers(a shape-shifting feline-like, flesh eating, life needing, near extinct breed of humanoid) who move from town to town searching for virgins to feed on to keep themselves alive. They come across as pretty normal upper-class folk except they are secret lovers and cats hang around the outside of their home, day and night. Cats are deadly to them, so they set traps in their yard to try and keep the population down. We get to see them break a couple of their necks when they attack(which is also a first in my movie-going experience) --- hopefully no real cats were harmed in the making of the film. The boy is after a sweet girl that he has a crush on until he turns into a ""sleepwalker"" and then he just wants her body. There is so much campy uniqueness to this movie that it might have been better if it was an all-out satirical comedy on suburban life, but the director instead tries to scare you every couple minutes until you wish he'd just get over it and bring out the gore. Eventually that happens and the movie winds down to it's typical Stephen King downbeat ending. The movie is interesting because King's humor comes thru more than usual but his weirdness is also very present and what you have is a movie that his fans will probably like and should have in their collection, but as a worthwhile movie experience it really doesn't cut it.",negative
"I just viewed MURDER AT THE VANITIES in the newly-released Universal Pre-Code set, and I was amazed at how much I enjoyed the vehicle end to end. Most of the other commentators have covered the story, a murder mystery within a musical, but I wanted to add a few additional notes. Brisson and Carlisle are relatively bland, compared to even most of the minor players, and neither one really seems to have the proper voice for what they're singing (Carlisle being a trained opera singer, Brisson a bit wobbly on some of his high and low notes). The great Victor McLaglen and Jack Oakie play well off each other, with an excellent sense of timing that keeps the ball rolling between musical numbers. Yes, Lucille Ball and Ann Sheridan are Vanities girls, but let's not forget the splendid jazz singer Ernestine Anderson in the ""Ebony Rhapsody"" number. Gail Patrick makes one of her early appearances, sounding a bit like Eve Arden; Patrick would go on to become the executive producer of the Perry Mason TV series. Then there's Jessie Ralph as the wardrobe mistress--you'll spot her also in David COPPERFIELD (as Aunt Peggoty) and THE BANK DICK. The music is very good--Brisson introducing the standard ""Cocktails for Two"" in two different scenes; ""Sweet Marihuana"" with barely clad peyote button girls in the background (blood dripping on one chorine's white skin was wonderfully chilling); the ""Ebony Rhapsody,"" with Duke Ellington's Orchestra and a bevy of beautiful dancers, both black and white, mixing it up. And I believe this is one of the only early musicals to feature such a mix--and the costumes leave nothing to the imagination.",positive
"Talk about a bore-snore. This 3rd rate biker film was putting me to sleep as soon as the opening credits came on the screen. The shame is that the cast included many fine actors, among them-George Kennedy, Karen Black, Leo Gordon, Richard Lynch, Lance Henriksen and William Forsythe.<br /><br />A take off of the Western classic, High Noon, this is basically the story of a former U.S. army green beret (Henriksen) trying to get someone to help him rid a one-horse town of a gang of creepy bikers.<br /><br />Everyone tries, but the script is on grade-school level. Sad to see academy award winner Kennedy in such a comedown from his out-standing performance in Cool Hand Luke. <br /><br />If you have trouble sleeping at night, this would be a perfect movie video to rent..........you'll be sleeping in no time!",negative
"This is is a thoroughly unpleasant, if slickly made, movie. I tried it because it stars Richard Dreyfus and Jeff Goldblum, two good actors, and because the plot line - a mob boss is about to be released from a mental institution - sounded promising. The movie is billed as a comedy, sorta. What we have is an endless series of shots - you should pardon the pun - of people in dimly lit and elegant, if somewhat surreal, interiors, shooting each other - in the head, stomach, kneecap, foot, heart (no part of the anatomy is avoided, it seems) while uttering vague and cryptic dialogue, some of which is supposed, evidently, to be humorous in a sort of post-modern way. Goldblum's dialogue for the whole movie could fit on a 3x5 card, and he wears a single facial expression - a sardonic grin - throughout. Ellen Barkin and Gregory Hines do the best they can. Burt Reynolds does a cameo. The credits list Rob Reiner and Joey Bishop, but I somehow missed them (good move on their part). The whole thing is cold, sterile, mechanical and unsavory; an heir, I suspect, to the style of 'Pulp Fiction', 'Fargo' and 'Natural Born Killers'. If you liked those, you'll probably like this.",negative
"I'm a fan of arty movies, but regretfully I have to report this movie to be pretentious drivel. Agonisingly slow to develop a non-existent plot based on a promising premise, the experience is, shall we say, trying. Even after bad movies I feel that I learn something, or enjoyed some aspect, but there there was nothing to appreciate. The premise was not uninteresting, but the movie starts and ends there. The acting was OK, though the characters were utterly boring. For the protagonist to aim at such an audacious goal, she is mightily empty. Pity. I usually enjoy movies that are unformulaic, but lack of formula should not be confused with zero content.",negative
"This is easily the worst adaptation of Greek mythology I've ever seen. It utterly fails as an adaptation of the original myth, inventing silly plot twists and reducing the 12 labours to... 3 or 4, I think. It makes up utterly needless things to try to integrate other myths in clumsy ways which bring into question the writers' having ever read the myths, like changing birds to harpies, lions to sphinxes, the Oracle of Delphi to Tiresias, and bulls to a pedantic version of Proteus, even integrating aspects, never seen outside of Sam Raimi's entertaining series, concerning his first marriage, to a woman with the co-opted name of one of the Furies so it sounds appropriate to the period.<br /><br />I could accept much of that, but it also fails completely in pure film standards; most painful is the dialogue, leaden, portentous pseudo-Shakespearean tripe. It is a poor re-interpretation of the myths, making a sad attempt at the kind of post-modern revisionism that Crichton's ""The 13th Warrior"" attempted in regards to the Beowulf legend, while still including the strictly mythological elements such as clear interference from the gods and magical super-strength. A sad, sad failure of an entertainment experience, who I'm sure many of the quality actors involved regret deeply.",negative
"I Caught This Movie On T.V. Last Night And You Know Danny Masterson Was A Pretty Good Actor In The Film, And Its Great To See Him In Something Other Than That 70s Show. The Film Isnt Rated But In My Opinion I Would Rate It (R) Just Because Of The Nudity And Plenty Of Adult Content. But All In All I Loved It, I Thought That Dirt's Wisecracks were pretty funny. Its Just Basically About A Guy Who Has No Job, Girlfriend, Or Money And Eventually Gets A Job As A Private Investigator (more of a messenger really.)He Gets Framed For The Murder Of A Rock Star And The Rock Stars Girlfriend Is One Of The People That Really Need To Help Him Out. I Give It....*** 3 Stars.",positive
"This film's basic premise is a political cartoon. I suppose for those who know nothing about the realities of the military this is probably a ""feel-good"" film on gender equality. Indeed a recent commentator stated: ""it lets women know that they can do anything they want to do."" What claptrap! No one, man or woman can do anything they want to do, and unfortunately Demi Moore ""buffing"" up for SEAL Hell Week in the early 27 week BUD/S program by a few sessions at the local gym and her desire alone to be a SEAL is simply not going to make it so. There is approximately an 80% dropout rate in what is arguably THE roughest military training program - those are the ones who voluntarily drop out, can't compete on a physical level, suffer frequent physical injury during the training or can't handle the psychological harassment. I never got beyond the shallowness of the contrived, purported message of this film. In the real world, Demi wouldn't last the first 24 hours in this harsh and sustained physical training. Wishing alone won't do it. Skip this film as wishful thinking, and better spend your time reading ""The Warrior Elite"" by Dick Couch (Crown, New York 2001)for the best description as to what really goes on in this training. Ring the bell, Demi!<br /><br />",negative
"I just wanted to say that I was very disappointed after seeing this movie! I was expecting a Biblical story visualized with great special fx, etc. but during the film I found out that this was an absolute disaster... it wasn't biblical at all... only the boat and the animals were similar to the story... if you want a visual 'translation' of the Bible version of Noah then DON'T go watch this movie!",negative
"This is the slowest ""film noir"" film I've ever seen. Very weak script only provides opportunity for Jack Palance and Rod Steiger to deliver exceptionally well, lines that were made for an acting audition. Palance and Steiger both affirm they are indeed serious actors who can portray their respective roles with power, emotion and drama. The story itself moves at an incredibly slow pace, mostly taking place in a living room. The director obviously moved the actors around in a rythmatic circles as they delivered exhaustingly long lines, to keep the slow pace from becoming noticeable to the audience. The action doesn't pick up until the last ten minutes of the film. If you're one who's looking for more depth in a crime drama, this one's not for you!",negative
"The movie takes place in a little Swedish town where everybody knows each other. Here Mia visits her parent for the birthday of her father, a which occasionally always have some kind of tragedy, the question is just what will it be this year, and you will be surprised... It is an extremely well composed movie, with a story which has a perfect balance of humor and seriousness, which is rarely seen. You get happy, you get hurt, and basically everything in between. Finally you can't help falling in love with Mia(if you are a boy I guess(the main actress)) She is an extremely well chosen actress, as a lot of the other actors/actresses.<br /><br />Enjoy",positive
"I thought I should qualify my position after reading other reviews. The movie is not great, but it has a lot of great elements. The lighting and scenes along with the camera work are great. The story is slow and weak, but entertaining. The acting is bad, but no worse than you will find on the SyFy Channel. The music is pretty good and the gore is good. It has the great Leather Face in the film and is produced by Bruce Campbell. I watched the complete movie and while mostly predictable, it was still enjoyable. The women are attractive enough and the lead actor does a good job of being brooding and creepy. The movie was remarkably clean for a modern film and the violence appropriate for children 13 and up. There was no sex scenes. I gave it 7 out of 10 and I think that is fair. I would watch it again if I had nothing better to do. The gay sounding angel was the most annoying aspect of the film, the devil is quite creepy.",positive
"Wow...sheer brilliance.<br /><br />Turning a thriller/suspense/horror into comedy.<br /><br />After watching this, I never laughed so hard at a horror movie before...a ridiculous plot with 3 characters that were just insanely developed - either not written in depth or too much depth.<br /><br />If you want to watch an absolutely written horror movie with stupid dialog, messed up plot, useless scenes, wasted characters, bad sound and lousy development overall, then this is the one to watch.<br /><br />Be sure to keep focused for the classic ""food processor"" scene and the totally inept police investigation scenes.<br /><br />This is a remarkable new low in screen performance and writing and to sit through it for the entire duration makes you either stupid, daring or brave.",negative
"He's the only reason to see this film. He gives a very good performance--much better than this crap deserves. He's very handsome and very talented--he deserves better than this. Also depressing is to see Malcolm McDowell in this. He's another talented actor who deserves better but, like Esai, he gives a very good performance. So, if you're fans of either of them you might want to watch. Otherwise, stay away. One more complaint--couldn't we have had more scenes of Esai shirtless?",negative
"OK, why complain about this movie? It's fiction. Deal with it. If you want to see the biography, go watch it. This is an original, fictionalized version of what happened in Wisconsin. People who are obsessed will complain about this, as they do every other deviation of the facts. Sad but true. I think making Kane Hodder the man in which the film is named after was a great idea. I thought it wasn't so good at first, I'll be honest. But that just made it even scarier. If you like Kane Hodder, Ed Gein or movies based on real events, I think this is a good movie. But if you're obsessed (like some other people) stay away from this movie and all others.",positive
"I read somewhere where this film was supposed to be a remake of the 1949 film noir, ""Criss Cross."" I found the latter to be disappointing but it was still better than this film. <br /><br />This movie is a ""neo-noir"" since it's modern-day and it's in color, two things that purists would make it be disqualified for film noir status. <br /><br />The biggest negative to it, however, wasn't the cinematography (that was fine) but the muddled storyline. Hey, some of '40s Dashiell Hammett stories were similar but I didn't care for some of those either. The filmmakers here did not help the situation by placing flashbacks into the story what seemed like every three minutes. No wonder it was the keep up with this story. It was ridiculous! What happens is that by the 45-minute mark, their is so much confusion nobody cares anymore. I know I didn't.",negative
"I am terribly sorry, I know that Faßbinder still is called one of the greatest directors in post-war Germany and that most of his films are considered ""master-pieces"", but when I see ""Lili Marleen"" today, in 2004, I wonder what everyone is up and away about this movie! The acting is simply terrible - Hanna Schygulla is all the smiling like an idiot! -, the changings between Nazi-glamour and battlefields are ridiculous, the whole film looks as if it was made within two days in an attic. Probably it was exactly that way and many people seem to take this for ""real art"", but for me this movie is simply bad & cheap. Compare this to Viscontis ""La Caduta degli Dei"" and tell me again that ""Lili Marleen"" is a good movie...",negative
"This is the very La Nouvelle Vague.One of the best films of the New Wave and I dare say one of the first ten ever made! Why? The atmosphere, the story,the actors (actress) are all brilliant. This is the theater, a fairy tale, the life, the film.Paris. Thank you Mr.Rivette.",positive
"This is a great movie, all 3 were. The last one was not as good as the first 2 but it was made along time after and it was pulling at straws. But you want to watch it cause it tells the end of the story. Just not how we might think it should end.<br /><br />These movies made me want to be there to be in all the hardship, love, tears, and laughter that the people in this movie go threw. It is one of the few movies that is good every time you see it no matter how many times that is.<br /><br />There are some parts in the movie that the little kids wont understand and the older ones maynot be old enough to watch. but it is a great movie, spanning over 20+ years.",positive
"I make a point out of watching bad movies frequently, and the sci-fi channel original movies tend to be one of the best sources for these movies you can find. As such, I'm sure you can imagine my disappointment when I saw Sands of oblivion. The acting was uncharacteristically sub-par, as opposed to the woefully disgraceful display sci-fi usually has in store for us. There are a few cameos made by people you'd most likely recognize, although you may not know their names by heart. The CGI special effects are minimal, and as such, one of the largest sources of comedy in a sci-fi feature is lacking. Sure, there are some funny moments like when a guy gets beheaded by a bulldozer, or when the main character leaves his friend to die in order to save a girl he's known for a couple of days, but overall, it ends up just not having you rolling on the floor with laughter, and I consider that a major disappointment.<br /><br />If I was rating it on a 10 star scale made specifically to judge made-for TV movies, I'd probably give it a 4, maybe even a 5. A real shame that I may have to wait 'till the next sci-fi original movie to get a good laugh, and I really hope that this movie isn't part of some overall quality increase in sci-fi original movies.",negative
"Yes, I give it a 10 because I compare it not only to others of it's kind but also to the dreck one is bombarded with on a daily basis in what's laughably called today's ""popular culture."" That aside, the film is beautifully cast, as has been stated elsewhere, and gives us a fairly good look at popular theater of the late 18th and early 20th centuries. No small coincidence is that many of the plays that Olcott played in involved a similar plot: Boy meets girl, someone objects, (usually the father or some authority figure) boy struggles, boy wins girl. The was actually known at the time as a ""Chauncey Olcott Act."" No coincidence, too, that John Ford directed one. He called it, ""The Quiet Man."" And, ""My Wild Irish Rose,"" is, in itself, a ""Chauncey Olcott act."" Great stuff, no? Anyway, great songs, great stuff. Enjoy.<br /><br />PS - After seeing the film I'd like to know more about Bill Scanlan. I found an obit that said he quit ""Mauvorneen,"" as a result of insanity (replaced, as in the film, by Chauncey Olcott) and died in an asylum several years later. But he had been, apparenlty, a very big star in his own right, who wrote songs and plays and had plays written for him.<br /><br />Anyone know more?",positive
"Let me start by saying you know a film is poorly run when extras make the cover. With that said, anyone who says this is the worst film ever is being dramatic, and anyone who says that the film is great is completely delusional. The film ""is what it is."" And what is that... A modest budget ($4 million, I estimate) studio sequel. The film isn't terrible, but for Road House fans it will be a disappointment. And that brings me to problem one, just as Dirty Dancing wouldn't been what it was without Swayze, Road House isn't the same without him. The lead lacks depth, character, and likability to carry the film. I feel that the lead was poorly cast and the producers should have bent over backwards to get Patrick to do it if they were gonna do a sequel. The other cast was uneven with outstanding actors like Will Patton along side day players who couldn't act there way out of a paper bag. Busey, who I have seen do great characters seemed like he just mailed it in. Ellen was played well, except for not being believable at all as a bayou raised chick. Sherri, the DEA agent at the first bar was hot and a good actress, yet her part was awkwardly small and undeveloped. The writer totally missed all opportunities to add depth and interest to the story and characters. Instead opting for a base one dimensional film. Which leads me to the biggest problem, the script... I got a bad feeling when the credits rolled and there were three script writers separated by an ""and"" and an ""&."" It looked very amateur. And that is what the writing was. I heard the original script was better and then a rewrite was done and the hard core sucking began. Some cheezy parts of the film to watch for are... During the first undercover meeting, the obvious drug deal under the table. ""Hey lets meet at a crowded nudey bar, I will pull a block of coke out of my jacket and you pull cash out then we will slide them under the cocktail table"" WAIT! ""Make sure to look cool when you look left and right to make sure no one is looking!"" Second, I love it when someone gets shot in the chest and then you see him sitting up happy as a lark 10 minutes later. There are some nasty editing cuts towards the end of the film especially during fight scenes and when the main character is chasing thru doors and runs into a patron. Which brings me to the realism of the DEA training, I won't both to get technical... But jumping thru doors isn't standard training... Nor do typical female agents, who bust their butts to make it in a male oriented field, act like weak characters... Boring! Thanks for the chauvinistic view Heir Director. There is other stuff I could teach a course at a school about it... The sped up fighting, the cheezy dialogue, the recycled story... etc... But aside from all that you just cannot like ex-Mr. Applegate, he totally lacks the humble zen coolness that made Mr. Patrick Swayze such a bad ass. He just strikes me as one of those 5 foot nothing actors who think they are a bad ass, but just like Van Damnit he runs into a real bad ass (Chuck Zito in Van Don't case) and he gives him a lesson about ""badassdom."" Therefore, that I feel is the major linchpin of the film, if you are a bad ass you are a bad ass, you don't have to try. Example: Swayze! If you are a pretty boy who tries to hard to prove you are a bad ass among other things... Then well... You are why your audience, the Average Joe... Will not rent this film, and if they do they will write reviews like this.",negative
I remember watching this film back in 86' when it first came out & what an awful film. The acting was atrocious the plot was so flimsy it would or is that should have blew away in a breath of wind. I think it put me to sleep on more than one occasion & i was not tired that i remember. Please avoid at all costs better still have all your teeth taken out with no anaesthetic cos that would be more entertaining. It's just a pity i couldn't give it a zero or a negative score. I wish i had not wasted my money getting this one from the video shop all i can say was that the tape it was on was still brand new practically hardly surprising as the film was so poor. If i remember right i sat & watched it with a girl i really wanted to go out with & the fact she was sat next to me was still not enough to keep me awake thats how bad this film was.,negative
"Linda Blair has been acting for forty years now, and while she will never escape the part of Regan MacNeil in ""The Exorcist"", few of her subsequent horror films have used her legendary status to such great effect as ""Witchery"" does. She plays Jane Brooks, a pregnant single woman who travels with her family to an abandoned island hotel that her parents want to purchase. They are accompanied by a couple of real estate agents (Catherine Hickland and Rick Farnsworth) and upon arriving at the island they meet a photographer (David Hasselhoff) and his writer girlfriend (Leslie Cumming) who are illegally squatting in the hotel while investigating the legend of a local witch (Hildegard Knef). It seems that a long-ago witch-hunt resulted in her suicide, and she was with child at the time. Unaware of the danger, Jane has recently dreamt of the witch's dramatic death, and Jane's little brother Tommy (Michael Manchester) has been more directly visited by her spooky, black-clad spirit, which he calls 'the lady in black'. The group's time at the island inn begins quietly enough; unknown to them, however, the Lady in Black has already dispatched the captain of their hired boat (George Stevens). Before long, the isolation and cold begin to affect everyone, and it is during this period of moodiness and tension that the Lady in Black begins her reign of terror. She plans to avenge her own fate by possessing Jane and sacrificing her companions and her unborn child. Each of her other victims fulfills an aspect of her vengeful curse - greed, lust, and the blood of a virgin. As the sun goes down and the sea becomes wild, she haunts them one by one in gruesome, horrifying ways. The island location is effectively scary, and the inn is very creepy and hauntingly shot. It's such a colorful film that it reminds me of Dario Argento's work. The lighting is excellent, and the set decoration is perfectly spooky. The soundtrack is very effective and unique. The horror effects are extreme, terrifying, and unforgettable. The cinematography is great, and it is this that brings us back to Linda Blair. The creative team behind this film shoots her like a horror star should be shot: lots of dramatic push-ins, lingering close-ups that subtly detail Jane's incremental possession, and moments that are reminiscent of other great horror films. There are hidden homages to ""Rosemary's Baby"", ""Jacob's Ladder"", ""The Shining"", ""Black Sunday"", and of course ""The Exorcist"". She does a great job, and absolutely steals the show with her moody and understated performance. That isn't to say that the rest of the cast disappoints; Catherine Hickland is sexy and very good, and veteran performer Annie Ross is memorable as Jane's bitchy mother Rose. Hasselhoff gives it his best, but he is not essentially a film star, and his television persona gets in the way of his performance. Blair and young Michael Manchester have a wonderful chemistry together. The film is otherwise so violent and creepy (in a good way) that it desperately needs their warmth (Blair also played a mother in 2003's ""Monster Makers"", and her maternal scenes in that film have the same tender feeling to them). Lastly, Hildegard Knef (in one of her last roles) plays a great witch, and she has the most amazing voice and accent. Along with Blair, she was also perfectly cast. But it's Blair's movie all the way. Jane Brooks also seems to have some psychic ability, and this aspect of the film hearkens back to ""Exorcist II: The Heretic"". I think ""Witchery"" is up there with ""The Exorcist"", ""Exorcist II"", ""Hell Night"", and ""Summer of Fear"" as Blair's best genre work to date.",positive
"This is indeed quite the strange movie... First, we have an ex-U.S.-gymnast trying to turn actor (or something), and this seems to be the only role he ever got (that I know of anyway) -- and for good reason. While he does pull off the role well enough to keep some interest, it is a rather bland and flat performance. Second, we have the WORST EVER sound effects ever used in a movie!!! I'm not kidding. This alone makes the movie extremely comical, but in that annoying way. hehe And third, while we have a generally decent acting supporting cast (including the required hot chick!), an actually not-so-bad story, and some cool visuals; the dialogue, fight scenes involving gymnastics (hilarious!), and overall execution of the plot are weak. This movie would have been barely better as a network TV movie (too bad Fox wasn't around in 1985). It's one of those movies that's simply bad, yet you can't resist watching and even enjoying it once you get used to it, especially now that it has found the perfect eternal home on late night TV and cable.",negative
Dissapointing action movie with an interesting premise: a young Mafia would-to-be killer (Chandler) must demonstrate to his boss that he is a good man for the service so he goes to California to take some lessons with a very known professional killer (Beluschi). First and most important task: to kill a young woman (Lee) that is a completely strange for all of them. But is she a easy target? The movie goes on and on based upon this principal idea but the result is just bad routine; even the weird twist at the end does not save the movie. Good performance by Chandler. I give this a 4 (four).,negative
"**MAY CONTAIN SPOILERS**<br /><br />The titular topless heroine rescues another beautiful babe and her father (an eccentric professor whose stock pith helmet is broken in one shot and whole in the next) from a moth-eaten, dime-store mummy and nasty Nazis out to--what else?--build a Fourth Reich. Misty's costume, like those of some other wimmen, gets skimpier as the movie rolls on. The last portion of the movie is devoted to protracted lesbian action; this footage actually gets real boring, real fast, which says more about the critters behind the camera than the curvaceous creatures in front of it. MISTY gets its nominal plot out of the way first and fast, then gives undivided attention to nudity and soft-core sex. This makes MUMMY RAIDER a throwback to movies made in the 1960s by guys like Stan Borden, David F. Friedman and Harry Novak. Just think: if this wonder-work had been cranked out four decades ago, it would have played for years on 42nd Street along with WHAM BAM THANK YOU SPACEMAN and KISS ME QUICK. As it is, MISTY MUNDAE MUMMY RAIDER went straight to home video. Grab yours, quick, before it goes out of print.",negative
"With a simplistic story and an engaging heroine, this was the horror movie that started it all. John Carpenter brings to life a nail-biting nightmare on Halloween night, when Laurie Strode (Jamie Lee Curtis in her debut, career defining role) and her mischievous friends plan a night of sneaky fun- only to cross paths with a relentless psychopath from hell. <br /><br />Michael Myers has escaped from a nearby insane aslyum...having slaughtered his sister fifteen years earlier, he is now back in Haddonfield, the sleepy Illinois town where his murder took place. Once he sets his eyes on Laurie after she drops off a package to the abandoned house where he lived, he begins to stalk and terrorize her, turning her night of fun into terror as he picks off anyone in his path to get to her.<br /><br />Beautiful cinematography and lighting really make this moody horror flick scary... with the long gloomy shots it constantly feels as if you're being stalked by the maniacal serial killer himself. Myers is hidden well until fully revealed at the exciting conclusion.<br /><br />Although ""Halloween"" is certainly outdated, it is by no means less chilling. The idea alone is goose bump inducing, and this little shocker is one of the most famous and memorable horror movies ever made to this day... it spawned seven sequels and eventually Rob Zombie's equally scary remake, and it set a new standard for horror that still exists today.",positive
"This was the worst MTV Movie Awards EVER!!! I barely laughed, none of the presenters were funny, the hosts really sucked, and the parodies weren't so great either. Why can't we go back to the good olden days when the show was a riot?",negative
"I loved this movie. It was so well done! Great acting and drama and historically accurate. I love Romy Schneider movies. This one rocks, not as great as Sissi but still rocks! <br /><br />And Scorpiolina,she commented and said french dubbing. Well this is originally a German movie not french. So yea. Second of all there was a plot, maybe your not familiar with history. Oh and her mother played the part of her governess, not her teacher. And the storyline was actually not Cinderella but Queen Victoria, maybe u missed that detail.<br /><br />But anyway.... yea the history in this movie is great, I love historical movies and Queen Victoria is very fascinating! I love all the historical stuff. Like that guy that was trying to manipulate her mom. And when she ran away and met her future husband and he showed her the ""new type of dance"" waltzing. When waltzing was new it was considered kinda scandalous because the couples dance so close. Yea her governess was like oh my god!<br /><br />And also the clothes, I love the clothes. The styles are great, hoop skirts are awesome. And of course Romy always looks very pretty.",positive
"First of all, before I start my review, I just read every review for 'The Muppet Movie' here and I can't believe that someone could give a negative review to a movie like this. (Fortunately there was only one.) I mean, I can understand how someone may not like 'Star Wars' due to the whole Sci-Fi genre, but to not like a movie starring some of the most lovable puppets in the history of mankind is almost sad. <br /><br />Okay, I will step off my soapbox now and review this movie.<br /><br />'The Muppet Movie' came out when I was seven. All of my friends wanted to see this as their birthday movie, so I think I saw it about four times in the first month in theaters.<br /><br />As a child many things attracted me to this and all the other Muppet movies & TV shows. The singing was probably the main one. Most of the songs in 'The Muppet Movie' are classics. From ""Rainbow Connection"" to ""I'm Going to Go Back There Someday"", they're entertaining and thought-provoking.<br /><br />As an adult I see 'The Muppet Movie' in almost a whole different light. Yes, the things that thrilled me about it as a kid are still there, but it's the little jokes and such that are just plain hilarious.<br /><br />I mean, when you think about it, Jim Henson is a sick man. <br /><br />Kermit is a frog and that is in love with a sweet pig that wears purple gloves and could karate chop you into two pieces. Fozzie is a stand-up comedian bear. Gonzo is a 'whatever' that is infatuated with chickens. Then you have two old guys that heckle, a piano-playing dog, a rock band with a maniac drummer, a Swedish chef that you can't understand and a number of other characters that are just plain eccentric.<br /><br />Yet, for these reasons and more, Henson has entertained millions of children and adults, giving us all something special to watch and remember him by. <br /><br />'The Muppet Movie' will always remain in my heart for many reasons, but I think the biggest one is because it's a movie, unlike a lot of recent children's movies, that I feel comfortable to have my kids watch. Plus, I don't get bored out of my mind with jokes that are dumbed down to my kids' level.<br /><br />It's a great movie that is sure to be remembered forever.",positive
"Okay this is gona be short and sweet review...Something the movie should have taken a practice ina nd made its life shorter and sweeter than it was.<br /><br />This movie is $^@%. There's a good reason there was a petition with over 40,000 + signatures ALL demanding Uwe Boll stop making movies from franchises people liked. Blood Rayne being a biggie there.<br /><br />The jokes are good...if you've never heard them a THOUSAND times before. THe acting is descent but u can really only blame the script for that. I even a few moments wonder if they're even using a script.<br /><br />The movie has little to NOTHING to do with the original games. HELLO if you've played the games u know the main character has no real motivation outside homicidal urges like mass murder because he stubbed his toe or simular. There's way too much story for such a stupid movie. like I said. I WOULDN'T even steal this movie. ANd for the person who says this is ' Funniest movie of 2007'..........need to take a look around, the news is better than this.",negative
"Ernesto is a man that makes a living out of duping other solid citizens of their hard earned money. Together with Manco, an older man with a lot of experience, he pulls out capers that allow him to make a decent living, but that is not making him a rich man by any means. Enter Federico, an older man who is more experience in the art of deception. Together with the younger Ernesto they prove a winning combination. That only lasts until Pilar, Federico's former love interest, appears in the picture.<br /><br />This Spanish film directed by Miguel Bardem, is light in tone and pleasant to sit through. Other, better made caper films have been made with much clever plots than this one, but the film is easy to take, and at times, it has a lot of funny situations.<br /><br />This viewer will see Federico Luppi in anything, even reading the telephone directory! He is an actor's actor. We have had the privilege of having seen him in the Buenos Aires stage doing excellent work before his international film career. As Federico, he does what he does best. It's impossible to imagine anyone better in his role. Ernesto Alterio, the son of Hector Alterio, is a young actor who promises to have a great career. Victoria Abril makes Pilar fun as she gets involved with these con men. Miguel Alexandre, a veteran actor, is also good as Manco.",positive
"Boring as hell and kind of a chick flick.<br /><br />It's the story of a neurotic woman who struggles with the concept of marriage as a business arrangement, the romantic nature of a one night stand, and the uncertainty and pitfalls of true love.<br /><br />Many of the story's motifs are reminiscent of other recent KST movies (e.g. the English Patient), but have far less appeal.<br /><br />After the first half-hour I started checking my watch, wondering if I'd make it home in time to catch Leno on tv.<br /><br />I passed up ""Gladiator"" to see this!?!",negative
"This movies shook my will to live why this abomination isn't the bottom 100 list i don't know.<br /><br />My life was saved by the healing power of danny trejo.<br /><br />Worst movie ever, i dare you watch. It's like a 90 minute collect calling commercial, only much much worse. i rather watch the blue screen it's that bad really",negative
"Lloyd Hamilton was one of the most imaginative (and among the funniest) of all the silent-film comedians. Why is he utterly forgotten? Unfortunately, the original negatives for a large percentage of his films were lost when the Fox warehouse burnt in the early 1930s. Hamilton was not handsome or graceful like Chaplin, Keaton and Lloyd; nor was he dapper, like Raymond Griffith. And unlike Harry Langdon and (again) Chaplin, Hamilton did not try for audience sympathy.<br /><br />However, his films were hugely popular at the time of their original release, and they remain hilarious today. Oscar Levant once claimed that he asked Chaplin if there was any other comedian whom he'd ever envied, and Chaplin instantly named Lloyd Hamilton. The character most frequently portrayed by Hamilton on screen -- a flat-capped naff, with fastidious hand gestures and a duck-like walk -- was later adapted by vaudeville comedian Eddie Garr (Teri Garr's father), and further adapted by Jackie Gleason as his 1950s TV character 'The Poor Soul'.<br /><br />'The Movies', directed pseudonymously by Roscoe Arbuckle, is one of Hamilton's most innovative shorts, and it's hilarious. We first see him as a country boy, bidding farewell to his family outside their homespun cottage, on his way to the big city. Then he steps away from the cottage, and we see that it's IN the big city, with traffic booming all round him!<br /><br />Eventually, our hero ends up at a restaurant (uncredited, but it's the Montmartre Cafe in downtown L.A.) where all the movie actors eat between takes. There's an amusing gag when Hamilton's bumpkin character meets three actors in costume and makeup as Presidents Washington, Lincoln and Roosevelt: this gag would have been funnier if the impostors looked more like the originals. Finally, our lad seats himself at a table, hoping to meet a celebrity. Sure enough, entering the restaurant and sitting at the very next table is a big movie star ... none other than Lloyd Hamilton! There's a very well-made double-exposure shot -- the join is nearly invisible -- when Lloyd Hamilton as himself greets Lloyd Hamilton as the country boy.<br /><br />Sadly, Hamilton's peak period of creativity was very brief. He began his film career in crude slapstick films as one half of a double act (Ham and Bud, opposite Bud Duncan), and had a brief and blazing period of stardom in shorts during the late silent period. Sound movies were not kind to Hamilton, and he was quickly shoved down the cast list in some crude early talkies. Then he died young. Fortunately, 'The Movies' is quite funny, and a splendid introduction to this unique comedians' style. I'll rate it 7 out of 10.",positive
"I have to hold Barney drilling my head every day; well.. I guess there must be reasons. First, I'm convinced that our kids are not stupids, they are just kids, but they know (my 1 and a half years old son ""selects"" what to see) what's nice or disgusting. Did you see the news? Do you think your kids HAVE TO KNOW the reality as it is? Maybe..or maybe not; we (the adults) have the responsibility about what we want for our kids, and what to teach them. A film of drug dealers? news about massacres in Middle East? Of course, the kids must know there is a Real Life, but... they are kids; let's give them some mercy. What do you want for them? If you wanna have kids trained on weapons or the best way to kill a neighbor, go ahead, impose them Lethal Weapon, Kill Bill, any manga's anime, tell them Santa's a depraved who enters through the chimney directly to violate them. I want illusions for my son (don't get me wrong, I'm not saying Barney and Friends is the best; in fact, the show have a lot of defects, I read other comments and I agree with most); maybe the happiness is made of dreams, or illusions. At least, I want to teach him to grow WITHOUT FEAR BUT CAUTIOUS, that learns to think and believe that everything is not serial killers or hijackers, whom they're reasons to worth to grow. That, at least, he can be a little happy with his own dreams. So, parents, don't underestimate your kids; they know what they want.",positive
"This film had so much promise. I was very excited about this film. In the end, it was laughable at best, painful at worst. The acting styles ran the gamut from really, really, flat (the angels, the wife and daughter) to over-animated (Casper's character). I felt that the dialogue was just an attempt to transfer information to the audience instead of real people trying to talk to each other. Pay special attention to the scene regarding ""the bug"". It's pretty much an insult to the audience's ability to figure things out. In defense of that scene, though, it got the biggest laugh of the whole movie. I had read that they spent alot of money traveling to various overseas locations. Too bad they didn't make use of it. I didn't feel like I was transported to exotic locations. Anybody could insert stock footage of the Coliseum in Rome. However, to end on a positive note, I thought the sets were pretty good. I really liked the graphics that were displayed on the decoding computers. It is my opinion(and that's all it is) that if the SCHMALTZ factor would have been much much lower and the ACTION factor would have been greatly increased, this film would have been good.",negative
This young filmmaker has a talent for capturing his audience quickly with unusual camera work and sparse but intense scripts. The concept here of combining animation with live footage is remarkably well-executed and the soundtrack is very good.<br /><br />The decision to release the movie in twelve parts online puts the onus on the director to make each episode fascinating enough for the viewer to invest in buying each upcoming episode. I only wish all motion pictures had this kind of commitment to keeping their audiences entertained throughout their stories.<br /><br />Highly recommended.,positive
"This is one of the finest TV movies you could ever see. The acting, writing and production values are top-notch. The performances are passionate with Beverly D'Angelo superb as the older woman with a teenage daughter and Rob Estes simply perfect as the young stud boyfriend. However, the best part of this film was how it showed the consequences of sexual abuse instead of going for the usual happy ending. It showed that abuse can happen in good families; involve good people; and wreck lives. It is thought provoking and entertaining. Congratulations to all concerned with this exceptional movie.<br /><br />",positive
"Harmony Korrine - hate him or hate him? On this evidence, loathe might be a better word. Not him of course, just everything he does. But it could've been so different because the first ten minutes of this film promises so much including a fantastic idea of a Michael Jackson impersonator falling in love with a Marilyn Monroe impersonator. Fantastic. And set in Paris! This could be great. But unfortunately, Korrine may spark the odd decent idea but because he is an awful writer, the story fails on every level and the audience walkout I witnessed about an hour in is proof positive that he is the most boring and pretentious film-making out there. Apparently the walk-out rate at its premiere in last years Cannes festival was quite shocking. Instead of focusing on the two protagonists, he switches the story stupidly to the confines of a château to introduce a bunch of other impersonators making the whole experience tedious and narratively barren. When will the independent cinema stop funding this upstart?",negative
excellent drama. very dark. i have never seen california photographed in such a way. bridget fonda as the deaf wife beaten by her husband is superb. the film gripped me from start to finish. very understated performance by sutherland. the direction was very european. amazing to get such a performance from fonda.,positive
"If you're a North American 'TOURIST' looking for a 'TRAP' here it is. Was this ""Trading Spaces visits TUSCANY?"" There were way too many stereotypes. Little attention was given to character and plot development. YAWN. Highlight of the film: the flag throwing. Poor guy! I thought he was going to loose an eye!",negative
"I rented this because I couldn't pass up the chance to see pre-Hollywood-fame Clive Owen and Catherine Zeta Jones together, but it definitely wasn't worth it. The only reason I give it two stars instead of one is for the novelty of seeing them before they made it big across the pond.<br /><br />Zeta Jones, who is usually fun to watch even if she isn't the greatest thesp in the world, is awful. Owen seems really uncomfortable to be in such a turkey, plus he wears a ridiculous, egregiously ill-fitting chin-length wig (at least I hope that's a wig and not his real hair). And the scene where he dances a country jig with Zeta Jones just makes you embarrassed for him. Joan Plowright walks around in a daze the whole movie -- she's probably wondering how she got herself into such a mess.<br /><br />The actress who plays Clive Owen's wife isn't terrible, but just about everyone else is. Oh, and the writing stinks too.",negative
"As Jennifer Denuccio used to say on Square Pegs, ""Gag me out the door."" I would definitely vote this movie on IMDB's Worst movie list.<br /><br />Dennis Christopher plays T.T., a guy from Chicago who goes to California peddling his brother's jazz records. He is supposed to be a barney placed in the locals-only surfing community. But he acts more like he is new to civilization (just try to get through his sex scene without squirming). There are also the on-going adventures of the rest of the local population that the viewer must endure. That of Duke (Seymour Cassell), the volleyball expert who tries to get T.T. to act like a normal human being, the obnoxious drunk surfers who cheat on their girlfriends, and the guy who makes a bet with another that he can live in car for sixth months.<br /><br />California Dreaming is just a big old mess. It starts out like a typical seventies romp, complete with bad 70s music (even though this movie came out one year shy of the 80s). And Dennis Christopher comes off as the most irritable loser, it makes the movie hard to watch (keep your finger on the fast forward button). Even if this movie was supposed to be about the surfer culture, the surf scenes are almost total garbage. The people at the surf contest look as though they can't keep from falling asleep.<br /><br />I guess the only cool thing is seeing Tanya Roberts outside of her role as Midge on the sitcom ""That's 70s show."" And Cassell wasn't bad, he was just in a bad movie.",negative
"I just watched this move for the 5th or 6th time and am still in love with it. It still makes me cry and sing and worry and celebrate.<br /><br />I almost wrote Bonnie Hunt a letter to tell her how much I love it. David Duchovny's grief scene is so flippin real!!! Minnie Driver is so natural and honest. My favorite line is when Duchovny says ""I miss Elizabeth but I ache for Grace"". Oh man! I'm crying just thinking about it. ALSO... Bonnie Hunt and Jim Belushi are sooooooooooooo the perfect Chicago area couple!! I know them I swear! I'm related to them I'm sure. <br /><br />This movie is in my three times a year rotation!!! I'd watch it once a week but I'm afraid I'd get too used to it!!! I always want to make it a special day when I watch it!!",positive
"I liked it but then I think I might have been ironing at the same time. This reworking of Cyrano de Bergerac/Roxanne is an utterly undemanding, formulaic romcom rescued from straight-to-video ignominy on its release by the sharp turn of Janeane Garofalo. Playing the Frasier of Pets, she finds herself caught in a love trap when insecurity leads her to pass her best friend (Uma Thurman) off as herself when a caller comes a-courtin'.<br /><br />This is an interesting film in the fascinating career of Ben Chaplin. An average British actor, he gave the Hollywood treadmill a shot with this film. He is unremarkable and his anonymity in studio productions is unsurprising on the basis of it, although he has appeared in substantial cameos in both the later Terence Malick films. Uma Thurman does a ditzy turn on autopilot and Michael Lehmann packages it all together competently. Icky phone sex though. 4/10",negative
"I have been learning about the Zodiac for four years now. And I'm not saying I know much more than anyone else...in fact out of most of the people who know and read and learn about Z, I am prolly the one with the least knowledge...But I do know or at least I think I know that most of the stuff in this wouldn't happen...From how he signed his name...to how he killed people...I thought that Godfather was the worst film ever...<br /><br />The cinematography was that of a five year old...not saying that my films are any better but I am not someone who is making movies for the mass population...<br /><br />The acting I thought for the most part was pretty good really I did...the lead didn't talk that much on camera or at all I forget and don't know because I stopped watching...his voice overs where good...<br /><br />But really spend the four dollars and 70 cents on something else...like a large pizza or something...<br /><br />Until I learn how to write a review, Psycho Phil",negative
"Reese Witherspooon's first movie. Loved it. The plot and the acting was top notch. You are emotionally involved with the characters. In my opinion, a must see.<br /><br />After watching this movie you will see why Reese Witherspoon's acting career has been so successful. <br /><br />The other cast members do a great job also. <br /><br />The movie flows extremely well. There is not a boring moment in the whole picture. The Man in the Moon's length is just right. <br /><br />As I said earlier, I think this movie was excellent. I have seen it numerous times, and have enjoyed every one of the viewings.",positive
"I first watched this film when I was a kid and is the only time in my life that I can remember putting my hands over my face and eyes in utter horror at one particular scene. I remembered it again with a disscusion with my uni friends and promptly bought it on video with plenty of hesitation I might add (to my surprise I only found it on the web in the States when it was made in England!) When I watched it again my reaction and to my surprise was almost the same, of sheer horror and fear and never has my heart been beating so much too. This is in my opinon the SCARIEST film ever made, Hollywood films seem tame in comparison and a bit Pony and Trap (crap), pardon the pun. What is amazing though is the power of this film and at uni when watching this with about twenty of my associates I have never heard so many screams, blokes as well! Even the sight of the video brings the fear of God into me of that one particular scene, and left me feeling that I will never walk alone again in the dark!!!!",positive
"""Moonstruck"" is a lovely little film directed by superb story teller, Norman Jewison (In the Heat of the Night, Fiddler on the Roof, The Hurricane). The film is great on many levels. It shows a good slice of Italian culture, has a touching romance, and (best of all) is a hilarious comedy.<br /><br />One thing I liked most about the film was the relative unconventional looks of the actors. Nicolas Cage looks positively odd for most of the film, and Cher... well, Cher always looks a little odd.<br /><br />Overall, it's a fun film, and easy to recommend.<br /><br />7.4 out of 10",positive
"This movie is an idiotic attempt at some kind of action thriller. A tour bus on its way to Las Vegas is attacked by a group of white trash hijackers driving dune buggies. They drive them out into the desert and then steal all of their valuables. The plot changes constantly. One minute they are looking to kidnap a rich ranchers daughter, the next they are looking for a collectible stamp worth 90,000 dollars. The dialogue is horrible.<br /><br />Please don't watch this movie.",negative
"This episode so far is the best of the series. The story was told perfectly. I especially liked how the writers made it a Desmond episode; it was his best performance to date and he definitely deserved the Emmy for his performance.<br /><br />We had some of our questions answered in this episode, but since the show is called Lost we know there will be more questions brought up too. First the answered: Walt is reunited finally with his father Michael, second, Michael's betrayal is exposed to Jack, Sawyer, Kate, and Hurly and because of this betrayal Kate, Jack, and Sawyer are all taken captive by The Others. This was a great way to end the show.<br /><br />On the other side of the island we see Locke going through a mental breakdown with the button. This leads to another answered question about how the plane really went down. However there are some unanswered questions: first, what happened to Locke, Eko, and Desmond when Desmond turned the failsafe key and what was the deal with the scientists in the Arctic searching for electromagnetic annamolies. Guess we'll find out next season, however great ending to the best show on TV.",positive
"I enjoyed the film and would suggest to anyone just out for a good time. Don't take the film all too seriously because remember it's Disney and it's rated G. It's good clean fun although some parts may be recognised by adults but children would never notice, particularly the ""triangle"" between Cruella, Le Pelt, and Cruella's faithful valet Alonso. Glenn Close is fantastic and really has made Cruella her own and is believably terrifying even when she is ""cured"" of her fur loving ways, she can instill fear in the audience with her shrills that literally shake the theater. (I even found myself jumping in my seat when she catches you by surprise with her 'bipolarity' as the dog loving Ella.) All in all I will go see it again in theaters, I found myself enjoying it so much.",positive
"This takes place in 1920s Harlem. A black owned nightclub has to deal with gangsters and corrupt policemen.<br /><br />Terrible vanity project for Eddie Murphy. It tries to mix comedy and drama and fails at both. The comedy simply isn't funny and the drama is boring and badly acted. You think a film with three comedy legends--Eddie Murphy, Redd Foxx and Richard Pryor--would be great but it isn't. There's nonstop swearing and the OPENING scene has a young boy shooting a man to death (this is shown as being OK). Also we have the beautiful Della Reese degraded into playing a madam. One of the ""comedic"" highlights has a long, unfunny and terribly vicious fight between her and Murphy. A boring, offensive and stupid mess. Not the worst Murphy movie but pretty close. A 1 all the way.",negative
"I had watched snippets from this as a kid but, while I purchased Blue Underground's set immediately due to its being a Limited Edition, only now did I fit it in my viewing schedule - and that's mainly because Bakshi's American POP (1981) just turned up on late-night Italian TV (see my review of that film below)! <br /><br />Anyway, I found the film to be a quite good sword-and-sorcery animated epic with especially impressive-looking backdrops (the rather awkward rotoscoped characters were, admittedly, less so) with a rousing if derivative score. The plot, again, wasn't exactly original, but proved undeniably engaging on a juvenile level and the leading characters well enough developed - especially interesting is the villainous Ice-lord Nekron and the enigmatic warrior Darkwolf; the hero and heroine, however, are rather bland stereotypes - but one can hardly complain when Bakshi and Frazetta depict the girl as well-endowed (her bra could be torn off any second) and half-naked to boot (her tiny panties are forever disappearing up her ass)! Still, it's clearly an action-oriented piece and it certainly delivers on this front (that involving Darkwolf being particularly savage); the final showdown though brief, is also nicely handled and sees our heroes astride pterodactyls assaulting the villains' lair inside a cave .<br /><br />In the long run, apart from the afore-mentioned Frazetta backdrops, the main appeal of this movie for me now is its nostalgia factor as it transported me back to my childhood days of watching not just films like CONAN THE BARBARIAN (1982) and THE BEASTMASTER (1982) but also animated TV series such as BLACKSTAR (1981-82) and HE-MAN AND THE MASTERS OF THE UNIVERSE (1983-85).<br /><br />As for the accompanying THE MAKING OF ""FIRE AND ICE"" (TV) (Mark Bakshi, 1982) **1/2:<br /><br />Vintage featurette on the sword-and-sorcery animated film which is only available via the washed-out VHS print owned by Ralph Bakshi himself! It goes into some detail about the rotoscope technique and also shows several instances of live-action 'performances' (in a studio) of segments from the script - which would then be traced, blended in with the backgrounds and filmed. Still, having watched several such behind-the-scenes featurettes on the art of animation (on the Disney Tins and the Looney Tunes sets, for instance), it's doesn't make for a very compelling piece...",positive
"This almost documentary look at an enterprising boy who lives in the body shop area outside of New York is real all the way. Real lighting. Real sound. Less editing in the whole movie than in 1 minute of most movies. And while there is very little script, there is a story. Shot in primary colors, almost all red, white, blue and yellow, we get a real sense of the life of a boy who is making something from nothing. He has a place to live that he makes his own, has a good job, and is trying to bring his sister into his little universe. The people in the chop shop area also give us a look at this culture which I didn't know about. They mostly seem decent and pay Ale what seems like daily, seeming truly concerned about his well being. The actor (I think) playing Ale says more with one facial expression than one can imagine. This reminded me what a true small movie can accomplish. It shows what kids are capable of, even without much support and love. Definitely recommend.",positive
"I read about this film on-line and after seeing the generally positive reviews it has received, and viewing the trailer, I decided to check it out for myself. What a disappointment! It starts out well enough. the opening scene was actually pretty tense, but from there it's all downhill. I can see that the filmmakers were trying to do something different with this movie, but by doing so, they took all the enjoyment out of watching it. Those choices combined with the ""C.S.I"" editing, use of music and montage, lack of suspense, scares, or humor really drag this film down. There's too much foreshadowing and to many ""subtle"" clues, so when the first twist arrives early on, you already know how the movie is going to end. I gave the movie three stars because I think the cast did a good job, other than that I can't recommend this movie.",negative
"Bled starts as young female artist Sai (Sarah Ferooqui) meets a mysterious yet charming man named Renfield (Jonathan Oldham) & they end up back at her studio apartment where he gives her the bark of some sort of tree which is used as a hallucinogenic drug when melted down. Sai quickly becomes hooked as she is whisked into an alternate fantasy reality which involve Vampiric creatures. Sai's photographer friend Royce (Chris Ivan Cevic) becomes concerned about her as she drifts further from reality as she becomes addicted to the drug, can Royce her kick the drug or will it end up ruining her life & why did the mysterious Renfield get her addicted to the stuff in the first place & do the elaborate fantasy dream like trips have any significance?<br /><br />Co-produced & directed by Christopher Hutson this anaemic arty Vampire flick is pretty much 95 minutes of tedium & is throughly deserving of all the bad comments. The script was written by the interestingly named Sxv'leithan Essex (how the hell do you even pronounce that anyway?) who is also credited as production designer & his unusual name is actually more interesting than anything that ever happens in Bled, I would guess that the makers set out to make a very serious fantasy based horror film with a strong moral message about the dangers of drugs, drug addiction & date rape drug at it's core. The majority of the film is spent on the drug issue with Sai's initial introduction to the drug, how great the first time was & how she becomes hopelessly addicted which eventually destroys her, her life & her friends lives. It's never explained where she keeps getting this drug from as Renfield only gives her a little bit during their initial meeting but hey, who cares? The first twenty odd minutes of Bled are really boring & dull, the following hour or so aren't much better before a mess of a final ten minutes which involve a Vampiric monster & Renfield making a reappearance. The moral elements are patronising, the fantasy elements seem like an afterthought & the horror is none existent. There's also the dialogue which is awful, every sentence tries to be profound, have loads of hidden depth & just tries to have so much meaning that it becomes tiresome to listen to.<br /><br />The concept of the film is terrible & so is the execution as there's absolutely no gore or violence to speak of & the entire thing is set inside an apartment that doesn't appear to have any lights. The fantasy setting looks a little better but it's sparsely seen & underused. There are no scares here, no atmosphere & to make matters even worse the makers have decided to used muted very faded colours which I just hate & find annoying, what's wrong with a nice colourful image? It seems to me to be a fad with current filmmakers who seem to think that it automatically makes a film cool or adds atmosphere which it most certainly doesn't, more often than not it just makes your film look dull & drab as evidenced here with Bled.<br /><br />This probably had a low budget & was shot in Los Angeles & it has reasonable production values but it's all so dull. The acting didn't impress me, I didn't care for or about anyone which is never a good sign.<br /><br />Bled is a terrible Vampire film that goes for psychological horror as well as physical with all sorts of parallels to real life dug addiction & what it can do to little or no effect because the whole thing is so dull. There might be an audience for a film such as this but considering the other comments not that big a one.",negative
"For a movie that gained so much recognition and appraise this spinoff to ""Rosemarys Baby"" is one big mistake. It starts off that Andrew/Adrian whatever his name is because he's so confused that he doesn't know who he is anymore runs away from a cult with his mother and soon is kidnapped by a strange lady that ends up taking care of him as if she were his mother. The acting is terrible as Andrew grows up in his twenties and looks terrible with his sunken in face, never ending grin and Dukes of Hazard clothes on looks more like a drunken has been than the son of Satan. In fact thats all he does is drink and falls sloppily all over himself as he tries to come to grips with his past and the last memory of his mother driving away on a bus screaming to him. He finds a friend that seems to be an angel but he's quickly killed off and electricuted in a hillarious scene in which he looks more like a Christmas tree. Andrew gets cought and the cult with the members of the first part test him to see if he's really the Son of Satan. His dumb self fails the test and gets up off the alter glittering with myme makeup and jumps of the stage of a night club and dances like a clown on crack!!! This scene is memorable and well worth a watch. The ending is terrible and somewhat predictable considering how stupid he is in the whole movie. Do not watch this piece of trash or you will loose respect for the first part.",negative
"I saw this film at the Edinburgh Film Festival, and would not recommend it. It is two and a half hours long, during which nothing much happens at a wading-through-porridge pace.<br /><br />The main characters are gormless and totally lacking in charisma or personality. No-one smiles at all during the film (neither would I if I had their lives), and although Domino seems to have a healthy sexual appetite she doesn't seem to enjoy sex at all.<br /><br />The whole experience is depressing and ponderous, the director lingering over each scene in a way that drove me crazy rather than striking me with the beauty of his technique.<br /><br />Too many questions were left in my mind: why does he sniff the Algerian man's head? Why does he levitate? What is he looking at over the allotment fence? Why does he kiss Joseph? Why did we go and see this rubbish rather than ordering another bottle of wine in Bouzy Rouge?",negative
"Assault on Precinct 13: 3/10: Let us forget for a moment that Assault on Precinct 13 is a remake of a classic action movie. Taken completely on its own merits Assault is a debacle. <br /><br />Lets start with the Rio Bravo style scenario. About a dozen people are trapped in a decaying police station in Detroit (If the Detroit location is giving you Robocop warm and fuzzies stop right now. It could have easily said Topeka in the opening credits and nothing would have changed. In fact the last bit in the forest would have made more sense.) Surrounding them are our bad guys; corrupt cops.<br /><br />Now I know what your thinking. Corrupt cops? Were the Nazis and drug cartels busy that weekend? Of course these are no ordinary cops. These guys are right of the cover of the latest Tom Clancy video game. Yup we have body armor; helicopters; laser sights; night vision goggles the works. So we have thirty S.W.A.T. members/Special Forces armed to the teeth verses 4 cops (drunk mind you it's new years eve), 2 girls in party dresses and half a dozen criminals. <br /><br />So how do our heroes defend themselves? Truth is they can't. They all should be dead within ten minutes tops. (Not to mention the characters inside have an annoying habit of walking past the windows.) Now an illogical scenario is no reason to completely pan a movie esp. a B style action film. However with the exception of Laurence Fishburne and Ethan Hawke all the other characters seemed to be comic relief. (At least I hope they were) <br /><br />While Ja-Rules and Leguizamo's characters are bad enough. It's Aisha Hind's minstrel show that takes the cake. Rarely has a more stereotypical African American character appeared on the modern screen. Her performance resembles a frat boy in blackface and drag acting ghetto. <br /><br />In the original Assault a gang member takes over an Ice-Cream truck and drives around the neighborhood shooting little girls in the head. I have had an irrational fear of ice-cream trucks ever since. After this Assault I have a perfectly rational fear of remakes.",negative
"A well put together entry in the serial killer genre that unfortunately gets mired down in its own pretentiousness to be really satisfying. Willem Dafoe is superb as a NYC detective trying to track down what appears to be a copycat using the same Renaissance art-related killing techniques used in a series of murders he solved years earlier. Scott Speedman is Dafoe's junior partner and they have pretty good chemistry (at least for a while). Other characters pop up to conveniently tie the two cases together. Clea Duval is the friend of an earlier victim and Peter Stormare is some sort of art broker/mentor to Dafoe...that's a bit hard to take, although Stormare is, of course, never dull. The film's ending is particularly disappointing. Look fast for Deborah Harry as Dafoe's less than forthcoming neighbor.",negative
"This is not a film to impress you with high budget, high-tech shots, fast camera movements or glimmering costumes thought by an overzealous and hungry director. But it's a film by a director who is also a very good photographer, who has a very good sense of looking at things as a human, not as an half-god unlike most of the directors. This is not a film in which actors and actresses try to give their best 'performances' with unreal or, at best, learned gestures and mimics. Rather, it's a film in which they act as real as it can be. Actually, they are not professional actors at all. The dialogues between the main characters, their expressions, their feelings are as real as they can easily be yours in real life. You tell the same lies to the people around you with the same regrets that you avoid to express with words. You show the same signs of nuisance to an unwanted guest. This is the same feeling of disconnection that you get in modern city life. And this is your chance to see yourself from outside, impersonated by the main characters. I saw all of the films of Nuri Bilge Ceylan, incl. his short film Koza (Cacoon) thanks to those who puts it in the DVD. Many would compare him with Tarkovsky, Ozu and maybe Bresson or Bergman as he is emerging as a true auteur. And he is sincere in saying that his films are not to make money but to give a meaning to his life. That is the kind of sincerity you'll find in Uzak.",positive
"As soon as it hits a screen, it destroys all intelligent life forms around ! But on behalf of its producers I must say it doesn't fall into any known movie category, it deserves a brand new denomination of its own ! It's a ""Neurological drama"" ! It saddens and depresses every single neuron inside a person's brain.<br /><br />It's the closest thing one will ever get to a stroke without actually suffering one. It drives you speechless, all you members go numb, your mouth falls open and remains so, and the most strange symptom of all is that you get yourself wishing to go blind and deaf.<br /><br />No small feat for such a sort of a ""movie"".<br /><br />The only word that comes to my mind just having finished my ordeal is OUTRAGE !!!!!!",negative
"I do not know which one was first released earlier in 1970 . Cannon for Cordoba is an ""Europen Western"" It was made in Spain. This means this is fairly inferior to Sergio Leone's so-called #Western Spaghetti and to the Real American Masterpieces of John Ford, Sam Peckinpah, Howard Hugues,John Sturges and Anthony Mann, in my order of merit. This order is not to be interpreted as all John Ford Westerns are better than all by Sam Peckipahn's. I think IMDb's 100 Sort them out all pretty well.<br /><br />The worse about this firm is the Casting. George Peppard is fit for a sergeant's role, Raff Valone for a ""Maffia Capo"" and Giovanna Ralli to a ""puttana"" in ""Piazza Vennezia"" in the sixty's in Rome.",negative
"There is absolutely no doubt that this version of Tarzan is the closest to Burroughs' vision. While he gladly collected his royalties from the films produced during his lifetime, he frequently made it clear that they were little more than the bastard children of his tales. The film studios' ludicrous obsession with casting Olympic swimmers as Tarzan was beyond laughable. I guess we should consider ourselves lucky that they did not set their sights on shot-putters. <br /><br />Prior to this film, the most faithful adaptations were in comic strips and comic books. As fine as some of these were, we had to wait seven decades for a filmmaker with the integrity to respect the character as he had been created.",positive
"The DVD version consists of 2 episodes, the parricide of Caesar being the juncture. In addition, the language was Spanish without subtitles. Hence, it's hard for me to review in depth this movie because because i didn't understand what was said.<br /><br />Cleopatra being an historic icon, the part is very difficult and i found that for a newcomer, Leonor Varela just plays fine. She is strong-willed but also a very supportive, tender soul mate. Thimothy Dalton as Caesar is perfect and their romance is the main thing of the first episode. So, it is not really a documentary, nor a peplum but a great love story.<br /><br />After the parricide, a new lover comes (Marc-Antoine) but the flavor is gone: we remember always our first love. So, i found the second episode dull and their tragic fate isn't told powerfully.<br /><br />Nonetheless, the production is luxurious: the sets are big, tastefully decorated; the Moroccan live location exotic and the wardrobes splendid. The producers have a lot of money for sure, but they spend nothing on the special effects. They are so poor (blue screens, ships, Sphinx) that it's funny.<br /><br />Finally, I would like very much to hear it in french or English to make a definitive opinion about this two movies.",negative
"The bipolarity of this movie is maddening. One moment it's making fun of Latin Americans, American tourists and banana republics in general, the other it wants to be touching, with burned villages and orphans. Even the serious revolutionary hero, becomes a parody of a revolutionary at one point. But the comedy parts aren't even funny, because it's so obviously stolen from Star Wars. Yes, Star Wars, the ""hero"" is basically a rogue with a heart of gold. Add to this stereotypical sounds effects, Latin Americans who speak English with one another, and a villain that just disappears from the story. And whats the point? It's basically revolution propaganda with no resolution, and no planning (because, there is just no way these people can lead a country). The US government are bad guys, but who'll make money producing this? Not some poor farmer, that's for sure.",negative
"Super Speedway makes a great demo of your new DVD / bigscreen / 5.1 channel sound system. The IMAX camera puts you right in the race car, where you cruise around various tracks at high speed, reminiscent of the driving sequences in Grand Prix (if only that would appear on DVD!). I enjoy watching it again and again.<br /><br />The only minus, and why I didn't give it a 10, is some of the driving sequences look suspiciously like the film was speeded up. The soundtrack also requires a little suspension of disbelief - all you can hear in a real car is the engine. You won't hear swooshes as you go under bridges.",positive
"No, no, no, no, no, no, NO! This is not a film, this is an excuse to show people dancing. This is just not good. Even the dancing is slow and not half as entertaining as the mediocre 'Dirty Dancing', let alone any other good dance movie.<br /><br />Is it a love story? Is it a musical? Is it a drama? Is it a comedy? It's not that this movie is a bit of all, it's that this movie fails at everything it attempts to be. The film turns out to be even more meaningless as the film progresses.<br /><br />Acting is terrible from all sides, the screenplay is definitely trying to tell us something about relationship but fails miserably.<br /><br />WATCH FOR THE MOMENT - When Patrick Stewart enters the scene and you think the film might get better as he brightens up the dull atmosphere. For a second.",negative
"I have read the 28 most recent comments by various people regarding this movie and was surprised that no one mentioned the fact that the first victim, shown on the bed with the ""missing eyelids"", as the camera pans up and away from her face, blinks! Yes, BLINKS! I recorded it as it came on HBO this past weekend and when I saw this I literally had to replay it several times, focusing on one eye at a time to make sure that I was not seeing things! Of course, after that, it was hard to take the movie seriously although there were a few interesting and intense scenes with Julian Sands. Very disappointed and give it a 4 mostly due to the fact that the 1st victim blinks in one of the last frames as the camera pulls away from the body/face. Too bad.",negative
"I just got through watching this DVD at home. We love Westerns, so my husband rented it. He started apologizing to me half way through. The saddles, costumes, accents--everything was off. The part that made me so mad is where the guy didn't shoot the ""collector"" with his bow and arrow as he was taking the fat guy's soul. His only excuse was ""he only had 2 arrows left."" We watched it all the way through, and, as someone else said...too many bad things to single out any one reason why it sucked. I mean, the fact that the boy happened to snatch the evil stone from the collector on the same month and day it was found, what's the point of that? And why were there a grave yard where everyone died on April 25 but the people whose souls were taken by the collector were still up walking around? If you want a movie to make fun of after a few beers, this may be your movie. However, if you want a real Western, you will hate this movie.",negative
"this is a dreadful adaption of Charles Kingsley's story. The animation is, to put it bluntly, awful. And the songs are a disgrace to film songs, epsecially the ""high cockororim"" song, which they keep repeating. I feel sorry for Jon Pertwee and David Jason, 2 of Britain's finest talents, providing the voice for the depressing animation sequence. Bernerd Cirbbins tries his best to perform in this awful production ,but fails.<br /><br />Avoid this film at all costs, even if it is the last film on this planet!",negative
"This is a comedy version of ""Strangers on a Train"". It works pretty well. I am a harsh grader, so the 3 rating reflects mostly on the characters and plot. The performances are extremely good, all of them. Of course, the two stars, DeVito and Crystal, shine most. Each performer acts well enough to play off of. The comedy works in a level just short of slapstick. DeVito characters work best when depraved. His character, portrayed as a writing hack, would probably be more real if he was published and lauded as much as most hacks are. His character would, in real life, have a great agent and multiple solicitations. The characters are one dimensional, which is okay in comedy. But Crystals's character is not written very well. His desire to kill the ""moma"" all of a sudden makes no sense at all. It looks like a pitiful attempt at humor. The pitiful attempts are not too often, and the movie flows fairly well.",negative
"This is arguably the best film director Haim Bouzaglo made until now. A skilled TV director, well-trained in story-telling and in directing his actors through long epics he tried to catch in this very low-budget film the essence of the very special psychological situation the Israelis live though under the permanent danger of the terror attacks, resulting in 'distorted' lives. Each character trying to live his own life, to watch and control the other, while being himself watched and controlled by other characters and mostly by the continuous pressure, by political and historical forces well beyond his control. Some call this destiny, but destiny has a very concrete representation in this film.<br /><br />There is no explicit political saying in 'Distortion'. Characters never discuss politics, not even at the level of saying 'bastards!' when they hear that a new terror attack happens. Their reaction to events is to localize the attack and to count the victims using the official and media terminology for the dead and the wounded. They do not really live but rather survive on borrowed time happy to have survived one bomb, and waiting for the next one to happen. Personal, social, professional life seems to work someway, but is deeply flawed and influenced by events. The main character played by the director is a playwright whose mid-life personal and creative crisis is amplified by the pressure of the events and by the fact that he is lucky enough to leave a terror attack site minutes before the bomb explodes. He hires a private detective to follow his girlfriend who is a TV investigative reporter whom he suspects is falling in for the subject of her next show - another failed man, former military, whose business and family life dismantles under the events. He starts to write a play that carbon-copies the reality and will bring it to the stage, in theater in film scene that reminds Hamlet as well as 'Synecdoche, New York'. It's not that I would dare suspect Charlie Kaufman looking over the shoulder of Bouzaglo, he certainly needs not that, but the Israeli director screen is brilliant into anticipating the later film (and the first directed by Kaufman). As in the American film actors play real persons and start interacting with them in an reality-meets-stage-meets-reality melange which never lacks logic, at least not artistic logic.<br /><br />Bouzaglo directs his actors with the usual talent, trusts them and allows them the freedom of living through the situations rather then acting them. His style is much more free here than in his TV series, and the 'distortion' effects, although borrowed from American horror movies work pretty well all over. The ending seemed to me a little rhetorical and unsatisfying dramatically, but the shade of the suicidal killer who is haunting the film and the whole situation in a temporal loop will also follow the viewer when remembering later this film.",positive
"After I've seen this movie I find it hard to understand why so many people seem to hate this movie. I'm not saying it belongs in the top 250 of all times, but in it's genre it is a great movie. I know, not many people find it amusing to see how a legendary story like 'Robin Hood' is turned into a comedy. Many people still seem to believe that some things shouldn't be laughed with ... they are wrong. <br /><br />Mel Brooks has done an excellent job with Robin Hood: Men in Tights. I have seen the original Robin Hood movies as well, but I never had such a good time when watching them as I had with this one. It's just one continuation of hilarious moments and parodies on famous people and movies (Winston Churchil, The Godfather...).<br /><br />I recommend everyone who wants to have a good laugh to watch this movie. To those who think Robin Hood shouldn't be messed with, you're wrong, but you better don't watch it because you'll probably be offended by it. I give this movie an 8/10.",positive
"Tyrone Power was cast in the lead as Solomon. However, part-way through the film he died unexpectedly. The studio chose to cast Yul Brynner in the lead and re-shoot the scenes that Power had done. In hindsight, considering how awful this film was, Power was lucky--as this would have been a horrible way to end his lovely film career!!! <br /><br />Of all the Biblical epics I have seen, this one is by far the worst--and that's saying a lot because Hollywood has made many dull Biblical tales--so many you wonder if the creation of these films was an Atheist conspiracy!! In fact, the film was so dull that it deservedly was included in Harry Medved's brilliant book ""The Fifty Worst Movies of All Time"". There are so many reasons to hate the film but the worst is how incredibly ponderous the whole thing was! Sure, casting people with Italian, Eastern European, Scottish and English accents to play Egyptians and Israelis was pretty bad--but at least this made the film oddly humorous. Having bosomy Gina Lollobrigida playing the role of a woman reputed to have come from a place around Ethiopia was also just awful, but at least she was beautiful even if she couldn't act. Having an overweight and post-middle aged George Sanders play such a young role was also pretty bad, but at least he had a pretty voice. Creating an orgy scene that was choreographed and revoltingly dull was pretty bad, but at least you got to see in the credits a mention of a person as the ""orgy choreographer""! No, the worse thing about this movie is that almost two and a half hours, it seemed like nine it was so poorly paced and insipid! Considering that the only mention of this Queen of Sheba and Solomon is only in a few measly verses in the Old Testament, it's amazing the film just went on and on and on. THE GREATEST STORY EVER TOLD was a bit longer, but that movie was based on four gospels--not a dozen or so verses! <br /><br />The bottom line is that the film is wretched in practically every way (except for Gina's cleavage). Even for devoted Christians and Jews, this is a must-avoid film because it plays so fast and loose with the truth as well as injects an amazing amount of sex into a Biblical film!!! Terrible in almost every way, it is truly a blessing for Tyrone Power that he's not remembered for starring in this bloated turkey.",negative
"] Haven't seen this film? Haven't even heard of this film? It wouldn't surprise me. One of the few truly ""independent"" films produced in the last ten years, no studio had faith in the picture and it was never picked up for major distribution. The independent company Kino Films, gave BOESMAN AND LENA a very limited run with virtually no promotion, and the majority of major film critics didn't even bother reviewing it. I guess a movie based on a one act, one set play about the apartheid and its affect on two individuals never really had a chance in today's market - and it's the intelligent film-lover's loss.<br /><br />For the record, both Angela Bassett and Danny Glover deserved Ocsar nominations (as did the cinematographer) but the film received such little fanfare that I can't even blame the academy on that one. This is a film that is challenging, thought-provoking, and heartbreaking, and it actually requires the audience to meet it on it's own terms. Taking that into consideration, it is definitely not a movie for mindless entertainment. Director John Berry wisely does not attempt to dress-up Athol Fugard's play. Sure, we're given a few fractured flashbacks and some breathtaking scenic shots, but the film version of BOESMAN AND LENA remains, on the whole, a story of two people living in inhumane conditions.<br /><br />Stripped of their basic human rights, Boesman (Glover) and Lena (Bassett) have no one left to attack but each other. A third character joins them for awhile (Willie Jonah, amazing in a largely silent role), but the film's focus never strays from the title characters and what they've become. Bassett and Glover give brave performances as the broken couple, performances that simply could not be improved upon. Vigorously and brutally stimulating, both intellectually and emotionally, BOESMAN AND LENA deserves to be rediscovered of home video. Hands down, the best film of the year 2000.",positive
"Woman with wig, who ""dyes"" her hair in the middle of the film (=takes of wig) presumably does not see what the audience can see from miles away:<br /><br />*** begin spoiler alert *** that her hubby is having an affair with her best girlfriend and they both try get rid of her. *** end of spoiler alert ***<br /><br />And what a spoiler that was: the title already gives it away, doesn't it? Bad acting, bad script: waste of time Oh yeah: in the end, she lives happily ever after....<br /><br />If you liked this movie, you'll really love ""Cannibal women in the Avocado Jungle of Death""....",negative
"I saw this film last night at a special movie theater showing in Nürnberg, and it was superb. I do have to admit that the original music composition of the cello player and percussion/xylophone player influenced the mood of the film, but the film itself also had force in its portrayal of the tragic Nibelungen saga.<br /><br />If you are interested in silent films or in the Nibelungenlied, I highly recommend this film. The costumes were fantastic and creative, the sets were opulent and exotic, and the acting was dramatic and breathtaking (as is typical of silent film ""tragedies"") Unfortunately, I have not seen the first part of this film duo that concerns Siegfried. The story of this second film begins after Siegfried's death, when Kremhild (Gudrun in the Norse versions of the story) begins to plan her revenge against her brothers.<br /><br />Also, I watched this film in German; I am a native English speaker and have a basic German knowledge. It was difficult to read the ?subtitles (what do you call that in silent films?) at first because of the old style German script, so I advise that if you watch it in German that you make sure you can differentiate your ""k's"", ""f's"", and ""s's"" in the old script. :)",positive
"This movie features several well known actors which I usually like, so I had at least modest expectations when I rented this on DVD. I was highly disappointed. In fact I walked off for some snacks somewhere during the last half hour and somehow I ended up in the kitchen rather then going back to the TV. The actor performances where poor pretty much all across the board and none of the atmospheres in the movie felt very convincing. Virtually all scenes had that ""just a movie"" feeling to them, I just sat there waiting to hear the director calling ""CUT!"" followed by the crew having a little chat about the scene before moving on to the next.<br /><br />Since the movie is about gangsters most characters are tough and mob-like, the problem here is just that this whole bad-boy attitude is played out so poorly that it just feels like a joke. The constant guitar-drilling soundtrack really tries to emphasize this atmosphere too, but when the same track is played the 18th time it just adds to the already strong feeling of the whole thing just being fake.<br /><br />Maybe it was just a really really bad script, maybe it was just poorly executed. I'm no movie critic, in fact I consider it rare to see something that's REALLY good, but this was just plain bad no matter how objective and forgiving I'm trying to be. NOT recommended, not even as a rental!",negative
"This is a top car flick (Its a work of art/ YER a work of art!) all classic cars no plastic fantastic, I have watched it over & over again I have worn out two video tapes, And will wear out lots more. Lots more car lovers young or old will love this film & watch it more than 1 time! so hire it or buy it (just see it) I wish they would make more (car) movies like this V8 power not gassed up little whipper snippers!!!!<br /><br />(shes a 351 right?)(motor magic) (the heap the chariot)<br /><br />(you've got to learn to feel the power)",positive
"While watching the film, I'm not sure what direstion it was to take. There's a reason a writer shouldn't direct his work and even act in it as well, you can't do it all. I felt the story really suffered in this film due to the director wearing so many hats. Ms. McTeer is the film. To add to her amazing talents, her portrayal of this woman was why I was engaged. Here is a British actress who can do anything. In my view, conflict is what makes drama and a great story. I felt this film didn't have that. Everything was somewhat easy for the characters, there were no real obstacles preventing the chahracters from getting what they wanted. Watch the film for the sweetness, but most of all for Ms. McTeer's brilliant performance.",negative
"Jill Dunne (played by Mitzi Kapture), is an attractive, nice woman, over-whelmed by a smart-mouthed teenage daughter, Liv (Martha MacIsaac) and a petty, two-timing husband, Sean (Rick Roberts), both of which were tediously self-centered, and obnoxious.<br /><br />This was advertised as a troubled family stalked by a crazed killer during a relentless storm.<br /><br />The storm doesn't even happen until about the last 5 minutes of the film, and then it isn't anything to send anybody running to the storm cellar.<br /><br />The stalking, likewise doesn't get intense until almost the end of the film.<br /><br />Most of the film we spend listening to Jill and her insufferable daughter, Liv, argue until I just wanted to back slap the daughter into next week.<br /><br />Jill's problem with Liv is that she has taken up with Zack, a boy of questionable character, and they are constantly making out--in fact Jill comes home to find the two of them on Liv's bed.<br /><br />The rest of the time we spend listening to Jill's husband Sean either whine at Jill or criticize her.<br /><br />Sean was not at all appealing--since his face is so covered in freckles you could play connect the dots.<br /><br />The story begins with Jill being notified of an out-standing bill on their credit card for a hotel she has never been to, and that she thought Sean had never been to either.<br /><br />Jill goes to the hotel where she meets the owner & manager, Richard Grant (Nick Mancuso), a very nice, older, divorced man, who is sympathetic to her. In fact, when he spots her husband there again, he phones Jill and tips her off.<br /><br />Jill returns to the hotel, sees Sean with another woman. She is upset, leaves without Sean seeing her, and does absolutely nothing. In fact, she doesn't even say anything to Sean when he arrives home. This made no sense to me.<br /><br />Jill has given Richard her business card, and so he calls her and she is apparently in real estate. She shows him a condo. Afterwards they have a drink, and things get cozy between them.<br /><br />Richard and Jill are getting it on, hot and heavy. In fact, he seems a bit more aggressive than necessary, when Jill suddenly decides to cut out.<br /><br />Jill and Sean have a confrontation about his cheating. Sean whines about how Jill has been letting him down since her father died. Apparently his lack of any morals is all her fault. Eventually Jill confesses her own lack of morals and near adultery to Sean--and of course that's all her fault too, as far as Sean is concerned.<br /><br />The little family decides to go on a camping trip--which means more whining and grousing among them, especially from the spoiled daughter.<br /><br />I was so rooting for the stalker to get everybody, but Jill.<br /><br />3 stars",negative
"A series of random, seemingly insignificant thefts at her sister's boarding house has Miss Lemon quite agitated. A ring, light bulbs, a rucksack, a lighter, a stethoscope, a shoe  there seems to be no rhyme or reason to any of it. Miss Lemon asks her employer, the great Belgian detective Hercule Poirot, to look into the matter. But what Poirot sees is something far more sinister than Miss Lemon could have imagined. And Poirot's fears are confirmed when one of the students living in the boarding house if found murdered. It's up to Poirot to bring a killer to justice.<br /><br />Hickory Dickory Dock is a solid, but not spectacular, entry in the long running Poirot series. I appreciate how faithful the script is to Agatha Christie's original story. I realize that certain liberties had to be taken, but I appreciate the effort nonetheless. The major points of the mystery are all there  the petty thefts, the boarding house, the students, the ripped rucksack, and, of course, Poirot's ability to see something sinister going on before it actually happens. With a few exceptions, the cast of students is almost as I pictured them. Damian Lewis and Jessica Lloyd standout among the group. As mush as I always enjoy David Suchet's Poirot, I get a real kick out of the episodes with Phillip Jackson's Inspector Japp and Pauline Moran's Miss Lemon. This episode is a real treat as Miss Lemon gets more screen time than usual. Finally, I enjoyed the use of the ever present mouse as an observer of the activities in the hostel. It's a fun little play on the Hickory Dickory Dock title.<br /><br />I realized while re-watching Hickory Dickory Dock just what a tremendous influence Agatha Christie's work was on the highly stylized Italian mystery films, or Gialli, of the 60s and 70s. Take the murder of Mrs. Nicoletis as an example. If you were to bump up the graphic nature of the scene, you would have something straight out of an early 70s Giallo. In fact, the entire plot of Hickory Dickory Dock could have been used in a Giallo. It's just convoluted and interesting enough to have worked.",positive
I am almost tempted to demand my money back from the video store. This movie plumbs the depths of inanity and is almost completely unwatchable. I NEVER bail out of a film early but this was painful to view. A thorough waste of celluloid. My vote 1/10 (it would have been zero).,negative
"As I've noticed with a lot of IMDb comments, certain reviewers seem to demand that every film they see have smugly intelligent plots that wallow in there own cleverness. I am not one of those people. If I watch an action film, I want to see explosions, gunfire and heroics. If I watch a comedy, I want to have tears of laughter in my eyes. You get the idea. Therefore watching a horror film, I primarily want to be scared. The Grudge is a very scary film, in both it's well executed 'jump' scenes, and it's creepy imagery. I've been a horror film fan for many years, and I'm talking about the masters such as Dario Argento, rather than directors of some of the treadmill teen horror flicks that are churned out these days. If you want to be scared, watch this film. Way scarier than the original Japanese 'Ring' (which I also think is a great film).",positive
"I consider myself lucky that I got to view a wonderful movie with two marvelous actors. ""Kramer vs. Kramer"" was great to me because I think I could relate to it.<br /><br />Unfortunately, my parents are divorced. Even though I was older than Billy in this movie, I felt his pain and confusion. Having two parents who you thought were happy and end up hating each other is the worst. Through this movie, actually, I think it made me realize that my parents are people too, and they had as just much pain as my sister and I had.<br /><br />Back to the movie, this was a good one. Yes, it's dated and Meryl and Dustin are very young. But I would recommend this for a lot of people, because I think most can relate in some way. There are funny, sad, happy, and relieving moments that are carried away terrificly by these great actors. It's a good movie and deserves more credit than a 7.5.<br /><br />9/10",positive
"honestly I don't know why this show lasted as long as it did. ah well, humor is subjective eh? but yeah, this show is incredibly unfunny if you ask me. Tim Allen is annoying. Jill is annoying. the boys are annoying. Al is annoying. the neighbor is annoying. it's just more annoying then funny. the plots are all the same, Tim makes Jill mad and has to make things right again. and the latter seasons? less said about them the better, who the hell things cancer would be good for a damn sitcom? yeah, great idea jerks. so yeah, home improvement isn't a very good sitcom. I'd recommend you go watch News Radio or Seinfeld. if i had to give this show a rating I'd give it a 1/10 seeing as it never made me laugh once. ever. so yeah, it's still better then The Nanny though.",negative
"Greetings again from the darkness. Stunning photography highlights this Disney documentary and provides a glimpse into some of the harshness of animals that live in the wilderness. For anyone over 40, Disney and Mutual of Omaha's Wild Kingdom provided much of our insight into wild animals since our childhood ... back when there was no channel dedicated to National Geographic or Nature or Animal Planet.<br /><br />What always fascinates is just how difficult the circumstances are for many of these majestic creatures. Watching the elephants trudge for days, nearly delirious from lack of water, is oh so painful. But their nighttime battle against the lions is thrilling.<br /><br />Some of the underwater shots are breathless. The mama and baby humpbacks are beautiful and watching the great white shark attack its prey is every bit as chilling as ""Jaws"". The most amazing scenery for me was the breathtaking views of the Himalayas. I had never seen such detail of the vastness of the range.<br /><br />Don't think most young kids today will be too excited by this one, but it surely is one of the most beautifully photographed documentaries I have ever seen.",positive
To Die For has it all.This film has a great cast. Lots and lots of romance and terror. Not too gory but still enough to appeal to horror fans. There are a lot more vampire love stories. If you are a fan of vampire love stories I strongly recommend this film-10/10.,positive
"This is how I feel about the show.<br /><br />I started watching the show in reruns in 2001.<br /><br />I enjoy the show but it had too many faults.<br /><br />I HATE THE MICHELLE & JOEY CHARACTERS!<br /><br />Stealing story lines from old TV shows. They even stole from ""The Partirdge Family."" Then in 1 episode ""The Partridge Family"" was mentioned.<br /><br />Actors playing different roles in different episodes. MTV Martha Quinn the most notable doing this, especially when she played herself in 1 episode.<br /><br />The Michelle character COULD NOT take a joke but then they had this little kid act out ""revenge"" to her sisters for a joke by them on her.<br /><br />Story lines that came & went in 1 episode. Joey getting the TV show with Frankie & Annette, never heard from it again after that. Danny all of a sudden playing the guitar. 1 episode he is coaching soccer, 1 episode he is coaching softball/baseball. 1 game & you are out huh Danny? <br /><br />Jesse & Joey keep getting jobs REALLY QUICKLY with no experience. Only in a TV show.<br /><br />I did like the D.J. & Stephanie characters. Wish Jodie Sweetin could have learned from Candace Cameron Bure & had a clean NON drug adult life.",positive
"Return To The 3th Chamber is the comedic sequel to the epic 36th Chamber Of Shaolin, in which Gordon Liu played Shan Te, a young man who became a monk and awesome fighter. In this sequel Liu plays a hapless loser who has to learn kung fu after causing his friends to be beaten. He imitates the original Shan Te, tries all manner of tricks to get into Shaolin Temple to learn and eventually gets some unique skills to fight some bullying bosses. Its a classic light hearted martial arts tale, with the ace production values of the Shaw Brothers and the sure footed direction of Lui Chia Liang. The choreography is fantastic throughout, whether for fighting or slapstick comedy and Gordon Liu's performance, as are the others, particularly the sympathetic monk work perfectly for the material. The film is less epic or profound than some of the stars other work and there are certainly grander, more violent and sweeping Shaw Brothers films. But few have such a magical blend of slapstick, unique training and fighting, with a subtle yet warming tale of a useless guy making good. Full of light hearted joy, its impossible not to give this the highest score.",positive
"I just purchased and viewed the DVD of this film. The DVD transfer is from last year, 2001. This 1988 film is really a great little film. Overlooked by most people. I saw it in the theater in 1988 and have loved it ever since. I love the opening shot of Pittsburgh (not Baltimore, as another user commented). Makes Pittsburgh look like one of the most beautiful cities in the world! And I must say, the tour of Pitts on the garbage truck with Nicky is a very scenic, interesting one! Tom Hulce, as everyone else has said, gives a remarkable, wonderful performance. The DVD is a good transfer, with no extras, but a widescreen format. I recommend it to those who love the movie.",positive
"It's not often I feel compelled to give negative criticism of a film; after all I often feel the maxim, ""if you don't have anything good to say don't say it at all,"" would be apt advice for the many naysayers we listen to everyday who nitpick at things we like. If it's all the same to you the reader though I feel compelled to point out that with the lone exception of Christopher Walken in a returning role as Gabriel this movie is pathetically HORRID. I say this to you to warn you in advance that even if you are a fan of Walken's deadpan delivery and style or liked the original ""Prophecy"" that you will be sorely dissapointed. If you buy it, return it. If you rent it, make sure it's only ninety-nine cents.<br /><br />What's wrong with this movie? A full list would take too long to read and would bore you to tears, but a short summary would be the following: the once rather crystalline clear picture of the relationship between angels and mortals of the first film is ripped to shreds. Gabriel is turned from the rather morbid right hand of God he once was (and in this role he is WICKEDLY funny in the first) to little more than a thug for heaven. Since Walken is so good at playing heavies (we all remember Frank White from ""King of New York"") he is still enjoyable but the supporting cast is an unmitigated and unconvincing mess of mortals and angels alike who couldn't buy a clue for 50 cents. If you can figure out the plot you're a smarter man than I. One gets the feeling we wander aimlessly from scene to scene just to move the film along to Walken's next big line. By the end of the movie you're actually wishing he'd blow his horn and make the walls of Jericho fall on the people who made this un-natural disaster.<br /><br />Bottom line - it's an insult to our intelligence that they made a sequel to this film in the first place. The original told the right story, answered the questions that should have been, and left alone the ones you were meant to ponder afterwards. There are no compelling reasons to follow these characters that was in the first - the priest who lost his faith, the little girl who kept the ""big secret"", the teacher who protected her children - even Lucifer himself was more interesting BY himself in the first film than all the other characters in the sequel put together. I feel sorry for anybody who sees this film and not the first because they'll probably never want to watch the original and that's a real tragedy.",negative
"I thought it was an excellent movie. Gary Cole played the role of a military man who feels trapped and unhappy with his wife who fakes his death fabulously! Over all, I thought the movie was great, definitely not a boring plot line! It's sad to say, but I think lots of men might feel this way. I think he should have just gotten a divorce and asked to be transferred instead of the extreme he went to, but he felt there was no other way out so he faked his death. I thought it was neat that Cole's real-life wife played the wife he was unhappy with in the movie. I think what the guy did was alittle extreme, but the movie was great nonetheless! Definitely recommend it!",positive
"My title above says it all. Let me make it clearer. If you have seen the BBC's ""Planet Earth"" , which I am sure most of you have , then you are not gonna like this movie too much. And I own all the discs of ""Planet Earth"" I had seen the rating for this movie very high , and read good reviews about it. I was excited to check it out.<br /><br />Alas, I went to the theater and the movie started , I saw it was a Disney movie with production companies listing BBC and Discovery. And when they started the first scenes about the polar bear, I recognized them from my DVDs at home of ""Planet Earth"".<br /><br />The movie continued and went on and on and on , me and my friends kept on recognizing the scenes were all from ""Planet Earth"".<br /><br />We were very very disappointed , as I think 90% of the footage is from ""Planet Earth"" . I am saying 90% , because some of the scenes I didn't recognize. I have a feeling that I simply didn't remember them.<br /><br />So finally what this movie really is , is a compilation of different footages from the different discs of ""Planet Earth"" , with a narration aimed at kids. Yes, the narration is quite kiddish. Let me give you an example. When they show the polar cubs walking away from the mother cub , the narrator says ""The polar cubs are not like human kids. They don't always listen to their mothers"" ( I don't remember the exact words , but this is how it is ) So in a nutshell. This is condensed ""Planet Earth"" for kids !",negative
"I found it charming! Nobody else but Kiarostami can do so little and, yet, get so much. You might think I'm weird, but I was so charmed that I couldn't speak during the movie. While during other movies I comment a lot. The short movie made by him for Lumiere et Companie, the one with the eggs, that one is unbeatable in my heart, but this is wonderful, too. I liked it better than Ten. Kiarostami is, maybe, the best director in my opinion, because he can see things! He doesn't need to use a lot of stuff ""brought from home"" to illustrate his images, he simply grabs a camera. Not many can do that.. Maybe I don't know to much about movies but I don't care about complicate stuff, all someone has to do is touch my soul. Kiarostami does.",positive
"I didn't expect much when I saw this at the Palm Springs Film Fest this weekend. It was an alternate choice when two other films were sold out. Still, I held out hope. It sounded a bit much like ""Bride and Prejudice"" (L.A. guy falls for an Indian beauty, parental conflict, blah blah blah). B&P was not perfect but it was an enjoyable film with some good laughs and likable characters.<br /><br />""My Bollywood Bride"" had none of that. The acting seemed stilted and way to by-the-numbers. Characters were so cliché the story seemed like it could have been written by high school freshman drama student. Technically, the sound really bothered me. It seemed as if there was a lot of over-dubbing of dialogue. I mean a lot. I know sometimes it's necessary but it sounded like half the film was shot in a closet and it became very distracting.<br /><br />Two stars is being somewhat generous.",negative
"I'm starting to wonder if all these PG-13 horror movies are just glorified screen tests for young and emerging talent. Get a first-time screenwriter, an inexperienced director, a few TV actors looking for their bigscreen break and see what they can do. 'When a Stranger Calls' is a little better than most such recent offerings, but is still completely by-the-book; riddled with plot holes and genre clichés.<br /><br />The story is unbelievably simplistic. The slim 87 minute running time is heavily padded with inconsequential friends and a pointless cheating boyfriend. The killer is devoid of even the token motivation of Jason or Michael or even the original movie's killer, and as a result is never particularly frightening. The police behave in such an unbelievably ineffectual and lazy manner as to verge on professional misconduct. Simon West brings the same attractive banality to proceedings that he managed with Lara Croft, but his style of directing is decidedly generic, possessing no indicators of real talent or vision. The performances are routine, dark hallways replace genuine horror, and the scares are of the tired cat-in-the-closet variety.<br /><br />The cinematography and production design, however, are above average for this kind of film. The house is beautifully designed, all dark wood and glassy reflections, and there are a few moments that are of visual interest.<br /><br />Though lacking an ounce of dramatic originality, it acts as a reasonably satisfying 'dark house' thriller, and maintains interest longer than most of its ilk.",negative
"A wonderful and gritty war film that focuses on the inner torment of blinded marine Al Schmid. Although it is tough and unpleasant it IS in the end heroic - Schmid's triumph over disability and depression. The battle scene was superb. But one bone to pick. No matter how many .50 bullets they fired I never saw any water or dirt being kicked up by the impacts! It hurt the realism, but I can live with it. Fine performance by Eleanor Parker, again, as his girl friend.",positive
"Harrowing series about life in Oz--an experimental prison where they try to rehabilitate prisoners. There's gay sex, rape, torture, mutilation, killings, humiliation, tons of male nudity...all in your face and going full force.<br /><br />It also is easily one of the best written dramas ever put on TV and almost all the actors are just great. Since this was on cable there were no restrictions on what they could say or show. There's plenty of racist comments flying in here but it's for all races. In fact the white characters come off pretty badly (especially the Aryans) and the black characters come off better (the peace-loving Muslims). The Hispanics don't have a strong role and there are NO Asian prisoners at all. All the prisoners seem to be back-stabbers and willing to kill anyone at a moments notice---but you still find yourself sympathizing with some of them. Even the guards, counselors and doctors at the prison have serious issues.<br /><br />I heartily recommend this BUT rent it--don't buy it. I have the whole collection and, to be totally honest, I don't think I ever want to see it again. It's incredible TV but so grim, dark and depressing. Guess I gotta sell it all online.<br /><br />I give it a 10.",positive
"The most misogynistic movie of all time? Not to mention by '68 shouldn't they have moved beyond white people in brown face playing the ""Indians""? My favorite parts though have to be when the girls giggle and blush as the bikers drag them off to gang rape them. Rape is fun! Who knew? Let's see, then there's the blatant rip-offs of ""The Hustler"" (fat boss character actually plays pool while scheming to destroy the Indians with the lead rebel dude), the horrific acting, the so-on-the-nose-they-might-as-well-have-just-told-you-what-to-think music cues, the lack of ANYONE WHO'S ACTUALLY Indian in this movie. And who are we supposed to be rooting for? I have to say it figures that Quentin Tarantino loves this movie. Even though his movies tend to champion strong women, I've heard from at least one source that in real life he's a misogynistic idiot. Why did I watch it, you ask? Don't ask.",negative
"After the debacle of the first Sleepaway Camp, who thought that a franchise could be born. SC II is superior in aspect. More inspired killings and just whole lot more fun. While that might not be saying much (compared to the first movie), Sleepaway Camp II is worth the rental.<br /><br />Pros: Entertaining, doesn't take itself too seriously like SC I. Inspired Killings. Cons: Crappy acting and mullets abound.<br /><br />Bottom Line: 5/10<br /><br />",negative
"this cartoon is not right,lol I totally disagree with a lot of things it portrayed however it ended on a positive note , but as for me and mine we will not be viewing this in our household mainly because we fight against stereotypes every day and this cartoon just confirms what most white people feel black people act like<br /><br />the comment one of the little black girls made on the cartoon was that her boyfriend was so conscious (he was white ) that really offended me that's not something we as black people take lightly conscious is a state of being that black people achieve when they realize their true ability",negative
"I think James Cameron might be becoming my favorite director because this is my second review of his movies. Anyway, everyone remembers the RMS Titanic. It was big, fast, and ""unsinkable""... until April 1912. It was all over the news and one of the biggest tragedies ever. Well James Cameron decided to make a movie out of it but star two fictional characters to be in the spotlight instead of the ship. Well, onto the main review but let me remind you that this is all opinion and zero fact and the only fact that will be present is an event from the film.<br /><br />So our two main characters are Jack (Leonardo DiCaprio) and Rose (Kate Winslet). They're not annoying too much but watch this and you'll find out why they could become annoying ( http://tinyurl.com/ojhoyn ). The main villain I guess is bad luck, fate, hand of God (no blasphemy intended), or just plain Caledon Hockley (Billy Zane). Combine all of the above and what do you get?! Oh yes! We get a love story on a sinking boat. The supporting characters are the following: My personal favorite, Mr. Andrews (Victor Garber)(idk he was so nice), Lovejoy(David Warner), Murdoch(Ewan Stewart), Lightoller (Jonathan Phillips), Captain Smith(Bernard Hill), Molly Brown(Kathy Bates), and many more. We also got the present day treasure hunter, Brock Lovett (Bill Paxton). They add something to the story, something good. The action in here is awesome, especially in the second half, the drama as also good. In the end you can have your eyes dropping rainstorms or silent tears. The story is simple and it works. A treasure hunter seeks the Heart of the Ocean and instead finds a drawing of a woman wearing the said diamond. She calls and tells her tale on the RMS Titanic. Two lovers separated by social class and ultimately, the fate of the ship. Everything about the story works and there are very few flaws. I give Titanic, an 86% awesome",positive
"The main aspect about the Superstar's movies at his later stages were the frequency, the lacuna between one movie and the next. Being a well established star of the south Indian cinema, the feedbacks he was receiving before Baba was great. <br /><br />Since Nattukku Oru Nallavan (1991), the number of movies he acted in Tamil as a mass Hero in 11 years were only 11 exactly at the rate of 1 per year. All of these were a great hit. He was having a image that many thought could not be easily brought down. <br /><br />But after Padayappa (1999), he went into a state of Hibernation. His fans all over the world, especially in South India were ready to see movie of any kind with their superstar in action. So, the Tamil cinema industry decided to come with Baba. <br /><br />The movie makers thought that the fans will take whatever they show with Superstar in it. But this clearly did not work out in this movie. As usual, the hype from the media and the expectation from the fans were way beyond limit. <br /><br />Rajinikanth's image was totally damaged. The fans went nuts. The movie's collection did not meet the expected level. Reputation of great people went down. <br /><br />The only positive aspect about this movie was the songs by A.R.Rehman. Rehman is known to have composed good music for some worst movies like Tajmahal, Kadal Virus, Alli Arjuna, Paarthale Paravasam, Star, En Swasa Katre, Vandicholai Chinnarasu etc. Well, i never thought that this movie would join that league.<br /><br />You'l feel very much depressed not because the movie was bad, it'l be because of the superstar's image going down. It took him five full years to regain it fully back with two movies Chandramukhi and Sivaji and give fans back what they really look for in a superstar film.",negative
"This is an absolutely charming film, one of my favourite romantic comedies. It's extremely humorous and the cast is wonderful. Though Laurence Olivier is mostly associated with his Shakespearean work he shows in this film that he is by no means restricted to play only classical theatre. He manages the transition from the cynical divorce solicitor, who tries to avoid women and their traitorous ways, to the lovesick puppy that falls for Lady X played by Merle Oberon effortlessly. The dialogue is wonderfully witty and refreshing and the atmosphere enchanting. Ralph Richardson was a delight to watch as well. I highly recommend it.",positive
"What I enjoyed most in this film was the scenery of Corfu, being Greek I adore my country and I liked the flattering director's point of view. Based on a true story during the years when Greece was struggling to stand on her own two feet through war, Nazis and hardship. An Italian soldier and a Greek girl fall in love but the times are hard and they have a lot of sacrifices to make. Nicholas Cage looking great in a uniform gives a passionate account of this unfulfilled (in the beginning) love. I adored Christian Bale playing Mandras the heroine's husband-to-be, he looks very very good as a Greek, his personality matched the one of the Greek patriot! A true fighter in there, or what! One of the movies I would like to buy and keep it in my collection...for ever!",positive
"A female friend invited me to see this in the theaters.<br /><br />After half an hour we walked out, and went into the next multiplex (yeah, we broke the rules) in time to catch the beginning of Against All Odds.<br /><br />I remember too many apes dancing around saying, ""oog, oog."" Very little about the characters or introduction to the story captured either one of us or was even memorable. It just dragged to the point of being painfully boring (and believe me, any excuse was good enough to spend time with this particular friend).<br /><br />The production values were excellent, good photography and lighting, but this was a major studio release, and we came to see a movie, not an art gallery. It seemed like Ralph Richardson and Andie McDowell were going to be wasted in such a poorly written film.<br /><br />Perhaps if you make into the second hour, there is something worth seeing. I do not have so much patience with my time. 4 out of 10.",negative
"This show has been performed live around the country with a wide variety of casts. I saw it first in the Provincetown production the first summer it was in P-town (2001)--before it was, curiously enough, banned in that overwhelmingly gay resort (the codes which resulted in its closing have since been amended). I saw it again later in the off-Broadway, long-running production in New York. Oddly enough, the P-town production was far better than the New York one--fresher, cuter, more spirited and funnier--but that was only in the 2001 showing; subsequent attempts to clone the production (""Bare Naked Lads"" in 2007) were definitely third-rate. This filmed production features a Los Angelos production cast, and it is, as other comments have suggested, not the best. I would rate it somewhere in between the top-notch 2001 P-town production and the third-rate ""Bare Naked Lads"" P-town show from last summer.",negative
"Well, I fell for it. I saw the box for this at the video store, and mistook it for ""Girlfight"", which I'd heard was great. In my own defense, the titles are similar, and they re-did the cover art for the box so it looked almost identical. Anyway, to sum it up, they obviously re-did the whole cover packaging/promo to capitalize on the buzz/success of ""Girlfight"". I popped it in and got a bad feeling when they started showing trailers for low budget straight-to-video flicks, and even worse when a music video of the main song for the movie, which sounded like elevator music and featured corny slomo clips from the movie preceded the main feature. When I saw the first few minutes and Maria Conchita Alonso showed up, I knew I'd fallen for it. (don't get me wrong, she's a talented actress, but I knew she wasn't in ""Girlfight"", the movie I'd been under the false impression I was renting).<br /><br />So, apart from me feeling sort of cheated and mad at myself for not looking closer, the movie was OK. The plot involves Belle, a young Latino woman who is the daughter of an ex-champion boxer. One of her close friends is a female boxer, who--and I could see all this coming sooo far ahead of time it was really a drag--gets seriously injured during a match with a mean champ named ""The Terminator"", who resembles a female version of a bigger, more pumped up Ike Turner. Of course, Belle decides that the only thing to do is to become a boxer herself and avenge her friend. She lives with her caring, supportive yet protective Dad (her mother died of cancer when she was younger), who just happens to be a cop. Her love interest, also caring and supportive yet protective, is also a cop who works with her dad. Hmmm, they both have jobs that put their lives in danger in the line of duty...wonder what's gonna happen? She starts training and meets a sleazy manager who of course, pretends to care about her but just wants to exploit her. The actor they hired looks like a very low-rent Cary Eweles and is so young he barely manages to have a mustache. His acting was also really, really bad. I'm not even going to go into the plot any further because anyone who has seen Rocky, or almost anyone, knows exactly where this movie is going and how it will end.<br /><br />This was not a completely terrible movie. Most of the acting was OK, and the lead actress was very good. There were good, strong female Latino role models. The final fight scene did get me sort of interested, even though I knew everything that was going to happen long before it did. The actress that played ""The Terminator"" did a great job of being unlikeable enough that I really did want Belle to kick her a$$, and rooted for Belle-again, although there were absolutely no surprises. My favorite moment (maybe the only moment where I wasn't mad at myself for renting the movie by mistake) was when Belle slaps her sleazy manager after he's shown his true colors, yells at him, and then turns away only to suddenly fake a punch and watch him cringe back in fear, showing that she is really the one in charge.<br /><br />The dialogue was really, really bad, my main complaint. One of their attempts to be witty was someone discussing boxing saying ""size doesn't matter"" and the female replying wryly, ""now where have I heard that before?"" Other lines that are supposed to have dramatic impact are ""The doctors told me I may never walk again!"" ""Come on, you know you can trust me!"" and ""Your mother would have been so proud of you"". I could go on and on. Nothing you haven't heard a million times before in bad soap operas or movies-of-the-week. <br /><br />Maybe I'm being too mean-the filmmakers did make an effort, and I did sit through the whole thing voluntarily...but only because there was nothing else to watch while I worked out. You could do worse (especially if you are looking for a movie with strong female characters) but you could also do much, much better.",negative
"The only connection this movie has to horror is that it is horribly unentertaining. I would rather prick my finger with a rusty nail than have to sit through it again. Even for a TV movie it is flat. The cast is boring. The screenplay is as exciting as a bowl of sand. How two directors conspired to create such a nothing movie will remain one of the great mysteries of the 20th Century. There is only one scene even vaguely worthy of inclusion in the Omen franchise, and it is shot in slo-mo and cut short at the anticipated pay-off. If you are tempted to see this, pop it in, set your alarm clock for 90 minutes and get comfy. With any luck you'll doze off quickly, and the alarm will wake you once the worst is over. Namely, this movie.",negative
"Although this seems to be quite an old show (2002), I watched my first ever episode last night and I have to say it has to be the worst show . . . ever.<br /><br />I am not one for placing comments but I was so shocked that a show could exist that blatantly tries to pander to, and I am only assuming that this was their target audience, children under 12 years old or people with a less than average IQ.<br /><br />The episode I was subjected to last night contained so many disjointed story lines, tried to include EVERY possible plot summary imaginable and all the while trying to preach about friendship, family, religion and politics !!!.<br /><br />Basic story that they covered in the episode: Frat House hazing gone wrong wrong with too much alcohol - Death Turns out to be Senators son who wants FBI to investigate. Death is actually murder by peanut allergy Senator thinks it could be his sworn enemy and childhood best friend who did this because Senator was taking money for his votes for legislation but eventually got a conscience and said 'no' to mean mulit millionaire. Everybody a suspect but all have the usual alibi (ex-girlfriend student shagging a married teacher so had to lie, disgruntled student who was reported by victim actually had life changing experience, Senators enemy did not pay desperate student to kill sworn enemies son, he gives money freely to lots of broke students). All the while the heroine of this dribble has her niece staying who is 'at that age' and has a crush on a boy, who she eventually gets the courage to talk to with the assistance of her aunty, but only to dump him because the 'in' girls says he is not good enough and so to keep in with them she dumps him. Don't worry, she gets back with boy after she learns the truth about life and the 'in' girls drop her, Aunty also explains that God is the only one who truly she can rely on (I was almost sick at this point).<br /><br />This 'drama' gets even better when Sue and her FBI team find out who the killer is . . . your gonna laugh at this, i sure did . . . <br /><br />It is one of the Frat boys who only a year ago found out he was adopted and that his real dad is an International terrorist and he is trying to impressive real daddy by killing boy and planting bomb at funeral . . . . . . . <br /><br />The characters are cardboard the acting is cardboard the continuity is cardboard the story is cardboard Anybody who says that they love this show has cardboard for a brain<br /><br />Why the writers of this show have tried to pack in EVERY eventuality into the one show means that they obviously have no faith in the character development or actors capability to carry off a simple plot line. Watching this show is like watching 'Last Action Hero' with Arnie killing 5'000 people with a tooth pick, except Arnie is a better actor (wow, never thought there would be a day that i would say that !!)<br /><br />In the words of the Simpsons beloved character 'comic book guy' . . . . <br /><br />WORST TV SHOW . . . . . EVER.",negative
"This has to be one of my favourite flicks, unlike the weak 'Elvira's Haunted Hills'...anyway I love the way the movie is a goth/com 'Wizard of Oz' story...<br /><br />Elvira is a goth Dorothy who is stranded in an unfamiliar town after the death of a Good Witch (elviras Aunt Morgana)...she inherits a ""Ruby"" ring which is extremely powerful and sought after by the Bad Warlock (Her uncle)...She befriends four Characters whom she inadvertently helps grow throughout the movie all the while with a dog in tow. There is a show down with her uncle (the wicked witch of the West) where Elvira realises that she has the strength within her and ends up defeating him. In the end she gets sent off by the towns folk after winning over their hearts and finally gets to her destination Las Vegas (Dorothy's home in Kansas).<br /><br />There are many references made to the wizard of oz throughout the movie...she and her uncle both quote lines relevant to their parallel characters. Elvira: ""Youe must be aunt Em, and you must be uncle Remus....There's no place like home, there's no place like home!"" Bad uncle Vinny: ""I'll get you my pretty, and your little dog too!""<br /><br />There is a sign that Elvira passes when first on her road trip which mentions the state of Kansas.<br /><br />But aside from this, the fact that one of the sequences she ""ripped off, um...I mean was inspired by FlashDance"" is pure genius...and if you don't roll around laughing at her titty twirling at the end of her ""very 80's"" Las Vegas show then you haven't got a camp bone in your body...This movie is a Cult/Camp Classic",positive
"Surprisingly effective British drama about two very different people who find common ground, and in particular the ""flowering"" of one of them. An embittered, ""Spike""-type youth (McAvoy) with Deuchennes MD is placed in a home for the disabled and quickly makes friends with a youth (Robertson) with cerebral palsy. Robertson has never known anything outside of the home, but McAvoy has and he is bound and determined to get back into the real world. Together, they manage to do just that in this funny and heartwarming and often heartbreaking tale of inner strength overcoming physical shortcomings. The two leads are terrific, especially Robertson, who must surely have spent some time studying the disabled to pull off this tricky role. He appears in almost every scene, and acts up an absolute storm. To anyone who doesn't know, they might think he really has CB. Highly recommended.",positive
"Look,I'm reading and reading this comments and there's a lot of it that I wanna say but I will try to make it short but clean...<br /><br />First of all, lets forget all of the things how bad this movie was made...How it didn't show anything of Notorious and I agree with the most people here saying that it was ""Hollywood"", I mean, what did you expect a real life story? When will people wake up and see that u will never ever find the real truth about 2pac and Biggie... Its all covered up and buried deep down.<br /><br />Second, I'm not against neither 2pac or Biggie I love them both but 2pac and Lil Kim DID get embarrassed in this movie for sure...<br /><br />Next, for all of ya that are saying that the movie is awesome and cant see the truth, either u are too blind too see it because u think u know something about BIG or you don't know anything about him at all and u love this Hollywood teenage movies. Use your mind and see though the clouds... There is a lot of it you could say when it gets to this topic, I did not say 60% of what I have to say because its a very wide topic but for the movie I can only say that it could have been a little bit, I mean a much better done. But anyways I'm just some person giving her opinion....No hard feelings...<br /><br />Look, I love hip hop and I live for it but after seeing this movie every person with a little intelligence could see that this is not how someone is suppose to live. With all do respect for 2pac and BIG, like all the other artists who are making for a living like this should turn the other page because u are ruining the youth....Bringing the wrong message to the children and that is: not going to school but living from the streets, hustling and just grabbing for the paper....<br /><br />The true hip hop is suppose to be about love and intelligence, be smart and all.<br /><br />OK I know that many of you will think that I'm crazy, but this is just my point of view. Look I am maybe wrong about something and Im not saying this is a completely bad movie because even if I'm in hip hop for 17, 18 years I still don't know anything bout 2pac or Biggie no matter how many articles I read or how much I support them and listen to their music...Like most of you all out there. Only people who were really close to them and the killers know the truth behind all this.<br /><br />And for the end I just wanna say for all of ya Biggie and Tupac fans and family, this two men were and will be the greatest of all time, no matter how they lived their lives but PLEASE IN THE FUTURE TRY TO BE BETTER, LEARN AND LOVE EACH OTHER, THINK GOOD EVEN FOR THE ONES THAT Don't LIKE YOU, BECAUSE AT THE END...ITS NOT ABOUT HOW MANY MONEY OR FAME U COULD GET AND HOW FAST U COULD GET TO THE TOP, ITS ABOUT ACCOMPLISHING YOUR SELF TO THE FULLEST AND FEEDING YOUR SOUL, YOUR BODY AND MIND...BECAUSE IF U MANAGE TO DO THAT, YOU WILL BE LIVING A LIFE EVEN AFTER DEATH!!!! PEACE AND LOVE TO YA ALL!!!! RIP BIGGIE,2PAC,AALIYAH,LEFT EYE,JAM MASTER JAY AND THE OTHERS WHO MAKE A CHANGE IN THIS WORLD!!!!",negative
"What kind I say about this movie. well for starters, I thought that this film was okay, not the greatest not worst. I said this cause I thought that the script was great and original, really different and refreshing. Now I wouldn't say that it's the greatest film that I've seeing cause of the acting. The actors that played each role, seems that they played them without emotions, as if they took the life out of them. When the wife laughed or cried, this didn't look real to me for some reason, that's just an example, but sincerely all the characters didn't act real at all. I wish I could say more positive things about this film so you guys can see it at least once but how can I do that since I know that I'm not going to see this movie again. I rented this film from the library of my school, without hearing anything about the film itself or the director. I took a chance because the story that was describe on the back sounded really interesting and it really was.",positive
"The movie was actually not THAT bad, especially plot-wise, but the doughy (and hairy!) actor they chose for the leading role was a little chintzy in the acting department. I would have chosen someone else. The idea of ""going to America"" was very ingenious, and the main character questioning everything that he'd ever known made him somewhat likable, but not very much so when there's a pasty blob for a leading actor.<br /><br />The storyline was interesting. It brings about the question of how the subject of cloning will be handled in the future. Certainly cloning wouldn't be allowed for the purposes in the movie, but it's still a valid argument even for today. Clones ARE still people... right?<br /><br />The movie wasn't particularly special, but it still is a lot better than some of the cheese released during the 70s. Let us not forget the ""Giant Spider Invasion."" I give it a 4, since it didn't TOTALLY stink, but the MST3K version makes this movie a 10. (I still like Dr. Super Mario!) You'll like this movie, but it won't be your favorite.",negative
"This is another of Eastwood's many movies mixing intrigue, action, and a dollop of romance, along with ""The Gauntlet,"" ""Firefox,"" and so forth. Clint's acting range by now is pretty familiar. In this one, he's taciturn and a bit outrageous, especially with women and superiors. There are no surprises in his performance. But the film itself is something of a surprise; it's above average. <br /><br />Clint is Frank, a Secret Service agent who, perhaps in a moment of doubt, failed to catch the bullet that killed JFK. He then took to drink, which drove his family away, and now plods along in the bureaucracy until he is contacted by John Malkovitch, calling himself ""Booth,"" who strikes up a sort of skewed relationship with him based on their shared, disillusioned conviction that everything is meaningless except the impulse to escape dreariness and predictability. Now, this is rather an anfractuous set of attitudes for a performer like Clint to project, but he does rather well, less robotic than usual. And he does seem to carry around with him, like a burden of stone, the memory of that moment in Dallas. He's tested again halfway through this movie. He is hanging from the roof of a tall building, grasping Booth's hand, and he pulls his pistol and points it at Booth, who asks him if he is really willing to shoot. If he does, of course, he saves the president from an attempted assassination by a CIA-trained murderer, but he does so at the cost of his own life. Booth twits him about the situation as they hold hands in midair. And Clint even has a short speech, talking to Renee Russo, about his failure to save the president in Dallas. ""If I'd have reacted quickly enough, I could have taken that shot . . . and that would have been alright with me."" It's underplayed, but his voice chokes slightly, his eyes water, and his lip trembles. It's one of the few scenes in any of Clint's films that might properly be called ""moving."" We know from his newfound resolve that given another chance he would take the bullet this time. (The irony is that he doesn't like the current president. Who could? He gives pompous speeches in Colorado about how they ""carved a nation out of the wilderness."" Didn't they do the same thing in Las Vegas?)<br /><br />It's often said that a movie is only as good as its villain. It isn't true, nothing is that simple, but an argument could be made for its truth value in this case. The reptilian John Malkovitch with his Tartar eyes is marvelous.<br /><br />Talk about disillusioned. Okay, he can ham it up a little, sniffing with disdain even as he plugs two innocent hunters between the eyes, but he's fascinating on the screen. Renee Russo has little do to. Fred Thompson, as the chief White House aid, is now back in politics, a relief for movie-goers. If Clint's acting range is limited, Thompson's is something less. In every film he's been in, he wears the same solemn and dissatisfied expression, as if constantly plagued by some form of volcanic digestive disorder.<br /><br />The direction by Wolfgang Peterson is as good as it was in ""Das Boot,"" which is pretty good. There is a great deal of the usual suspenseful cross-cutting in the final shootout. And when Clint and Russo fall into an impassioned embrace in her hotel room and scuttle backwards towards the bed like two weasels in heat, Peterson playfully shows us their feet along with a succession of objects dropping to the floor -- not only the usual garments but handcuffs, guns, beepers, palm pilots, Dick Tracy wrist watches and other impedimenta. Interrupted, Clint lies back on the bed and sighs, ""Now I have to put all that stuff back on again.""<br /><br />Well written and worth watching.",positive
"This ranks way up there on my top list of worst movies I've seen so far on Starz on Demand. They seem to pick up every straight to DVD crap-fest they can find and put it on here.<br /><br />Why? Who knows! Apparently anyone with a digital camera and a shoestring budget can come up with a horror movie and get it put on TV. To be honest, this looked terrible from the moment I saw the trailer--but I did give it a real chance.<br /><br />I always try to have an open mind about low-budget movies. Some of the best movies I've ever seen were films that worked around their low budget or in other cases only required that low budget to be great.<br /><br />This is not one of those movies.<br /><br />You know the plot by now, I'm sure, if you're reading this. Either you heard about it on Starz on Demand or for whatever reason you ended up on this page out of boredom. It's about a pathetic and whiny girl we get to know for all of 3 minutes in an incredibly bad ""heavy metal"" music video. Whoever put it together must have thought it looked really interesting, but it really, really doesn't. Anyway, she kills herself. Then she possesses someone. Then some killing starts. It's really unmemorable and as completely average and boring as possible. When the first gunshot goes off in her apartment it quite seriously sounds like a piece of popcorn popping. Was that the best sound effect they could come up with? I could find a better sound effect to use for free, (with no copyright,) on the internet... right. now.<br /><br />Don't let the other reviews claiming this is a 10 star movie fool you. They are obviously either distributors of the film or maybe even the director trying to con you into thinking this piece of junk is worth buying.<br /><br />Laughable.",negative
"Just the kind of movie I love. Some very good British actors as well as the one and only Sharon Stone. Catherine Tramell (Stone) masterfully manipulates a well educated group of people's lives, playing on their frailties to collect experiences to write a murder mystery book. She plays the female psychopath quite well while using her ample sex appeal to convincingly portray what could be considered one of the ultimate Black Widows. Tramell is use to dark places within society and freely partakes in sadomasochistic flings in the 'never visit after dark' side of town. From the beginning, there is nothing short of an R rating here from the dialog alone. Stone could also be described as a sort of female Hannibal Lecter, an emotionless femme fatal without the meal plan.",positive
"""Inuyasha "" was awful . This show was incredibly over -hyped but this is nothing but a tedious bunch of anime clichés. The characters are annoying and lifeless ,the story line is boring and endless .I think that it could have be something interesting if it have a better writing, but it seems that the writers of the show have more intentions in show Inuyasha and his stupid friends fighting with some monsters and then crying for his tragic love triangle with Kikyou and Kagome and a lot of circles around the same thing again and again . The script is cheesy and dumb and the animation is poor .The character design it 's very ugly ,I don't know why everyone love it ,all have the same face ! : Big eyes , tiny noses , a line as the mouth and the typical anime haircuts . I find ""Inuyasha "" incredibly boring and dumb . This have to be one of the most over -rated animated shows ever made .",negative
"Now i have seen two movies by the director Chen Kaige, a very good one (Farewell my concubine), and this bad one, The Assassin. Both movies depict crucial events in chinese history, FMC in the 20th century and TA the first unification of the whole chinese nation in the 3rd century bc. FMC succeds with memorable characters, gorgeous cinematography, convincing sets, good acting and an interesting story. The Assassin fails on nearly every level (okay, the sets are great, the cinematography is good, and the few battle scenes are quite exciting). But...the pathos. Call me a cynic, but too much is too much. If you felt that Saving Private Ryan was too pathetic, be aware, this here will make you sick. The dialogue is lifeless, many lines seem like political statements, subtle or entertaining is this pic not. The film is overpowered by its own pompousness. I am really surprised that The Assassin gets such high votes here on imdb. 4/10",negative
"This is the best movie I've ever seen! <br /><br />Maybe it's because I live just a few miles from the village were the story take place, and I know how things work out in this area in Sweden. The movie tells the truth, believe me! It both criticizes and honors the lifestyle of Dalarna, and the producer wants people who watch the movie to be more opened minded and care more for your closest friends and relatives.<br /><br />But if you live in another small village anywhere in Sweden (or another country) you will probably also recognize much from this movie.<br /><br />Thank you Maria Blom!",positive
"This movie was like a bad indie with A-list talent. The plot was silly, all the way to the end. It reminded me very much of something churned out for the home video market in the 1980's. I would have given it a one, but there were brief moments when you could see the actors really really straining to make this worthwhile. I think the worst thing was the underwater scene's held off of the dock. The underwater lighting seemed to come from no were, and whenever someone we were supposed to care about was close to running out of air, this air tank would kind of appear. I would avoid this, unless there is nothing else on the shelf. Good Day.",negative
"John Carpenter shows how much he loves the 1951 original by giving it the utmost respect that he possibly could, the only difference here is that Carpenter chooses to stick to the paranoiac core of John W Campbell Jr's short story. The secret to this version's success is the unbearable tension that builds up as the group of men become suspicious of each other, the strain of literally waiting to be taken over takes a fearful hold. Carpenter manages to deliver the shocks as well as the mystery needed to keep the film heading in the right direction. Be it an horrific scene or a ""what is in the shadow"" sequence, the film to me is a perfect fusion of horror and sci-fi. The dialogue is spot on for a group of men trying to keep it together under duress, and Carpenter's score is a wonderful eerie pulse beat that further racks up the sense of doom and paranoia seaming thru the film. The cast are superb, a solid assembly of actors led by Carpenter fave Kurt Russell, whilst the effects used give the right amount of impact needed. But most of all it's the ending that is the crowning glory, an ending that doesn't pander to the norm and is incredibly fitting for what has gone on before it, lets wait and see what happens indeed, 10/10.",positive
"Red Skelton was still another major star who made the transition from movies to television with ease.<br /><br />His shows certainly brought a laughter to the American households of years back.<br /><br />He would begin the show with an opening monologue. Afterwards, we would have a variety of characters. Remember Gertrude and Heathcliff in the monologue? How can we ever forget San Fernando Red? I remember one episode where as a king Red introduced his queen by referring to her as your fatness.<br /><br />Go know that Red would use his comedic talents to really hide from his tragic life. He lost a son to leukemia at age 11 or so. His wife, Georgia, died by suicide.",positive
"We now travel to a parallel universe where the appearance of giant prehistoric monsters flattening cities are part of the daily routine. It's the world of Godzilla, Rodan, Mothra Ghidrah and their kind - a strange world, and one made even stranger by the appearance of an unidentified flying turtle called Gamera.<br /><br />Forever in the shadow of the monolithic Toho Studios, second rung Daiei Studios were more famous for samurai sagas than monster movies. In the mid 60s they decided to join the giant reptile race and designed a rival monster series to Toho's mammothly successful Godzilla. They wisely chose Gamera as their flagship - a giant turtle that shoots flames from between its snaggle-teeth, and spins through the air by shooting flames through its shell's feet-holes (and at one point you almost see the paper mache shell catch fire!).<br /><br />The first Gamera film ""Gamera The Invincible"" (as it was sold to the US) is a virtual mirror of the first Godzilla film, only 10 years behind. American fighters chase an unmarked plane over the Arctic to its fiery demise - the nuclear bomb on board ignites and awakens the giant Gamera from its icy slumber. Feeding off atomic energy, it immediately goes on a rampage, and the world wants to destroy Gamera once and for all, but a little Japanese boy named Kenny, who has a psychic connection with the giant turtle and even keeps a miniature version in an aquarium by his bedside, believes Gamera is essentially kind and benevolent. He's like a little Jewish kid with a pinup of Hitler. ""Gamera is a GOOD turtle,"" he pleads, then sulks, and puts on a face like someone's pooped in his coco pops. Miraculously the world's leaders listen to him, and so begins Z-Plan to save the world AND Gamera from complete destruction.<br /><br />Released in 1965, Gamera was a surprising hit. The annoying infantile anthropomorphism actually worked on kiddie audiences in both Japan and the US, and the sight of Gamera on two feet stomping miniatures of Tokyo and the North Pole is gloriously chintzy. Most surprising of all is the longevity of the series: eight original Gamera films, plus a slew of recent remakes. Not bad for a mutant reptile whose only friend is mewing eight year old milquetoast - and if I hear ""Gamera is friends to ALL children"" one more time I'M going to crush Tokyo. Which appears to be an easy task in the parallel universe where children are smart and turtles are bigger than a Seiko billboard in the 1965 turtle-fest Gamera.",negative
"""The Planet"" is an astounding piece of film making. For a mere £8000 Stirton Production have turned out one of the most original sci-fi films for a long time.<br /><br />Starring the physically intimidating Mike Mitchell, the film is a mix of great special effects, strong storytelling and well planned action. From the opening space battle, to the pounding finale, everything about this film appears well above it's budget.<br /><br />To start with the special effects, while certainly not ""Revenge Of The Sith"" standard, they are on level, if not above, the likes of Babylon 5 and Farscape. And for a snip of a price as well. The detail and the movement is superb, and captures the imagination from the off. The design of everything, ships, weapons, entities is second to none. The imagination and creativity involved is a real surprise for a film of this budget.<br /><br />Another surprise was the strength of the story, and the arc it takes. There are a few twists and turn, most of which are well written into the script, surprising and well played out. I was surprised that, two years in the making and first imagined 15 years ago, how relevant some aspects of the story are to today's society. With the happenings around the world, there may be a certain resonance with the lengths the mercenaries are forced to go to in order to survive.<br /><br />Even the sounds effects are spot on, as is the atmospheric music. The use of light and costume add further to the professional look. Balmedie Beach in Aberdeen looks a desolate and lonely place.<br /><br />In all honesty this film looks 10, if not 100, times the budget spent, and that's testament to a creative, hard working team of people, from the director, to the cast, to the effects via the producer and sound team. Wonderful effort, I recommend you get your hand on a copy ASAP",positive
"First off, I'd like to say that the user comments alone left me with tears in my eyes from laughing. One comment that bad SF movies become good comedies is right on the mark. MST3000 made it's living off that.<br /><br />If you look at THE ANGRY RED PLANET as the fever dream of a 10 year old comic book reader from 1959, you'll have the handle on this sucker. All the elements are there: the pseudoscience, occasionally logical, more often hilariously infantile. The adolescent boy attitude toward sex, with the ""gigolo"" captain (good call on that one, guys!) making eyes at the buxom ""scientist"" with hair so red it's a wonder it doesn't set off the fire alarms. The ridiculous conception of Mars as a planet so alien that everything glows red, yet one alien monster has a mouse face, and the blob alien has an eye that rotates like a kid's toy. The comic relief, an overweight astronaut (!) who sounds like he never finished the 8th grade in Brooklyn and has a psychotic fixation on his ray gun. And of course, the mere fact that alien = dangerously evil. If these people had met E.T., they would have roasted him in two seconds flat! ""OW"" indeed!<br /><br />Don't get me wrong. I rated this movie low. Still, it's never boring (except when the scientist tries to explain everything - only to make it all sound more and more ridiculous), and you have to admit, in your little kid core, it makes you jump a few times. <br /><br />Okay, then don't admit it. I guess you were never 10.",negative
"Blind Date (Columbia Pictures, 1934), was a decent film, but I have a few issues with this film. First of all, I don't fault the actors in this film at all, but more or less, I have a problem with the script. Also, I understand that this film was made in the 1930's and people were looking to escape reality, but the script made Ann Sothern's character look weak. She kept going back and forth between suitors and I felt as though she should have stayed with Paul Kelly's character in the end. He truly did care about her and her family and would have done anything for her and he did by giving her up in the end to fickle Neil Hamilton who in my opinion was only out for a good time. Paul Kelly's character, although a workaholic was a man of integrity and truly loved Kitty (Ann Sothern) as opposed to Neil Hamilton, while he did like her a lot, I didn't see the depth of love that he had for her character. The production values were great, but the script could have used a little work.",negative
"remember back when this movie was made by robert downey senior. a very good entertaining black awareness feature, which, was an underground hit in california-los angeles, and new york at the time. a hippy loved classic where, changes which occur in the business world are striking, refreshing and interesting comedy.non compliant, not like basic society at the time of 1969 now watched, is still very good,but today's life in america totally diferent from 69. good for the baby boomers.",positive
"The tourist season has just ended on a remote island off the coast of Scotland, winter is beginning to set in and the inhabitants, both humans and sheep alike are settling down to much quieter times ahead. Michael Gaffikin (James Warwick) a former paratrooper in the British Army, is the local dentist, he's not an islander by birth and as such his relationship with local artist and cartographer Fiona Patterson (Celia Imrie) is always being viewed with a little suspicion, not maliciously, but just out of the protective instincts the tight knit community have for their kin. The islands serenity is broken when Gaffikin out for a solitary round of golf finds the headless remains of a brutally slain woman. He immediately reports his gruesome find to Insp Inskip(Maurice Roëves) at the islands police station, Inskip arranges for delivery of the remains to local GP, Dr Goudry, for closer inspection. A quick search for the killer proves fruitless, as does a search for a missing local woman. Over dinner that night with Michael Gaffikin, Fiona realises that the dead woman might be Sheila Anderson, a woman from the mainland, who lives on the island through the winter months. A quick search at her home Dove Cottage reveals the missing remains of her body, her home proving to be the murder scene, but why did the killer drag her torso over a mile into the woods? Suspicion immediately falls on the one stranger left on the island, one Colonel Howard (Jonathan Newth)who also happened be the last person to see her alive as they came across on the last ferry together.<br /><br />Goudry asks Gaffikin for some dental expertise on the victims body, it reveals that she had been torn apart my somebody or something with great strength, one set of teeth marks on the body seem to point at a human killer, another points to that of an unknown animal of some kind. A sheep is found mutilated and then a Canadian ornithologist is found slain. With a heavy fog rolling in, the island is cut off from the mainland and any possibility of help, the radio also doesn't work, seemingly being blocked and the phone lines have been cut. Reports of UFO's and the sighting of a camouflaged soldier are compounded by the finding of an odd looking craft hidden behind rocks on the beach. Inskip is confused and refuses to listen to anything but the facts and laughs off Gaffikin's idea that aliens might be involved, but a rise in radioactive levels on the island, has him doubting himself.<br /><br />The Nightmare Man is based on the novel, Child of the Vodyanoi by David Wiltshire, it is here adapted by Dr Who and Blake's 7 scriptwriter Robert Holmes and directed by Douglas Camfield who also had directing experience on both Sci/Fi classics and the film benefits from having such experienced genre experts on board. The Nightmare Man though is on the whole, a succinctly better crafted piece, that builds its plot alongside solid character development, even down to the minor characters, time is given to giving them all a firm background. The island setting is perhaps a genre cliché that has been used over and over, but its one that I enjoy very much, the remoteness, the sense of being under siege with no way out always add to the atmosphere and here it is given an extra oomph by having an impenetrable fog close in to hamper all efforts. In many genre efforts of this kind it is very easy for proceedings to get silly and for the plot to resort to melodrama, but credit to Camfield, he holds it all together with the emphasis being on believability at all times. There is an authenticity about proceedings, the characters even speaking Gaelic at times to further this point. If there is one negative about the killer its that, we are given his/her/its POV for the killings, an acceptable cliché on its own, but when seen through a red filter and a fish eye lens, it just screams of overkill and dates the film just a little. Still though you will be hard pressed to guess the outcome or the identity or for that matter the species of the killer, given the clues presented, but it's a fun and very well acted piece. The local Scottish cast are exceptional, the local bobbies Roeves and Cosmo in particular spar well off each other and are a delight to behold. Imrie, never one i've taken to in other works, is also pretty good and displays hew womanly physique as if she were in a Hammer production. The outlandish, maybe even preposterous ending may irk some viewers, it disappointed me in some ways, but taking into account when it was made, its an understandable and acceptable addendum that if you think about it, is even more terrifying.",positive
"A spoiler.<br /><br />What three words can guarantee you a terrible film? Cheap Canadian Production. THE BRAIN fits those words perfectly. Terrible script, idiotic acting and hilarious special effects make this a must for every BAD movie fan. The horror is hilarious. The post production team looks like it gave up. What makes THE BRAIN admirable is in the second half, it actually tries to be good! Can a bit of ingenuity and consistency save what is already a joke?<br /><br />It's around Christmas time. A mother and daughter are murdered by one of the funniest looking villains ever. The day later, a rebel teen gets into enough trouble that he is sent for a psychiatric analysis.<br /><br />If a cop 's head is chopped off and a stranger with blood on him and a bloody axe told you some kids did it, who would you believe? What begins as funny turns dull and tiring toward the end when THE BRAIN tries to be serious. A child cannot be frightened by the scary moments. THE BRAIN is too funny a concept to try and be gritty. The Psychological Research Institute is larger than major manufacturing plants! Our ugly villain and its cohorts get credit for pulling some of the worst acting I have seen. Viewer discretion advised heavily.",negative
"This movie is NOT the same as the 1954 version with Judy Garland and James Mason, and that is a shame because the 1954 version is, in my opinion, much better. I am not denying Barbra Streisand's talent at all. She is a good actress and brilliant singer. I am not acquainted with Kris Kristofferson's other work and therefore I can't pass judgment on it. However, this movie leaves much to be desired. It is paced slowly, it has gratuitous nudity and foul language, and can be very difficult to sit through.<br /><br />However, I am not a big fan of rock music, so it's only natural that I would like the Judy Garland version better. See the 1976 film with Barbra and Kris, and judge for yourself.",negative
"I am a MAJOR fan of the horror genre! I LOVE horror/slasher/gore flicks of all kinds. Some of my favorites are the really ""good"" bad horror flicks. But this movies has NOTHING to warrant it's viewing!! I'm not going to spend a lot of time talking about everything that's wrong with it.<br /><br />The script is horrid. The acting is horrid. The FX are not even worth discussing. The ""set"" is an absolute JOKE!! The sad thing is I think there MAY be some real potential in a couple of the actors, but this vehicle left them NOTHING to work with!!!<br /><br />Suffice it to say I saw it for ""free"" & feel I was robbed!! The time you'd WASTE watching this would be better spent flossing your cat.",negative
"Michael Dudikoff stars as Joe Armstrong a martial artist who fights ninjas who are stealing weapons from the U.S Army, in this entertaining yet admittedly brainless martial arts actioner, which is hampered by too many long pauses without action, but helped by some high energy action setpieces as well as Steve James' performance.",negative
"This film offers you a fascinating trip through one of the most exiting cities of today - Istanbul - and its musicians. Do not expect a compilation of Turkish folklore or anything like that. Alexander Hacke, a German musician and member of the cult band ""Einstürzende Neubauten"" travels to Istanbul to get to know the music scene. His sparse voice overs of what he experiences are a guiding line through the film. But mainly German-Turkish director Faith Akin lets various artists from Istanbul do the talking - and of course their music. <br /><br />You meet a variety of personalities, big stars and street musicians, young and old, people playing many different musical styles. But this movie does not only introduce you to the sound of Istanbul. It also draws a compelling picture of Istanbul today and how Turkey has forged ahead in the last decade. The film characterises its protagonists with subtle humour, but never without respect. All of them share a passion for music and the belief in its power. <br /><br />Akin again shows his talent to portray diversity lightheartedly when he brings you close to completely different musical scenes. After his award winning feature film ""Gegen die Wand"" (Head on) Faith Akin proves with ""Crossing the Bridge"" that he is equally able to touch, entertain and guide his audience in a documentary. If you have never been in Istanbul, you will want to go there after having seen the film.",positive
"Renee Zellweger is radiant, but the rest of this movie just does not work. It's like a hamburger-jello-mold salad--interesting idea, but who ever thought it would actually work on film? I like director LaBute's two previous films--they were mercilessly honest and chillingly funny. This film manages only to be merciless and chilling--with jumbo dollops of the cutes. (As high concept, think: the Doris Day-Rock Hudson movie Sam Peckinpah might have made--now reduce your expectations to match the present, mass-produced state of Hollywood.) That actors as talented as Freeman, Kinnear, Eckhart, Vince, and Janney ALMOST make their scenes come alive is a testament to the immensity of their talents to rise above material that just does not cohere. I would have found Freeman's corny, feel-good-about-yourself speech at the end of the movie funny (in a Lynchean way) if it weren't for the nagging suspicion that this unconvincingly tacked-on moral is meant to be accepted seriously.",negative
"This is, without a doubt, the most hilarious movie I've ever seen. Seriously, if the makers of this movie are ever discovered, they'll put guys like Jim Carrey out of a job. Rent ""Jack-O"" tonight! Believe me, you won't regret it!",negative
"This movie follows in the tracks of The Riddle for an all star British cast in a downright awful movie! Poor cgi effects, poor editing, poor direction, a cast that i hope were well paid as this will be a nail in many a careers coffin.<br /><br />Nigel Planer should've donned his Neil wig once more & gone out with a laugh at least!<br /><br />It was like a particularly long & drawn out episode of ""Torchwood"" but without the camp fake Canadian doctor fella...it had the same overly dramatic music though, perpetually repeated, in a vain attempt to drum up some tension.<br /><br />Oh the humanity!",negative
"It's possible to have a good time with this film while, at the same time, regretting all that it isn't. In the 1980s, a raffish U.S. congressman (Tom Hanks) engineers support for Afghan partisans resisting the Soviet Union.<br /><br />Hanks is in breezy, hail-fellow-well-met form as roguish, politically incorrect Charlie Wilson, first glimpsed sharing a hot tub with three deeply available looking women. If only the film had the same air of insouciance; but apart from Philip Seymour Hoffman's turn as a cynical CIA agent, it tries to be perceived as patriotic too. Aaron Sorkin's trademark staccato dialogue serves its purpose, but the story is no more plausible than one of Wilson's tall tales. And there's an oddly unspoken subtext: Wilson's Afghan pals later mutated into the Taliban and other anti-western groups, leaving the world worse off than it was when these events occurred.",positive
"This film tried to be too many things all at once: stinging political satire, Hollywood blockbuster, sappy romantic comedy, family values promo... the list goes on and on. It failed miserably at all of them, but there was enough interest to keep me from turning it off until the end.<br /><br />Although I appreciate the spirit behind WAR, INC., it depresses me to see such a clumsy effort, especially when it will be taken by its targets to reflect the lack of the existence of a serious critique, rather than simply the poor writing, direction, and production of this particular film.<br /><br />There is a critique to be made about the corporatization of war. But poking fun at it in this way diminishes the true atrocity of what is happening. Reminds me a bit of THREE KINGS, which similarly trivializes a genuine cause for concern.",negative
"I've just seen The Saint Strikes Back for the first time and found it quite good. This was George Sanders's first appearance as the Saint, where he replaces Louis Hayward.<br /><br />In this one, the Saint is sent to San Francisco to investigate a shooting at a night club. With the help of his acquaintance Inspector Fernack who has come down from New York, they help a daughter of a crime boss.<br /><br />Joining Sanders in the cast are Wendy Barrie and Jonathan Hale.<br /><br />Not a bad Saint movie. Worth seeing.<br /><br />Rating: 3 stars out of 5.",positive
"I'm a Belgian and grew up in the sixties. Most of the US series were shown over here (original language with subtitles) and Batman was one of the first I was keen on. Unfortunately over here it caused a ""panic hysteria"" amongst the mothers because Batman was considered as too violent. Geez, compare the innocence of that series to the crap kids get to see nowadays. So because of my the over-protective mothers from the 60s I only got a chance to see maybe two or three episodes ! I got so frustrated I started to collect the comics and bubblegum cards (still got them !) to compensate. I even got the View Master slides... I had an urge to see the caped crusader. All kids need some kind of hero.<br /><br />Years later I finally got the chance to see the re-runs as an adolescent and I enjoyed it tremendously. The tongue-in-cheek acting would have escaped me when I would've watched it as a kid, but I understood it at the age of 17. Yeah, I've watched them all now and the occasional kind soul on the internet posts episodes because they haven't released the series on DVD (to my knowledge)<br /><br />This evening I enjoyed ""Return to the bat cave""... it was a delight to watch because it was full of trivia and inside-jokes. To see Adam and Burt was a delight and this TV movie is simply fantastic in every aspect. They play themselves as they played their parts in the series.<br /><br />Congratulations to the people who produced this great nostalgic ""feast""... I'm gonna watch it again. My advice to all Batman fans is: SEE IT !!! Rent it !!! Lend it from a friend !!! Buy it !!! I'd never expect myself to rate this as 9/10... Very well done !",positive
"This has to be the ultimate chick flick ever. We taped it off the T.V. years ago and I've watched it about 30 times over the years. I hadn't seen it for about 12 years and just recently watched this movie. I'm not lying, I cried from the opening credits to the ending credits. This movie truly tears your heart out, even if you don't have children.",positive
"Happy Go Lovely is a waste of everybody's time and talent including the audience. The lightness of the old-hat mistaken identity and faux scandal plot lines is eminently forgivable. Very few people watched these movies for their plots. But, they usually had some interesting minor characters involved in subplots -- not here. They usually had interesting choreography and breathtaking dancing and catchy songs. Not Happy Go Lovely. And Vera-Ellen as the female lead played the whole movie as a second banana looking desperately for a star to play off it -- and instead she was called upon to carry the movie, and couldn't do it. The Scottish locale was wasted. Usually automatically ubiquitous droll Scottish whimsy is absent. The photography was pedestrian. The musical numbers were pedestrian. Cesar Romero gives his usual professional performance, chewing up the scenery since no one else was doing his part, in the type of producer role essayed frequently by Walter Abel and Adolph Menjou. David Niven is just fine, and no one could do David Niven like David Niven. At the end of the day, if you adore Niven as I do, it's reason enough to waste 90 minutes on Happy Go Lovely. If not, skip it.",negative
"Syriana swept the critics upon release and everything seemed to be raving about it. I suppose it's one of those films that is intensely intelligent...so intelligent that I think you need to be well versed in the oil industry and a politically brilliant mind. I don't consider myself unintelligent, I've been studying politics since my early teens and I enjoy an intelligent film but for the most part unless it's a documentary films are meant to be primarily entertaining as well as have a message. Syriana tried to be strictly intelligent and it does turn some people away. I would even go so far as to say that those who rave about it and insist it's a 10/10 are lying because they think they look better. This film was the most confusing, senseless, mindless dribble I have seen in awhile...Especially considering the critical acclaim, the Oscar nods, and the cast. Screenplay writer Stephen Gaghan has disappointed me yet again. His horribly written Havoc preceded this film and I think he's just trying way too hard. I can't believe he was offered the opportunity to write the Da Vinci Code screenplay. On top of that Gaghan directed the film which made it an absolute mess. I had no idea who anyone was, why things were happening, who was who and what was what. It was a disaster.<br /><br />Because I don't really know who anyone was I can only mention the actors and what I thought of their performances because despite the horrendously complicated script the actors did alright. George Clooney plays C.I.A. field agent and assassin I think?? Bob Barnes. Clooney has never been a favorite of mine but lately he's managed to churn out some decent performances and this seemed to be a pretty good performance on his part. Barnes was a complex character with a sordid history and if I knew what was going on with him I would have really enjoyed his character. Matt Damon plays Bryan Woodman and he is rather bland and always looks like a deer in the headlights which I can understand his confusion after reading this script and then trying to perform it. Amanda Peet plays his wife and she does well in the few scenes she is given. Christopher Plummer makes a cameo appearance as someone doing something. I like Plummer and love seeing him show up even if he doesn't get top billing anymore.<br /><br />The cast is intense if only the story made sense. I'd like to exact quote the description of plot on IMDb. ""A missile disappears in Iran, but the CIA has other problems: the heir to an Emirate gives an oil contract to China, cutting out a US company that promptly fires its immigrant workers and merges with a small firm that has landed a Kazakhstani oil contract. The Department of Justice suspects bribery, and the oil company's law firm finds a scapegoat. The CIA also needs one when its plot to kill the Emir-apparent fails. Agent Bob Barnes, the fall guy, sorts out the double cross. An American economist parlays the death of his son into a contract to advise the sheik the CIA wants dead. The jobless Pakistanis join a fundamentalist group. All roads start and end in the oil fields."" WHAT!?!? Say who now?? Syriana might be the thinking man's movie but it bored me to tears and no matter how hard I tried to stay with it I eventually surrendered and turned it off after an hour and a half and you couldn't have bribed me enough to get me to finish it. I suppose if you want to form an opinion than by all means watch it but I promise you someone looking for entertainment or an enjoyable film will be asleep in the first half hour. 1/10",negative
"I watched Pola X because Scott Walker composed the film score and I admire his music a lot. Frankly, I expected a somewhat pretentious and possibly incoherent French movie. I was wrong. The vision of the film quickly managed to engage my attention to the fullest - starting with the opening sequence, which shows black and white footage of military airplanes throwing bombs at graves at the sounds of music and Scott Walker's beautiful wailing voice. The film explores the identity crisis of Pierre (Guillaume Depardieu - a brilliant choice for the role) and his consequential (self-)destruction. The story is divided into two parts  the first depicts Pierre's carefree life in a beautiful house in the French countryside and the second follows his utter personal disintegration after he abandons everything and moves to Paris to live in squalor with his supposed half-sister. Both parts contain some amazingly stunning photography  the first very colorful and bright, the second utterly gloomy and nearly apocalyptic - adding up to a true aesthetic feast. Pola X is a fascinating and quite unique movie experience.",positive
"This film plays in the 60s and is about an Italian family: Romano, his wife Rosa and their two children Gigi and Giancarlo emigrate from Solino in Italy to Duisburg in the Ruhr area. I like this film, because I think it is quite realistic: it shows problems which many foreign families have when they come to another country: they have to get used to a new culture, a new environment and this can be difficult: especially if you don't know the language.... It is difficult for the family but they find a way: they open a restaurant which offers typical Italian food, and it is named ""Solino"", like their hometown. The film also shows different conflicts - Gigi and Giancarlo fall in love with the same girl, and although Rosa has to work very hard, Romano refuses to pay money to engage more workers, etc. etc. But stop, I don't want to tell you how it goes on. You should watch the film yourself, it's a nice one - I have also made a Referat about it and examined scenes which show different cultural attitudes. And there are a few...",positive
