Date Time,p (mbar),T (degC),Tdew (degC),rh (%),VPmax (mbar),VPact (mbar),VPdef (mbar),sh (g/kg),H2OC (mmol/mol),rho (g/m**3),wv (m/s),max. wv (m/s),wd (deg)
17.10.2015 20:00:00,992.31,6.55,5.79,94.9,9.72,9.22,0.5,5.8,9.3,1231.52,0.61,0.96,210.0
17.10.2015 21:00:00,992.52,6.47,5.83,95.7,9.67,9.25,0.42,5.82,9.32,1232.12,0.75,1.08,357.7
17.10.2015 22:00:00,992.57,6.39,5.82,96.1,9.62,9.24,0.38,5.81,9.31,1232.53,0.66,0.9,220.4
17.10.2015 23:00:00,992.35,6.43,5.93,96.6,9.64,9.32,0.33,5.86,9.39,1232.03,0.31,0.68,112.0
18.10.2015 00:00:00,992.24,6.15,5.7,96.9,9.46,9.16,0.29,5.76,9.24,1233.21,0.76,1.06,243.5
18.10.2015 01:00:00,992.31,6.26,5.49,94.8,9.53,9.03,0.5,5.68,9.1,1232.9,0.39,0.76,357.4
18.10.2015 02:00:00,992.17,6.08,5.13,93.6,9.41,8.81,0.6,5.54,8.88,1233.62,0.52,1.16,276.6
18.10.2015 03:00:00,991.93,5.86,4.97,94.0,9.27,8.71,0.56,5.48,8.78,1234.34,0.69,0.96,245.8
18.10.2015 04:00:00,991.68,5.87,5.0,94.1,9.28,8.73,0.55,5.49,8.8,1233.95,0.41,0.84,267.0
18.10.2015 05:00:00,991.7,5.9,4.98,93.8,9.29,8.72,0.58,5.49,8.79,1233.87,0.67,1.0,222.7
18.10.2015 06:00:00,991.69,5.83,4.89,93.7,9.25,8.66,0.58,5.45,8.74,1234.21,1.16,1.36,236.9
18.10.2015 07:00:00,991.96,5.93,5.08,94.3,9.31,8.78,0.53,5.52,8.85,1234.04,0.58,1.0,160.8
18.10.2015 08:00:00,992.05,6.04,5.28,94.8,9.39,8.9,0.49,5.6,8.97,1233.58,1.01,1.48,236.1
18.10.2015 09:00:00,992.2,6.22,5.46,94.9,9.5,9.01,0.48,5.67,9.09,1232.95,1.4,2.0,143.3
18.10.2015 10:00:00,992.47,6.83,5.29,89.9,9.91,8.91,1.0,5.6,8.98,1230.63,0.53,1.2,33.21
18.10.2015 11:00:00,992.56,7.12,5.26,87.9,10.11,8.89,1.22,5.59,8.95,1229.48,0.52,1.08,129.8
18.10.2015 12:00:00,992.21,7.32,5.22,86.5,10.25,8.87,1.38,5.58,8.94,1228.18,0.61,1.12,22.31
18.10.2015 13:00:00,991.81,7.68,5.22,84.4,10.51,8.87,1.64,5.58,8.94,1226.11,1.74,3.24,25.29
18.10.2015 14:00:00,991.53,9.37,5.44,76.4,11.78,9.0,2.78,5.67,9.08,1218.36,1.66,2.72,196.2
18.10.2015 15:00:00,991.58,8.49,5.16,79.5,11.1,8.83,2.28,5.56,8.9,1222.32,1.23,2.32,285.6
18.10.2015 16:00:00,991.82,8.26,4.9,79.3,10.93,8.67,2.26,5.45,8.74,1223.69,0.86,1.92,331.3
18.10.2015 17:00:00,991.83,7.64,4.98,83.2,10.48,8.72,1.76,5.49,8.79,1226.38,0.39,0.88,237.6
18.10.2015 18:00:00,992.05,6.99,4.5,84.1,10.02,8.43,1.59,5.3,8.49,1229.64,1.18,1.96,24.32
18.10.2015 19:00:00,992.45,6.33,4.25,86.5,9.57,8.28,1.29,5.21,8.34,1233.11,1.29,2.24,259.9
18.10.2015 20:00:00,992.51,6.46,4.26,85.8,9.66,8.29,1.37,5.21,8.35,1232.61,0.9,2.4,4.15
18.10.2015 21:00:00,992.82,5.62,4.34,91.5,9.11,8.34,0.77,5.24,8.4,1236.7,0.92,1.28,222.8
18.10.2015 22:00:00,993.05,5.49,4.14,91.0,9.03,8.22,0.81,5.16,8.28,1237.59,1.09,1.76,244.9
18.10.2015 23:00:00,993.02,5.28,4.29,93.3,8.9,8.3,0.6,5.22,8.36,1238.47,0.53,0.76,253.8
19.10.2015 00:00:00,992.85,5.21,4.23,93.4,8.86,8.27,0.58,5.2,8.33,1238.59,0.4,0.8,192.6
19.10.2015 01:00:00,992.72,5.02,4.26,94.8,8.74,8.29,0.45,5.21,8.35,1239.24,0.7,1.2,232.5
19.10.2015 02:00:00,992.84,4.84,3.96,94.0,8.63,8.11,0.52,5.1,8.17,1240.28,0.48,1.04,270.5
19.10.2015 03:00:00,992.94,4.35,3.51,94.3,8.34,7.86,0.48,4.94,7.92,1242.74,0.75,1.56,230.0
19.10.2015 04:00:00,993.0,4.31,3.35,93.5,8.31,7.77,0.54,4.88,7.83,1243.03,0.8,1.12,253.7
19.10.2015 05:00:00,993.09,3.96,3.05,93.8,8.11,7.61,0.5,4.78,7.66,1244.79,1.04,1.44,229.4
19.10.2015 06:00:00,993.41,3.64,3.08,96.1,7.93,7.62,0.31,4.79,7.68,1246.59,0.44,0.88,148.7
19.10.2015 07:00:00,993.64,3.57,3.2,97.4,7.89,7.69,0.21,4.83,7.74,1247.19,0.32,0.5,26.02
19.10.2015 08:00:00,993.94,3.56,3.02,96.2,7.89,7.59,0.3,4.76,7.64,1247.64,0.99,1.24,217.7
19.10.2015 09:00:00,994.18,4.19,3.53,95.5,8.24,7.87,0.37,4.94,7.92,1245.0,1.09,2.0,183.8
19.10.2015 10:00:00,994.35,4.94,4.13,94.5,8.69,8.21,0.48,5.15,8.26,1241.68,0.78,1.82,153.4
19.10.2015 11:00:00,994.42,5.53,4.37,92.2,9.06,8.35,0.71,5.24,8.4,1239.06,0.43,0.84,235.0
19.10.2015 12:00:00,994.16,6.81,4.98,88.1,9.9,8.72,1.18,5.47,8.77,1232.92,0.6,1.44,184.4
19.10.2015 13:00:00,993.91,7.59,5.15,84.5,10.44,8.82,1.62,5.54,8.88,1229.13,0.85,2.36,248.4
19.10.2015 14:00:00,993.79,7.4,4.76,83.3,10.31,8.59,1.72,5.39,8.64,1229.92,0.82,1.68,296.5
19.10.2015 15:00:00,993.55,7.46,4.51,81.5,10.35,8.43,1.91,5.3,8.49,1229.43,0.91,1.52,243.4
19.10.2015 16:00:00,993.66,7.48,4.16,79.4,10.36,8.23,2.13,5.17,8.28,1229.58,0.35,0.8,46.85
19.10.2015 17:00:00,993.68,7.21,4.42,82.4,10.17,8.38,1.79,5.26,8.44,1230.72,0.5,1.06,185.9
19.10.2015 18:00:00,993.71,6.97,4.48,84.1,10.01,8.42,1.59,5.29,8.47,1231.78,0.42,0.8,241.1
19.10.2015 19:00:00,993.93,7.05,4.39,83.1,10.06,8.36,1.7,5.25,8.41,1231.74,0.81,1.88,261.8
19.10.2015 20:00:00,994.16,6.97,4.83,86.2,10.0,8.62,1.38,5.41,8.67,1232.26,0.63,1.36,153.1
19.10.2015 21:00:00,994.16,6.9,4.63,85.4,9.96,8.5,1.45,5.34,8.55,1232.62,0.3,0.68,203.1
19.10.2015 22:00:00,994.1,6.53,4.96,89.7,9.7,8.71,1.0,5.46,8.76,1234.09,1.36,2.08,223.3
19.10.2015 23:00:00,993.9,6.19,5.38,94.5,9.48,8.96,0.52,5.63,9.02,1235.2,1.11,1.76,241.3
20.10.2015 00:00:00,993.78,6.39,5.62,94.8,9.62,9.12,0.5,5.73,9.17,1234.09,0.37,0.64,221.9
20.10.2015 01:00:00,993.77,6.34,5.72,95.8,9.58,9.18,0.4,5.77,9.24,1234.27,0.45,0.72,245.0
20.10.2015 02:00:00,993.8,6.42,5.95,96.8,9.63,9.33,0.31,5.86,9.38,1233.9,0.44,1.0,11.44
20.10.2015 03:00:00,993.68,6.5,5.94,96.2,9.69,9.32,0.37,5.85,9.38,1233.4,0.49,0.84,243.4
20.10.2015 04:00:00,993.55,6.39,6.04,97.6,9.62,9.38,0.23,5.9,9.45,1233.68,0.81,1.04,236.4
20.10.2015 05:00:00,993.55,6.7,6.32,97.4,9.82,9.57,0.26,6.01,9.63,1232.23,0.4,0.72,236.1
20.10.2015 06:00:00,993.35,6.77,6.37,97.3,9.87,9.6,0.27,6.04,9.67,1231.67,0.25,0.44,145.4
20.10.2015 07:00:00,993.21,6.74,6.18,96.2,9.85,9.48,0.37,5.96,9.54,1231.67,0.56,1.14,188.2
20.10.2015 08:00:00,993.35,7.06,6.65,97.2,10.07,9.79,0.28,6.15,9.85,1230.3,0.24,0.52,198.0
20.10.2015 09:00:00,993.6,7.42,6.92,96.6,10.32,9.97,0.35,6.26,10.03,1228.95,0.59,0.88,151.2
20.10.2015 10:00:00,993.68,7.89,7.46,97.1,10.66,10.35,0.31,6.5,10.41,1226.82,0.69,1.36,213.9
20.10.2015 11:00:00,993.86,8.05,7.57,96.8,10.77,10.43,0.34,6.55,10.49,1226.3,0.67,1.36,262.6
20.10.2015 12:00:00,993.75,8.3,7.61,95.4,10.96,10.46,0.5,6.57,10.52,1225.07,1.2,2.26,226.2
20.10.2015 13:00:00,993.63,8.49,7.64,94.4,11.1,10.48,0.62,6.59,10.55,1224.07,0.92,2.2,263.5
20.10.2015 14:00:00,993.56,8.47,7.42,93.1,11.09,10.32,0.77,6.49,10.39,1224.16,0.85,1.88,265.3
20.10.2015 15:00:00,993.58,8.46,7.49,93.6,11.08,10.37,0.71,6.52,10.44,1224.2,1.03,2.42,262.3
20.10.2015 16:00:00,993.92,8.6,7.85,95.0,11.19,10.63,0.56,6.68,10.69,1223.89,0.34,0.72,200.9
20.10.2015 17:00:00,994.27,8.38,7.57,94.6,11.02,10.42,0.6,6.55,10.48,1225.37,0.91,1.54,207.7
20.10.2015 18:00:00,994.75,8.2,7.51,95.4,10.89,10.38,0.5,6.52,10.44,1226.77,0.96,2.32,243.2
20.10.2015 19:00:00,994.87,8.14,7.25,94.1,10.84,10.2,0.64,6.4,10.25,1227.27,1.23,1.64,239.7
20.10.2015 20:00:00,995.02,8.1,7.27,94.5,10.81,10.22,0.59,6.41,10.27,1227.62,1.15,2.04,257.1
20.10.2015 21:00:00,995.05,8.06,7.17,94.1,10.78,10.15,0.64,6.37,10.2,1227.87,0.55,1.12,216.9
20.10.2015 22:00:00,995.23,7.9,6.97,93.8,10.67,10.0,0.66,6.28,10.05,1228.85,1.49,3.36,258.7
20.10.2015 23:00:00,995.08,7.53,6.8,95.1,10.4,9.89,0.51,6.2,9.94,1230.34,0.97,1.56,235.4
21.10.2015 00:00:00,994.88,7.67,6.83,94.4,10.5,9.91,0.59,6.22,9.96,1229.47,0.33,0.68,57.73
21.10.2015 01:00:00,994.77,7.34,6.53,94.6,10.26,9.71,0.55,6.09,9.76,1230.88,1.52,2.72,252.9
21.10.2015 02:00:00,994.77,7.33,6.34,93.4,10.26,9.58,0.68,6.01,9.63,1230.97,2.19,2.66,247.0
21.10.2015 03:00:00,994.53,7.23,6.29,93.7,10.19,9.55,0.64,5.99,9.6,1231.14,1.54,2.32,243.7
21.10.2015 04:00:00,994.54,7.01,5.96,93.0,10.03,9.33,0.7,5.86,9.38,1232.21,1.34,2.58,253.2
21.10.2015 05:00:00,994.41,6.99,5.9,92.7,10.02,9.29,0.73,5.83,9.34,1232.14,2.06,2.64,257.7
21.10.2015 06:00:00,994.21,7.0,5.77,91.9,10.02,9.21,0.81,5.78,9.27,1231.92,1.6,1.92,247.4
21.10.2015 07:00:00,994.01,6.98,5.69,91.5,10.01,9.16,0.85,5.75,9.21,1231.8,1.61,2.16,253.9
21.10.2015 08:00:00,994.22,6.97,5.81,92.3,10.01,9.24,0.77,5.8,9.29,1232.03,1.05,1.84,253.0
21.10.2015 09:00:00,994.19,7.38,6.0,90.9,10.29,9.36,0.94,5.87,9.41,1230.15,1.49,2.32,242.1
21.10.2015 10:00:00,994.08,8.29,5.7,83.7,10.95,9.17,1.79,5.76,9.22,1226.11,1.03,2.4,251.3
21.10.2015 11:00:00,994.18,9.26,5.93,79.6,11.7,9.31,2.39,5.85,9.37,1221.97,1.14,2.52,284.6
21.10.2015 12:00:00,993.93,9.05,6.17,82.1,11.53,9.47,2.06,5.95,9.53,1222.49,0.88,1.36,201.9
21.10.2015 13:00:00,993.52,9.18,6.01,80.5,11.63,9.37,2.27,5.88,9.43,1221.47,1.18,1.88,93.2
21.10.2015 14:00:00,993.11,9.81,5.89,76.5,12.14,9.29,2.85,5.84,9.35,1218.29,0.54,1.36,223.6
21.10.2015 15:00:00,992.67,10.16,6.06,75.6,12.43,9.39,3.03,5.91,9.46,1216.19,1.3,2.74,168.8
21.10.2015 16:00:00,992.3,9.73,6.27,79.0,12.07,9.54,2.54,6.0,9.61,1217.51,2.23,3.12,171.9
21.10.2015 17:00:00,992.45,9.21,6.22,81.5,11.66,9.5,2.16,5.98,9.57,1219.96,1.0,1.24,229.7
21.10.2015 18:00:00,992.43,8.84,6.41,84.7,11.37,9.63,1.74,6.06,9.7,1221.47,0.75,1.44,150.0
21.10.2015 19:00:00,992.19,8.36,6.45,87.7,11.0,9.65,1.35,6.07,9.73,1223.25,0.82,1.44,182.1
21.10.2015 20:00:00,991.82,7.86,6.21,89.3,10.64,9.5,1.14,5.98,9.58,1225.04,0.81,2.28,179.2
21.10.2015 21:00:00,992.0,7.23,5.82,90.7,10.19,9.24,0.95,5.81,9.31,1228.14,0.89,1.42,217.6
21.10.2015 22:00:00,991.84,6.59,5.0,89.5,9.75,8.73,1.02,5.49,8.8,1230.97,1.33,2.16,202.9
21.10.2015 23:00:00,991.83,5.89,4.91,93.4,9.29,8.67,0.61,5.46,8.75,1234.09,1.62,2.24,186.7
22.10.2015 00:00:00,991.36,5.46,4.83,95.7,9.01,8.63,0.39,5.43,8.7,1235.42,2.12,2.66,182.8
22.10.2015 01:00:00,991.07,5.14,4.52,95.8,8.81,8.44,0.37,5.32,8.52,1236.59,1.47,2.24,194.4
22.10.2015 02:00:00,990.55,4.71,4.16,96.2,8.55,8.23,0.32,5.18,8.31,1237.95,1.72,2.72,177.3
22.10.2015 03:00:00,990.23,4.18,3.72,96.8,8.24,7.98,0.26,5.03,8.05,1240.03,1.74,2.28,211.1
22.10.2015 04:00:00,989.81,3.81,3.38,97.0,8.03,7.79,0.24,4.91,7.87,1241.23,1.93,2.62,218.5
22.10.2015 05:00:00,989.53,4.01,3.58,97.0,8.14,7.9,0.24,4.98,7.98,1239.93,1.2,2.76,147.7
22.10.2015 06:00:00,989.19,3.89,3.29,95.8,8.08,7.74,0.34,4.88,7.82,1240.11,1.32,1.96,224.0
22.10.2015 07:00:00,988.97,4.07,3.53,96.3,8.18,7.87,0.3,4.97,7.96,1238.99,1.71,2.96,140.7
22.10.2015 08:00:00,988.72,5.1,4.41,95.3,8.79,8.38,0.41,5.29,8.47,1233.83,0.78,1.9,188.3
22.10.2015 09:00:00,988.8,7.6,5.3,85.3,10.45,8.91,1.54,5.63,9.01,1222.7,1.37,2.28,160.6
22.10.2015 10:00:00,988.5,9.89,5.78,75.5,12.2,9.21,2.99,5.82,9.32,1212.3,4.37,6.05,202.0
22.10.2015 11:00:00,988.5,10.51,5.91,73.1,12.72,9.3,3.42,5.87,9.41,1209.61,3.38,4.89,213.1
22.10.2015 12:00:00,988.51,10.79,6.35,74.0,12.96,9.59,3.37,6.06,9.7,1208.29,2.91,4.48,208.7
22.10.2015 13:00:00,988.14,10.78,6.58,75.2,12.95,9.74,3.21,6.15,9.86,1207.81,4.47,6.01,210.8
22.10.2015 14:00:00,988.25,10.4,6.57,77.1,12.63,9.74,2.89,6.15,9.85,1209.57,3.24,4.97,209.3
22.10.2015 15:00:00,988.14,10.24,6.73,78.8,12.49,9.84,2.65,6.22,9.96,1210.07,4.2,7.17,213.5
22.10.2015 16:00:00,988.21,10.33,6.78,78.6,12.57,9.88,2.69,6.24,10.0,1209.75,4.23,6.01,209.9
22.10.2015 17:00:00,988.79,10.27,7.23,81.4,12.52,10.19,2.33,6.44,10.31,1210.58,2.99,5.55,217.1
22.10.2015 18:00:00,989.33,10.22,7.27,81.9,12.48,10.22,2.26,6.45,10.33,1211.44,3.52,7.19,211.1
22.10.2015 19:00:00,989.83,9.99,7.35,83.6,12.29,10.27,2.01,6.48,10.38,1213.01,2.57,4.53,207.9
22.10.2015 20:00:00,990.35,9.93,7.7,86.0,12.24,10.52,1.71,6.64,10.63,1213.79,2.09,3.28,207.4
22.10.2015 21:00:00,990.76,9.85,8.14,89.1,12.17,10.84,1.33,6.84,10.95,1214.49,1.98,3.68,195.4
22.10.2015 22:00:00,991.35,9.74,8.43,91.5,12.08,11.05,1.03,6.97,11.15,1215.59,0.85,1.94,162.0
22.10.2015 23:00:00,991.71,9.82,8.47,91.3,12.15,11.09,1.06,6.98,11.18,1215.68,1.08,2.0,170.0
23.10.2015 00:00:00,992.2,10.0,8.65,91.3,12.29,11.22,1.07,7.07,11.31,1215.44,1.37,2.2,227.5
23.10.2015 01:00:00,992.68,10.0,8.52,90.5,12.29,11.13,1.17,7.0,11.21,1216.08,2.29,3.52,254.5
23.10.2015 02:00:00,993.57,9.86,8.14,89.0,12.18,10.84,1.34,6.81,10.91,1217.91,2.06,3.88,257.5
23.10.2015 03:00:00,993.91,9.2,7.34,88.1,11.65,10.26,1.39,6.45,10.33,1221.44,1.57,2.16,241.6
23.10.2015 04:00:00,994.45,8.53,6.45,86.7,11.13,9.65,1.48,6.06,9.71,1225.3,2.51,3.44,252.6
23.10.2015 05:00:00,995.04,8.86,6.31,84.0,11.38,9.56,1.82,6.0,9.61,1224.64,1.98,2.52,255.2
23.10.2015 06:00:00,995.75,8.99,6.2,82.6,11.49,9.49,2.0,5.95,9.53,1224.99,2.6,3.14,250.9
23.10.2015 07:00:00,996.12,9.15,5.8,79.5,11.61,9.23,2.38,5.78,9.27,1224.87,2.34,2.76,251.2
23.10.2015 08:00:00,996.57,9.33,5.92,79.2,11.75,9.31,2.44,5.83,9.34,1224.61,1.83,2.28,249.3
23.10.2015 09:00:00,997.0,10.69,6.47,75.1,12.87,9.67,3.21,6.05,9.7,1219.1,1.7,3.86,205.9
23.10.2015 10:00:00,997.37,11.68,6.69,71.4,13.75,9.82,3.93,6.15,9.84,1215.25,2.48,4.24,211.1
23.10.2015 11:00:00,997.43,12.22,5.71,64.39,14.25,9.17,5.07,5.74,9.2,1213.32,2.0,4.77,295.1
23.10.2015 12:00:00,997.28,13.06,5.43,59.74,15.06,9.0,6.06,5.63,9.02,1209.65,3.9,7.13,234.0
23.10.2015 13:00:00,997.35,14.37,6.56,59.31,16.4,9.73,6.67,6.09,9.75,1203.9,1.69,4.46,292.0
23.10.2015 14:00:00,997.59,12.61,6.36,65.65,14.62,9.6,5.02,6.01,9.62,1211.66,1.02,2.9,358.2
23.10.2015 15:00:00,997.53,12.68,6.35,65.29,14.69,9.59,5.1,6.0,9.61,1211.29,1.31,2.52,282.3
23.10.2015 16:00:00,997.59,12.35,6.31,66.55,14.37,9.56,4.81,5.99,9.59,1212.78,0.76,1.32,307.3
23.10.2015 17:00:00,997.43,11.67,6.37,69.88,13.74,9.6,4.14,6.01,9.63,1215.46,1.09,1.6,239.5
23.10.2015 18:00:00,997.53,10.57,5.34,69.98,12.77,8.94,3.83,5.59,8.96,1220.61,1.21,1.76,263.3
23.10.2015 19:00:00,997.63,8.71,5.68,81.2,11.27,9.15,2.12,5.73,9.17,1228.69,0.54,1.44,226.3
23.10.2015 20:00:00,997.6,7.63,5.56,86.7,10.47,9.08,1.39,5.68,9.1,1233.41,1.45,2.22,217.4
23.10.2015 21:00:00,997.74,6.57,5.28,91.4,9.74,8.9,0.84,5.57,8.92,1238.33,0.45,1.36,115.2
23.10.2015 22:00:00,997.6,6.65,5.09,89.7,9.79,8.78,1.01,5.49,8.8,1237.86,0.83,1.36,221.9
23.10.2015 23:00:00,997.64,5.61,4.56,92.9,9.11,8.46,0.65,5.29,8.48,1242.69,1.43,1.8,235.0
24.10.2015 00:00:00,997.49,4.8,3.96,94.3,8.61,8.12,0.49,5.08,8.14,1246.29,1.34,2.76,187.1
24.10.2015 01:00:00,997.6,3.59,2.96,95.6,7.91,7.56,0.35,4.73,7.58,1252.13,0.97,1.88,211.7
24.10.2015 02:00:00,997.09,2.85,2.41,96.9,7.5,7.27,0.23,4.55,7.29,1254.99,0.58,1.08,151.6
24.10.2015 03:00:00,996.44,2.6,2.3,97.9,7.37,7.21,0.15,4.51,7.24,1255.34,0.99,1.42,195.7
24.10.2015 04:00:00,995.76,2.19,1.96,98.4,7.15,7.04,0.11,4.41,7.07,1256.43,0.6,1.08,145.5
24.10.2015 05:00:00,995.59,1.66,1.46,98.6,6.89,6.79,0.1,4.25,6.82,1258.75,1.45,2.0,188.0
24.10.2015 06:00:00,995.58,1.38,1.21,98.8,6.75,6.67,0.08,4.18,6.7,1260.08,1.37,1.92,195.9
24.10.2015 07:00:00,995.35,1.0,0.85,98.9,6.57,6.5,0.07,4.07,6.53,1261.62,1.98,3.16,208.7
24.10.2015 08:00:00,995.21,1.15,1.01,99.0,6.64,6.57,0.07,4.12,6.61,1260.71,1.96,2.64,208.8
24.10.2015 09:00:00,994.72,1.9,1.78,99.1,7.01,6.95,0.06,4.36,6.98,1256.46,1.46,2.8,170.5
24.10.2015 10:00:00,994.09,3.44,3.25,98.7,7.82,7.72,0.1,4.84,7.76,1248.34,0.82,1.52,201.6
24.10.2015 11:00:00,993.31,6.08,5.75,97.7,9.41,9.19,0.22,5.78,9.26,1234.85,1.06,1.8,122.2
24.10.2015 12:00:00,992.57,9.21,8.85,97.6,11.66,11.38,0.28,7.16,11.46,1219.23,0.98,1.56,153.7
24.10.2015 13:00:00,991.94,12.85,7.59,70.3,14.85,10.44,4.41,6.57,10.53,1203.38,1.99,3.12,163.6
24.10.2015 14:00:00,990.92,14.01,7.66,65.5,16.02,10.49,5.53,6.61,10.59,1197.25,1.94,3.64,175.7
24.10.2015 15:00:00,990.82,13.44,5.56,58.8,15.44,9.08,6.36,5.72,9.16,1200.17,4.83,7.37,208.9
24.10.2015 16:00:00,990.52,11.22,5.56,68.06,13.34,9.08,4.26,5.72,9.16,1209.17,4.58,6.45,196.8
24.10.2015 17:00:00,991.06,9.26,5.62,77.9,11.7,9.11,2.58,5.74,9.19,1218.21,4.26,6.29,206.8
24.10.2015 18:00:00,991.34,8.34,5.32,81.2,10.99,8.92,2.07,5.62,9.0,1222.62,1.61,2.56,195.8
24.10.2015 19:00:00,991.62,7.41,5.04,84.9,10.31,8.76,1.56,5.51,8.83,1227.1,2.23,2.88,209.2
24.10.2015 20:00:00,991.62,7.37,5.17,85.9,10.29,8.84,1.45,5.56,8.91,1227.24,1.23,1.66,219.6
24.10.2015 21:00:00,991.74,7.13,5.32,88.2,10.12,8.92,1.19,5.62,9.0,1228.4,0.92,1.88,216.6
24.10.2015 22:00:00,991.95,6.31,4.95,91.0,9.56,8.7,0.86,5.47,8.77,1232.37,0.78,1.48,136.1
24.10.2015 23:00:00,992.07,6.22,5.06,92.2,9.5,8.76,0.74,5.51,8.83,1232.87,0.46,1.32,198.1
25.10.2015 00:00:00,992.21,6.78,5.48,91.4,9.87,9.03,0.85,5.68,9.1,1230.49,0.76,1.8,218.4
25.10.2015 01:00:00,992.44,7.32,5.75,89.7,10.25,9.19,1.06,5.78,9.26,1228.31,1.18,2.2,200.7
25.10.2015 02:00:00,992.46,7.18,5.66,90.0,10.15,9.14,1.02,5.75,9.21,1228.97,0.68,1.12,179.0
25.10.2015 03:00:00,992.65,6.99,5.71,91.5,10.02,9.17,0.85,5.77,9.24,1230.01,0.81,1.84,174.4
25.10.2015 04:00:00,992.95,7.28,6.02,91.7,10.22,9.37,0.85,5.89,9.44,1229.03,0.58,1.56,120.5
25.10.2015 05:00:00,993.27,7.61,6.1,90.1,10.46,9.42,1.04,5.92,9.48,1227.96,0.59,1.32,182.9
25.10.2015 06:00:00,993.82,7.09,5.99,92.7,10.09,9.35,0.74,5.87,9.41,1230.96,0.38,0.82,167.2
25.10.2015 07:00:00,994.26,7.43,6.09,91.2,10.33,9.42,0.91,5.91,9.47,1229.99,0.66,1.04,211.1
25.10.2015 08:00:00,995.26,7.47,6.34,92.5,10.36,9.58,0.78,6.01,9.63,1230.97,0.7,1.04,186.1
25.10.2015 09:00:00,995.91,8.44,6.74,89.0,11.06,9.85,1.22,6.17,9.89,1227.41,0.5,0.96,208.2
25.10.2015 10:00:00,996.35,8.91,7.13,88.6,11.42,10.12,1.3,6.34,10.16,1225.78,0.71,1.16,160.8
25.10.2015 11:00:00,996.75,9.93,7.81,86.6,12.24,10.6,1.64,6.64,10.63,1221.63,0.78,1.76,167.3
25.10.2015 12:00:00,997.08,11.5,8.61,82.4,13.59,11.2,2.39,7.01,11.23,1215.03,0.95,1.92,173.2
25.10.2015 13:00:00,997.32,12.91,8.42,74.1,14.91,11.05,3.86,6.92,11.08,1209.39,2.08,3.24,259.1
25.10.2015 14:00:00,997.5,13.1,8.74,74.8,15.1,11.29,3.8,7.07,11.32,1208.71,1.63,3.52,287.9
25.10.2015 15:00:00,997.72,13.29,8.92,74.8,15.29,11.43,3.85,7.16,11.46,1208.1,1.19,2.24,278.4
25.10.2015 16:00:00,998.13,13.14,8.99,75.9,15.14,11.49,3.65,7.19,11.51,1209.2,0.84,1.56,241.4
25.10.2015 17:00:00,998.51,12.6,9.1,79.2,14.61,11.57,3.04,7.24,11.59,1211.91,0.85,1.68,258.2
25.10.2015 18:00:00,999.17,12.08,9.14,82.2,14.12,11.61,2.51,7.26,11.61,1214.92,1.34,2.24,257.0
25.10.2015 19:00:00,999.65,11.73,9.26,84.8,13.8,11.7,2.1,7.31,11.7,1216.95,0.43,0.8,105.1
25.10.2015 20:00:00,1000.1,10.92,9.13,88.7,13.07,11.6,1.48,7.24,11.6,1221.02,2.34,3.3,38.75
25.10.2015 21:00:00,1000.42,10.73,8.96,88.8,12.91,11.46,1.45,7.16,11.46,1222.29,0.82,1.04,7.63
25.10.2015 22:00:00,1000.3,10.71,8.94,88.8,12.89,11.45,1.44,7.15,11.44,1222.23,0.49,0.8,235.3
25.10.2015 23:00:00,1000.04,10.32,8.97,91.3,12.56,11.47,1.09,7.16,11.47,1223.59,0.72,1.08,54.21
26.10.2015 00:00:00,999.64,10.06,9.06,93.5,12.34,11.54,0.8,7.21,11.55,1224.19,0.99,1.32,21.6
26.10.2015 01:00:00,999.47,9.97,8.77,92.2,12.27,11.31,0.96,7.07,11.32,1224.48,0.91,1.32,39.78
26.10.2015 02:00:00,999.52,9.42,8.74,95.5,11.82,11.29,0.53,7.06,11.3,1226.94,1.76,2.44,26.88
26.10.2015 03:00:00,999.13,9.41,8.59,94.6,11.82,11.18,0.64,6.99,11.19,1226.55,1.64,2.12,15.87
26.10.2015 04:00:00,998.63,9.3,8.29,93.4,11.73,10.95,0.77,6.85,10.97,1226.51,1.95,2.8,12.75
26.10.2015 05:00:00,998.33,8.86,8.06,94.7,11.38,10.78,0.6,6.74,10.8,1228.13,2.09,2.96,36.68
26.10.2015 06:00:00,998.11,8.79,7.9,94.1,11.33,10.66,0.67,6.67,10.68,1228.22,2.4,3.14,34.96
26.10.2015 07:00:00,998.08,8.59,7.73,94.3,11.18,10.54,0.64,6.6,10.56,1229.12,2.24,2.96,35.44
26.10.2015 08:00:00,998.33,8.65,7.71,93.8,11.22,10.53,0.7,6.59,10.55,1229.17,2.22,3.36,50.58
26.10.2015 09:00:00,998.21,8.3,7.56,95.1,10.96,10.42,0.54,6.52,10.44,1230.6,2.38,2.96,32.24
26.10.2015 10:00:00,998.17,8.73,7.81,93.9,11.28,10.6,0.69,6.63,10.62,1228.59,1.99,2.76,39.21
26.10.2015 11:00:00,997.78,9.28,8.02,91.8,11.71,10.75,0.96,6.73,10.78,1225.64,2.14,2.84,32.21
26.10.2015 12:00:00,997.24,10.29,8.39,88.0,12.54,11.03,1.5,6.91,11.06,1220.49,2.14,3.18,48.71
26.10.2015 13:00:00,996.32,11.5,8.88,83.9,13.59,11.4,2.19,7.15,11.44,1214.0,1.26,2.22,44.48
26.10.2015 14:00:00,995.89,12.15,8.66,79.2,14.18,11.23,2.95,7.05,11.28,1210.79,2.1,3.76,43.0
26.10.2015 15:00:00,995.6,12.0,9.05,82.1,14.04,11.53,2.51,7.24,11.58,1210.93,3.99,5.33,31.59
26.10.2015 16:00:00,995.26,12.2,9.04,81.0,14.23,11.53,2.7,7.24,11.58,1209.67,2.84,4.36,54.42
26.10.2015 17:00:00,995.03,12.18,8.6,78.7,14.21,11.18,3.03,7.02,11.24,1209.63,1.01,1.9,82.2
26.10.2015 18:00:00,994.93,11.28,7.89,79.6,13.39,10.66,2.73,6.69,10.71,1213.58,2.77,3.68,38.13
26.10.2015 19:00:00,994.79,11.33,7.19,75.6,13.43,10.16,3.28,6.38,10.21,1213.42,1.18,3.8,172.0
26.10.2015 20:00:00,994.76,11.06,7.15,76.8,13.2,10.13,3.06,6.36,10.19,1214.56,1.47,3.28,65.76
26.10.2015 21:00:00,994.79,10.01,7.21,82.7,12.3,10.17,2.13,6.39,10.23,1219.07,2.37,4.12,58.57
26.10.2015 22:00:00,994.89,8.92,7.23,89.1,11.43,10.18,1.25,6.39,10.24,1223.9,1.26,1.68,10.1
26.10.2015 23:00:00,994.58,7.8,6.6,92.1,10.59,9.76,0.84,6.12,9.81,1228.6,0.21,0.52,11.2
27.10.2015 00:00:00,994.27,6.91,6.07,94.4,9.96,9.41,0.56,5.91,9.46,1232.3,0.21,0.44,169.6
27.10.2015 01:00:00,994.2,6.23,5.7,96.4,9.51,9.16,0.34,5.75,9.22,1235.32,0.97,1.6,234.3
27.10.2015 02:00:00,994.25,5.36,5.03,97.7,8.95,8.75,0.21,5.49,8.8,1239.41,1.29,1.68,217.2
27.10.2015 03:00:00,994.07,4.9,4.57,97.7,8.67,8.47,0.2,5.32,8.52,1241.36,0.56,0.76,185.6
27.10.2015 04:00:00,993.63,4.06,3.73,97.7,8.17,7.99,0.19,5.01,8.04,1244.81,0.4,0.72,198.2
27.10.2015 05:00:00,993.5,3.03,2.7,97.7,7.6,7.42,0.17,4.66,7.47,1249.58,0.32,0.64,153.7
27.10.2015 06:00:00,993.4,2.53,2.31,98.5,7.33,7.22,0.11,4.53,7.27,1251.84,0.57,1.48,193.0
27.10.2015 07:00:00,993.3,2.15,1.96,98.6,7.14,7.04,0.1,4.42,7.08,1253.48,0.72,1.18,220.8
27.10.2015 08:00:00,993.53,2.32,2.18,99.0,7.22,7.15,0.07,4.49,7.2,1252.97,1.46,1.92,220.1
27.10.2015 09:00:00,993.53,3.11,2.97,99.0,7.64,7.56,0.08,4.75,7.61,1249.17,1.25,1.72,209.9
27.10.2015 10:00:00,993.48,6.48,6.24,98.4,9.67,9.52,0.15,5.98,9.58,1233.16,0.85,1.64,194.2
27.10.2015 11:00:00,993.16,9.49,9.08,97.3,11.88,11.56,0.32,7.27,11.64,1218.66,2.16,3.6,169.9
27.10.2015 12:00:00,992.61,12.02,7.56,74.1,14.06,10.42,3.64,6.56,10.5,1207.71,2.41,3.68,168.4
27.10.2015 13:00:00,991.95,13.78,8.05,68.26,15.78,10.77,5.01,6.78,10.86,1199.34,1.76,3.0,162.2
27.10.2015 14:00:00,991.37,14.85,8.11,63.96,16.91,10.82,6.1,6.82,10.91,1194.16,2.83,4.52,171.6
27.10.2015 15:00:00,991.1,15.03,8.11,63.22,17.11,10.82,6.29,6.82,10.91,1193.09,2.68,4.14,179.8
27.10.2015 16:00:00,990.9,13.63,7.69,67.29,15.63,10.52,5.11,6.63,10.61,1198.81,2.86,5.36,151.8
27.10.2015 17:00:00,991.08,11.47,7.28,75.4,13.56,10.22,3.34,6.44,10.32,1208.26,1.83,3.7,174.0
27.10.2015 18:00:00,991.09,9.7,6.73,81.7,12.05,9.84,2.2,6.2,9.93,1216.01,1.5,2.36,195.2
27.10.2015 19:00:00,991.28,8.79,6.3,84.3,11.33,9.55,1.78,6.02,9.64,1220.3,1.97,2.72,202.4
27.10.2015 20:00:00,990.91,7.98,5.91,86.7,10.72,9.3,1.43,5.86,9.38,1223.48,2.51,3.36,210.2
27.10.2015 21:00:00,990.72,7.39,5.6,88.4,10.3,9.1,1.19,5.74,9.19,1225.91,1.98,3.28,203.5
27.10.2015 22:00:00,990.63,6.64,5.41,91.8,9.78,8.98,0.8,5.66,9.07,1229.13,1.42,2.36,193.2
27.10.2015 23:00:00,990.34,5.95,5.06,94.0,9.32,8.76,0.56,5.52,8.85,1231.93,0.89,1.88,207.8
28.10.2015 00:00:00,990.13,5.35,4.6,94.9,8.94,8.49,0.46,5.35,8.57,1234.47,1.63,2.44,211.3
28.10.2015 01:00:00,989.87,4.59,4.1,96.6,8.48,8.19,0.29,5.17,8.28,1237.62,0.51,1.04,200.2
28.10.2015 02:00:00,989.36,3.09,2.7,97.3,7.63,7.42,0.21,4.68,7.5,1244.1,0.37,0.82,118.8
28.10.2015 03:00:00,988.99,2.56,2.27,98.0,7.34,7.2,0.15,4.54,7.28,1246.13,0.81,1.32,194.4
28.10.2015 04:00:00,988.65,1.83,1.63,98.6,6.97,6.87,0.1,4.34,6.95,1249.15,0.55,0.92,173.1
28.10.2015 05:00:00,988.39,1.62,1.44,98.7,6.87,6.78,0.09,4.28,6.86,1249.8,0.76,1.08,193.6
28.10.2015 06:00:00,988.11,1.08,0.93,98.9,6.61,6.54,0.07,4.12,6.61,1252.02,0.56,1.04,161.4
28.10.2015 07:00:00,988.19,1.01,0.88,99.1,6.57,6.51,0.06,4.11,6.59,1252.48,0.72,1.22,205.6
28.10.2015 08:00:00,987.82,1.36,1.24,99.2,6.74,6.69,0.05,4.22,6.77,1250.34,0.64,1.16,194.5
28.10.2015 09:00:00,988.15,2.78,2.7,99.4,7.46,7.42,0.04,4.68,7.51,1243.94,1.19,1.72,222.8
28.10.2015 10:00:00,987.95,4.61,4.48,99.1,8.49,8.42,0.08,5.32,8.52,1235.03,0.86,1.76,230.5
28.10.2015 11:00:00,987.4,7.91,7.82,99.4,10.67,10.61,0.06,6.71,10.74,1218.82,0.87,2.36,162.3
28.10.2015 12:00:00,986.94,9.55,8.57,93.6,11.93,11.16,0.76,7.07,11.31,1210.93,1.57,2.36,125.5
28.10.2015 13:00:00,986.66,11.88,7.48,74.4,13.93,10.37,3.57,6.56,10.51,1201.05,2.04,2.96,169.1
28.10.2015 14:00:00,986.11,12.64,7.06,68.74,14.65,10.07,4.58,6.38,10.21,1197.33,2.05,3.32,146.6
28.10.2015 15:00:00,985.91,13.63,7.36,65.77,15.63,10.28,5.35,6.51,10.43,1192.85,2.9,4.48,162.4
28.10.2015 16:00:00,985.87,11.91,6.93,71.5,13.96,9.98,3.98,6.32,10.12,1200.14,1.9,3.2,207.3
28.10.2015 17:00:00,986.09,10.47,6.9,78.5,12.69,9.96,2.73,6.31,10.1,1206.51,1.99,3.52,151.0
28.10.2015 18:00:00,986.24,8.92,6.18,82.9,11.43,9.48,1.95,6.0,9.61,1213.55,1.14,2.16,188.3
28.10.2015 19:00:00,986.05,8.35,5.81,84.0,11.0,9.24,1.76,5.85,9.37,1215.89,1.24,1.7,206.4
28.10.2015 20:00:00,985.94,7.94,5.53,84.7,10.69,9.06,1.64,5.73,9.19,1217.61,1.58,2.2,216.8
28.10.2015 21:00:00,986.17,7.33,5.23,86.5,10.26,8.87,1.38,5.62,9.0,1220.63,1.31,2.04,219.9
28.10.2015 22:00:00,986.46,6.76,4.97,88.3,9.86,8.71,1.15,5.51,8.83,1223.55,1.5,1.98,222.5
28.10.2015 23:00:00,986.68,6.05,4.7,91.0,9.39,8.55,0.85,5.41,8.66,1227.0,1.26,1.88,218.4
29.10.2015 00:00:00,986.71,5.42,4.27,92.3,8.99,8.3,0.69,5.25,8.41,1229.95,0.84,1.32,230.1
29.10.2015 01:00:00,986.89,4.96,3.94,93.1,8.7,8.1,0.6,5.12,8.21,1232.3,0.36,0.58,79.8
29.10.2015 02:00:00,987.39,4.25,3.64,95.8,8.28,7.93,0.35,5.01,8.03,1236.17,1.92,3.08,248.4
29.10.2015 03:00:00,987.6,3.75,3.16,95.9,8.0,7.67,0.33,4.84,7.76,1238.77,0.87,1.68,203.6
29.10.2015 04:00:00,987.92,2.91,2.61,97.9,7.53,7.37,0.16,4.66,7.46,1243.1,0.5,0.92,231.6
29.10.2015 05:00:00,988.02,2.46,2.18,98.0,7.3,7.15,0.15,4.51,7.24,1245.34,1.0,1.64,207.0
29.10.2015 06:00:00,988.59,2.92,2.75,98.8,7.54,7.45,0.09,4.7,7.53,1243.87,0.66,1.04,197.7
29.10.2015 07:00:00,989.34,3.57,3.43,99.0,7.89,7.81,0.08,4.93,7.9,1241.71,0.88,1.66,200.5
29.10.2015 08:00:00,989.95,4.14,4.02,99.1,8.22,8.15,0.07,5.13,8.23,1239.75,1.65,3.04,174.3
29.10.2015 09:00:00,990.67,4.35,4.22,99.1,8.34,8.27,0.08,5.21,8.34,1239.67,1.86,2.56,176.3
29.10.2015 10:00:00,991.18,4.97,4.84,99.1,8.71,8.63,0.08,5.43,8.71,1237.39,1.68,2.44,174.1
29.10.2015 11:00:00,991.68,5.83,5.7,99.1,9.25,9.17,0.08,5.77,9.24,1233.92,1.39,2.2,196.3
29.10.2015 12:00:00,992.09,6.76,6.63,99.1,9.87,9.78,0.09,6.15,9.86,1230.04,1.28,2.0,190.8
29.10.2015 13:00:00,992.26,8.35,8.07,98.1,11.0,10.79,0.21,6.79,10.87,1222.85,1.04,2.0,174.9
29.10.2015 14:00:00,992.67,9.19,8.53,95.6,11.64,11.13,0.51,7.0,11.21,1219.56,1.0,1.64,185.8
29.10.2015 15:00:00,993.0,9.95,8.26,89.2,12.25,10.93,1.32,6.87,11.01,1216.78,1.25,1.84,142.4
29.10.2015 16:00:00,993.56,10.36,8.51,88.3,12.59,11.12,1.47,6.99,11.19,1215.62,0.62,1.08,178.0
29.10.2015 17:00:00,994.39,10.31,8.61,89.2,12.55,11.2,1.36,7.03,11.26,1216.82,1.0,1.64,200.4
29.10.2015 18:00:00,995.09,10.23,8.65,89.9,12.48,11.22,1.26,7.05,11.28,1218.01,0.81,1.4,234.5
29.10.2015 19:00:00,995.76,10.2,8.67,90.2,12.46,11.24,1.22,7.05,11.29,1218.95,0.75,1.28,219.9
29.10.2015 20:00:00,996.24,10.13,8.71,90.9,12.4,11.27,1.13,7.07,11.32,1219.83,0.72,1.04,217.7
29.10.2015 21:00:00,996.34,9.88,8.69,92.3,12.2,11.26,0.94,7.06,11.3,1221.04,0.76,1.24,156.7
29.10.2015 22:00:00,996.75,9.67,8.69,93.6,12.02,11.25,0.77,7.05,11.29,1222.45,0.18,0.44,11.42
29.10.2015 23:00:00,997.2,9.41,8.59,94.6,11.82,11.18,0.64,7.0,11.21,1224.17,1.01,1.36,218.1
30.10.2015 00:00:00,998.01,8.7,8.15,96.3,11.26,10.85,0.42,6.79,10.87,1228.41,0.25,0.48,263.8
30.10.2015 01:00:00,998.44,8.12,7.64,96.8,10.83,10.48,0.35,6.55,10.5,1231.64,0.73,1.14,187.2
30.10.2015 02:00:00,998.57,8.02,7.57,97.0,10.75,10.43,0.32,6.52,10.45,1232.27,0.26,0.68,159.7
30.10.2015 03:00:00,998.96,8.03,7.58,97.0,10.76,10.44,0.32,6.52,10.45,1232.7,0.22,0.48,27.03
30.10.2015 04:00:00,999.05,7.82,7.36,96.9,10.61,10.28,0.33,6.42,10.29,1233.81,0.44,0.8,186.3
30.10.2015 05:00:00,999.37,8.02,7.6,97.2,10.75,10.45,0.3,6.53,10.46,1233.25,0.2,0.6,304.5
30.10.2015 06:00:00,999.72,8.12,7.63,96.7,10.83,10.47,0.36,6.54,10.47,1233.23,0.36,0.76,96.1
30.10.2015 07:00:00,1000.1,8.38,7.95,97.1,11.02,10.7,0.32,6.68,10.7,1232.45,0.27,0.72,295.9
30.10.2015 08:00:00,1000.49,8.4,7.83,96.2,11.03,10.62,0.42,6.63,10.61,1232.9,0.53,1.08,151.2
30.10.2015 09:00:00,1000.97,9.26,8.27,93.5,11.7,10.94,0.76,6.82,10.93,1229.58,0.33,1.04,212.3
30.10.2015 10:00:00,1001.27,9.95,8.71,92.0,12.25,11.27,0.98,7.03,11.26,1226.8,0.73,1.68,29.02
30.10.2015 11:00:00,1001.52,10.41,8.83,89.9,12.64,11.36,1.28,7.09,11.34,1225.08,1.28,1.56,28.33
30.10.2015 12:00:00,1001.76,11.37,8.45,82.2,13.47,11.07,2.4,6.9,11.05,1221.37,2.6,3.4,32.03
30.10.2015 13:00:00,1001.52,11.96,7.6,74.6,14.01,10.45,3.56,6.52,10.43,1218.84,1.78,3.24,52.56
30.10.2015 14:00:00,1001.51,11.78,7.43,74.6,13.84,10.33,3.52,6.44,10.31,1219.65,2.66,4.2,58.33
30.10.2015 15:00:00,1001.81,11.58,7.37,75.3,13.66,10.29,3.37,6.41,10.27,1220.89,2.03,3.44,58.16
30.10.2015 16:00:00,1002.34,11.12,8.51,83.9,13.25,11.12,2.13,6.93,11.09,1223.13,3.18,4.12,44.61
30.10.2015 17:00:00,1002.14,10.6,8.29,85.6,12.8,10.95,1.84,6.83,10.93,1225.2,1.99,3.2,47.85
30.10.2015 18:00:00,1002.62,10.16,8.13,87.2,12.43,10.84,1.59,6.75,10.81,1227.76,3.92,4.89,37.27
30.10.2015 19:00:00,1003.01,9.09,7.65,90.7,11.56,10.49,1.08,6.53,10.46,1233.05,3.28,4.97,40.98
30.10.2015 20:00:00,1003.09,8.23,7.25,93.5,10.91,10.2,0.71,6.35,10.17,1237.05,1.72,3.04,60.49
30.10.2015 21:00:00,1003.34,8.29,7.21,92.9,10.95,10.17,0.78,6.33,10.14,1237.11,1.58,2.32,141.1
30.10.2015 22:00:00,1003.35,7.95,6.95,93.4,10.7,10.0,0.71,6.22,9.96,1238.7,1.66,2.2,69.31
30.10.2015 23:00:00,1003.26,7.93,6.92,93.3,10.69,9.97,0.72,6.21,9.94,1238.69,1.56,2.72,95.2
31.10.2015 00:00:00,1003.1,7.66,6.85,94.6,10.49,9.93,0.57,6.18,9.89,1239.7,1.77,2.22,29.47
31.10.2015 01:00:00,1003.11,7.76,6.97,94.7,10.56,10.0,0.56,6.23,9.97,1239.24,0.32,0.96,15.8
31.10.2015 02:00:00,1003.46,6.91,6.21,95.3,9.96,9.5,0.47,5.91,9.46,1243.68,0.56,1.02,316.1
31.10.2015 03:00:00,1003.25,5.79,5.3,96.6,9.22,8.91,0.31,5.54,8.88,1248.67,0.63,1.24,172.6
31.10.2015 04:00:00,1003.15,5.01,4.69,97.8,8.73,8.54,0.19,5.31,8.52,1252.23,1.08,1.38,217.3
31.10.2015 05:00:00,1003.16,4.42,4.19,98.4,8.38,8.25,0.13,5.13,8.22,1255.03,0.98,1.5,209.5
31.10.2015 06:00:00,1003.24,3.67,3.5,98.8,7.95,7.85,0.1,4.88,7.83,1258.73,1.27,1.88,201.4
31.10.2015 07:00:00,1003.4,3.03,2.87,98.9,7.6,7.51,0.08,4.67,7.49,1262.02,0.96,1.52,156.6
31.10.2015 08:00:00,1003.62,3.04,2.91,99.1,7.6,7.53,0.07,4.68,7.51,1262.22,0.89,1.4,164.6
31.10.2015 09:00:00,1003.89,3.63,3.5,99.1,7.93,7.85,0.07,4.88,7.82,1259.74,0.65,1.04,154.1
31.10.2015 10:00:00,1004.05,4.75,4.62,99.1,8.58,8.5,0.08,5.28,8.47,1254.54,1.03,1.6,180.4
31.10.2015 11:00:00,1003.73,8.18,7.72,96.9,10.87,10.53,0.34,6.55,10.49,1237.91,1.09,1.76,179.2
31.10.2015 12:00:00,1003.33,10.78,6.27,73.6,12.95,9.53,3.42,5.93,9.5,1226.54,1.0,1.52,160.2
31.10.2015 13:00:00,1002.74,12.48,6.77,68.08,14.5,9.87,4.63,6.14,9.84,1218.38,1.11,1.68,30.31
31.10.2015 14:00:00,1002.2,14.35,7.49,63.32,16.38,10.37,6.01,6.46,10.35,1209.56,1.02,1.88,23.18
31.10.2015 15:00:00,1002.01,16.57,7.53,55.05,18.88,10.4,8.49,6.48,10.37,1200.05,0.67,1.4,188.7
31.10.2015 16:00:00,1002.02,14.61,7.15,60.83,16.65,10.13,6.52,6.31,10.11,1208.36,0.68,1.04,221.4
31.10.2015 17:00:00,1002.44,12.97,6.39,64.25,14.97,9.62,5.35,5.99,9.59,1216.04,0.35,1.08,158.6
31.10.2015 18:00:00,1002.97,11.75,6.46,69.96,13.81,9.66,4.15,6.02,9.64,1221.86,1.23,2.04,212.5
31.10.2015 19:00:00,1003.08,11.33,6.44,71.8,13.43,9.65,3.79,6.0,9.62,1223.81,2.07,2.96,213.0
31.10.2015 20:00:00,1003.03,10.14,5.45,72.6,12.41,9.01,3.4,5.61,8.98,1229.19,0.84,1.68,212.6
31.10.2015 21:00:00,1003.26,9.43,5.5,76.4,11.83,9.04,2.79,5.62,9.01,1232.55,1.53,2.52,177.5
31.10.2015 22:00:00,1003.71,8.52,4.92,78.0,11.13,8.68,2.45,5.4,8.65,1237.25,0.82,1.32,220.0
31.10.2015 23:00:00,1003.75,7.99,4.69,79.6,10.73,8.54,2.19,5.31,8.51,1239.7,1.51,2.24,227.9
01.11.2015 00:00:00,1003.84,9.42,4.4,70.8,11.82,8.37,3.45,5.2,8.34,1233.62,2.36,3.73,205.5
01.11.2015 01:00:00,1003.92,8.55,4.1,73.5,11.15,8.19,2.95,5.09,8.16,1237.6,1.88,2.98,185.5
01.11.2015 02:00:00,1003.87,6.53,3.52,81.0,9.71,7.87,1.84,4.89,7.83,1246.62,1.19,2.0,215.9
01.11.2015 03:00:00,1004.02,4.87,3.17,88.7,8.65,7.67,0.98,4.77,7.64,1254.35,0.61,1.2,174.4
01.11.2015 04:00:00,1003.92,6.28,3.53,82.5,9.54,7.87,1.67,4.89,7.84,1247.84,0.74,1.48,219.7
01.11.2015 05:00:00,1004.01,7.29,3.63,77.5,10.23,7.93,2.3,4.93,7.9,1243.4,2.34,3.08,214.3
01.11.2015 06:00:00,1004.07,4.65,2.92,88.5,8.52,7.54,0.98,4.68,7.51,1255.47,0.87,1.48,233.2
01.11.2015 07:00:00,1004.36,3.68,2.26,90.4,7.95,7.19,0.76,4.46,7.16,1260.44,0.79,1.8,209.2
01.11.2015 08:00:00,1004.84,6.03,3.08,81.3,9.38,7.62,1.75,4.73,7.59,1250.21,0.95,1.76,200.3
01.11.2015 09:00:00,1005.22,6.48,2.91,77.9,9.67,7.53,2.14,4.67,7.49,1248.73,0.75,1.48,195.6
01.11.2015 10:00:00,1005.22,7.66,3.68,75.8,10.49,7.95,2.54,4.94,7.91,1243.25,1.18,1.8,207.3
01.11.2015 11:00:00,1005.22,10.12,4.66,68.8,12.39,8.53,3.87,5.29,8.48,1232.19,1.35,2.2,190.5
01.11.2015 12:00:00,1004.67,13.32,5.95,60.91,15.32,9.33,5.99,5.8,9.29,1217.4,1.57,2.28,180.2
01.11.2015 13:00:00,1004.1,16.14,6.0,50.95,18.37,9.36,9.01,5.82,9.32,1204.82,1.73,3.08,170.7
01.11.2015 14:00:00,1003.56,17.39,6.53,48.82,19.89,9.71,10.18,6.04,9.68,1198.84,1.43,2.56,154.0
01.11.2015 15:00:00,1003.37,17.96,7.03,48.73,20.62,10.05,10.57,6.25,10.01,1196.11,1.56,2.16,195.0
01.11.2015 16:00:00,1003.16,16.62,7.04,53.06,18.94,10.05,8.89,6.26,10.02,1201.38,1.87,2.82,207.4
01.11.2015 17:00:00,1003.12,15.58,6.9,56.18,17.73,9.96,7.77,6.2,9.93,1205.71,0.65,1.24,249.0
01.11.2015 18:00:00,1003.87,12.58,6.95,68.5,14.59,9.99,4.6,6.22,9.96,1219.27,0.62,1.28,68.59
01.11.2015 19:00:00,1004.45,10.2,6.69,78.8,12.46,9.82,2.64,6.1,9.77,1230.29,2.49,2.88,15.57
01.11.2015 20:00:00,1004.68,9.38,6.37,81.4,11.79,9.6,2.19,5.96,9.55,1234.26,0.65,1.64,163.4
01.11.2015 21:00:00,1004.56,7.83,5.81,87.0,10.61,9.23,1.38,5.74,9.19,1241.09,1.19,1.88,196.2
01.11.2015 22:00:00,1004.51,6.92,5.32,89.5,9.97,8.93,1.05,5.55,8.89,1245.19,1.47,2.68,201.1
01.11.2015 23:00:00,1004.29,4.97,3.98,93.3,8.71,8.13,0.58,5.05,8.09,1254.03,1.12,2.56,170.9
02.11.2015 00:00:00,1003.98,4.23,3.38,94.2,8.27,7.79,0.48,4.84,7.76,1257.14,0.64,1.24,162.1
02.11.2015 01:00:00,1003.77,3.57,2.77,94.5,7.89,7.46,0.43,4.64,7.43,1260.05,1.2,1.64,205.8
02.11.2015 02:00:00,1003.38,3.57,3.0,96.0,7.9,7.58,0.32,4.71,7.55,1259.48,1.61,2.64,190.6
02.11.2015 03:00:00,1003.43,2.21,1.75,96.8,7.16,6.93,0.23,4.31,6.91,1266.1,1.55,2.48,193.4
02.11.2015 04:00:00,1003.01,2.09,1.7,97.2,7.11,6.91,0.2,4.29,6.89,1266.1,1.64,3.2,168.7
02.11.2015 05:00:00,1003.13,1.18,0.73,96.8,6.65,6.44,0.21,4.0,6.42,1270.69,0.38,1.0,34.76
02.11.2015 06:00:00,1002.96,0.08,-0.37,96.8,6.14,5.95,0.2,3.7,5.93,1275.85,1.11,1.3,204.0
02.11.2015 07:00:00,1002.96,-1.15,-1.52,97.3,5.62,5.46,0.15,3.4,5.45,1281.81,0.53,1.0,203.2
02.11.2015 08:00:00,1003.36,-0.49,-0.78,97.9,5.89,5.77,0.12,3.58,5.75,1279.1,0.73,1.48,202.5
02.11.2015 09:00:00,1003.17,-0.57,-0.83,98.1,5.86,5.75,0.11,3.57,5.73,1279.22,0.72,1.12,211.5
02.11.2015 10:00:00,1002.83,1.77,1.59,98.7,6.94,6.85,0.09,4.26,6.83,1267.4,1.4,2.2,218.1
02.11.2015 11:00:00,1002.43,6.56,6.07,96.7,9.72,9.4,0.32,5.86,9.38,1244.01,0.49,1.2,160.4
02.11.2015 12:00:00,1001.9,9.74,3.29,64.07,12.08,7.74,4.34,4.82,7.73,1230.13,0.66,1.4,87.2
02.11.2015 13:00:00,1001.34,13.54,4.14,52.88,15.54,8.22,7.32,5.12,8.2,1212.92,0.91,1.56,185.3
02.11.2015 14:00:00,1000.66,15.13,3.75,46.42,17.22,7.99,9.23,4.98,7.99,1205.51,1.12,1.48,205.3
02.11.2015 15:00:00,1000.2,15.83,4.05,45.32,18.01,8.16,9.85,5.09,8.16,1201.97,2.01,2.56,222.0
02.11.2015 16:00:00,1000.18,15.85,4.89,48.01,18.04,8.66,9.38,5.4,8.66,1201.63,0.41,1.08,157.7
02.11.2015 17:00:00,999.97,12.81,3.81,54.19,14.81,8.03,6.79,5.01,8.03,1214.44,0.53,0.94,50.55
02.11.2015 18:00:00,1000.1,9.49,4.23,69.63,11.88,8.27,3.61,5.16,8.27,1228.75,0.23,0.64,278.9
02.11.2015 19:00:00,1000.09,8.21,3.65,72.9,10.89,7.94,2.95,4.95,7.94,1234.48,1.5,1.88,207.1
02.11.2015 20:00:00,999.9,5.89,3.35,83.7,9.28,7.77,1.51,4.85,7.77,1244.61,0.4,0.76,169.1
02.11.2015 21:00:00,999.74,4.61,2.54,86.4,8.49,7.34,1.16,4.58,7.34,1250.33,1.44,2.12,161.0
02.11.2015 22:00:00,999.71,3.45,2.46,93.2,7.83,7.3,0.53,4.55,7.3,1255.54,1.17,1.44,199.7
02.11.2015 23:00:00,999.44,2.83,2.06,94.7,7.49,7.09,0.4,4.42,7.09,1258.15,1.81,2.36,206.3
03.11.2015 00:00:00,999.13,0.54,-0.05,95.8,6.35,6.09,0.27,3.8,6.09,1268.74,0.76,1.64,175.3
03.11.2015 01:00:00,998.95,0.55,0.14,97.0,6.36,6.17,0.19,3.85,6.17,1268.42,1.36,1.88,190.7
03.11.2015 02:00:00,998.62,0.36,-0.02,97.3,6.27,6.1,0.17,3.81,6.11,1268.92,0.44,1.36,248.4
03.11.2015 03:00:00,998.19,-1.34,-1.67,97.6,5.53,5.4,0.13,3.37,5.41,1276.66,0.54,1.44,30.75
03.11.2015 04:00:00,997.58,-1.55,-1.86,97.7,5.45,5.33,0.13,3.33,5.34,1276.87,0.7,1.96,164.3
03.11.2015 05:00:00,997.35,-2.14,-2.41,98.0,5.22,5.11,0.1,3.2,5.13,1279.48,0.32,0.68,327.2
03.11.2015 06:00:00,997.08,-2.35,-2.65,97.8,5.14,5.02,0.11,3.14,5.04,1280.16,1.09,2.0,166.4
03.11.2015 07:00:00,997.25,-2.66,-2.93,98.0,5.02,4.92,0.1,3.07,4.93,1281.91,0.79,1.32,182.6
03.11.2015 08:00:00,997.12,-1.64,-2.08,96.8,5.42,5.24,0.17,3.28,5.26,1276.75,0.71,1.16,149.2
03.11.2015 09:00:00,996.88,-0.32,-1.41,92.3,5.97,5.51,0.46,3.44,5.53,1270.15,1.47,2.28,197.9
03.11.2015 10:00:00,996.52,1.58,-0.57,85.6,6.85,5.86,0.99,3.67,5.88,1260.77,0.8,1.44,210.1
03.11.2015 11:00:00,995.98,5.08,0.6,72.7,8.78,6.38,2.4,3.99,6.41,1243.98,0.51,1.52,149.1
03.11.2015 12:00:00,994.94,8.55,1.36,60.47,11.15,6.74,4.41,4.23,6.78,1227.19,0.54,1.12,153.9
03.11.2015 13:00:00,994.38,11.26,1.57,51.16,13.37,6.84,6.53,4.29,6.88,1214.76,0.87,1.32,91.8
03.11.2015 14:00:00,993.93,13.14,2.76,49.23,15.14,7.45,7.68,4.68,7.5,1205.95,1.11,1.48,38.57
03.11.2015 15:00:00,993.57,14.29,4.34,51.09,16.31,8.33,7.98,5.23,8.39,1200.29,0.9,1.2,38.71
03.11.2015 16:00:00,993.32,12.92,4.46,56.33,14.92,8.4,6.52,5.28,8.46,1205.7,1.5,2.04,3.89
03.11.2015 17:00:00,993.42,10.94,4.61,64.87,13.09,8.49,4.6,5.33,8.55,1214.19,0.71,1.12,266.1
03.11.2015 18:00:00,993.33,8.66,4.47,74.9,11.23,8.41,2.82,5.28,8.47,1223.93,0.5,1.0,57.94
03.11.2015 19:00:00,993.32,7.35,3.78,78.0,10.27,8.01,2.26,5.03,8.07,1229.82,0.48,0.88,349.4
03.11.2015 20:00:00,993.44,5.62,3.4,85.6,9.11,7.8,1.31,4.9,7.85,1237.72,1.45,2.16,204.1
03.11.2015 21:00:00,993.95,4.58,2.76,87.9,8.48,7.45,1.03,4.68,7.5,1243.12,0.22,0.56,317.1
03.11.2015 22:00:00,993.83,3.36,2.28,92.6,7.78,7.2,0.58,4.52,7.24,1248.61,0.41,0.72,108.2
03.11.2015 23:00:00,994.03,3.77,2.89,93.9,8.01,7.52,0.49,4.72,7.56,1246.84,0.48,1.04,240.2
04.11.2015 00:00:00,994.09,1.59,0.95,95.5,6.85,6.54,0.31,4.1,6.58,1257.3,0.42,1.08,123.4
04.11.2015 01:00:00,994.37,0.89,0.31,95.9,6.51,6.25,0.27,3.92,6.28,1261.01,0.76,1.6,196.7
04.11.2015 02:00:00,994.47,1.01,0.3,95.0,6.57,6.24,0.33,3.91,6.28,1260.59,1.21,1.64,200.7
04.11.2015 03:00:00,994.51,1.39,0.87,96.3,6.76,6.51,0.25,4.08,6.54,1258.75,0.24,0.5,137.7
04.11.2015 04:00:00,994.57,-0.04,-0.59,96.0,6.09,5.85,0.24,3.67,5.88,1265.71,0.49,1.14,209.5
04.11.2015 05:00:00,994.34,1.31,0.88,96.9,6.72,6.51,0.21,4.08,6.55,1258.9,0.78,1.24,214.2
04.11.2015 06:00:00,994.41,0.44,-0.06,96.4,6.31,6.08,0.23,3.81,6.11,1263.19,1.47,2.36,144.5
04.11.2015 07:00:00,994.53,0.61,-0.1,95.0,6.38,6.06,0.32,3.8,6.1,1262.61,0.5,0.72,228.2
04.11.2015 08:00:00,994.62,2.02,1.12,93.7,7.07,6.63,0.45,4.15,6.66,1255.94,0.22,0.54,118.2
04.11.2015 09:00:00,995.04,2.27,0.75,89.6,7.2,6.45,0.75,4.04,6.48,1255.43,0.75,1.02,190.3
04.11.2015 10:00:00,994.91,4.71,2.03,82.7,8.56,7.08,1.48,4.44,7.11,1243.93,0.45,1.44,169.3
04.11.2015 11:00:00,994.77,6.07,2.92,80.2,9.4,7.54,1.86,4.73,7.58,1237.52,0.74,1.68,117.3
04.11.2015 12:00:00,994.54,9.88,4.18,67.58,12.2,8.24,3.95,5.17,8.29,1220.23,0.58,1.12,134.8
04.11.2015 13:00:00,994.35,13.53,5.79,59.42,15.53,9.23,6.3,5.79,9.28,1204.01,0.7,1.46,165.6
04.11.2015 14:00:00,994.04,15.43,6.84,56.5,17.56,9.92,7.64,6.23,9.98,1195.39,0.92,1.84,204.1
04.11.2015 15:00:00,993.88,15.54,7.58,59.02,17.68,10.44,7.25,6.56,10.5,1194.5,0.3,0.56,274.3
04.11.2015 16:00:00,993.96,14.02,7.12,63.08,16.03,10.11,5.92,6.35,10.17,1201.08,0.76,1.42,274.6
04.11.2015 17:00:00,994.08,13.67,7.24,65.05,15.67,10.19,5.48,6.4,10.25,1202.65,0.25,0.6,328.3
04.11.2015 18:00:00,994.38,12.27,8.25,76.4,14.3,10.92,3.37,6.86,10.98,1208.57,0.82,0.96,219.9
04.11.2015 19:00:00,994.65,11.19,8.24,82.0,13.31,10.91,2.4,6.85,10.97,1213.5,1.1,1.72,163.2
04.11.2015 20:00:00,994.6,10.85,8.52,85.5,13.01,11.13,1.89,6.99,11.19,1214.79,0.56,1.28,186.3
04.11.2015 21:00:00,994.6,9.95,8.18,88.7,12.25,10.87,1.38,6.82,10.93,1218.78,1.1,1.64,185.7
04.11.2015 22:00:00,994.89,9.98,8.32,89.4,12.28,10.98,1.3,6.89,11.03,1218.96,0.57,1.2,227.6
04.11.2015 23:00:00,994.79,8.64,7.7,93.8,11.22,10.52,0.7,6.6,10.58,1224.84,0.73,1.36,167.3
05.11.2015 00:00:00,994.87,8.64,7.54,92.8,11.22,10.41,0.81,6.53,10.46,1224.99,0.29,0.64,243.8
05.11.2015 01:00:00,994.93,8.57,7.24,91.3,11.16,10.19,0.97,6.4,10.24,1225.47,0.69,1.48,132.1
05.11.2015 02:00:00,995.04,7.57,6.84,95.1,10.43,9.92,0.51,6.22,9.97,1230.1,0.26,0.56,0.81
05.11.2015 03:00:00,995.14,7.41,6.54,94.2,10.31,9.72,0.6,6.1,9.76,1231.02,0.58,1.24,169.5
05.11.2015 04:00:00,995.13,7.63,6.59,93.1,10.47,9.75,0.72,6.12,9.8,1230.03,0.16,0.32,76.7
05.11.2015 05:00:00,995.14,7.27,6.37,94.0,10.22,9.6,0.61,6.02,9.65,1231.69,0.73,1.12,208.6
05.11.2015 06:00:00,995.18,6.97,6.24,95.1,10.0,9.51,0.49,5.97,9.56,1233.12,0.34,1.04,254.6
05.11.2015 07:00:00,995.67,7.5,6.35,92.4,10.38,9.59,0.79,6.01,9.63,1231.35,0.57,1.66,166.7
05.11.2015 08:00:00,996.01,7.91,6.63,91.6,10.67,9.78,0.9,6.13,9.82,1229.88,0.65,1.4,170.8
05.11.2015 09:00:00,996.2,7.88,6.73,92.4,10.65,9.84,0.81,6.17,9.88,1230.22,0.82,1.32,174.1
05.11.2015 10:00:00,996.02,9.26,7.64,89.6,11.7,10.48,1.22,6.57,10.52,1223.69,0.22,0.6,36.06
05.11.2015 11:00:00,996.07,10.38,8.42,87.6,12.61,11.05,1.56,6.93,11.09,1218.65,0.4,0.84,141.0
05.11.2015 12:00:00,995.87,13.08,9.43,78.5,15.08,11.84,3.24,7.43,11.88,1206.55,0.34,0.92,99.6
05.11.2015 13:00:00,995.35,16.18,10.13,67.32,18.42,12.4,6.02,7.79,12.46,1192.74,1.12,1.68,161.0
05.11.2015 14:00:00,994.91,17.0,10.28,64.54,19.41,12.53,6.88,7.87,12.59,1188.79,1.39,2.28,141.3
05.11.2015 15:00:00,994.74,17.42,10.58,64.11,19.93,12.78,7.15,8.03,12.84,1186.75,1.59,2.52,186.7
05.11.2015 16:00:00,994.75,16.66,9.99,64.67,18.99,12.28,6.71,7.72,12.35,1190.1,0.91,1.56,84.4
05.11.2015 17:00:00,994.81,15.06,10.14,72.4,17.14,12.41,4.73,7.8,12.48,1196.72,0.12,0.28,8.1
05.11.2015 18:00:00,995.2,12.77,9.71,81.6,14.77,12.06,2.72,7.57,12.11,1206.94,0.68,1.92,29.74
05.11.2015 19:00:00,995.36,11.79,9.09,83.5,13.85,11.57,2.29,7.26,11.62,1211.51,0.72,1.28,200.1
05.11.2015 20:00:00,995.43,10.07,8.57,90.4,12.35,11.17,1.19,7.01,11.22,1219.15,0.7,2.28,139.1
05.11.2015 21:00:00,995.15,9.36,7.76,89.7,11.78,10.56,1.21,6.63,10.61,1222.14,1.22,1.8,156.9
05.11.2015 22:00:00,995.02,7.88,7.27,95.9,10.65,10.21,0.44,6.41,10.27,1228.58,0.67,1.36,107.0
05.11.2015 23:00:00,995.18,7.83,7.37,96.9,10.61,10.29,0.33,6.45,10.34,1228.96,0.86,1.16,207.0
06.11.2015 00:00:00,995.26,7.51,7.07,97.0,10.38,10.07,0.31,6.32,10.12,1230.57,1.2,1.76,225.1
06.11.2015 01:00:00,995.35,6.78,6.35,97.1,9.87,9.59,0.29,6.01,9.63,1234.13,0.6,1.28,161.8
06.11.2015 02:00:00,995.37,6.78,6.44,97.7,9.88,9.65,0.23,6.05,9.7,1234.1,0.4,1.0,138.1
06.11.2015 03:00:00,995.21,6.79,6.34,96.9,9.89,9.58,0.31,6.01,9.63,1233.88,1.39,2.88,163.9
06.11.2015 04:00:00,995.17,7.27,6.72,96.3,10.22,9.84,0.38,6.17,9.88,1231.62,1.16,2.1,211.2
06.11.2015 05:00:00,995.19,7.28,6.35,93.8,10.22,9.59,0.63,6.01,9.63,1231.72,0.48,1.16,111.8
06.11.2015 06:00:00,995.02,7.17,6.35,94.5,10.15,9.59,0.56,6.02,9.64,1231.99,1.46,2.36,182.5
06.11.2015 07:00:00,995.15,7.53,6.65,94.1,10.4,9.79,0.61,6.14,9.83,1230.47,1.4,2.64,195.5
06.11.2015 08:00:00,995.27,7.97,6.79,92.2,10.72,9.88,0.84,6.2,9.93,1228.66,0.9,1.98,130.9
06.11.2015 09:00:00,995.61,8.78,7.28,90.3,11.32,10.22,1.1,6.41,10.27,1225.39,1.0,2.22,166.1
06.11.2015 10:00:00,995.64,10.33,7.99,85.4,12.57,10.73,1.84,6.73,10.78,1218.49,1.55,3.08,167.1
06.11.2015 11:00:00,995.76,12.35,8.95,79.7,14.37,11.45,2.92,7.19,11.5,1209.68,2.7,4.44,180.6
06.11.2015 12:00:00,995.38,15.02,9.73,70.6,17.1,12.07,5.03,7.58,12.13,1197.73,3.29,4.65,168.2
06.11.2015 13:00:00,994.8,18.13,9.89,58.55,20.84,12.2,8.64,7.67,12.27,1184.18,5.27,7.25,203.9
06.11.2015 14:00:00,994.68,18.17,10.17,59.52,20.89,12.44,8.46,7.81,12.5,1183.77,4.63,7.19,211.4
06.11.2015 15:00:00,995.02,17.75,10.51,62.51,20.35,12.72,7.63,7.99,12.78,1185.76,4.87,6.53,215.5
06.11.2015 16:00:00,995.1,16.71,10.49,66.68,19.05,12.7,6.35,7.98,12.77,1190.12,3.65,5.19,211.2
06.11.2015 17:00:00,995.73,15.67,10.69,72.2,17.83,12.87,4.96,8.08,12.93,1195.09,2.89,4.65,218.5
06.11.2015 18:00:00,996.02,15.03,10.68,75.2,17.11,12.87,4.24,8.08,12.92,1198.09,4.05,5.53,208.0
06.11.2015 19:00:00,996.22,14.71,10.86,77.7,16.76,13.02,3.74,8.17,13.07,1199.59,4.22,6.67,211.6
06.11.2015 20:00:00,996.28,14.38,10.77,78.9,16.41,12.95,3.46,8.12,12.99,1201.09,2.89,3.64,209.2
06.11.2015 21:00:00,996.28,13.21,10.41,83.1,15.21,12.64,2.57,7.93,12.68,1206.13,3.07,3.42,225.2
06.11.2015 22:00:00,996.13,13.16,10.29,82.7,15.16,12.53,2.62,7.86,12.58,1206.21,1.47,1.84,217.3
06.11.2015 23:00:00,996.27,11.77,9.89,88.2,13.83,12.2,1.63,7.65,12.25,1212.42,0.97,1.5,142.8
07.11.2015 00:00:00,995.63,11.17,9.73,90.8,13.29,12.07,1.22,7.58,12.12,1214.25,0.76,1.32,170.8
07.11.2015 01:00:00,995.58,11.26,9.86,91.1,13.37,12.18,1.19,7.65,12.24,1213.75,0.8,1.8,115.8
07.11.2015 02:00:00,995.53,11.53,10.6,94.0,13.61,12.8,0.82,8.03,12.85,1212.25,0.81,1.9,132.0
07.11.2015 03:00:00,995.38,11.65,11.08,96.3,13.72,13.21,0.51,8.3,13.28,1211.37,2.66,3.88,156.3
07.11.2015 04:00:00,995.23,12.37,11.92,97.1,14.39,13.97,0.42,8.78,14.04,1207.78,1.99,3.12,157.3
07.11.2015 05:00:00,995.2,13.12,12.4,95.4,15.12,14.42,0.7,9.06,14.49,1204.38,0.88,2.04,191.3
07.11.2015 06:00:00,995.47,13.26,12.32,94.0,15.26,14.34,0.92,9.01,14.41,1204.15,1.2,2.56,166.7
07.11.2015 07:00:00,996.12,13.39,12.49,94.3,15.39,14.51,0.88,9.11,14.56,1204.32,1.81,3.76,178.3
07.11.2015 08:00:00,996.83,14.03,12.79,92.2,16.04,14.79,1.25,9.28,14.84,1202.37,1.32,3.0,187.6
07.11.2015 09:00:00,997.61,14.68,13.28,91.3,16.73,15.27,1.46,9.58,15.31,1200.37,0.59,1.32,115.0
07.11.2015 10:00:00,997.62,17.37,14.14,81.3,19.87,16.15,3.72,10.13,16.19,1188.87,2.32,3.84,204.8
07.11.2015 11:00:00,997.71,18.72,13.89,73.5,21.63,15.9,5.73,9.97,15.93,1183.6,3.68,5.65,238.3
07.11.2015 12:00:00,997.24,18.93,13.45,70.5,21.91,15.45,6.46,9.69,15.49,1182.39,4.02,6.32,210.5
07.11.2015 13:00:00,997.42,19.06,12.56,65.94,22.09,14.57,7.52,9.13,14.6,1182.47,3.24,5.24,229.8
07.11.2015 14:00:00,997.46,19.45,12.54,64.28,22.63,14.55,8.08,9.12,14.59,1180.96,2.96,5.92,231.0
07.11.2015 15:00:00,997.42,18.52,13.02,70.3,21.36,15.01,6.34,9.42,15.05,1184.47,1.67,2.52,228.5
07.11.2015 16:00:00,997.26,17.71,13.0,73.9,20.3,15.0,5.3,9.41,15.04,1187.57,2.18,3.12,222.0
07.11.2015 17:00:00,997.71,17.18,13.22,77.5,19.63,15.21,4.42,9.54,15.25,1190.19,1.92,2.82,213.8
07.11.2015 18:00:00,997.01,16.46,13.21,81.1,18.75,15.21,3.54,9.54,15.25,1192.31,2.79,5.41,206.0
07.11.2015 19:00:00,997.07,16.08,13.12,82.6,18.3,15.12,3.18,9.49,15.16,1193.99,2.76,4.04,177.7
07.11.2015 20:00:00,997.11,16.52,13.21,80.8,18.82,15.21,3.61,9.54,15.25,1192.18,1.68,2.8,190.3
07.11.2015 21:00:00,997.2,16.74,13.43,80.8,19.09,15.42,3.67,9.68,15.47,1191.29,4.07,5.77,217.7
07.11.2015 22:00:00,996.74,16.72,13.47,81.1,19.07,15.46,3.6,9.71,15.51,1190.8,5.41,8.73,206.9
07.11.2015 23:00:00,996.71,17.06,13.49,79.5,19.48,15.49,3.99,9.72,15.54,1189.36,5.53,7.25,203.0
08.11.2015 00:00:00,996.93,16.89,13.5,80.4,19.27,15.49,3.78,9.72,15.54,1190.31,4.03,5.97,196.6
08.11.2015 01:00:00,997.09,17.0,13.66,80.7,19.41,15.66,3.75,9.83,15.71,1189.98,1.48,3.36,213.1
08.11.2015 02:00:00,997.51,16.97,13.52,80.1,19.37,15.52,3.85,9.73,15.55,1190.67,0.74,2.08,238.5
08.11.2015 03:00:00,997.88,16.89,12.96,77.6,19.27,14.96,4.32,9.37,14.99,1191.7,0.72,1.52,220.2
08.11.2015 04:00:00,998.29,16.74,11.24,69.94,19.09,13.35,5.74,8.36,13.37,1193.54,1.32,3.44,268.1
08.11.2015 05:00:00,999.24,15.88,11.14,73.4,18.07,13.26,4.81,8.3,13.27,1198.27,1.17,2.44,30.74
08.11.2015 06:00:00,1000.19,15.31,10.87,74.8,17.42,13.03,4.39,8.14,13.03,1201.9,1.03,3.28,277.9
08.11.2015 07:00:00,1001.46,14.27,11.06,81.0,16.29,13.2,3.1,8.24,13.18,1207.71,0.51,1.18,251.8
08.11.2015 08:00:00,1002.25,13.92,10.59,80.3,15.93,12.79,3.14,7.97,12.76,1210.33,0.89,1.52,249.6
08.11.2015 09:00:00,1003.01,14.35,10.48,77.5,16.38,12.69,3.68,7.91,12.65,1209.48,1.69,3.28,285.2
08.11.2015 10:00:00,1003.6,14.5,8.9,69.03,16.54,11.41,5.12,7.11,11.37,1210.15,1.58,3.08,256.8
08.11.2015 11:00:00,1003.38,15.08,9.13,67.54,17.17,11.59,5.57,7.22,11.56,1207.37,1.53,3.56,352.5
08.11.2015 12:00:00,1002.99,15.61,9.27,65.88,17.76,11.7,6.06,7.29,11.67,1204.63,2.0,4.04,203.5
08.11.2015 13:00:00,1002.19,16.42,8.81,60.67,18.7,11.35,7.36,7.07,11.32,1200.46,1.85,3.12,205.9
08.11.2015 14:00:00,1001.41,17.29,8.48,56.13,19.77,11.1,8.67,6.92,11.08,1196.05,1.22,2.04,246.6
08.11.2015 15:00:00,1000.79,16.48,8.6,59.58,18.78,11.19,7.59,6.98,11.18,1198.6,1.45,2.64,180.6
08.11.2015 16:00:00,1000.44,15.3,8.52,63.89,17.41,11.12,6.29,6.95,11.12,1203.1,1.6,2.16,227.7
08.11.2015 17:00:00,1000.05,14.2,8.6,68.95,16.22,11.18,5.04,6.98,11.18,1207.21,0.49,0.88,87.6
08.11.2015 18:00:00,999.73,13.27,8.58,73.2,15.27,11.17,4.09,6.98,11.18,1210.75,0.97,1.56,203.7
08.11.2015 19:00:00,999.28,12.23,8.31,76.9,14.26,10.96,3.29,6.85,10.97,1214.71,1.54,2.44,221.0
08.11.2015 20:00:00,998.37,11.15,8.11,81.5,13.28,10.82,2.46,6.77,10.84,1218.28,1.65,2.8,190.9
08.11.2015 21:00:00,997.64,10.51,8.05,84.7,12.72,10.77,1.95,6.75,10.8,1220.15,1.25,2.08,185.6
08.11.2015 22:00:00,996.75,10.35,8.2,86.5,12.59,10.89,1.7,6.82,10.92,1219.69,1.95,2.44,194.1
08.11.2015 23:00:00,995.5,9.61,8.05,90.0,11.98,10.78,1.2,6.76,10.83,1221.39,1.61,2.96,181.0
09.11.2015 00:00:00,994.46,10.71,9.17,90.2,12.89,11.63,1.26,7.31,11.69,1214.99,2.08,3.0,197.7
09.11.2015 01:00:00,993.6,11.25,9.82,90.9,13.36,12.15,1.22,7.64,12.23,1211.39,1.68,2.72,188.3
09.11.2015 02:00:00,992.9,13.35,11.49,88.5,15.35,13.58,1.76,8.55,13.68,1201.0,3.88,4.89,193.6
09.11.2015 03:00:00,992.58,13.56,11.28,86.1,15.56,13.39,2.16,8.44,13.49,1199.82,4.35,6.09,202.1
09.11.2015 04:00:00,992.84,15.02,11.32,78.5,17.1,13.42,3.68,8.45,13.52,1194.04,4.21,5.97,205.9
09.11.2015 05:00:00,992.98,14.84,11.28,79.2,16.9,13.39,3.52,8.43,13.48,1194.97,2.73,3.6,224.1
09.11.2015 06:00:00,993.18,15.63,11.72,77.5,17.78,13.78,4.0,8.68,13.88,1191.76,1.1,3.04,249.9
09.11.2015 07:00:00,992.05,15.55,12.16,80.2,17.69,14.19,3.5,8.95,14.3,1190.54,4.19,6.89,191.4
09.11.2015 08:00:00,993.44,14.7,12.08,84.3,16.75,14.12,2.63,8.89,14.21,1195.77,2.73,4.57,201.4
09.11.2015 09:00:00,993.96,15.33,11.87,79.8,17.44,13.92,3.52,8.76,14.01,1193.89,5.23,7.77,207.0
09.11.2015 10:00:00,994.25,16.5,12.12,75.3,18.8,14.16,4.64,8.9,14.24,1189.3,3.77,6.29,215.9
09.11.2015 11:00:00,994.62,17.42,11.82,69.64,19.93,13.88,6.05,8.73,13.95,1186.1,4.95,7.39,241.6
09.11.2015 12:00:00,994.76,17.45,11.66,68.79,19.97,13.74,6.23,8.63,13.81,1186.21,3.44,5.89,232.2
09.11.2015 13:00:00,994.42,17.37,10.37,63.42,19.87,12.6,7.27,7.92,12.67,1186.65,3.17,6.43,262.0
09.11.2015 14:00:00,994.44,17.09,10.01,63.01,19.52,12.3,7.22,7.73,12.37,1187.96,3.7,8.77,257.5
09.11.2015 15:00:00,994.66,16.62,9.69,63.55,18.94,12.04,6.91,7.56,12.1,1190.26,3.08,6.73,235.4
09.11.2015 16:00:00,994.83,16.19,8.78,61.42,18.43,11.32,7.11,7.11,11.38,1192.57,2.82,5.49,245.1
09.11.2015 17:00:00,995.08,15.77,8.57,62.21,17.94,11.16,6.78,7.01,11.22,1194.67,1.3,3.72,232.4
09.11.2015 18:00:00,995.61,15.54,7.97,60.59,17.68,10.71,6.97,6.72,10.76,1196.46,2.93,6.69,253.1
09.11.2015 19:00:00,995.83,15.16,8.03,62.37,17.26,10.76,6.49,6.75,10.81,1198.29,2.64,4.16,247.5
09.11.2015 20:00:00,995.43,14.68,7.86,63.56,16.73,10.63,6.1,6.67,10.68,1199.87,0.9,2.12,38.6
09.11.2015 21:00:00,995.74,14.48,7.03,60.85,16.51,10.05,6.47,6.3,10.09,1201.34,2.28,4.91,234.7
09.11.2015 22:00:00,995.63,14.33,7.01,61.36,16.35,10.04,6.32,6.29,10.08,1201.84,1.87,4.97,217.5
09.11.2015 23:00:00,995.35,14.27,6.45,59.25,16.29,9.65,6.64,6.05,9.7,1201.92,4.61,6.73,211.3
10.11.2015 00:00:00,994.83,14.4,5.95,56.76,16.43,9.33,7.1,5.85,9.37,1200.9,5.15,7.95,211.4
10.11.2015 01:00:00,994.69,14.37,6.72,59.99,16.4,9.84,6.56,6.17,9.89,1200.62,2.48,4.85,213.6
10.11.2015 02:00:00,994.51,14.17,7.61,64.62,16.19,10.46,5.73,6.57,10.52,1200.95,2.34,3.64,209.6
10.11.2015 03:00:00,993.81,14.14,7.67,65.01,16.15,10.5,5.65,6.6,10.57,1200.21,1.68,6.81,239.9
10.11.2015 04:00:00,993.14,13.47,8.64,72.5,15.47,11.21,4.25,7.05,11.29,1201.87,7.56,11.73,217.5
10.11.2015 05:00:00,993.13,14.07,8.63,69.72,16.08,11.21,4.87,7.05,11.29,1199.35,4.65,10.57,218.5
10.11.2015 06:00:00,993.71,14.17,8.72,69.69,16.19,11.28,4.91,7.09,11.35,1199.61,3.06,5.77,221.8
10.11.2015 07:00:00,994.12,14.53,9.26,70.6,16.57,11.7,4.87,7.35,11.77,1198.41,2.1,3.6,211.6
10.11.2015 08:00:00,994.48,14.67,9.46,70.9,16.72,11.85,4.87,7.45,11.92,1198.2,2.28,3.84,179.7
10.11.2015 09:00:00,994.51,14.58,9.48,71.4,16.62,11.87,4.75,7.46,11.93,1198.6,1.74,3.16,202.5
10.11.2015 10:00:00,994.85,15.94,10.19,68.64,18.14,12.45,5.69,7.82,12.52,1193.11,1.48,3.06,199.1
10.11.2015 11:00:00,994.4,16.93,10.79,67.1,19.32,12.96,6.36,8.15,13.04,1188.26,2.36,5.41,223.4
10.11.2015 12:00:00,994.13,17.93,11.17,64.58,20.58,13.29,7.29,8.36,13.37,1183.71,4.92,8.09,252.2
10.11.2015 13:00:00,994.51,16.98,11.0,67.82,19.38,13.15,6.24,8.26,13.22,1188.11,2.79,6.25,269.0
10.11.2015 14:00:00,995.21,15.49,10.31,71.2,17.62,12.55,5.08,7.88,12.61,1195.35,3.99,6.77,259.1
10.11.2015 15:00:00,995.33,15.05,9.99,71.7,17.13,12.28,4.85,7.71,12.34,1197.44,4.3,10.41,246.6
10.11.2015 16:00:00,995.12,15.07,10.3,73.1,17.16,12.54,4.61,7.88,12.6,1196.99,3.79,8.01,248.2
10.11.2015 17:00:00,995.35,14.8,10.58,75.8,16.86,12.78,4.08,8.02,12.84,1198.28,3.16,6.05,241.9
10.11.2015 18:00:00,995.29,14.84,10.79,76.7,16.9,12.96,3.94,8.14,13.03,1197.96,1.16,2.6,215.3
10.11.2015 19:00:00,995.6,15.19,11.03,76.2,17.29,13.17,4.11,8.27,13.23,1196.78,2.36,4.48,235.5
10.11.2015 20:00:00,995.48,15.19,11.23,77.2,17.29,13.35,3.94,8.38,13.41,1196.57,2.15,5.45,234.4
10.11.2015 21:00:00,995.41,15.18,11.24,77.3,17.28,13.36,3.92,8.39,13.42,1196.51,2.45,4.93,230.0
10.11.2015 22:00:00,995.57,15.07,11.13,77.3,17.16,13.26,3.89,8.33,13.32,1197.21,2.11,4.0,232.5
10.11.2015 23:00:00,995.75,15.16,11.3,77.7,17.26,13.41,3.85,8.42,13.46,1196.98,1.13,2.6,194.0
11.11.2015 00:00:00,995.57,15.25,11.43,77.9,17.36,13.52,3.84,8.49,13.58,1196.34,1.94,3.8,197.3
11.11.2015 01:00:00,995.8,15.2,11.42,78.1,17.3,13.51,3.79,8.48,13.57,1196.83,1.08,3.2,262.0
11.11.2015 02:00:00,995.84,15.01,11.31,78.5,17.09,13.42,3.67,8.42,13.47,1197.71,1.28,2.72,213.8
11.11.2015 03:00:00,995.8,14.64,11.16,79.6,16.69,13.28,3.4,8.34,13.34,1199.27,2.2,4.93,235.2
11.11.2015 04:00:00,995.56,14.37,10.95,79.9,16.4,13.1,3.3,8.23,13.16,1200.19,0.56,1.64,182.4
11.11.2015 05:00:00,995.9,14.35,10.9,79.7,16.38,13.05,3.32,8.19,13.11,1200.7,0.85,2.0,182.4
11.11.2015 06:00:00,995.88,13.99,10.17,77.7,16.0,12.43,3.57,7.8,12.48,1202.46,2.32,3.56,225.9
11.11.2015 07:00:00,995.96,13.68,9.83,77.5,15.68,12.15,3.53,7.62,12.2,1204.0,1.64,3.4,206.6
11.11.2015 08:00:00,996.41,13.61,9.62,76.8,15.61,11.99,3.62,7.52,12.03,1204.91,1.42,2.52,221.5
11.11.2015 09:00:00,996.86,13.65,9.64,76.7,15.65,12.0,3.65,7.52,12.04,1205.27,2.73,3.9,210.3
11.11.2015 10:00:00,997.35,13.7,10.11,78.9,15.7,12.39,3.31,7.76,12.42,1205.48,3.67,6.25,203.3
11.11.2015 11:00:00,997.21,14.76,10.14,73.8,16.82,12.41,4.41,7.78,12.45,1200.86,4.92,7.61,209.9
11.11.2015 12:00:00,997.23,15.54,10.08,69.89,17.68,12.36,5.32,7.74,12.39,1197.67,3.49,4.97,209.4
11.11.2015 13:00:00,996.77,16.35,9.71,64.73,18.62,12.05,6.57,7.56,12.09,1193.91,4.04,5.57,206.5
11.11.2015 14:00:00,996.33,16.1,10.04,67.25,18.33,12.32,6.0,7.73,12.37,1194.28,3.52,5.33,212.6
11.11.2015 15:00:00,996.34,15.96,10.52,70.1,18.16,12.73,5.43,7.99,12.78,1194.69,5.13,8.09,209.2
11.11.2015 16:00:00,996.62,14.25,9.49,73.0,16.27,11.88,4.39,7.45,11.92,1202.53,3.94,6.17,215.5
11.11.2015 17:00:00,996.89,12.97,8.71,75.3,14.97,11.27,3.7,7.06,11.31,1208.51,3.07,4.4,209.7
11.11.2015 18:00:00,996.82,11.82,7.74,76.0,13.88,10.55,3.33,6.61,10.58,1213.65,2.28,3.82,193.1
11.11.2015 19:00:00,997.15,10.9,6.96,76.6,13.06,10.0,3.06,6.26,10.03,1218.23,3.77,5.19,231.1
11.11.2015 20:00:00,997.24,9.85,6.54,79.8,12.17,9.71,2.46,6.08,9.74,1223.0,2.09,2.56,211.6
11.11.2015 21:00:00,997.61,9.98,6.55,79.2,12.28,9.72,2.55,6.09,9.75,1222.88,0.4,1.04,250.7
11.11.2015 22:00:00,997.44,9.61,6.36,80.1,11.98,9.59,2.38,6.0,9.62,1224.33,1.26,1.68,218.7
11.11.2015 23:00:00,997.5,9.4,6.39,81.4,11.81,9.61,2.2,6.02,9.64,1225.31,0.77,1.92,186.3
12.11.2015 00:00:00,997.25,9.8,6.32,78.9,12.13,9.57,2.56,5.99,9.6,1223.29,1.1,1.84,227.1
12.11.2015 01:00:00,997.27,9.93,5.98,76.4,12.24,9.35,2.89,5.85,9.37,1222.85,1.78,2.56,195.6
12.11.2015 02:00:00,997.36,9.8,5.82,76.2,12.13,9.24,2.89,5.78,9.27,1223.58,1.03,2.04,210.2
12.11.2015 03:00:00,997.49,9.91,5.54,74.2,12.22,9.07,3.15,5.67,9.09,1223.34,1.51,3.6,232.6
12.11.2015 04:00:00,997.66,9.73,5.2,73.3,12.07,8.85,3.22,5.54,8.87,1224.44,3.19,4.73,203.0
12.11.2015 05:00:00,998.09,9.95,5.7,74.8,12.25,9.17,3.09,5.73,9.18,1223.86,0.97,2.72,207.4
12.11.2015 06:00:00,997.99,10.3,6.3,76.2,12.54,9.56,2.99,5.98,9.58,1222.05,2.69,4.1,201.4
12.11.2015 07:00:00,998.16,10.36,6.51,77.0,12.59,9.7,2.9,6.07,9.72,1221.93,3.59,5.25,210.2
12.11.2015 08:00:00,998.69,10.81,6.8,76.2,12.98,9.89,3.09,6.18,9.9,1220.56,4.34,7.09,202.7
12.11.2015 09:00:00,998.89,10.93,7.01,76.7,13.08,10.03,3.05,6.27,10.05,1220.22,5.5,8.09,215.4
12.11.2015 10:00:00,999.31,11.69,7.4,74.9,13.76,10.31,3.45,6.44,10.31,1217.36,5.18,7.37,214.0
12.11.2015 11:00:00,999.49,12.38,7.69,73.0,14.4,10.51,3.89,6.57,10.52,1214.54,4.73,7.09,209.7
12.11.2015 12:00:00,999.6,13.44,7.86,68.92,15.44,10.64,4.8,6.65,10.64,1210.11,3.4,5.77,226.3
12.11.2015 13:00:00,999.35,14.24,7.97,65.89,16.26,10.71,5.55,6.7,10.72,1206.41,3.69,5.45,218.0
12.11.2015 14:00:00,999.52,14.65,7.58,62.49,16.7,10.43,6.26,6.52,10.44,1205.03,3.72,5.65,220.9
12.11.2015 15:00:00,999.59,14.15,7.52,64.28,16.17,10.39,5.77,6.49,10.4,1207.23,1.12,3.44,251.0
12.11.2015 16:00:00,999.58,13.78,7.71,66.72,15.78,10.53,5.25,6.58,10.53,1208.71,1.55,2.52,228.1
12.11.2015 17:00:00,999.89,13.27,7.81,69.46,15.27,10.6,4.66,6.62,10.6,1211.21,1.5,2.16,224.5
12.11.2015 18:00:00,999.99,12.84,7.74,71.1,14.84,10.55,4.29,6.59,10.55,1213.18,1.35,1.92,226.9
12.11.2015 19:00:00,1000.17,12.37,8.11,75.2,14.39,10.82,3.57,6.76,10.82,1215.26,1.22,2.2,163.1
12.11.2015 20:00:00,999.82,11.95,8.19,77.7,14.0,10.88,3.12,6.79,10.88,1216.6,1.15,1.92,183.4
12.11.2015 21:00:00,999.32,11.67,8.1,78.7,13.74,10.81,2.93,6.76,10.82,1217.21,0.9,1.66,123.9
12.11.2015 22:00:00,998.96,11.58,7.96,78.4,13.66,10.71,2.95,6.7,10.72,1217.2,1.92,2.72,220.5
12.11.2015 23:00:00,998.65,11.51,8.04,79.2,13.6,10.77,2.83,6.73,10.78,1217.1,1.88,2.72,198.9
13.11.2015 00:00:00,998.22,11.26,8.13,81.0,13.37,10.83,2.54,6.78,10.85,1217.62,1.71,2.48,185.0
13.11.2015 01:00:00,997.86,10.92,8.06,82.5,13.07,10.79,2.29,6.75,10.81,1218.65,1.53,2.28,196.2
13.11.2015 02:00:00,997.33,10.87,7.93,82.0,13.03,10.68,2.35,6.69,10.71,1218.27,2.25,3.36,185.0
13.11.2015 03:00:00,997.1,10.37,7.47,82.2,12.6,10.36,2.24,6.49,10.39,1220.28,2.31,3.52,181.7
13.11.2015 04:00:00,996.72,9.45,7.22,85.9,11.85,10.18,1.67,6.38,10.21,1223.87,2.41,3.76,180.5
13.11.2015 05:00:00,996.36,8.94,6.71,85.9,11.45,9.83,1.61,6.16,9.87,1225.79,3.17,4.2,181.6
13.11.2015 06:00:00,996.16,8.3,6.29,87.1,10.96,9.55,1.41,5.98,9.58,1228.48,2.68,3.64,188.6
13.11.2015 07:00:00,996.16,7.94,6.02,87.6,10.69,9.37,1.33,5.87,9.4,1230.13,2.12,3.14,190.1
13.11.2015 08:00:00,995.95,7.92,5.83,86.6,10.68,9.25,1.43,5.8,9.29,1230.01,2.58,3.52,151.5
13.11.2015 09:00:00,996.0,9.14,6.34,82.6,11.6,9.58,2.02,6.01,9.62,1224.6,1.43,2.9,175.3
13.11.2015 10:00:00,996.12,11.12,6.73,74.3,13.25,9.84,3.4,6.17,9.88,1216.1,2.73,4.73,173.2
13.11.2015 11:00:00,996.02,13.0,7.43,68.88,15.0,10.33,4.67,6.48,10.37,1207.76,3.68,7.53,199.5
13.11.2015 12:00:00,995.59,14.22,7.05,61.98,16.24,10.06,6.17,6.31,10.11,1202.23,6.12,9.05,210.3
13.11.2015 13:00:00,995.26,13.51,7.01,64.71,15.51,10.03,5.47,6.29,10.08,1204.83,6.32,9.73,214.5
13.11.2015 14:00:00,995.12,13.29,7.41,67.48,15.29,10.31,4.97,6.47,10.37,1205.45,6.15,10.65,210.9
13.11.2015 15:00:00,994.62,12.66,7.39,70.2,14.67,10.3,4.37,6.46,10.35,1207.51,6.5,9.57,214.4
13.11.2015 16:00:00,994.42,12.14,7.44,72.9,14.17,10.33,3.84,6.49,10.39,1209.45,6.66,9.09,210.2
13.11.2015 17:00:00,994.37,11.6,7.41,75.4,13.68,10.31,3.36,6.48,10.37,1211.69,5.28,7.05,205.3
13.11.2015 18:00:00,994.25,11.61,7.5,75.8,13.69,10.37,3.31,6.52,10.43,1211.47,3.23,5.17,189.8
13.11.2015 19:00:00,993.5,11.48,7.6,77.0,13.57,10.45,3.12,6.57,10.52,1211.08,4.57,5.71,203.0
13.11.2015 20:00:00,993.06,11.74,7.81,76.8,13.8,10.6,3.2,6.67,10.68,1209.36,5.29,7.41,208.9
13.11.2015 21:00:00,993.2,11.93,7.79,75.7,13.98,10.58,3.4,6.65,10.65,1208.73,2.17,3.68,258.2
13.11.2015 22:00:00,993.68,8.7,6.19,84.2,11.26,9.48,1.78,5.96,9.54,1223.69,2.02,4.2,247.1
13.11.2015 23:00:00,995.46,6.53,4.28,85.5,9.71,8.3,1.41,5.2,8.34,1235.98,2.24,5.77,248.9
14.11.2015 00:00:00,995.63,6.28,3.89,84.6,9.54,8.07,1.47,5.06,8.11,1237.38,2.22,4.17,243.0
14.11.2015 01:00:00,996.44,6.5,2.67,76.4,9.69,7.4,2.29,4.63,7.43,1237.71,2.83,5.09,253.5
14.11.2015 02:00:00,996.87,6.47,2.47,75.5,9.67,7.3,2.37,4.57,7.32,1238.47,2.56,4.97,250.4
14.11.2015 03:00:00,997.02,5.95,2.67,79.4,9.33,7.41,1.92,4.63,7.43,1240.89,2.0,3.12,217.6
14.11.2015 04:00:00,997.77,5.77,3.38,84.6,9.21,7.79,1.42,4.87,7.81,1242.47,2.36,4.85,269.5
14.11.2015 05:00:00,997.67,5.38,3.04,84.8,8.97,7.6,1.36,4.75,7.62,1244.14,2.11,4.49,224.3
14.11.2015 06:00:00,998.0,5.1,1.48,77.4,8.79,6.8,1.99,4.25,6.82,1246.22,2.66,5.21,246.4
14.11.2015 07:00:00,998.18,4.55,0.19,73.2,8.46,6.19,2.27,3.87,6.2,1249.19,2.7,4.27,218.5
14.11.2015 08:00:00,998.25,5.23,0.06,69.16,8.87,6.14,2.74,3.83,6.15,1246.23,3.05,4.65,213.4
14.11.2015 09:00:00,998.24,5.85,0.58,68.79,9.26,6.37,2.89,3.98,6.38,1243.33,2.86,3.71,202.8
14.11.2015 10:00:00,997.61,7.78,2.2,67.68,10.58,7.16,3.42,4.48,7.18,1233.66,5.99,11.38,208.5
14.11.2015 11:00:00,997.94,7.95,2.79,69.78,10.7,7.47,3.23,4.67,7.48,1233.18,4.21,7.89,239.8
14.11.2015 12:00:00,998.24,5.18,2.74,84.2,8.84,7.44,1.4,4.65,7.46,1245.83,2.33,5.53,263.3
14.11.2015 13:00:00,997.97,6.61,3.64,81.3,9.76,7.93,1.82,4.96,7.95,1238.92,3.05,6.05,247.5
14.11.2015 14:00:00,997.34,8.08,3.35,72.0,10.8,7.77,3.02,4.86,7.79,1231.72,3.11,6.01,238.6
14.11.2015 15:00:00,997.22,8.26,1.87,63.97,10.93,6.99,3.94,4.37,7.01,1231.16,2.1,4.04,238.1
14.11.2015 16:00:00,996.69,8.28,1.5,62.2,10.95,6.81,4.14,4.26,6.83,1230.5,2.5,4.28,228.1
14.11.2015 17:00:00,996.36,8.23,2.13,65.33,10.91,7.13,3.78,4.46,7.15,1230.16,2.55,5.15,223.4
14.11.2015 18:00:00,996.32,8.01,2.89,70.0,10.75,7.52,3.22,4.71,7.55,1230.89,2.28,5.25,228.5
14.11.2015 19:00:00,996.08,6.95,4.0,81.4,9.99,8.13,1.86,5.1,8.17,1234.96,3.34,5.87,196.1
14.11.2015 20:00:00,995.43,6.6,4.47,86.2,9.76,8.41,1.35,5.27,8.45,1235.55,1.85,2.96,185.6
14.11.2015 21:00:00,994.74,6.55,4.73,88.1,9.72,8.56,1.16,5.37,8.61,1234.86,1.58,2.32,193.2
14.11.2015 22:00:00,993.71,6.1,4.99,92.6,9.42,8.72,0.7,5.48,8.78,1235.49,2.23,2.88,197.9
14.11.2015 23:00:00,993.04,6.65,5.1,89.8,9.79,8.79,1.0,5.52,8.85,1232.2,2.8,4.73,199.4
15.11.2015 00:00:00,992.12,6.89,5.13,88.5,9.95,8.81,1.14,5.54,8.88,1229.99,1.61,2.04,187.7
15.11.2015 01:00:00,991.02,7.0,5.07,87.5,10.03,8.77,1.25,5.53,8.85,1228.14,2.2,2.96,196.2
15.11.2015 02:00:00,989.87,6.95,4.86,86.5,9.99,8.64,1.35,5.45,8.73,1226.99,3.78,5.49,189.1
15.11.2015 03:00:00,988.26,6.42,4.52,87.6,9.64,8.44,1.19,5.33,8.54,1227.4,4.68,5.93,191.4
15.11.2015 04:00:00,986.7,6.83,4.79,86.8,9.91,8.6,1.31,5.44,8.72,1223.62,4.97,8.07,197.2
15.11.2015 05:00:00,985.82,7.51,5.36,86.2,10.38,8.95,1.43,5.67,9.08,1219.38,3.87,6.57,206.7
15.11.2015 06:00:00,984.94,7.65,5.88,88.5,10.48,9.28,1.21,5.88,9.42,1217.52,6.71,10.33,205.7
15.11.2015 07:00:00,983.97,7.91,6.28,89.4,10.67,9.54,1.13,6.05,9.7,1215.07,4.92,7.93,207.4
15.11.2015 08:00:00,983.48,8.54,6.74,88.4,11.14,9.85,1.29,6.25,10.01,1211.6,5.47,7.13,201.3
15.11.2015 09:00:00,982.74,9.16,7.15,87.2,11.62,10.13,1.49,6.44,10.31,1207.9,4.88,7.61,206.3
15.11.2015 10:00:00,982.69,10.11,7.83,85.7,12.38,10.61,1.77,6.75,10.8,1203.56,3.0,6.61,205.5
15.11.2015 11:00:00,982.23,11.59,8.45,81.0,13.67,11.07,2.6,7.04,11.27,1196.53,3.96,8.25,223.0
15.11.2015 12:00:00,981.8,12.66,8.76,77.1,14.67,11.31,3.36,7.2,11.52,1191.42,5.0,8.69,228.6
15.11.2015 13:00:00,981.94,13.13,8.81,75.0,15.13,11.34,3.78,7.22,11.55,1189.62,4.64,10.25,241.4
15.11.2015 14:00:00,982.06,13.27,8.9,74.8,15.27,11.42,3.85,7.26,11.63,1189.15,2.89,5.95,217.8
15.11.2015 15:00:00,981.91,13.09,9.25,77.5,15.09,11.69,3.39,7.44,11.91,1189.59,1.99,6.21,217.9
15.11.2015 16:00:00,982.28,12.81,9.84,82.1,14.81,12.16,2.65,7.74,12.38,1190.99,2.94,5.09,228.7
15.11.2015 17:00:00,982.8,12.59,10.0,84.2,14.6,12.29,2.31,7.82,12.51,1192.47,2.73,4.57,217.9
15.11.2015 18:00:00,983.49,12.14,10.32,88.6,14.17,12.56,1.62,7.98,12.77,1195.08,2.82,6.17,229.3
15.11.2015 19:00:00,984.08,12.58,10.34,86.2,14.59,12.58,2.01,7.99,12.78,1193.95,2.53,5.61,233.3
15.11.2015 20:00:00,984.61,12.57,10.36,86.4,14.58,12.6,1.98,8.0,12.79,1194.62,2.89,5.85,231.5
15.11.2015 21:00:00,985.24,12.2,10.48,89.2,14.23,12.69,1.54,8.05,12.88,1196.9,2.41,5.21,226.9
15.11.2015 22:00:00,985.61,12.4,10.23,86.6,14.42,12.49,1.93,7.92,12.67,1196.61,2.47,6.27,237.4
15.11.2015 23:00:00,986.01,12.41,10.26,86.7,14.43,12.51,1.92,7.93,12.69,1197.04,2.1,4.97,235.2
16.11.2015 00:00:00,986.62,12.4,10.11,85.9,14.42,12.39,2.03,7.85,12.55,1197.89,3.56,6.53,247.3
16.11.2015 01:00:00,987.07,12.65,9.79,82.7,14.66,12.12,2.54,7.67,12.28,1197.51,3.2,5.57,238.3
16.11.2015 02:00:00,987.58,12.6,9.56,81.7,14.61,11.94,2.67,7.55,12.09,1198.43,2.7,4.28,228.5
16.11.2015 03:00:00,987.72,12.08,9.39,83.6,14.12,11.8,2.32,7.47,11.95,1200.84,4.41,6.53,234.3
16.11.2015 04:00:00,987.61,11.96,8.95,81.8,14.01,11.46,2.55,7.25,11.6,1201.37,3.97,7.09,247.4
16.11.2015 05:00:00,987.67,11.59,8.36,80.5,13.67,11.0,2.67,6.96,11.14,1203.22,1.0,2.4,202.9
16.11.2015 06:00:00,987.63,11.68,7.52,75.6,13.75,10.39,3.35,6.57,10.53,1203.07,1.37,2.2,165.8
16.11.2015 07:00:00,987.71,10.09,7.13,81.8,12.37,10.12,2.25,6.4,10.24,1210.05,2.5,2.96,229.2
16.11.2015 08:00:00,987.65,9.43,6.92,84.3,11.83,9.97,1.86,6.31,10.1,1212.87,2.18,2.64,217.5
16.11.2015 09:00:00,987.84,10.01,6.82,80.5,12.3,9.9,2.4,6.26,10.03,1210.65,3.07,4.57,205.2
16.11.2015 10:00:00,988.09,11.12,6.96,75.5,13.25,10.0,3.25,6.32,10.12,1206.19,3.49,5.19,208.1
16.11.2015 11:00:00,987.72,12.03,6.74,70.0,14.07,9.85,4.22,6.23,9.97,1201.95,4.02,5.49,207.4
16.11.2015 12:00:00,988.04,12.51,6.89,68.54,14.52,9.95,4.57,6.29,10.08,1200.28,1.76,3.4,326.8
16.11.2015 13:00:00,988.04,12.78,6.78,66.82,14.78,9.88,4.91,6.24,10.0,1199.18,1.99,4.18,286.0
16.11.2015 14:00:00,988.21,11.42,6.34,70.9,13.52,9.58,3.93,6.05,9.7,1205.26,1.45,3.24,269.6
16.11.2015 15:00:00,988.68,11.01,5.22,67.38,13.15,8.86,4.29,5.59,8.96,1207.9,1.81,3.88,238.3
16.11.2015 16:00:00,988.35,10.55,5.41,70.4,12.75,8.98,3.78,5.67,9.09,1209.4,3.72,5.85,199.6
16.11.2015 17:00:00,987.92,10.46,5.38,70.7,12.68,8.96,3.71,5.66,9.07,1209.27,2.59,3.92,189.6
16.11.2015 18:00:00,987.97,10.2,5.41,72.1,12.46,8.98,3.48,5.68,9.09,1210.43,3.05,4.2,197.2
16.11.2015 19:00:00,988.17,9.34,6.24,80.9,11.76,9.51,2.25,6.01,9.63,1214.11,3.7,6.01,211.2
16.11.2015 20:00:00,987.72,8.73,6.74,87.3,11.28,9.85,1.43,6.23,9.97,1216.03,2.05,3.12,164.0
16.11.2015 21:00:00,987.75,8.46,6.82,89.4,11.08,9.91,1.17,6.26,10.03,1217.2,2.44,4.57,170.5
16.11.2015 22:00:00,988.17,8.57,6.88,89.1,11.16,9.95,1.22,6.28,10.07,1217.23,1.19,2.6,145.1
16.11.2015 23:00:00,987.85,9.49,6.84,83.5,11.88,9.92,1.96,6.27,10.04,1212.88,3.39,5.17,217.6
17.11.2015 00:00:00,987.8,9.83,6.73,81.0,12.15,9.85,2.31,6.22,9.97,1211.4,2.95,4.97,213.1
17.11.2015 01:00:00,987.4,10.06,7.14,82.0,12.34,10.12,2.22,6.4,10.25,1209.8,5.42,7.81,208.3
17.11.2015 02:00:00,986.93,10.06,7.31,83.0,12.34,10.25,2.1,6.48,10.38,1209.16,4.7,6.25,208.2
17.11.2015 03:00:00,986.4,10.12,7.12,81.6,12.39,10.11,2.28,6.4,10.25,1208.31,6.0,8.45,214.0
17.11.2015 04:00:00,985.84,9.92,7.44,84.5,12.23,10.33,1.9,6.55,10.48,1208.38,5.73,8.25,210.0
17.11.2015 05:00:00,985.43,10.0,7.5,84.4,12.29,10.38,1.92,6.58,10.53,1207.51,4.77,6.33,196.3
17.11.2015 06:00:00,984.96,10.4,7.85,84.2,12.63,10.63,2.0,6.74,10.79,1205.11,6.19,9.01,210.6
17.11.2015 07:00:00,984.12,10.63,7.94,83.4,12.82,10.69,2.13,6.79,10.87,1203.07,5.9,8.17,203.8
17.11.2015 08:00:00,984.03,10.75,8.09,83.6,12.93,10.81,2.12,6.86,10.98,1202.4,4.89,7.25,203.7
17.11.2015 09:00:00,983.77,11.38,7.99,79.6,13.48,10.73,2.75,6.81,10.91,1199.46,7.19,9.57,209.8
17.11.2015 10:00:00,982.85,11.45,8.26,80.7,13.54,10.93,2.61,6.95,11.12,1197.94,6.53,10.89,206.0
17.11.2015 11:00:00,982.74,12.56,8.49,76.2,14.57,11.1,3.47,7.06,11.3,1193.08,7.34,12.77,208.9
17.11.2015 12:00:00,982.99,13.23,8.96,75.3,15.23,11.46,3.76,7.29,11.66,1190.42,8.18,12.69,215.4
17.11.2015 13:00:00,983.16,13.41,9.31,76.2,15.41,11.74,3.67,7.46,11.94,1189.76,7.45,10.97,212.2
17.11.2015 14:00:00,983.04,13.49,9.79,78.3,15.49,12.13,3.36,7.71,12.33,1189.1,5.01,7.37,209.1
17.11.2015 15:00:00,983.11,14.23,9.39,72.6,16.25,11.8,4.45,7.5,12.0,1186.27,5.01,6.85,209.8
17.11.2015 16:00:00,983.45,13.9,9.47,74.6,15.9,11.87,4.04,7.54,12.06,1188.02,3.63,6.37,203.5
17.11.2015 17:00:00,983.14,13.15,9.91,80.7,15.15,12.22,2.92,7.77,12.43,1190.59,5.33,7.83,209.6
17.11.2015 18:00:00,983.12,13.02,9.88,81.2,15.02,12.19,2.82,7.75,12.4,1191.12,3.34,5.45,214.2
17.11.2015 19:00:00,983.19,13.27,9.68,78.8,15.27,12.03,3.24,7.65,12.23,1190.24,4.37,6.65,209.1
17.11.2015 20:00:00,982.81,13.61,9.15,74.4,15.61,11.61,4.0,7.38,11.82,1188.56,3.99,6.49,206.5
17.11.2015 21:00:00,981.63,13.9,9.33,73.9,15.9,11.75,4.15,7.48,11.97,1185.86,5.99,8.05,206.9
17.11.2015 22:00:00,980.97,14.06,10.06,76.8,16.07,12.34,3.73,7.86,12.58,1184.13,7.12,11.45,204.9
17.11.2015 23:00:00,979.73,14.02,10.35,78.5,16.03,12.58,3.45,8.03,12.84,1182.68,8.52,10.93,209.2
18.11.2015 00:00:00,979.02,14.46,10.41,76.6,16.49,12.63,3.86,8.07,12.9,1179.99,6.53,9.29,202.2
18.11.2015 01:00:00,978.12,14.78,10.72,76.6,16.84,12.9,3.94,8.24,13.19,1177.47,7.18,11.49,210.7
18.11.2015 02:00:00,977.85,14.91,10.86,76.7,16.98,13.02,3.96,8.33,13.32,1176.55,7.86,10.65,209.3
18.11.2015 03:00:00,977.92,14.34,10.29,76.6,16.37,12.54,3.83,8.01,12.82,1179.19,5.07,10.37,214.0
18.11.2015 04:00:00,978.0,15.09,7.55,60.61,17.18,10.41,6.77,6.65,10.65,1177.19,4.74,10.81,234.2
18.11.2015 05:00:00,978.82,15.03,7.17,59.3,17.11,10.15,6.96,6.47,10.37,1178.55,4.78,9.59,241.3
18.11.2015 06:00:00,979.46,14.3,5.23,54.36,16.32,8.87,7.45,5.65,9.06,1182.9,4.54,10.63,236.9
18.11.2015 07:00:00,980.75,14.03,5.24,55.35,16.04,8.88,7.16,5.65,9.05,1185.58,5.34,11.77,254.2
18.11.2015 08:00:00,982.48,14.05,5.32,55.59,16.06,8.93,7.13,5.67,9.09,1187.57,5.95,10.49,244.4
18.11.2015 09:00:00,983.88,13.77,5.63,57.85,15.77,9.12,6.65,5.79,9.27,1190.34,4.61,10.01,243.5
18.11.2015 10:00:00,985.03,13.93,5.44,56.49,15.94,9.0,6.93,5.7,9.14,1191.13,6.27,13.25,253.9
18.11.2015 11:00:00,986.51,13.87,5.3,56.14,15.87,8.91,6.96,5.64,9.03,1193.21,4.4,10.77,243.8
18.11.2015 12:00:00,987.64,13.98,4.97,54.49,15.99,8.71,7.28,5.5,8.82,1194.22,4.61,7.97,240.2
18.11.2015 13:00:00,988.22,13.97,5.07,54.9,15.98,8.77,7.21,5.54,8.88,1194.94,4.18,10.21,245.2
18.11.2015 14:00:00,988.22,14.13,4.46,52.07,16.14,8.41,7.74,5.31,8.51,1194.44,5.76,10.89,249.9
18.11.2015 15:00:00,988.71,13.54,4.86,55.62,15.54,8.64,6.9,5.45,8.74,1197.38,2.59,7.25,227.8
18.11.2015 16:00:00,989.04,13.05,5.41,59.68,15.05,8.98,6.07,5.67,9.08,1199.68,2.81,4.93,223.2
18.11.2015 17:00:00,989.06,12.67,4.62,57.92,14.68,8.5,6.18,5.36,8.6,1201.52,2.46,4.48,214.7
18.11.2015 18:00:00,988.4,11.97,4.79,61.37,14.02,8.6,5.41,5.43,8.7,1203.62,5.54,7.93,212.3
18.11.2015 19:00:00,988.05,10.91,4.79,65.84,13.06,8.6,4.46,5.43,8.71,1207.68,3.49,7.01,214.4
18.11.2015 20:00:00,987.43,11.18,4.77,64.59,13.3,8.59,4.71,5.43,8.7,1205.78,6.08,9.37,212.3
18.11.2015 21:00:00,987.29,11.1,4.87,65.38,13.23,8.65,4.58,5.47,8.76,1205.92,8.28,11.57,212.2
18.11.2015 22:00:00,986.58,10.61,4.69,66.72,12.81,8.54,4.26,5.4,8.66,1207.18,4.12,5.93,213.8
18.11.2015 23:00:00,986.19,10.41,4.94,68.8,12.64,8.69,3.94,5.5,8.82,1207.48,4.22,5.81,217.2
19.11.2015 00:00:00,985.74,10.66,5.21,68.95,12.85,8.86,3.99,5.61,8.99,1205.79,2.04,3.88,241.6
19.11.2015 01:00:00,985.58,11.03,5.39,68.09,13.17,8.97,4.2,5.68,9.1,1203.97,3.64,6.05,216.9
19.11.2015 02:00:00,984.88,11.86,6.18,68.11,13.91,9.48,4.44,6.01,9.62,1199.37,4.1,6.45,202.6
19.11.2015 03:00:00,984.24,12.64,6.9,67.99,14.65,9.96,4.69,6.32,10.12,1195.1,6.73,9.41,205.0
19.11.2015 04:00:00,983.93,13.41,7.36,66.71,15.41,10.28,5.13,6.52,10.44,1191.36,3.68,6.65,216.1
19.11.2015 05:00:00,984.22,11.38,8.19,80.7,13.48,10.88,2.6,6.9,11.05,1199.94,3.19,5.85,230.5
19.11.2015 06:00:00,983.9,10.78,8.42,85.3,12.95,11.05,1.9,7.01,11.23,1202.0,1.35,3.88,222.5
19.11.2015 07:00:00,983.9,11.27,7.84,79.4,13.38,10.62,2.76,6.74,10.8,1200.13,1.71,3.16,221.4
19.11.2015 08:00:00,984.36,12.24,7.23,71.4,14.27,10.19,4.08,6.46,10.35,1196.81,3.6,6.05,223.4
19.11.2015 09:00:00,985.04,12.93,6.37,64.32,14.93,9.6,5.33,6.09,9.75,1195.02,5.67,13.77,246.3
19.11.2015 10:00:00,985.5,12.85,5.26,59.85,14.85,8.89,5.96,5.63,9.02,1196.25,3.94,8.43,234.1
19.11.2015 11:00:00,985.87,13.05,4.89,57.58,15.05,8.66,6.38,5.48,8.79,1195.97,3.53,7.29,265.0
19.11.2015 12:00:00,985.52,14.04,5.99,58.28,16.05,9.35,6.7,5.92,9.49,1191.1,4.71,9.45,244.2
19.11.2015 13:00:00,985.51,12.74,6.25,64.57,14.74,9.52,5.22,6.03,9.66,1196.43,4.76,11.53,240.1
19.11.2015 14:00:00,985.58,13.03,5.3,59.3,15.03,8.91,6.12,5.64,9.04,1195.58,4.5,8.21,246.8
19.11.2015 15:00:00,985.36,12.85,4.52,56.83,14.85,8.44,6.41,5.35,8.57,1196.28,4.14,8.71,244.1
19.11.2015 16:00:00,985.48,11.98,5.36,63.84,14.03,8.95,5.07,5.67,9.09,1199.84,2.18,4.48,218.9
19.11.2015 17:00:00,985.36,11.06,5.2,67.09,13.2,8.85,4.34,5.61,8.98,1203.63,2.74,6.73,228.5
19.11.2015 18:00:00,985.15,10.34,6.29,75.9,12.58,9.55,3.03,6.05,9.69,1206.1,1.78,3.36,222.2
19.11.2015 19:00:00,984.5,8.9,6.81,86.7,11.42,9.9,1.52,6.28,10.05,1211.29,1.51,2.8,230.7
19.11.2015 20:00:00,983.26,8.35,7.26,92.8,11.0,10.21,0.79,6.48,10.38,1211.98,1.16,1.64,197.3
19.11.2015 21:00:00,982.47,8.24,7.4,94.4,10.92,10.3,0.61,6.55,10.49,1211.43,0.5,1.06,261.4
19.11.2015 22:00:00,981.56,8.23,7.56,95.5,10.91,10.42,0.49,6.63,10.61,1210.3,0.69,1.92,293.3
19.11.2015 23:00:00,981.26,8.26,7.2,93.0,10.93,10.17,0.77,6.47,10.36,1209.91,2.32,4.24,264.4
20.11.2015 00:00:00,981.45,8.5,7.33,92.3,11.11,10.25,0.86,6.52,10.45,1209.07,1.41,2.92,311.9
20.11.2015 01:00:00,981.29,8.22,6.83,90.9,10.9,9.91,0.99,6.3,10.1,1210.24,1.02,3.24,353.2
20.11.2015 02:00:00,981.75,7.91,6.33,89.7,10.67,9.57,1.1,6.09,9.75,1212.3,1.75,3.04,254.7
20.11.2015 03:00:00,982.14,7.89,6.06,88.2,10.66,9.4,1.26,5.97,9.57,1212.95,1.4,3.24,259.2
20.11.2015 04:00:00,982.41,7.87,5.5,84.9,10.64,9.04,1.61,5.74,9.2,1213.55,2.53,4.77,266.5
20.11.2015 05:00:00,982.2,7.47,4.47,81.2,10.36,8.41,1.95,5.34,8.56,1215.31,1.75,3.88,254.7
20.11.2015 06:00:00,981.81,7.33,4.64,83.0,10.26,8.51,1.74,5.41,8.67,1215.38,2.81,4.57,240.0
20.11.2015 07:00:00,981.62,7.47,4.38,80.7,10.36,8.36,2.0,5.31,8.51,1214.61,0.94,2.14,218.0
20.11.2015 08:00:00,981.44,7.23,4.51,82.8,10.19,8.44,1.75,5.36,8.59,1215.39,0.32,0.98,303.6
20.11.2015 09:00:00,980.97,7.58,4.73,82.1,10.43,8.57,1.87,5.45,8.73,1213.23,0.69,2.28,336.5
20.11.2015 10:00:00,980.26,8.41,4.53,76.5,11.04,8.45,2.59,5.38,8.62,1208.83,2.34,4.12,213.0
20.11.2015 11:00:00,979.87,8.84,4.26,72.9,11.37,8.29,3.08,5.28,8.46,1206.58,3.08,6.65,235.7
20.11.2015 12:00:00,978.66,8.43,4.27,75.0,11.06,8.29,2.76,5.29,8.47,1206.84,1.57,3.4,329.9
20.11.2015 13:00:00,977.25,8.13,4.57,78.2,10.83,8.47,2.36,5.41,8.67,1206.3,0.84,1.48,67.46
20.11.2015 14:00:00,976.31,7.37,5.11,85.5,10.29,8.79,1.49,5.62,9.01,1208.25,0.94,1.84,242.5
20.11.2015 15:00:00,975.52,6.27,4.39,87.7,9.54,8.36,1.17,5.35,8.57,1212.22,1.54,2.2,256.2
20.11.2015 16:00:00,974.62,6.24,4.29,87.3,9.51,8.3,1.21,5.32,8.52,1211.28,1.11,1.84,263.9
20.11.2015 17:00:00,974.14,5.98,4.31,89.0,9.35,8.32,1.03,5.33,8.54,1211.77,1.32,1.84,250.1
20.11.2015 18:00:00,973.43,5.86,4.28,89.5,9.27,8.3,0.97,5.32,8.52,1211.41,0.55,1.04,203.6
20.11.2015 19:00:00,972.81,5.61,3.68,87.4,9.11,7.96,1.15,5.1,8.18,1211.92,0.77,0.96,252.5
20.11.2015 20:00:00,972.61,5.65,3.32,84.9,9.14,7.76,1.38,4.98,7.97,1211.56,1.15,1.4,268.2
20.11.2015 21:00:00,972.42,5.27,2.78,83.9,8.9,7.47,1.43,4.79,7.68,1213.11,1.56,2.26,249.3
20.11.2015 22:00:00,972.24,4.49,1.49,80.8,8.42,6.8,1.62,4.36,7.0,1216.64,1.95,2.4,249.4
20.11.2015 23:00:00,972.18,3.93,1.44,83.7,8.1,6.78,1.32,4.35,6.97,1219.0,1.48,2.12,248.9
21.11.2015 00:00:00,972.05,3.65,0.91,82.2,7.94,6.52,1.41,4.19,6.71,1220.21,1.42,2.36,240.8
21.11.2015 01:00:00,971.89,3.53,0.16,78.5,7.87,6.18,1.69,3.97,6.36,1220.68,1.26,2.12,250.2
21.11.2015 02:00:00,971.91,3.28,0.12,79.7,7.73,6.16,1.57,3.95,6.34,1221.85,2.39,4.09,237.1
21.11.2015 03:00:00,971.44,3.0,-0.2,79.4,7.58,6.02,1.56,3.86,6.19,1222.56,2.41,3.12,227.7
21.11.2015 04:00:00,970.64,2.84,-0.1,80.9,7.5,6.06,1.43,3.9,6.25,1222.22,2.44,3.12,216.8
21.11.2015 05:00:00,970.34,2.4,-0.3,82.3,7.26,5.98,1.29,3.84,6.16,1223.85,2.26,3.08,238.8
21.11.2015 06:00:00,969.97,2.45,-0.24,82.3,7.29,6.0,1.29,3.86,6.19,1223.12,2.88,4.45,225.6
21.11.2015 07:00:00,969.94,2.76,0.17,83.0,7.45,6.18,1.27,3.97,6.37,1221.66,2.02,2.88,230.9
21.11.2015 08:00:00,970.17,2.07,0.15,87.1,7.09,6.18,0.91,3.97,6.37,1225.01,1.19,2.08,180.0
21.11.2015 09:00:00,970.34,2.75,0.31,83.9,7.45,6.25,1.2,4.01,6.44,1222.16,2.16,2.72,209.1
21.11.2015 10:00:00,969.85,3.7,0.88,81.7,7.97,6.51,1.46,4.19,6.71,1217.22,2.32,3.53,159.5
21.11.2015 11:00:00,969.84,5.46,1.12,73.5,9.01,6.63,2.39,4.26,6.83,1209.46,2.53,4.49,217.0
21.11.2015 12:00:00,969.34,5.87,0.79,69.76,9.27,6.47,2.8,4.16,6.67,1207.16,1.71,3.77,252.2
21.11.2015 13:00:00,969.0,5.31,0.19,69.41,8.92,6.19,2.73,3.98,6.39,1209.27,1.83,4.05,284.2
21.11.2015 14:00:00,969.13,5.55,-0.63,64.31,9.07,5.83,3.24,3.75,6.02,1208.58,2.52,5.49,269.2
21.11.2015 15:00:00,969.15,6.1,-0.98,60.33,9.42,5.68,3.74,3.66,5.86,1206.3,1.69,3.36,227.1
21.11.2015 16:00:00,969.37,4.67,-1.46,64.34,8.53,5.49,3.04,3.53,5.66,1212.85,0.99,1.74,266.9
21.11.2015 17:00:00,969.9,3.5,-1.61,69.07,7.86,5.43,2.43,3.49,5.59,1218.67,1.52,2.0,241.6
21.11.2015 18:00:00,970.15,3.17,-1.39,71.9,7.67,5.52,2.16,3.54,5.69,1220.42,1.67,2.36,262.1
21.11.2015 19:00:00,970.32,3.8,-0.82,71.7,8.02,5.75,2.27,3.7,5.93,1217.73,1.37,1.98,244.6
21.11.2015 20:00:00,970.38,3.32,-0.16,77.9,7.75,6.04,1.71,3.88,6.22,1219.81,0.92,1.72,178.4
21.11.2015 21:00:00,970.65,2.66,0.22,83.9,7.4,6.21,1.19,3.99,6.39,1222.99,2.11,3.28,251.9
21.11.2015 22:00:00,970.94,2.37,-0.42,81.7,7.25,5.92,1.33,3.8,6.1,1224.74,1.66,2.08,260.9
21.11.2015 23:00:00,971.18,2.18,-0.64,81.5,7.15,5.83,1.32,3.74,6.0,1225.96,2.68,3.32,245.3
22.11.2015 00:00:00,971.5,1.66,-0.98,82.5,6.89,5.68,1.21,3.65,5.85,1228.74,2.58,3.02,243.7
22.11.2015 01:00:00,971.42,0.64,-0.82,89.9,6.4,5.75,0.65,3.69,5.92,1233.18,0.67,1.86,149.3
22.11.2015 02:00:00,971.55,1.57,-0.8,84.2,6.84,5.76,1.08,3.7,5.93,1229.2,1.75,3.0,264.0
22.11.2015 03:00:00,971.93,1.33,0.02,90.9,6.73,6.11,0.61,3.92,6.29,1230.56,2.46,4.05,254.8
22.11.2015 04:00:00,972.05,1.47,-0.05,89.6,6.79,6.09,0.71,3.9,6.26,1230.11,2.51,5.61,253.2
22.11.2015 05:00:00,973.1,0.76,-1.83,82.7,6.46,5.34,1.12,3.42,5.49,1234.97,2.08,3.55,275.0
22.11.2015 06:00:00,973.57,-0.19,-2.52,84.2,6.02,5.07,0.95,3.25,5.21,1240.0,2.66,3.65,258.0
22.11.2015 07:00:00,974.08,-0.4,-2.7,84.4,5.93,5.01,0.93,3.2,5.14,1241.66,2.74,4.05,257.2
22.11.2015 08:00:00,974.9,-0.34,-2.83,83.2,5.96,4.96,1.0,3.17,5.08,1242.47,1.01,2.16,221.8
22.11.2015 09:00:00,975.74,-0.09,-2.46,84.0,6.07,5.1,0.97,3.25,5.22,1242.33,1.25,2.16,130.9
22.11.2015 10:00:00,976.11,1.22,-1.7,80.8,6.67,5.39,1.28,3.44,5.52,1236.71,0.79,1.88,225.4
22.11.2015 11:00:00,976.63,2.89,-1.25,74.1,7.52,5.57,1.95,3.56,5.71,1229.8,2.34,6.01,216.8
22.11.2015 12:00:00,976.75,2.5,-2.63,68.77,7.31,5.03,2.28,3.21,5.15,1231.97,2.24,5.69,252.7
22.11.2015 13:00:00,976.84,3.26,-2.7,64.78,7.72,5.0,2.72,3.19,5.12,1228.68,2.97,5.05,259.9
22.11.2015 14:00:00,977.41,2.91,-2.77,66.12,7.53,4.98,2.55,3.18,5.09,1230.98,1.85,3.24,264.5
22.11.2015 15:00:00,977.84,1.4,-1.24,82.5,6.76,5.58,1.18,3.56,5.7,1237.99,1.08,3.08,250.9
22.11.2015 16:00:00,978.79,0.56,-2.05,82.6,6.36,5.25,1.11,3.35,5.37,1243.18,1.17,1.96,245.3
22.11.2015 17:00:00,979.22,0.58,-2.71,78.5,6.37,5.0,1.37,3.18,5.11,1243.75,1.24,2.48,231.1
22.11.2015 18:00:00,979.91,-0.13,-2.52,83.8,6.05,5.07,0.98,3.23,5.18,1247.81,0.44,1.04,228.7
22.11.2015 19:00:00,980.07,0.03,-2.59,82.4,6.12,5.04,1.08,3.21,5.15,1247.31,1.13,2.28,235.1
22.11.2015 20:00:00,980.58,0.22,-2.89,79.5,6.21,4.93,1.27,3.14,5.03,1247.16,1.0,2.52,288.5
22.11.2015 21:00:00,980.82,0.53,-2.93,77.5,6.35,4.92,1.43,3.13,5.02,1246.05,2.3,3.89,236.4
22.11.2015 22:00:00,981.7,0.5,-2.79,78.5,6.33,4.97,1.36,3.16,5.06,1247.3,1.86,3.29,231.4
22.11.2015 23:00:00,982.11,-0.41,-2.12,88.1,5.93,5.22,0.71,3.31,5.32,1251.83,4.94,7.67,208.4
23.11.2015 00:00:00,982.69,-0.62,-1.73,92.1,5.84,5.38,0.46,3.41,5.47,1253.46,3.15,4.57,202.9
23.11.2015 01:00:00,983.04,-0.21,-1.79,89.0,6.02,5.35,0.66,3.39,5.45,1252.04,3.79,5.95,208.8
23.11.2015 02:00:00,983.76,0.12,-1.65,87.8,6.16,5.41,0.75,3.43,5.5,1251.42,2.11,3.81,246.3
23.11.2015 03:00:00,984.4,0.25,-1.38,88.7,6.22,5.52,0.7,3.49,5.61,1251.59,2.44,4.21,257.6
23.11.2015 04:00:00,985.51,-0.19,-1.46,91.1,6.02,5.49,0.54,3.47,5.57,1255.04,1.7,3.81,272.1
23.11.2015 05:00:00,986.51,-0.08,-2.14,85.9,6.07,5.22,0.86,3.3,5.29,1255.93,1.73,3.59,285.9
23.11.2015 06:00:00,987.83,-0.21,-2.52,84.3,6.02,5.07,0.94,3.2,5.13,1258.3,1.37,2.8,297.5
23.11.2015 07:00:00,989.12,-0.4,-2.87,83.3,5.93,4.94,0.99,3.11,5.0,1260.89,1.38,3.04,272.0
23.11.2015 08:00:00,990.22,-0.58,-3.65,79.6,5.85,4.66,1.19,2.93,4.71,1263.27,1.48,3.08,259.4
23.11.2015 09:00:00,991.57,-0.58,-3.16,82.6,5.85,4.83,1.02,3.04,4.88,1264.92,2.31,4.33,265.9
23.11.2015 10:00:00,992.69,-0.33,-3.11,81.4,5.96,4.85,1.11,3.05,4.89,1265.18,1.45,2.52,243.8
23.11.2015 11:00:00,993.22,0.26,-3.04,78.4,6.22,4.88,1.34,3.06,4.91,1263.1,2.22,3.57,241.3
23.11.2015 12:00:00,993.55,0.6,-2.52,79.5,6.38,5.07,1.31,3.18,5.1,1261.86,1.34,2.52,242.6
23.11.2015 13:00:00,993.84,0.83,-1.72,83.0,6.49,5.38,1.1,3.38,5.42,1261.04,2.56,4.61,256.7
23.11.2015 14:00:00,994.43,1.36,-1.21,82.9,6.74,5.59,1.15,3.5,5.62,1259.21,2.62,4.43,261.1
23.11.2015 15:00:00,994.78,1.54,-0.73,84.8,6.83,5.79,1.04,3.63,5.82,1258.76,2.75,4.29,259.0
23.11.2015 16:00:00,995.54,1.57,-0.62,85.3,6.85,5.84,1.01,3.66,5.87,1259.55,1.22,2.48,254.2
23.11.2015 17:00:00,996.13,1.59,-0.58,85.4,6.86,5.85,1.0,3.66,5.88,1260.19,1.12,2.2,243.6
23.11.2015 18:00:00,996.83,1.44,-0.64,86.0,6.78,5.83,0.95,3.65,5.85,1261.8,0.5,1.12,287.4
23.11.2015 19:00:00,997.45,0.68,-0.95,88.8,6.42,5.7,0.72,3.56,5.71,1266.15,2.23,2.64,239.5
23.11.2015 20:00:00,997.82,0.4,-1.57,86.6,6.29,5.44,0.84,3.4,5.46,1268.05,1.98,2.52,234.0
23.11.2015 21:00:00,998.02,0.42,-1.54,86.6,6.3,5.45,0.84,3.41,5.46,1268.19,2.07,2.84,249.2
23.11.2015 22:00:00,997.89,-0.02,-2.15,85.5,6.1,5.21,0.88,3.26,5.22,1270.2,0.99,1.28,210.3
23.11.2015 23:00:00,997.83,-0.69,-2.68,86.3,5.81,5.01,0.8,3.13,5.02,1273.35,1.44,1.88,222.1
24.11.2015 00:00:00,998.01,-1.62,-2.71,92.2,5.42,5.0,0.42,3.12,5.01,1277.91,1.44,2.0,183.8
24.11.2015 01:00:00,998.03,-2.04,-2.96,93.4,5.26,4.91,0.35,3.07,4.92,1279.98,0.97,1.72,185.1
24.11.2015 02:00:00,997.92,-2.12,-2.8,95.0,5.23,4.97,0.26,3.1,4.98,1280.17,1.33,1.82,198.1
24.11.2015 03:00:00,997.67,-2.46,-3.09,95.4,5.09,4.86,0.23,3.04,4.87,1281.53,1.74,3.25,178.0
24.11.2015 04:00:00,997.5,-2.67,-3.29,95.5,5.01,4.79,0.23,2.99,4.8,1282.34,2.24,2.64,196.6
24.11.2015 05:00:00,997.02,-3.25,-3.82,95.8,4.8,4.6,0.2,2.88,4.61,1284.57,1.37,2.04,204.5
24.11.2015 06:00:00,996.95,-3.49,-4.0,96.2,4.72,4.54,0.18,2.84,4.55,1285.63,1.77,2.77,195.4
24.11.2015 07:00:00,996.76,-3.07,-3.57,96.3,4.87,4.69,0.18,2.93,4.7,1283.31,1.79,2.68,209.0
24.11.2015 08:00:00,996.64,-2.87,-3.62,94.5,4.94,4.67,0.27,2.92,4.69,1282.24,1.46,2.68,194.3
24.11.2015 09:00:00,996.4,-1.84,-3.12,90.9,5.34,4.85,0.49,3.03,4.87,1276.95,1.39,2.28,191.5
24.11.2015 10:00:00,995.92,-0.04,-2.18,85.4,6.09,5.2,0.89,3.25,5.22,1267.77,1.66,2.78,181.8
24.11.2015 11:00:00,995.43,2.37,-1.87,73.4,7.25,5.32,1.93,3.33,5.35,1255.99,4.26,8.65,204.9
24.11.2015 12:00:00,994.34,3.08,-2.34,67.46,7.62,5.14,2.48,3.22,5.17,1251.52,4.48,6.49,205.9
24.11.2015 13:00:00,993.31,3.01,-2.82,65.4,7.58,4.96,2.62,3.11,4.99,1250.62,5.38,7.49,205.7
24.11.2015 14:00:00,992.32,3.37,-2.92,63.27,7.78,4.92,2.86,3.09,4.96,1247.76,4.8,7.65,201.8
24.11.2015 15:00:00,991.46,3.28,-2.82,64.13,7.73,4.96,2.77,3.12,5.0,1247.03,3.52,6.45,190.0
24.11.2015 16:00:00,990.64,2.83,-2.61,67.28,7.49,5.04,2.45,3.17,5.09,1248.01,4.32,7.61,194.1
24.11.2015 17:00:00,989.88,2.28,-2.47,70.7,7.2,5.09,2.11,3.2,5.14,1249.53,3.11,4.49,188.5
24.11.2015 18:00:00,989.3,2.39,-2.52,69.9,7.26,5.07,2.18,3.2,5.13,1248.3,3.61,5.41,181.0
24.11.2015 19:00:00,988.72,2.36,-2.82,68.48,7.24,4.96,2.28,3.12,5.01,1247.77,4.63,6.89,194.1
24.11.2015 20:00:00,988.02,2.36,-2.63,69.47,7.24,5.03,2.21,3.17,5.09,1246.82,4.2,5.89,187.3
24.11.2015 21:00:00,987.17,1.99,-2.62,71.4,7.05,5.03,2.02,3.18,5.1,1247.45,4.07,7.01,182.4
24.11.2015 22:00:00,986.23,1.23,-1.96,79.2,6.68,5.29,1.39,3.34,5.36,1249.56,4.53,6.49,170.9
24.11.2015 23:00:00,985.42,1.38,-2.24,76.7,6.75,5.18,1.57,3.28,5.26,1247.9,2.6,3.79,165.5
25.11.2015 00:00:00,984.37,1.46,-2.29,76.0,6.79,5.16,1.63,3.27,5.24,1246.23,4.35,5.93,181.5
25.11.2015 01:00:00,983.34,1.65,-2.52,73.7,6.88,5.07,1.81,3.22,5.16,1244.08,3.47,5.41,200.3
25.11.2015 02:00:00,982.49,1.46,-2.32,75.8,6.79,5.15,1.64,3.26,5.24,1243.83,2.27,4.43,196.6
25.11.2015 03:00:00,981.81,1.4,-2.3,76.3,6.76,5.16,1.6,3.27,5.25,1243.26,4.02,6.33,197.6
25.11.2015 04:00:00,980.98,1.6,-2.51,74.0,6.86,5.07,1.78,3.22,5.17,1241.33,4.43,6.65,206.9
25.11.2015 05:00:00,980.68,1.25,-2.32,77.0,6.69,5.15,1.54,3.27,5.25,1242.52,2.6,3.99,191.1
25.11.2015 06:00:00,980.31,1.33,-2.2,77.2,6.73,5.19,1.53,3.3,5.3,1241.64,2.19,3.12,178.0
25.11.2015 07:00:00,979.95,1.36,-2.02,78.1,6.74,5.27,1.48,3.35,5.37,1241.0,2.85,4.55,179.3
25.11.2015 08:00:00,980.3,1.62,-2.01,76.7,6.87,5.27,1.6,3.35,5.37,1240.29,2.31,3.41,183.6
25.11.2015 09:00:00,980.24,1.96,-1.8,76.0,7.04,5.35,1.69,3.4,5.46,1238.62,2.66,3.85,176.8
25.11.2015 10:00:00,979.94,2.52,-1.4,75.2,7.33,5.51,1.82,3.51,5.62,1235.64,3.2,6.57,205.1
25.11.2015 11:00:00,979.66,4.1,-0.82,70.2,8.2,5.75,2.44,3.66,5.87,1228.14,2.83,4.25,165.7
25.11.2015 12:00:00,979.21,4.07,-0.52,71.9,8.18,5.88,2.3,3.74,6.0,1227.66,5.04,7.97,217.7
25.11.2015 13:00:00,978.96,3.69,-0.44,74.3,7.96,5.92,2.05,3.77,6.04,1229.0,5.49,7.61,222.8
25.11.2015 14:00:00,978.68,3.54,-0.26,76.1,7.88,5.99,1.88,3.82,6.13,1229.28,4.52,6.77,215.5
25.11.2015 15:00:00,978.57,3.87,-0.26,74.3,8.06,5.99,2.07,3.82,6.12,1227.67,2.76,4.29,200.7
25.11.2015 16:00:00,978.68,3.9,-0.19,74.6,8.08,6.03,2.05,3.84,6.16,1227.7,1.97,3.61,198.6
25.11.2015 17:00:00,978.91,3.31,0.2,80.0,7.75,6.2,1.55,3.95,6.33,1230.52,1.84,4.29,221.8
25.11.2015 18:00:00,979.06,1.81,0.32,89.8,6.96,6.25,0.71,3.98,6.38,1237.4,1.59,2.36,216.4
25.11.2015 19:00:00,979.35,1.8,0.46,90.8,6.96,6.32,0.64,4.02,6.45,1237.77,1.43,1.88,210.1
25.11.2015 20:00:00,979.55,1.25,0.16,92.4,6.69,6.18,0.51,3.93,6.31,1240.54,1.21,2.1,186.3
25.11.2015 21:00:00,979.9,1.23,-0.15,90.5,6.68,6.04,0.63,3.84,6.17,1241.17,0.72,1.16,196.8
25.11.2015 22:00:00,980.22,1.14,-0.37,89.6,6.63,5.94,0.69,3.78,6.06,1242.04,1.05,1.88,191.6
25.11.2015 23:00:00,980.4,1.2,-0.04,91.4,6.66,6.09,0.57,3.87,6.21,1241.93,1.15,1.64,218.2
26.11.2015 00:00:00,980.7,1.26,0.11,92.0,6.69,6.16,0.54,3.92,6.28,1241.97,1.01,1.64,157.8
26.11.2015 01:00:00,980.92,1.41,0.37,92.8,6.76,6.28,0.49,3.99,6.4,1241.55,0.5,0.88,170.8
26.11.2015 02:00:00,981.14,1.65,0.58,92.6,6.88,6.37,0.51,4.05,6.49,1240.7,0.37,0.88,161.9
26.11.2015 03:00:00,981.55,1.9,0.89,93.0,7.01,6.52,0.49,4.14,6.64,1240.01,0.26,0.72,73.0
26.11.2015 04:00:00,981.75,2.26,1.12,92.1,7.19,6.62,0.57,4.21,6.75,1238.57,0.69,1.24,97.1
26.11.2015 05:00:00,982.42,2.65,1.23,90.3,7.39,6.68,0.72,4.24,6.8,1237.66,0.41,0.92,178.8
26.11.2015 06:00:00,983.07,2.95,1.35,89.2,7.55,6.74,0.82,4.27,6.85,1237.11,1.07,1.88,231.3
26.11.2015 07:00:00,983.77,2.8,1.39,90.4,7.47,6.76,0.72,4.28,6.87,1238.65,0.68,1.08,29.85
26.11.2015 08:00:00,984.73,2.98,1.56,90.3,7.57,6.84,0.73,4.33,6.94,1239.0,0.6,1.16,209.6
26.11.2015 09:00:00,985.58,2.99,1.99,93.1,7.58,7.05,0.52,4.46,7.16,1239.93,1.67,2.36,247.7
26.11.2015 10:00:00,986.51,3.75,2.47,91.3,7.99,7.3,0.7,4.61,7.4,1237.6,0.84,2.16,259.7
26.11.2015 11:00:00,987.2,4.35,2.72,89.1,8.34,7.43,0.91,4.7,7.53,1235.71,0.89,2.56,278.6
26.11.2015 12:00:00,987.71,4.67,2.56,86.1,8.53,7.35,1.19,4.64,7.44,1234.96,1.98,4.47,269.7
26.11.2015 13:00:00,988.2,5.4,2.5,81.5,8.98,7.32,1.66,4.62,7.4,1232.36,1.45,3.52,254.2
26.11.2015 14:00:00,988.86,5.87,2.41,78.4,9.27,7.27,2.0,4.59,7.35,1231.15,1.61,2.8,293.3
26.11.2015 15:00:00,989.52,6.45,1.8,72.1,9.65,6.96,2.69,4.39,7.03,1229.56,0.33,0.76,226.8
26.11.2015 16:00:00,990.27,5.16,1.2,75.5,8.83,6.66,2.16,4.2,6.73,1236.33,1.14,2.12,265.8
26.11.2015 17:00:00,991.22,4.53,1.01,77.8,8.45,6.57,1.88,4.13,6.63,1240.36,1.36,1.84,251.5
26.11.2015 18:00:00,992.1,3.8,0.75,80.4,8.02,6.45,1.57,4.05,6.5,1244.8,0.34,0.76,328.3
26.11.2015 19:00:00,992.67,2.57,0.52,86.3,7.35,6.34,1.01,3.98,6.39,1251.14,0.74,1.52,70.5
26.11.2015 20:00:00,993.55,1.34,0.01,90.8,6.73,6.11,0.62,3.84,6.15,1257.94,0.75,1.48,190.4
26.11.2015 21:00:00,994.04,0.99,-0.13,92.2,6.56,6.05,0.51,3.79,6.09,1260.24,0.25,0.62,172.1
26.11.2015 22:00:00,994.38,0.87,-0.34,91.6,6.5,5.96,0.55,3.74,5.99,1261.26,0.5,1.0,168.6
26.11.2015 23:00:00,994.52,0.51,-0.49,93.0,6.34,5.89,0.44,3.69,5.93,1263.12,0.88,1.36,145.1
27.11.2015 00:00:00,994.54,-0.11,-0.88,94.5,6.06,5.73,0.33,3.59,5.76,1266.06,0.4,0.84,208.1
27.11.2015 01:00:00,994.83,-0.47,-1.07,95.7,5.9,5.65,0.25,3.54,5.68,1268.18,0.52,1.12,121.3
27.11.2015 02:00:00,995.02,-0.82,-1.33,96.3,5.75,5.54,0.21,3.47,5.57,1270.08,0.85,1.32,218.3
27.11.2015 03:00:00,994.9,-1.21,-1.68,96.6,5.59,5.4,0.19,3.38,5.43,1271.83,0.24,0.64,229.9
27.11.2015 04:00:00,994.4,-1.54,-1.93,97.2,5.45,5.3,0.15,3.32,5.33,1272.79,0.8,1.24,210.8
27.11.2015 05:00:00,994.45,-1.75,-2.11,97.4,5.37,5.23,0.14,3.28,5.26,1273.87,1.08,1.68,190.7
27.11.2015 06:00:00,994.31,-1.91,-2.23,97.6,5.31,5.18,0.13,3.25,5.21,1274.44,0.74,1.04,225.9
27.11.2015 07:00:00,994.14,-1.6,-1.89,97.9,5.43,5.32,0.11,3.33,5.35,1272.71,0.44,1.32,207.6
27.11.2015 08:00:00,994.1,-1.65,-1.95,97.8,5.41,5.29,0.12,3.32,5.32,1272.88,1.05,1.52,196.3
27.11.2015 09:00:00,994.26,-1.8,-2.09,97.9,5.35,5.24,0.11,3.28,5.27,1273.86,1.5,2.96,194.7
27.11.2015 10:00:00,993.99,-1.84,-2.11,98.0,5.34,5.23,0.11,3.28,5.26,1273.68,1.64,2.48,207.2
27.11.2015 11:00:00,993.6,-1.52,-1.84,97.7,5.46,5.34,0.13,3.35,5.37,1271.65,2.8,3.99,156.9
27.11.2015 12:00:00,992.98,-0.75,-1.03,98.0,5.78,5.67,0.12,3.56,5.71,1267.1,1.68,2.56,167.9
27.11.2015 13:00:00,992.05,-0.16,-0.45,97.9,6.04,5.91,0.13,3.71,5.96,1263.04,1.05,1.68,198.7
27.11.2015 14:00:00,991.39,0.74,0.49,98.2,6.45,6.33,0.12,3.98,6.39,1257.84,0.75,1.54,244.8
27.11.2015 15:00:00,990.75,2.78,2.27,96.4,7.47,7.2,0.27,4.53,7.26,1247.32,0.44,1.0,211.0
27.11.2015 16:00:00,990.21,2.82,2.6,98.4,7.49,7.37,0.12,4.64,7.44,1246.38,0.3,0.68,163.9
27.11.2015 17:00:00,989.79,1.27,0.68,95.8,6.7,6.42,0.28,4.04,6.48,1253.36,0.39,1.04,241.5
27.11.2015 18:00:00,989.41,0.28,-0.59,93.9,6.23,5.85,0.38,3.69,5.91,1257.7,0.77,1.38,231.1
27.11.2015 19:00:00,989.02,-0.52,-1.32,94.3,5.88,5.55,0.34,3.5,5.61,1261.01,0.33,0.72,289.9
27.11.2015 20:00:00,988.58,-0.87,-1.68,94.2,5.73,5.4,0.33,3.4,5.46,1262.15,1.56,2.3,214.6
27.11.2015 21:00:00,988.17,-1.97,-2.64,95.1,5.29,5.03,0.26,3.17,5.09,1266.9,0.63,1.1,351.9
27.11.2015 22:00:00,987.45,-1.76,-2.85,92.2,5.37,4.95,0.42,3.12,5.01,1265.05,1.11,1.88,218.7
27.11.2015 23:00:00,986.76,-2.27,-3.45,91.5,5.17,4.73,0.44,2.99,4.79,1266.64,1.26,2.24,215.4
28.11.2015 00:00:00,986.01,-3.27,-4.12,93.8,4.79,4.5,0.3,2.84,4.56,1270.52,1.91,3.21,201.6
28.11.2015 01:00:00,985.53,-3.43,-4.16,94.6,4.74,4.48,0.26,2.83,4.55,1270.63,1.41,2.3,222.5
28.11.2015 02:00:00,985.21,-3.13,-4.35,91.2,4.85,4.42,0.43,2.8,4.49,1268.83,1.46,2.0,213.2
28.11.2015 03:00:00,984.57,-3.01,-4.19,91.5,4.89,4.47,0.42,2.83,4.54,1267.45,2.99,5.05,170.0
28.11.2015 04:00:00,983.63,-2.45,-4.09,88.4,5.1,4.51,0.59,2.86,4.58,1263.58,3.23,5.25,176.9
28.11.2015 05:00:00,982.79,-2.21,-3.76,89.0,5.19,4.62,0.57,2.93,4.7,1261.31,3.15,4.37,181.5
28.11.2015 06:00:00,982.01,-1.76,-3.75,86.2,5.37,4.63,0.74,2.94,4.71,1258.23,4.09,5.77,202.5
28.11.2015 07:00:00,981.26,-1.18,-3.3,85.4,5.6,4.78,0.82,3.04,4.88,1254.5,3.67,4.77,182.3
28.11.2015 08:00:00,981.36,-0.07,-2.58,83.1,6.08,5.05,1.03,3.21,5.15,1249.42,2.41,3.65,180.6
28.11.2015 09:00:00,981.49,0.5,-1.69,85.2,6.33,5.4,0.94,3.43,5.5,1246.82,3.35,5.77,174.6
28.11.2015 10:00:00,981.79,0.79,-1.12,87.0,6.47,5.63,0.84,3.57,5.73,1245.76,5.23,9.65,200.5
28.11.2015 11:00:00,982.41,0.61,-0.64,91.3,6.39,5.83,0.56,3.7,5.93,1247.27,5.52,9.01,201.8
28.11.2015 12:00:00,982.94,1.03,-0.09,92.2,6.58,6.07,0.51,3.85,6.17,1245.92,2.4,4.95,226.1
28.11.2015 13:00:00,983.68,2.47,0.86,89.1,7.3,6.5,0.8,4.12,6.61,1240.15,3.31,5.41,250.3
28.11.2015 14:00:00,984.92,3.75,1.55,85.5,7.99,6.83,1.16,4.33,6.94,1235.82,3.24,6.25,261.1
28.11.2015 15:00:00,985.98,4.03,1.31,82.4,8.15,6.72,1.43,4.25,6.81,1235.96,2.11,3.93,266.1
28.11.2015 16:00:00,987.15,3.49,0.9,83.1,7.85,6.52,1.33,4.12,6.61,1239.93,0.7,1.84,215.4
28.11.2015 17:00:00,987.94,2.7,0.3,84.1,7.42,6.24,1.18,3.94,6.32,1244.6,1.57,3.97,232.2
28.11.2015 18:00:00,988.46,2.44,-0.36,81.7,7.28,5.95,1.33,3.75,6.02,1246.59,1.61,3.08,237.5
28.11.2015 19:00:00,988.88,2.13,-0.81,80.8,7.13,5.76,1.37,3.63,5.82,1248.6,1.11,2.66,237.7
28.11.2015 20:00:00,989.23,2.01,-1.04,80.1,7.06,5.66,1.41,3.57,5.72,1249.63,0.53,1.44,170.2
28.11.2015 21:00:00,989.47,2.19,-1.23,78.0,7.15,5.58,1.57,3.52,5.64,1249.17,3.54,4.59,203.3
28.11.2015 22:00:00,989.18,1.07,-1.38,83.6,6.6,5.52,1.08,3.48,5.58,1253.93,2.1,3.49,184.2
28.11.2015 23:00:00,989.04,2.92,-0.95,75.6,7.54,5.7,1.84,3.59,5.76,1245.28,3.69,5.87,213.0
29.11.2015 00:00:00,988.57,2.96,-0.76,76.4,7.56,5.78,1.78,3.64,5.84,1244.45,4.7,6.97,210.2
29.11.2015 01:00:00,987.97,3.3,-0.42,76.5,7.75,5.93,1.82,3.74,6.0,1242.09,6.07,9.77,202.2
29.11.2015 02:00:00,986.45,3.36,-0.32,76.7,7.78,5.97,1.81,3.77,6.05,1239.88,6.22,9.01,207.5
29.11.2015 03:00:00,985.7,3.77,-0.16,75.4,8.01,6.04,1.97,3.82,6.13,1237.06,6.48,10.13,210.2
29.11.2015 04:00:00,984.85,3.87,-0.04,75.5,8.06,6.09,1.98,3.85,6.18,1235.53,7.01,9.97,205.5
29.11.2015 05:00:00,984.69,3.14,0.33,81.7,7.66,6.26,1.4,3.96,6.35,1238.52,7.4,10.69,210.0
29.11.2015 06:00:00,984.41,3.14,0.76,84.3,7.66,6.46,1.2,4.09,6.56,1238.06,8.85,12.18,212.5
29.11.2015 07:00:00,984.32,3.9,0.32,77.4,8.08,6.25,1.83,3.96,6.35,1234.66,8.77,13.94,212.4
29.11.2015 08:00:00,984.28,4.08,0.43,77.0,8.18,6.3,1.88,3.99,6.4,1233.79,8.51,13.18,214.1
29.11.2015 09:00:00,984.69,4.47,0.55,75.6,8.41,6.36,2.05,4.03,6.46,1232.55,8.46,12.26,213.3
29.11.2015 10:00:00,985.02,4.6,1.31,79.1,8.49,6.71,1.77,4.25,6.82,1232.2,7.28,10.09,210.9
29.11.2015 11:00:00,984.72,5.09,1.82,79.3,8.78,6.97,1.82,4.41,7.07,1229.54,9.4,13.08,214.9
29.11.2015 12:00:00,984.78,5.22,2.31,81.4,8.86,7.21,1.65,4.57,7.33,1228.93,8.55,10.81,215.9
29.11.2015 13:00:00,984.38,5.34,2.59,82.4,8.94,7.36,1.57,4.67,7.48,1227.84,6.31,9.29,205.2
29.11.2015 14:00:00,984.13,6.12,2.62,78.2,9.43,7.38,2.06,4.68,7.5,1224.1,6.58,10.45,208.8
29.11.2015 15:00:00,983.98,6.63,3.24,78.9,9.78,7.71,2.06,4.89,7.84,1221.49,7.02,9.99,207.9
29.11.2015 16:00:00,983.74,7.39,3.69,77.3,10.3,7.96,2.34,5.05,8.09,1217.78,5.76,9.05,206.7
29.11.2015 17:00:00,983.29,7.49,4.22,79.7,10.37,8.27,2.11,5.25,8.41,1216.64,4.48,6.05,198.4
29.11.2015 18:00:00,982.92,8.1,4.67,78.9,10.81,8.53,2.28,5.42,8.68,1213.42,6.35,10.45,208.5
29.11.2015 19:00:00,982.79,8.34,5.19,80.5,10.99,8.85,2.14,5.62,9.0,1212.08,5.07,8.29,210.1
29.11.2015 20:00:00,982.36,9.35,5.4,76.3,11.77,8.98,2.79,5.7,9.14,1207.15,6.61,8.89,207.6
29.11.2015 21:00:00,982.02,9.59,5.47,75.4,11.96,9.02,2.94,5.73,9.18,1205.69,6.79,13.02,213.2
29.11.2015 22:00:00,981.32,9.84,5.44,74.0,12.16,9.0,3.16,5.72,9.17,1203.77,7.96,12.09,211.3
29.11.2015 23:00:00,980.33,9.89,5.58,74.5,12.2,9.09,3.11,5.79,9.27,1202.3,9.58,14.06,209.0
30.11.2015 00:00:00,980.77,10.58,5.76,72.0,12.78,9.2,3.58,5.86,9.38,1199.87,8.17,12.09,212.2
30.11.2015 01:00:00,981.1,10.64,6.05,73.2,12.83,9.39,3.44,5.98,9.57,1199.93,6.22,9.57,218.1
30.11.2015 02:00:00,983.47,7.19,5.44,88.6,10.16,9.0,1.16,5.71,9.15,1217.82,2.59,5.57,277.8
30.11.2015 03:00:00,984.19,7.37,5.36,87.0,10.29,8.95,1.34,5.67,9.09,1217.96,2.63,7.09,244.2
30.11.2015 04:00:00,984.87,7.98,3.64,74.0,10.72,7.94,2.79,5.03,8.06,1216.64,2.99,6.97,247.7
30.11.2015 05:00:00,985.34,7.95,4.6,79.3,10.7,8.49,2.22,5.37,8.61,1217.09,0.99,3.04,248.3
30.11.2015 06:00:00,986.43,7.37,4.73,83.3,10.29,8.57,1.72,5.42,8.69,1220.92,2.33,5.25,276.8
30.11.2015 07:00:00,987.47,7.89,3.52,73.8,10.66,7.87,2.79,4.97,7.97,1220.28,2.54,4.57,259.1
30.11.2015 08:00:00,988.53,7.73,3.52,74.6,10.54,7.86,2.68,4.96,7.96,1222.29,2.95,6.89,250.2
30.11.2015 09:00:00,989.89,7.07,1.77,68.9,10.08,6.94,3.13,4.37,7.01,1227.29,2.54,5.69,268.1
30.11.2015 10:00:00,990.42,7.22,1.11,65.04,10.18,6.62,3.56,4.17,6.69,1227.45,2.59,6.13,257.2
30.11.2015 11:00:00,991.09,7.42,1.68,66.83,10.32,6.9,3.42,4.34,6.96,1227.27,3.17,5.89,263.5
30.11.2015 12:00:00,990.93,7.72,1.22,63.33,10.53,6.67,3.86,4.2,6.73,1225.87,1.89,4.21,247.1
30.11.2015 13:00:00,990.48,7.53,1.89,67.33,10.4,7.0,3.4,4.41,7.07,1225.99,2.99,6.65,242.7
30.11.2015 14:00:00,990.48,7.48,2.02,68.19,10.36,7.07,3.3,4.45,7.13,1226.17,2.84,6.21,227.3
30.11.2015 15:00:00,989.24,6.17,3.37,82.2,9.47,7.78,1.69,4.91,7.87,1230.06,0.64,1.24,28.12
30.11.2015 16:00:00,987.99,5.36,3.98,90.8,8.95,8.13,0.82,5.13,8.22,1231.91,1.69,2.44,200.6
30.11.2015 17:00:00,986.74,5.2,4.28,93.8,8.85,8.3,0.55,5.25,8.41,1230.97,2.34,3.65,182.7
30.11.2015 18:00:00,985.8,5.35,4.7,95.6,8.94,8.55,0.39,5.41,8.67,1229.01,0.86,2.04,205.0
30.11.2015 19:00:00,985.34,8.22,6.78,90.6,10.9,9.88,1.02,6.26,10.02,1215.27,2.45,3.89,206.0
30.11.2015 20:00:00,984.67,8.58,6.69,87.9,11.17,9.82,1.35,6.23,9.97,1212.92,4.16,6.97,205.9
30.11.2015 21:00:00,984.2,8.4,6.67,88.8,11.03,9.8,1.24,6.22,9.96,1213.12,2.73,5.61,202.7
30.11.2015 22:00:00,984.21,8.66,6.62,87.0,11.23,9.77,1.46,6.2,9.93,1212.03,3.44,7.65,216.0
30.11.2015 23:00:00,983.74,8.9,6.52,85.0,11.42,9.7,1.71,6.16,9.86,1210.45,3.49,8.89,221.0
01.12.2015 00:00:00,983.47,10.03,6.66,79.5,12.32,9.79,2.53,6.22,9.96,1205.24,4.03,8.27,225.4
01.12.2015 01:00:00,983.77,10.54,6.91,78.2,12.75,9.97,2.78,6.33,10.13,1203.36,4.08,8.97,223.6
01.12.2015 02:00:00,984.4,10.82,7.15,78.0,12.99,10.13,2.86,6.43,10.29,1202.87,3.91,7.05,231.2
01.12.2015 03:00:00,985.57,11.07,7.35,77.8,13.2,10.27,2.93,6.51,10.42,1203.18,3.85,7.93,233.6
01.12.2015 04:00:00,986.95,10.64,8.06,84.0,12.83,10.78,2.05,6.82,10.92,1206.47,3.46,6.09,281.7
01.12.2015 05:00:00,989.07,9.68,7.29,85.0,12.03,10.23,1.8,6.46,10.34,1213.43,1.71,5.01,279.7
01.12.2015 06:00:00,991.07,7.89,5.28,83.5,10.66,8.9,1.76,5.6,8.98,1224.26,1.25,3.0,325.7
01.12.2015 07:00:00,992.13,7.24,4.76,84.2,10.19,8.58,1.61,5.4,8.65,1228.56,1.11,2.34,269.3
01.12.2015 08:00:00,993.26,6.52,3.09,78.6,9.7,7.63,2.08,4.79,7.68,1233.57,1.3,2.48,317.7
01.12.2015 09:00:00,994.31,6.72,3.04,77.3,9.84,7.6,2.23,4.77,7.65,1234.02,0.84,1.4,234.5
01.12.2015 10:00:00,995.06,7.59,3.17,73.5,10.44,7.67,2.77,4.81,7.71,1231.09,1.98,4.45,299.6
01.12.2015 11:00:00,995.48,6.89,2.91,75.7,9.95,7.53,2.42,4.72,7.57,1234.78,0.8,1.72,194.1
01.12.2015 12:00:00,995.95,7.19,2.12,70.1,10.16,7.12,3.04,4.46,7.15,1234.21,1.6,3.28,249.7
01.12.2015 13:00:00,996.36,7.23,2.34,71.0,10.19,7.23,2.95,4.53,7.26,1234.49,2.21,5.93,278.8
01.12.2015 14:00:00,996.52,7.21,1.9,68.9,10.17,7.01,3.16,4.39,7.03,1234.89,0.94,2.2,357.5
01.12.2015 15:00:00,996.73,7.06,2.2,71.1,10.07,7.16,2.91,4.48,7.18,1235.73,0.61,1.36,250.7
01.12.2015 16:00:00,996.87,7.01,2.67,73.8,10.03,7.41,2.63,4.63,7.43,1236.01,0.36,0.72,205.0
01.12.2015 17:00:00,997.37,6.17,3.41,82.4,9.47,7.8,1.67,4.88,7.82,1240.17,1.23,1.48,231.9
01.12.2015 18:00:00,997.75,5.56,4.47,92.7,9.07,8.41,0.66,5.26,8.43,1243.09,0.76,1.28,213.5
01.12.2015 19:00:00,998.03,5.54,4.73,94.5,9.06,8.56,0.5,5.35,8.58,1243.45,0.52,0.84,172.2
01.12.2015 20:00:00,998.26,5.53,4.93,95.9,9.05,8.68,0.37,5.43,8.7,1243.74,0.62,1.04,203.1
01.12.2015 21:00:00,998.2,5.46,4.99,96.8,9.01,8.73,0.29,5.46,8.74,1243.93,0.94,1.44,199.2
01.12.2015 22:00:00,997.95,5.87,5.51,97.5,9.27,9.04,0.23,5.66,9.06,1241.64,1.22,2.42,153.3
01.12.2015 23:00:00,997.94,6.0,5.68,97.8,9.36,9.15,0.21,5.72,9.17,1241.02,1.78,3.08,180.4
02.12.2015 00:00:00,997.93,6.13,5.82,97.9,9.44,9.24,0.2,5.78,9.26,1240.36,1.55,2.42,200.0
02.12.2015 01:00:00,997.78,6.4,6.11,98.0,9.62,9.43,0.19,5.9,9.45,1238.88,1.1,2.04,194.1
02.12.2015 02:00:00,998.02,7.67,7.42,98.3,10.5,10.32,0.18,6.46,10.34,1233.17,0.92,1.96,118.4
02.12.2015 03:00:00,998.12,10.03,8.98,93.2,12.32,11.48,0.84,7.19,11.5,1222.48,1.49,3.04,241.1
02.12.2015 04:00:00,998.79,10.52,8.01,84.4,12.73,10.74,1.99,6.72,10.76,1221.54,1.96,4.16,270.5
02.12.2015 05:00:00,998.6,10.28,7.55,83.1,12.53,10.41,2.12,6.51,10.42,1222.49,1.93,3.68,213.5
02.12.2015 06:00:00,998.68,10.16,6.47,77.8,12.43,9.67,2.76,6.04,9.68,1223.44,2.99,5.25,231.6
02.12.2015 07:00:00,999.23,9.94,6.05,76.7,12.24,9.39,2.85,5.87,9.4,1225.2,2.05,3.48,232.2
02.12.2015 08:00:00,999.75,9.74,5.99,77.4,12.08,9.35,2.73,5.84,9.35,1226.74,1.16,1.8,237.8
02.12.2015 09:00:00,1000.56,9.53,5.86,77.8,11.91,9.27,2.64,5.78,9.26,1228.68,1.6,2.4,244.0
02.12.2015 10:00:00,1001.09,9.66,5.11,73.2,12.02,8.8,3.22,5.48,8.79,1228.98,1.49,3.96,241.5
02.12.2015 11:00:00,1001.33,9.9,4.21,67.63,12.21,8.26,3.95,5.15,8.25,1228.49,0.97,1.52,213.5
02.12.2015 12:00:00,1001.64,9.36,5.09,74.6,11.78,8.78,2.99,5.47,8.77,1230.97,1.43,2.56,218.3
02.12.2015 13:00:00,1001.47,9.43,5.25,75.1,11.83,8.89,2.95,5.54,8.87,1230.42,1.25,2.16,216.3
02.12.2015 14:00:00,1001.4,9.69,4.62,70.6,12.04,8.5,3.54,5.3,8.49,1229.37,0.68,1.26,232.3
02.12.2015 15:00:00,1001.58,9.51,4.41,70.4,11.9,8.37,3.52,5.22,8.36,1230.44,0.69,1.12,231.6
02.12.2015 16:00:00,1001.54,9.14,4.05,70.4,11.6,8.17,3.43,5.09,8.16,1232.1,0.89,1.4,220.5
02.12.2015 17:00:00,1001.72,9.01,3.54,68.48,11.5,7.88,3.63,4.9,7.86,1233.02,0.71,1.2,218.8
02.12.2015 18:00:00,1001.91,8.58,3.7,71.3,11.17,7.96,3.21,4.96,7.95,1235.1,1.19,1.48,233.2
02.12.2015 19:00:00,1002.15,8.34,3.78,72.9,10.99,8.01,2.98,4.99,7.99,1236.43,1.17,1.58,229.1
02.12.2015 20:00:00,1002.14,8.37,3.48,71.2,11.01,7.84,3.17,4.88,7.82,1236.36,0.63,1.04,228.1
02.12.2015 21:00:00,1002.08,8.2,3.31,71.2,10.89,7.75,3.14,4.82,7.73,1237.08,1.66,2.2,234.4
02.12.2015 22:00:00,1002.18,8.42,2.96,68.42,11.05,7.56,3.49,4.71,7.54,1236.33,0.75,1.28,235.3
02.12.2015 23:00:00,1002.26,7.66,3.24,73.5,10.49,7.71,2.78,4.8,7.69,1239.7,1.77,2.76,230.4
03.12.2015 00:00:00,1002.3,6.68,3.78,81.7,9.81,8.01,1.79,4.99,7.99,1243.97,1.37,2.28,189.3
03.12.2015 01:00:00,1002.59,5.8,3.73,86.5,9.23,7.98,1.25,4.97,7.96,1248.26,0.65,1.5,183.1
03.12.2015 02:00:00,1002.66,5.13,3.63,90.0,8.81,7.93,0.88,4.93,7.91,1251.37,0.77,1.8,133.1
03.12.2015 03:00:00,1002.84,3.8,2.52,91.3,8.02,7.32,0.7,4.56,7.3,1257.91,0.71,1.68,62.06
03.12.2015 04:00:00,1003.04,3.39,2.17,91.7,7.79,7.15,0.65,4.44,7.12,1260.1,1.08,1.52,207.9
03.12.2015 05:00:00,1003.11,3.08,1.97,92.4,7.62,7.04,0.58,4.38,7.02,1261.65,1.05,1.52,203.5
03.12.2015 06:00:00,1003.49,1.58,0.92,95.3,6.85,6.53,0.32,4.06,6.51,1269.25,1.42,2.08,214.7
03.12.2015 07:00:00,1003.8,0.34,-0.38,94.9,6.26,5.94,0.32,3.69,5.92,1275.69,1.17,1.88,167.7
03.12.2015 08:00:00,1003.94,-0.68,-1.13,96.7,5.81,5.62,0.19,3.49,5.6,1280.78,0.79,1.24,199.7
03.12.2015 09:00:00,1004.59,-0.67,-1.0,97.6,5.82,5.68,0.14,3.52,5.65,1281.55,1.48,2.32,207.2
03.12.2015 10:00:00,1004.52,-0.27,-0.53,98.1,5.99,5.87,0.11,3.65,5.85,1279.51,1.24,1.76,201.6
03.12.2015 11:00:00,1004.44,1.05,0.83,98.4,6.59,6.49,0.11,4.03,6.46,1272.95,0.77,1.96,145.4
03.12.2015 12:00:00,1004.23,2.49,2.2,97.9,7.31,7.16,0.15,4.45,7.13,1265.69,0.68,1.22,219.1
03.12.2015 13:00:00,1003.76,3.04,2.72,97.8,7.6,7.43,0.17,4.62,7.41,1262.47,1.18,2.04,146.9
03.12.2015 14:00:00,1003.21,4.33,4.11,98.5,8.33,8.2,0.12,5.1,8.17,1255.55,1.28,2.72,131.3
03.12.2015 15:00:00,1003.04,4.91,4.42,96.6,8.68,8.38,0.29,5.21,8.35,1252.62,0.91,1.86,113.8
03.12.2015 16:00:00,1002.86,5.45,3.47,87.0,9.01,7.84,1.17,4.88,7.82,1250.2,0.57,1.16,105.9
03.12.2015 17:00:00,1002.12,5.39,3.55,87.9,8.97,7.88,1.09,4.91,7.87,1249.55,0.53,1.48,92.4
03.12.2015 18:00:00,1001.98,5.3,3.35,87.2,8.91,7.77,1.14,4.84,7.76,1249.83,0.74,1.88,243.2
03.12.2015 19:00:00,1002.06,5.86,3.47,84.6,9.27,7.84,1.43,4.88,7.82,1247.38,0.38,1.0,142.4
03.12.2015 20:00:00,1000.83,5.39,3.27,86.2,8.97,7.73,1.24,4.82,7.72,1248.02,1.45,2.48,203.9
03.12.2015 21:00:00,1000.54,5.65,3.4,85.4,9.13,7.8,1.33,4.86,7.8,1246.45,1.96,2.64,181.8
03.12.2015 22:00:00,1000.03,5.61,3.0,83.2,9.11,7.58,1.53,4.73,7.58,1246.08,3.08,4.25,187.2
03.12.2015 23:00:00,999.06,5.14,2.42,82.5,8.81,7.27,1.54,4.54,7.28,1247.13,2.61,3.65,185.4
04.12.2015 00:00:00,998.45,5.01,2.24,82.2,8.74,7.18,1.56,4.49,7.19,1246.97,2.67,4.17,179.5
04.12.2015 01:00:00,997.81,4.81,2.08,82.4,8.62,7.1,1.52,4.44,7.11,1247.11,1.68,2.88,189.1
04.12.2015 02:00:00,997.49,3.97,1.77,85.5,8.12,6.94,1.18,4.34,6.96,1250.57,2.36,3.45,196.3
04.12.2015 03:00:00,997.2,4.77,1.98,82.1,8.59,7.05,1.54,4.41,7.07,1246.58,2.52,3.89,148.4
04.12.2015 04:00:00,996.88,4.63,1.61,80.7,8.5,6.86,1.64,4.29,6.88,1246.89,1.39,2.42,182.0
04.12.2015 05:00:00,996.52,4.37,1.41,81.0,8.35,6.77,1.59,4.23,6.79,1247.62,3.15,4.81,194.9
04.12.2015 06:00:00,996.36,5.31,1.57,76.7,8.92,6.84,2.08,4.28,6.87,1243.17,2.25,3.2,190.4
04.12.2015 07:00:00,996.22,5.72,1.44,73.9,9.18,6.78,2.4,4.25,6.81,1241.22,6.01,7.19,192.8
04.12.2015 08:00:00,996.57,5.92,1.43,72.8,9.31,6.78,2.53,4.24,6.8,1240.76,4.38,5.97,182.9
04.12.2015 09:00:00,997.15,6.65,1.18,67.97,9.79,6.65,3.14,4.16,6.67,1238.31,4.32,5.67,192.4
04.12.2015 10:00:00,998.36,8.13,2.14,65.8,10.83,7.13,3.71,4.45,7.14,1233.07,4.15,6.23,209.5
04.12.2015 11:00:00,999.32,7.39,2.4,70.5,10.3,7.26,3.04,4.53,7.27,1237.45,5.78,8.09,213.2
04.12.2015 12:00:00,999.32,6.44,4.06,84.7,9.65,8.17,1.48,5.1,8.18,1241.22,5.93,8.77,214.2
04.12.2015 13:00:00,1000.06,6.97,4.24,82.7,10.0,8.27,1.73,5.16,8.27,1239.77,4.86,7.85,209.9
04.12.2015 14:00:00,1000.71,7.61,4.71,81.8,10.46,8.55,1.9,5.33,8.55,1237.6,1.97,4.49,214.8
04.12.2015 15:00:00,1001.52,7.73,4.67,80.9,10.54,8.53,2.01,5.31,8.52,1238.09,3.11,5.47,209.7
04.12.2015 16:00:00,1002.51,7.32,4.53,82.4,10.25,8.45,1.8,5.26,8.43,1241.17,2.66,4.0,207.6
04.12.2015 17:00:00,1003.57,6.81,4.15,83.1,9.89,8.22,1.67,5.11,8.19,1244.87,3.47,4.65,216.7
04.12.2015 18:00:00,1004.26,5.71,3.82,87.6,9.17,8.04,1.14,4.99,8.0,1250.7,2.82,3.97,207.8
04.12.2015 19:00:00,1004.73,4.84,3.31,89.8,8.63,7.75,0.88,4.81,7.71,1255.36,1.48,2.4,202.8
04.12.2015 20:00:00,1005.17,4.18,3.05,92.3,8.24,7.61,0.63,4.72,7.57,1258.94,2.0,2.96,167.6
04.12.2015 21:00:00,1005.59,3.95,2.77,92.0,8.11,7.46,0.65,4.63,7.42,1260.6,1.62,2.62,200.6
04.12.2015 22:00:00,1005.72,2.95,2.08,94.0,7.55,7.1,0.45,4.4,7.06,1265.51,1.6,2.76,197.3
04.12.2015 23:00:00,1005.51,2.56,1.81,94.8,7.35,6.96,0.38,4.32,6.93,1267.1,1.25,2.44,198.7
05.12.2015 00:00:00,1005.22,2.39,1.48,93.7,7.26,6.8,0.46,4.22,6.77,1267.58,2.3,3.97,146.7
05.12.2015 01:00:00,1005.32,2.65,1.49,92.0,7.4,6.8,0.59,4.22,6.77,1266.5,1.31,2.56,203.8
05.12.2015 02:00:00,1005.08,2.33,1.21,92.3,7.23,6.67,0.56,4.14,6.64,1267.75,0.86,2.4,104.3
05.12.2015 03:00:00,1004.87,2.52,1.35,91.9,7.33,6.73,0.59,4.18,6.7,1266.56,1.88,3.36,158.4
05.12.2015 04:00:00,1004.32,2.56,1.42,92.1,7.35,6.77,0.58,4.2,6.74,1265.67,2.89,4.13,187.6
05.12.2015 05:00:00,1003.92,4.31,2.08,85.4,8.31,7.1,1.21,4.41,7.07,1257.07,3.13,4.33,202.5
05.12.2015 06:00:00,1003.22,2.94,1.45,89.9,7.55,6.79,0.76,4.22,6.77,1262.53,1.3,2.52,175.9
05.12.2015 07:00:00,1003.99,3.87,1.67,85.5,8.06,6.89,1.17,4.28,6.87,1259.22,2.46,3.12,217.1
05.12.2015 08:00:00,1004.16,3.22,1.43,88.0,7.7,6.77,0.92,4.21,6.75,1262.48,2.1,3.24,173.0
05.12.2015 09:00:00,1003.74,2.83,1.06,88.1,7.49,6.6,0.89,4.1,6.57,1263.81,2.5,3.81,173.9
05.12.2015 10:00:00,1003.41,5.62,2.22,78.7,9.11,7.17,1.94,4.46,7.15,1250.48,4.03,5.85,182.6
05.12.2015 11:00:00,1002.94,7.56,1.29,64.37,10.42,6.71,3.71,4.17,6.69,1241.46,4.84,6.61,206.3
05.12.2015 12:00:00,1001.77,8.51,0.91,58.68,11.12,6.52,4.59,4.06,6.51,1235.91,5.14,7.45,199.3
05.12.2015 13:00:00,1001.2,8.47,1.15,59.9,11.09,6.64,4.45,4.14,6.63,1235.32,7.21,9.85,204.8
05.12.2015 14:00:00,1000.54,8.4,2.12,64.54,11.03,7.12,3.91,4.44,7.12,1234.58,5.83,7.89,196.3
05.12.2015 15:00:00,1000.84,7.99,2.52,68.28,10.73,7.33,3.4,4.57,7.32,1236.66,5.46,7.79,204.7
05.12.2015 16:00:00,1000.57,7.6,2.13,68.18,10.45,7.12,3.32,4.44,7.12,1238.14,3.15,6.25,202.4
05.12.2015 17:00:00,1000.93,7.0,1.9,69.9,10.03,7.01,3.02,4.37,7.0,1241.3,1.08,1.66,200.0
05.12.2015 18:00:00,1000.0,6.34,1.66,71.9,9.58,6.89,2.69,4.3,6.89,1243.12,4.71,6.77,187.4
05.12.2015 19:00:00,999.99,5.89,1.86,75.2,9.29,6.99,2.3,4.36,6.99,1245.05,2.79,3.89,189.5
05.12.2015 20:00:00,999.73,6.27,2.13,74.7,9.53,7.12,2.41,4.44,7.12,1242.99,2.6,3.69,202.2
05.12.2015 21:00:00,999.85,6.24,2.21,75.3,9.51,7.16,2.35,4.47,7.17,1243.26,2.83,3.85,201.8
05.12.2015 22:00:00,999.89,6.34,1.83,72.8,9.58,6.97,2.61,4.35,6.97,1242.97,3.05,4.97,186.6
05.12.2015 23:00:00,999.27,5.59,2.23,78.9,9.1,7.18,1.92,4.48,7.18,1245.41,3.48,5.21,167.9
06.12.2015 00:00:00,998.97,5.9,2.71,79.9,9.3,7.43,1.87,4.64,7.43,1243.53,1.36,2.52,180.9
06.12.2015 01:00:00,998.42,6.01,3.06,81.3,9.36,7.61,1.75,4.76,7.62,1242.29,1.69,3.45,143.8
06.12.2015 02:00:00,998.24,5.94,3.3,83.1,9.32,7.75,1.58,4.84,7.76,1242.3,1.47,2.44,183.9
06.12.2015 03:00:00,997.76,6.32,3.59,82.6,9.57,7.9,1.67,4.94,7.92,1239.93,3.23,4.85,170.6
06.12.2015 04:00:00,997.09,7.87,4.19,77.5,10.64,8.25,2.39,5.16,8.27,1232.11,3.76,6.53,204.4
06.12.2015 05:00:00,996.56,7.89,4.07,76.7,10.66,8.17,2.48,5.12,8.2,1231.4,3.77,6.85,207.4
06.12.2015 06:00:00,996.39,7.86,3.51,73.9,10.64,7.86,2.78,4.92,7.89,1231.47,3.83,6.55,204.1
06.12.2015 07:00:00,996.8,8.02,3.02,70.6,10.75,7.59,3.16,4.75,7.62,1231.41,6.51,10.27,212.0
06.12.2015 08:00:00,996.96,7.73,2.59,69.83,10.54,7.36,3.18,4.61,7.38,1232.98,6.84,10.03,207.4
06.12.2015 09:00:00,997.5,7.87,2.07,66.65,10.64,7.09,3.55,4.44,7.11,1233.16,5.48,9.41,209.4
06.12.2015 10:00:00,997.62,8.17,1.94,64.68,10.86,7.03,3.84,4.39,7.04,1232.02,7.48,12.62,207.4
06.12.2015 11:00:00,998.06,8.41,2.29,65.28,11.04,7.21,3.83,4.5,7.22,1231.44,9.63,12.86,220.3
06.12.2015 12:00:00,998.32,8.27,2.78,68.24,10.94,7.46,3.47,4.66,7.48,1232.25,7.79,11.09,213.6
06.12.2015 13:00:00,998.59,8.88,3.42,68.53,11.4,7.81,3.59,4.88,7.82,1229.76,5.11,9.19,214.7
06.12.2015 14:00:00,998.43,9.23,4.16,70.5,11.67,8.23,3.44,5.14,8.24,1227.84,4.14,6.77,204.1
06.12.2015 15:00:00,998.34,9.06,4.24,71.7,11.54,8.27,3.27,5.17,8.29,1228.45,4.93,7.83,209.7
06.12.2015 16:00:00,998.09,8.9,4.49,73.8,11.42,8.42,2.99,5.27,8.44,1228.77,3.07,5.33,200.8
06.12.2015 17:00:00,998.23,8.69,4.48,74.8,11.25,8.42,2.84,5.26,8.43,1229.86,3.72,6.33,199.6
06.12.2015 18:00:00,998.53,8.66,4.49,75.0,11.23,8.42,2.81,5.26,8.44,1230.36,3.49,5.45,202.1
06.12.2015 19:00:00,999.46,8.97,4.81,75.1,11.47,8.61,2.86,5.38,8.62,1230.07,4.21,6.77,200.9
06.12.2015 20:00:00,999.74,9.54,5.01,73.3,11.92,8.74,3.18,5.45,8.74,1227.87,6.21,9.45,203.8
06.12.2015 21:00:00,1000.08,9.8,5.3,73.5,12.13,8.92,3.21,5.56,8.91,1227.08,6.34,9.97,211.6
06.12.2015 22:00:00,1001.37,9.05,5.21,76.8,11.53,8.86,2.68,5.52,8.84,1231.97,1.99,3.5,217.8
06.12.2015 23:00:00,1001.2,9.02,5.42,78.1,11.51,8.99,2.52,5.6,8.98,1231.82,3.06,5.25,182.7
07.12.2015 00:00:00,1001.63,8.95,5.62,79.6,11.45,9.12,2.34,5.68,9.1,1232.6,0.96,2.32,349.7
07.12.2015 01:00:00,1001.6,9.33,5.89,79.0,11.75,9.28,2.47,5.79,9.27,1230.82,3.48,5.97,228.3
07.12.2015 02:00:00,1001.91,9.6,6.2,79.3,11.97,9.49,2.48,5.91,9.47,1229.93,4.31,6.45,222.8
07.12.2015 03:00:00,1002.32,9.78,6.38,79.3,12.11,9.61,2.51,5.98,9.58,1229.61,5.1,8.09,216.9
07.12.2015 04:00:00,1002.77,10.0,6.44,78.5,12.29,9.65,2.64,6.01,9.62,1229.17,3.33,5.45,204.4
07.12.2015 05:00:00,1003.15,9.77,6.39,79.4,12.11,9.61,2.49,5.98,9.58,1230.67,1.6,3.16,169.9
07.12.2015 06:00:00,1003.69,9.69,6.36,79.7,12.04,9.6,2.44,5.97,9.56,1231.68,2.03,3.52,181.8
07.12.2015 07:00:00,1004.1,9.44,6.34,80.9,11.84,9.58,2.26,5.95,9.54,1233.29,1.63,3.04,177.5
07.12.2015 08:00:00,1004.7,9.19,6.32,82.2,11.64,9.57,2.07,5.95,9.52,1235.13,1.18,1.92,187.3
07.12.2015 09:00:00,1005.51,9.14,6.4,82.9,11.6,9.62,1.98,5.97,9.57,1236.32,0.82,1.28,167.3
07.12.2015 10:00:00,1005.96,9.63,6.48,80.7,11.99,9.68,2.31,6.01,9.62,1234.7,1.45,2.56,200.1
07.12.2015 11:00:00,1005.99,10.48,6.97,78.8,12.7,10.0,2.69,6.21,9.94,1230.9,1.39,2.12,166.1
07.12.2015 12:00:00,1005.64,11.23,7.13,75.8,13.35,10.12,3.23,6.28,10.06,1227.16,1.92,3.12,131.1
07.12.2015 13:00:00,1005.45,12.32,7.49,72.3,14.34,10.37,3.97,6.44,10.31,1222.13,2.0,2.94,124.1
07.12.2015 14:00:00,1005.32,13.34,7.77,68.92,15.34,10.57,4.77,6.57,10.51,1217.53,1.05,1.76,97.0
07.12.2015 15:00:00,1005.45,12.74,7.73,71.5,14.74,10.54,4.2,6.55,10.49,1220.25,1.97,2.4,37.33
07.12.2015 16:00:00,1005.57,12.8,7.79,71.5,14.8,10.58,4.22,6.57,10.53,1220.13,1.5,1.84,2.16
07.12.2015 17:00:00,1005.73,11.8,7.74,76.1,13.86,10.55,3.31,6.55,10.49,1224.62,0.86,1.48,325.8
07.12.2015 18:00:00,1005.98,11.19,7.67,78.9,13.31,10.5,2.81,6.52,10.44,1227.57,0.32,0.68,118.4
07.12.2015 19:00:00,1006.33,9.33,6.58,82.9,11.75,9.74,2.01,6.04,9.68,1236.45,1.18,1.56,214.4
07.12.2015 20:00:00,1006.43,8.59,6.24,85.1,11.18,9.51,1.67,5.9,9.45,1239.92,1.1,1.88,190.9
07.12.2015 21:00:00,1006.81,6.69,5.22,90.3,9.81,8.86,0.95,5.49,8.8,1249.13,0.95,1.84,178.9
07.12.2015 22:00:00,1006.86,6.34,5.12,91.9,9.58,8.8,0.78,5.46,8.74,1250.79,0.5,0.82,213.2
07.12.2015 23:00:00,1006.92,6.13,4.67,90.3,9.45,8.53,0.92,5.29,8.47,1251.91,1.31,2.28,162.7
08.12.2015 00:00:00,1006.99,5.33,4.57,94.8,8.93,8.47,0.46,5.25,8.41,1255.64,0.4,0.76,35.94
08.12.2015 01:00:00,1006.93,4.81,4.17,95.6,8.61,8.24,0.38,5.1,8.18,1258.0,0.46,1.04,200.7
08.12.2015 02:00:00,1006.67,4.12,3.57,96.2,8.21,7.89,0.31,4.89,7.84,1260.99,1.36,1.86,226.6
08.12.2015 03:00:00,1006.4,2.84,2.26,95.9,7.5,7.19,0.31,4.46,7.14,1266.8,0.44,1.04,198.7
08.12.2015 04:00:00,1006.05,2.27,1.82,96.8,7.2,6.97,0.23,4.32,6.92,1269.11,0.91,1.52,181.3
08.12.2015 05:00:00,1005.8,1.42,1.12,97.9,6.77,6.63,0.14,4.11,6.59,1272.91,0.92,1.76,196.5
08.12.2015 06:00:00,1005.7,1.18,0.94,98.3,6.65,6.54,0.11,4.05,6.5,1273.92,0.88,1.34,207.3
08.12.2015 07:00:00,1005.64,0.92,0.72,98.6,6.53,6.44,0.09,3.99,6.4,1275.11,0.89,1.64,209.8
08.12.2015 08:00:00,1005.71,0.71,0.54,98.8,6.43,6.35,0.08,3.94,6.32,1276.22,1.15,1.86,193.7
08.12.2015 09:00:00,1005.83,0.4,0.23,98.8,6.29,6.21,0.08,3.85,6.18,1277.88,1.17,1.84,221.6
08.12.2015 10:00:00,1005.83,0.68,0.53,98.9,6.42,6.35,0.07,3.93,6.31,1276.5,0.86,1.4,199.0
08.12.2015 11:00:00,1005.71,2.27,2.13,99.0,7.2,7.12,0.07,4.42,7.08,1268.6,0.94,1.74,212.3
08.12.2015 12:00:00,1005.07,4.16,3.89,98.1,8.23,8.07,0.16,5.01,8.03,1258.71,1.07,1.72,199.5
08.12.2015 13:00:00,1004.24,7.42,6.93,96.7,10.32,9.98,0.34,6.2,9.94,1242.16,1.1,1.9,201.6
08.12.2015 14:00:00,1003.61,8.75,5.3,78.9,11.3,8.92,2.38,5.54,8.88,1236.01,1.6,2.18,225.3
08.12.2015 15:00:00,1003.21,9.9,5.46,73.8,12.21,9.01,3.2,5.61,8.98,1230.46,1.15,1.6,222.1
08.12.2015 16:00:00,1002.76,9.57,5.47,75.5,11.94,9.02,2.93,5.61,8.99,1231.34,0.51,0.92,253.9
08.12.2015 17:00:00,1002.93,8.13,5.34,82.5,10.83,8.94,1.9,5.56,8.91,1237.88,2.58,3.28,217.6
08.12.2015 18:00:00,1002.89,6.67,4.83,88.0,9.8,8.62,1.18,5.37,8.6,1244.46,1.51,2.0,223.1
08.12.2015 19:00:00,1003.08,6.16,4.77,90.8,9.46,8.59,0.87,5.34,8.57,1246.97,1.45,2.28,199.9
08.12.2015 20:00:00,1003.23,4.4,3.7,95.2,8.37,7.97,0.4,4.95,7.94,1255.36,0.77,1.46,191.7
08.12.2015 21:00:00,1003.16,4.79,3.67,92.4,8.6,7.95,0.65,4.94,7.92,1253.51,1.69,3.08,216.3
08.12.2015 22:00:00,1003.01,3.8,2.96,94.2,8.03,7.56,0.47,4.7,7.54,1257.98,1.63,2.36,186.2
08.12.2015 23:00:00,1002.9,4.06,2.98,92.6,8.17,7.57,0.6,4.71,7.55,1256.65,2.27,3.3,207.6
09.12.2015 00:00:00,1003.13,2.4,1.86,96.2,7.26,6.99,0.28,4.34,6.97,1264.81,2.52,3.77,169.0
09.12.2015 01:00:00,1002.97,2.53,2.06,96.7,7.33,7.09,0.24,4.41,7.07,1263.96,1.6,2.8,181.4
09.12.2015 02:00:00,1002.99,2.52,1.95,96.0,7.33,7.03,0.29,4.37,7.01,1264.05,2.39,3.1,204.6
09.12.2015 03:00:00,1002.86,2.62,1.84,94.6,7.38,6.98,0.4,4.34,6.96,1263.48,1.98,2.88,210.7
09.12.2015 04:00:00,1002.76,2.86,2.19,95.3,7.51,7.15,0.35,4.45,7.13,1262.15,2.41,3.53,184.3
09.12.2015 05:00:00,1002.95,3.31,2.41,93.8,7.75,7.27,0.48,4.52,7.25,1260.3,1.43,2.16,204.8
09.12.2015 06:00:00,1003.38,3.47,2.69,94.6,7.84,7.42,0.42,4.61,7.39,1260.02,0.61,1.44,106.2
09.12.2015 07:00:00,1003.74,3.49,2.8,95.2,7.85,7.47,0.38,4.64,7.44,1260.36,1.1,1.58,200.0
09.12.2015 08:00:00,1004.11,3.73,3.23,96.5,7.98,7.7,0.28,4.79,7.67,1259.62,0.57,1.36,172.2
09.12.2015 09:00:00,1005.0,4.66,4.13,96.3,8.53,8.21,0.32,5.1,8.17,1256.26,0.72,2.0,185.9
09.12.2015 10:00:00,1005.71,6.2,5.07,92.4,9.49,8.77,0.72,5.44,8.72,1249.96,1.23,2.8,236.5
09.12.2015 11:00:00,1006.22,6.71,5.47,91.8,9.83,9.02,0.81,5.6,8.97,1248.23,0.44,1.28,99.2
09.12.2015 12:00:00,1006.51,7.18,5.66,90.0,10.15,9.14,1.02,5.67,9.08,1246.44,0.52,0.92,187.7
09.12.2015 13:00:00,1006.82,7.45,5.25,85.9,10.34,8.88,1.46,5.51,8.82,1245.74,1.75,3.64,259.9
09.12.2015 14:00:00,1007.54,7.61,5.07,83.9,10.46,8.77,1.68,5.43,8.71,1245.97,1.61,3.64,263.1
09.12.2015 15:00:00,1008.04,7.62,3.75,76.4,10.46,7.99,2.47,4.95,7.93,1246.91,1.28,3.38,284.3
09.12.2015 16:00:00,1008.88,6.72,2.56,74.7,9.83,7.35,2.49,4.54,7.28,1252.29,1.43,2.36,251.9
09.12.2015 17:00:00,1009.49,6.8,2.47,73.8,9.89,7.3,2.59,4.51,7.23,1252.68,1.62,2.36,244.2
09.12.2015 18:00:00,1010.14,6.04,1.85,74.4,9.38,6.98,2.4,4.31,6.91,1257.07,2.16,3.16,251.3
09.12.2015 19:00:00,1010.41,4.88,1.7,79.8,8.66,6.91,1.75,4.26,6.84,1262.69,2.24,2.6,248.9
09.12.2015 20:00:00,1010.91,4.53,1.58,81.1,8.45,6.85,1.6,4.23,6.78,1264.93,2.6,3.32,244.4
09.12.2015 21:00:00,1011.28,2.49,1.02,90.0,7.31,6.58,0.73,4.06,6.51,1274.89,1.65,2.32,204.1
09.12.2015 22:00:00,1011.25,1.2,0.21,93.1,6.66,6.2,0.46,3.82,6.13,1281.05,1.33,2.0,178.0
09.12.2015 23:00:00,1011.35,0.0,-0.58,95.8,6.11,5.85,0.26,3.61,5.79,1286.94,0.98,2.48,164.3
10.12.2015 00:00:00,1011.24,-1.13,-1.54,97.0,5.62,5.46,0.17,3.36,5.4,1292.33,1.32,2.2,184.3
10.12.2015 01:00:00,1011.1,-1.71,-2.05,97.5,5.39,5.25,0.13,3.24,5.19,1295.05,1.82,2.56,208.3
10.12.2015 02:00:00,1010.82,-1.75,-2.03,98.0,5.37,5.26,0.11,3.24,5.21,1294.88,0.87,1.76,237.2
10.12.2015 03:00:00,1010.78,-2.18,-2.47,97.9,5.2,5.09,0.11,3.14,5.04,1296.96,0.72,1.56,212.7
10.12.2015 04:00:00,1010.49,-2.12,-2.44,97.7,5.22,5.1,0.12,3.15,5.05,1296.29,1.52,2.24,200.1
10.12.2015 05:00:00,1009.78,-2.47,-2.74,98.0,5.09,4.99,0.1,3.08,4.94,1297.09,2.14,3.31,183.6
10.12.2015 06:00:00,1009.49,-2.78,-3.06,97.9,4.97,4.87,0.1,3.01,4.82,1298.27,1.81,3.03,218.1
10.12.2015 07:00:00,1009.56,-1.46,-1.7,98.2,5.49,5.39,0.1,3.33,5.34,1291.79,1.76,2.93,185.0
10.12.2015 08:00:00,1009.63,-1.62,-1.87,98.2,5.42,5.33,0.1,3.29,5.27,1292.68,2.74,4.33,206.3
10.12.2015 09:00:00,1009.5,-1.69,-1.98,97.9,5.39,5.28,0.11,3.26,5.23,1292.87,2.9,4.11,196.0
10.12.2015 10:00:00,1008.99,-0.54,-0.76,98.4,5.87,5.78,0.09,3.57,5.73,1286.5,1.4,2.94,228.2
10.12.2015 11:00:00,1008.58,0.12,-0.11,98.3,6.16,6.06,0.1,3.74,6.01,1282.75,1.91,3.93,171.0
10.12.2015 12:00:00,1007.91,3.0,2.6,97.2,7.58,7.37,0.21,4.56,7.31,1267.89,0.82,2.0,178.2
10.12.2015 13:00:00,1007.41,5.61,4.48,92.4,9.11,8.42,0.69,5.21,8.36,1254.9,2.12,3.2,172.8
10.12.2015 14:00:00,1006.7,6.36,1.85,72.8,9.59,6.98,2.61,4.33,6.94,1251.34,3.01,4.12,182.2
10.12.2015 15:00:00,1006.21,5.3,1.33,75.5,8.91,6.73,2.18,4.17,6.69,1255.63,2.3,5.19,190.2
10.12.2015 16:00:00,1005.8,4.17,0.97,79.6,8.24,6.56,1.68,4.06,6.52,1260.29,2.59,3.34,173.8
10.12.2015 17:00:00,1005.34,3.26,0.53,82.2,7.72,6.35,1.37,3.94,6.31,1263.96,2.2,3.1,154.4
10.12.2015 18:00:00,1004.7,2.37,-0.09,83.7,7.25,6.07,1.18,3.76,6.04,1267.37,2.13,3.81,167.1
10.12.2015 19:00:00,1003.9,2.7,-0.04,82.1,7.42,6.09,1.33,3.78,6.07,1264.84,4.8,8.21,164.1
10.12.2015 20:00:00,1003.13,2.13,-0.15,84.8,7.12,6.04,1.08,3.75,6.02,1266.51,3.31,4.85,165.1
10.12.2015 21:00:00,1002.73,1.97,-0.55,83.3,7.05,5.87,1.18,3.65,5.85,1266.79,1.78,3.04,180.8
10.12.2015 22:00:00,1001.8,1.55,-0.86,83.9,6.83,5.73,1.1,3.57,5.72,1267.63,1.12,2.6,168.0
10.12.2015 23:00:00,1001.88,1.94,-1.29,79.1,7.03,5.56,1.47,3.46,5.55,1266.05,0.47,1.28,183.2
11.12.2015 00:00:00,1001.34,1.19,-1.82,80.2,6.66,5.34,1.32,3.32,5.33,1268.89,1.69,2.44,193.4
11.12.2015 01:00:00,1000.87,0.92,-1.74,82.3,6.53,5.38,1.16,3.35,5.37,1269.53,2.17,2.88,218.0
11.12.2015 02:00:00,1000.43,0.94,-1.51,83.6,6.54,5.47,1.07,3.41,5.47,1268.84,0.72,1.76,112.7
11.12.2015 03:00:00,999.83,0.75,-1.68,83.7,6.45,5.4,1.05,3.36,5.4,1269.02,1.4,2.32,205.0
11.12.2015 04:00:00,998.68,0.78,-1.64,83.8,6.46,5.41,1.05,3.38,5.42,1267.41,3.83,5.21,188.8
11.12.2015 05:00:00,998.6,1.99,-1.49,77.6,7.05,5.47,1.58,3.42,5.48,1261.68,3.82,5.93,189.3
11.12.2015 06:00:00,998.19,3.07,-1.54,71.6,7.62,5.45,2.16,3.41,5.46,1256.25,2.52,6.21,187.4
11.12.2015 07:00:00,998.08,1.69,-1.19,81.1,6.9,5.6,1.3,3.5,5.61,1262.32,2.71,4.13,135.1
11.12.2015 08:00:00,998.57,2.59,-1.74,73.0,7.36,5.38,1.99,3.36,5.38,1258.93,2.96,8.95,192.9
11.12.2015 09:00:00,997.83,2.82,-1.4,73.6,7.49,5.51,1.98,3.44,5.52,1256.88,4.6,7.41,207.7
11.12.2015 10:00:00,997.89,3.1,-1.06,74.0,7.64,5.65,1.99,3.53,5.66,1255.62,6.02,10.73,208.7
11.12.2015 11:00:00,997.57,3.73,-0.23,75.2,7.99,6.01,1.98,3.75,6.02,1252.19,7.51,9.93,213.2
11.12.2015 12:00:00,997.36,4.75,0.49,73.8,8.58,6.33,2.25,3.96,6.35,1247.22,5.33,8.49,223.9
11.12.2015 13:00:00,997.05,4.69,0.85,76.1,8.54,6.5,2.04,4.06,6.52,1247.0,5.1,7.21,218.5
11.12.2015 14:00:00,996.18,4.74,1.56,79.8,8.57,6.84,1.73,4.28,6.86,1245.55,7.33,10.29,216.0
11.12.2015 15:00:00,996.08,4.39,1.6,82.0,8.36,6.86,1.51,4.29,6.88,1246.98,6.34,9.57,212.6
11.12.2015 16:00:00,996.22,3.91,1.74,85.7,8.08,6.93,1.16,4.34,6.95,1249.28,5.07,8.65,213.8
11.12.2015 17:00:00,996.06,3.8,1.67,85.9,8.02,6.89,1.13,4.32,6.92,1249.56,6.83,9.99,211.2
11.12.2015 18:00:00,996.07,4.13,1.81,84.8,8.21,6.96,1.25,4.36,6.99,1248.06,5.19,7.25,205.5
11.12.2015 19:00:00,995.72,4.34,1.63,82.5,8.33,6.87,1.46,4.3,6.9,1246.75,5.52,7.29,209.4
11.12.2015 20:00:00,995.19,4.86,1.73,80.1,8.64,6.92,1.72,4.34,6.96,1243.7,6.66,9.13,208.3
11.12.2015 21:00:00,995.26,4.94,1.93,80.8,8.69,7.02,1.67,4.4,7.05,1243.41,5.18,7.89,213.3
11.12.2015 22:00:00,994.32,5.32,2.45,81.7,8.92,7.29,1.63,4.57,7.33,1240.39,6.59,9.09,208.4
11.12.2015 23:00:00,993.85,5.6,2.71,81.6,9.1,7.43,1.67,4.66,7.47,1238.5,5.37,7.27,208.9
12.12.2015 00:00:00,993.35,5.82,3.05,82.3,9.24,7.61,1.64,4.78,7.66,1236.8,6.04,8.77,208.6
12.12.2015 01:00:00,993.3,6.18,3.26,81.5,9.47,7.72,1.75,4.85,7.77,1235.1,5.16,7.79,210.3
12.12.2015 02:00:00,993.41,5.94,4.27,89.0,9.32,8.29,1.02,5.21,8.35,1236.03,1.34,2.36,196.2
12.12.2015 03:00:00,993.72,6.4,4.95,90.4,9.62,8.7,0.92,5.46,8.75,1234.18,1.09,2.9,313.4
12.12.2015 04:00:00,994.09,6.33,5.08,91.7,9.57,8.78,0.79,5.51,8.83,1234.92,0.89,1.68,64.6
12.12.2015 05:00:00,994.61,5.88,4.41,90.2,9.28,8.37,0.91,5.25,8.42,1237.73,1.33,2.6,347.7
12.12.2015 06:00:00,994.88,4.97,3.25,88.6,8.71,7.72,0.99,4.84,7.76,1242.45,1.82,3.36,262.1
12.12.2015 07:00:00,995.28,4.35,1.62,82.4,8.34,6.87,1.47,4.31,6.9,1246.14,2.0,3.2,265.8
12.12.2015 08:00:00,995.8,3.86,1.17,82.5,8.06,6.65,1.41,4.16,6.68,1249.08,1.5,2.2,249.2
12.12.2015 09:00:00,996.29,4.05,1.47,83.2,8.17,6.79,1.37,4.25,6.82,1248.77,0.91,1.56,231.9
12.12.2015 10:00:00,996.75,3.39,1.63,88.2,7.79,6.87,0.92,4.3,6.89,1252.32,1.46,2.8,129.8
12.12.2015 11:00:00,996.97,5.38,2.01,78.8,8.96,7.06,1.9,4.42,7.09,1243.53,1.77,2.94,169.5
12.12.2015 12:00:00,996.79,6.57,1.77,71.3,9.73,6.94,2.79,4.34,6.96,1238.08,3.64,5.65,230.2
12.12.2015 13:00:00,996.54,7.24,1.63,67.41,10.19,6.87,3.32,4.3,6.9,1234.85,2.39,4.55,244.9
12.12.2015 14:00:00,996.12,6.67,1.3,68.45,9.8,6.71,3.09,4.2,6.74,1236.9,2.09,3.9,236.0
12.12.2015 15:00:00,995.94,6.58,1.04,67.62,9.74,6.58,3.15,4.12,6.61,1237.16,2.0,4.55,237.2
12.12.2015 16:00:00,996.0,5.93,1.21,71.6,9.31,6.67,2.64,4.17,6.69,1240.07,1.52,2.4,226.9
12.12.2015 17:00:00,995.85,5.19,0.93,73.9,8.84,6.53,2.31,4.09,6.56,1243.26,2.61,3.16,232.8
12.12.2015 18:00:00,995.3,4.94,1.12,76.2,8.69,6.62,2.07,4.15,6.65,1243.63,2.26,3.12,232.6
12.12.2015 19:00:00,994.54,5.03,1.51,77.9,8.75,6.81,1.93,4.27,6.85,1242.17,2.08,2.88,218.0
12.12.2015 20:00:00,993.65,4.32,1.39,81.2,8.32,6.76,1.56,4.24,6.8,1244.29,1.81,2.76,182.2
12.12.2015 21:00:00,992.56,4.62,2.16,84.0,8.5,7.14,1.36,4.49,7.19,1241.38,3.01,4.09,187.6
12.12.2015 22:00:00,991.48,5.31,3.08,85.5,8.92,7.63,1.29,4.8,7.69,1236.73,1.65,3.28,180.1
12.12.2015 23:00:00,990.72,7.39,4.6,82.4,10.3,8.49,1.81,5.35,8.57,1226.2,5.19,8.41,205.1
13.12.2015 00:00:00,989.84,8.27,5.09,80.3,10.94,8.78,2.15,5.54,8.87,1221.14,4.13,6.17,205.6
13.12.2015 01:00:00,989.04,8.53,5.43,80.8,11.13,9.0,2.14,5.68,9.09,1218.92,5.92,10.05,204.9
13.12.2015 02:00:00,987.28,8.47,5.35,80.7,11.09,8.95,2.14,5.66,9.06,1217.03,8.32,11.94,205.8
13.12.2015 03:00:00,987.12,8.87,5.31,78.3,11.39,8.92,2.47,5.64,9.04,1215.12,5.84,11.58,213.4
13.12.2015 04:00:00,987.07,8.68,5.22,78.8,11.25,8.86,2.38,5.6,8.98,1215.9,2.36,4.17,209.1
13.12.2015 05:00:00,985.92,8.97,4.9,75.6,11.47,8.67,2.8,5.49,8.79,1213.32,6.47,8.61,201.6
13.12.2015 06:00:00,985.95,9.33,4.91,73.8,11.75,8.67,3.08,5.49,8.8,1211.81,5.59,9.93,209.7
13.12.2015 07:00:00,986.24,9.62,5.07,73.2,11.98,8.77,3.21,5.55,8.89,1210.88,3.6,7.53,215.5
13.12.2015 08:00:00,986.99,9.76,5.32,73.8,12.1,8.93,3.17,5.65,9.05,1211.13,3.33,7.05,226.3
13.12.2015 09:00:00,987.85,9.91,5.41,73.5,12.22,8.98,3.24,5.67,9.09,1211.52,4.17,7.41,237.3
13.12.2015 10:00:00,989.43,9.59,5.62,76.2,11.96,9.11,2.85,5.75,9.21,1214.78,3.1,7.73,243.1
13.12.2015 11:00:00,991.28,6.87,5.16,88.8,9.94,8.83,1.11,5.56,8.91,1229.0,2.13,4.97,288.2
13.12.2015 12:00:00,992.43,6.15,3.49,83.0,9.46,7.85,1.61,4.93,7.91,1234.07,1.95,4.73,316.5
13.12.2015 13:00:00,993.16,6.11,3.09,80.9,9.43,7.63,1.8,4.79,7.68,1235.29,1.29,2.78,270.4
13.12.2015 14:00:00,993.63,7.01,1.83,69.51,10.03,6.97,3.06,4.38,7.02,1232.19,1.94,5.13,269.4
13.12.2015 15:00:00,994.27,5.64,1.08,72.4,9.13,6.61,2.52,4.14,6.65,1239.22,1.45,3.12,237.6
13.12.2015 16:00:00,995.23,4.93,0.72,74.1,8.69,6.44,2.25,4.03,6.47,1243.66,0.98,2.36,251.8
13.12.2015 17:00:00,995.8,4.86,0.76,74.7,8.64,6.45,2.19,4.04,6.48,1244.71,1.92,2.66,248.3
13.12.2015 18:00:00,996.22,5.11,0.17,70.3,8.8,6.19,2.61,3.87,6.21,1244.2,0.95,2.08,250.4
13.12.2015 19:00:00,996.61,4.57,0.82,76.5,8.47,6.48,1.99,4.05,6.5,1246.98,0.41,0.68,214.4
13.12.2015 20:00:00,997.27,3.91,0.58,78.8,8.09,6.37,1.71,3.98,6.39,1250.84,0.42,0.76,72.4
13.12.2015 21:00:00,997.54,2.39,0.4,86.6,7.26,6.29,0.97,3.93,6.3,1258.12,0.35,0.68,310.4
13.12.2015 22:00:00,997.6,1.56,0.02,89.5,6.84,6.12,0.72,3.82,6.13,1262.1,0.23,0.68,1.42
13.12.2015 23:00:00,997.85,0.92,-0.39,90.9,6.53,5.94,0.59,3.71,5.95,1265.41,0.5,1.0,202.9
14.12.2015 00:00:00,997.9,0.27,-0.75,92.8,6.23,5.78,0.45,3.61,5.79,1268.56,1.13,1.44,213.8
14.12.2015 01:00:00,997.74,-0.13,-0.88,94.7,6.05,5.73,0.32,3.58,5.74,1270.27,0.55,0.74,207.5
14.12.2015 02:00:00,997.73,-0.62,-1.26,95.4,5.84,5.57,0.27,3.48,5.58,1272.58,0.24,0.48,114.7
14.12.2015 03:00:00,997.63,-0.56,-1.28,94.8,5.86,5.56,0.3,3.47,5.57,1272.18,0.16,0.36,6.63
14.12.2015 04:00:00,997.26,-0.27,-1.04,94.5,5.99,5.66,0.33,3.54,5.68,1270.31,0.32,0.6,189.6
14.12.2015 05:00:00,996.88,0.35,-0.76,92.2,6.26,5.78,0.49,3.61,5.79,1266.93,0.15,0.48,18.18
14.12.2015 06:00:00,996.83,0.23,-0.65,93.8,6.21,5.82,0.38,3.64,5.84,1267.4,0.32,0.8,146.2
14.12.2015 07:00:00,996.83,0.99,-0.19,91.8,6.56,6.02,0.54,3.77,6.04,1263.77,0.75,1.04,202.8
14.12.2015 08:00:00,996.74,1.66,0.31,90.7,6.89,6.25,0.64,3.91,6.27,1260.46,0.91,1.3,220.5
14.12.2015 09:00:00,996.67,2.04,0.83,91.7,7.08,6.49,0.59,4.06,6.51,1258.55,0.59,1.12,196.1
14.12.2015 10:00:00,996.74,2.51,1.4,92.3,7.32,6.76,0.56,4.23,6.78,1256.33,1.21,2.08,212.5
14.12.2015 11:00:00,996.84,3.21,1.89,91.0,7.7,7.0,0.69,4.38,7.03,1253.14,1.13,1.64,205.6
14.12.2015 12:00:00,996.41,3.78,2.37,90.5,8.01,7.25,0.76,4.54,7.27,1249.96,0.79,1.4,214.0
14.12.2015 13:00:00,996.14,4.59,2.92,88.9,8.48,7.54,0.94,4.72,7.57,1245.83,0.99,1.58,211.5
14.12.2015 14:00:00,996.0,5.57,3.55,86.8,9.08,7.88,1.2,4.94,7.91,1241.11,0.45,0.84,194.5
14.12.2015 15:00:00,995.51,5.83,3.88,87.3,9.25,8.07,1.17,5.06,8.11,1239.25,0.68,1.32,214.0
14.12.2015 16:00:00,995.58,6.03,4.19,87.9,9.38,8.24,1.13,5.17,8.28,1238.33,1.04,1.64,196.7
14.12.2015 17:00:00,995.56,5.73,4.02,88.7,9.18,8.15,1.04,5.11,8.18,1239.71,1.1,1.96,200.9
14.12.2015 18:00:00,995.48,5.88,4.21,89.0,9.28,8.26,1.02,5.18,8.3,1238.89,1.19,2.94,201.2
14.12.2015 19:00:00,995.77,6.56,4.31,85.5,9.73,8.32,1.41,5.21,8.35,1236.23,1.46,2.0,216.8
14.12.2015 20:00:00,995.91,5.43,3.96,90.2,8.99,8.11,0.88,5.08,8.15,1241.5,0.92,1.32,181.2
14.12.2015 21:00:00,995.82,5.69,4.21,90.2,9.16,8.26,0.9,5.18,8.3,1240.16,1.92,3.18,209.4
14.12.2015 22:00:00,996.0,5.49,3.86,89.2,9.03,8.06,0.98,5.05,8.09,1241.35,1.42,2.48,215.8
14.12.2015 23:00:00,995.83,5.48,3.17,85.0,9.03,7.67,1.35,4.81,7.71,1241.37,2.1,2.52,227.1
15.12.2015 00:00:00,995.82,6.17,3.37,82.2,9.47,7.78,1.69,4.87,7.81,1238.26,1.56,3.32,187.1
15.12.2015 01:00:00,995.44,6.18,3.09,80.5,9.48,7.63,1.85,4.78,7.66,1237.81,4.69,6.53,210.7
15.12.2015 02:00:00,995.42,5.74,2.9,81.9,9.19,7.53,1.66,4.72,7.56,1239.77,3.6,4.57,195.2
15.12.2015 03:00:00,995.53,5.18,2.72,84.1,8.84,7.43,1.4,4.66,7.46,1242.48,2.07,2.8,218.2
15.12.2015 04:00:00,995.46,5.01,2.67,84.8,8.73,7.41,1.33,4.64,7.44,1243.15,1.26,2.3,230.2
15.12.2015 05:00:00,995.3,4.73,2.67,86.5,8.56,7.41,1.16,4.64,7.44,1244.21,1.2,1.9,217.5
15.12.2015 06:00:00,995.55,4.63,2.69,87.2,8.5,7.42,1.09,4.65,7.45,1244.96,1.19,1.84,208.6
15.12.2015 07:00:00,996.01,4.27,2.64,89.1,8.29,7.39,0.9,4.63,7.42,1247.17,0.63,0.96,227.4
15.12.2015 08:00:00,996.25,3.74,2.5,91.6,7.99,7.32,0.67,4.58,7.34,1249.88,0.81,1.28,209.5
15.12.2015 09:00:00,996.81,3.16,2.13,92.9,7.67,7.12,0.54,4.46,7.15,1253.29,1.88,2.2,230.5
15.12.2015 10:00:00,996.99,3.58,2.57,93.1,7.9,7.35,0.55,4.6,7.38,1251.51,0.8,1.36,190.9
15.12.2015 11:00:00,997.39,4.35,2.86,90.0,8.34,7.5,0.83,4.69,7.52,1248.5,0.88,1.48,338.2
15.12.2015 12:00:00,997.11,5.24,3.3,87.3,8.87,7.75,1.13,4.85,7.77,1244.03,1.1,2.0,116.4
15.12.2015 13:00:00,996.92,6.25,3.86,84.6,9.52,8.05,1.47,5.04,8.08,1239.14,0.51,1.2,97.8
15.12.2015 14:00:00,996.99,8.38,4.52,76.6,11.02,8.44,2.58,5.28,8.47,1229.67,0.51,1.04,112.0
15.12.2015 15:00:00,997.05,8.76,4.72,75.7,11.31,8.56,2.75,5.36,8.59,1228.02,1.05,2.12,174.0
15.12.2015 16:00:00,997.61,8.21,4.8,79.0,10.89,8.61,2.29,5.38,8.63,1231.1,0.61,1.44,106.4
15.12.2015 17:00:00,998.25,6.84,4.39,84.3,9.92,8.36,1.56,5.23,8.38,1238.02,1.16,1.8,186.8
15.12.2015 18:00:00,998.68,6.43,4.19,85.5,9.64,8.24,1.4,5.15,8.26,1240.43,0.37,0.76,190.8
15.12.2015 19:00:00,999.33,5.6,3.9,88.8,9.1,8.08,1.02,5.05,8.09,1245.04,0.48,1.08,306.1
15.12.2015 20:00:00,1000.04,4.32,3.07,91.6,8.32,7.62,0.7,4.75,7.62,1251.9,1.8,2.6,229.3
15.12.2015 21:00:00,1000.29,3.67,2.7,93.3,7.95,7.42,0.53,4.63,7.42,1255.22,0.73,1.12,176.9
15.12.2015 22:00:00,1000.4,3.2,2.27,93.6,7.69,7.19,0.49,4.49,7.19,1257.63,0.76,1.96,139.3
15.12.2015 23:00:00,1000.49,3.09,2.46,95.6,7.63,7.29,0.34,4.55,7.29,1258.19,0.67,1.64,133.0
16.12.2015 00:00:00,1000.69,3.23,2.58,95.5,7.71,7.36,0.35,4.59,7.35,1257.76,0.75,1.6,177.6
16.12.2015 01:00:00,1000.67,3.63,2.72,93.8,7.92,7.43,0.49,4.63,7.43,1255.89,1.11,1.8,211.9
16.12.2015 02:00:00,1000.6,3.83,2.86,93.4,8.04,7.51,0.53,4.68,7.5,1254.85,0.84,1.32,217.0
16.12.2015 03:00:00,1000.47,4.13,2.99,92.2,8.21,7.57,0.64,4.72,7.57,1253.28,0.57,0.96,208.9
16.12.2015 04:00:00,1000.31,4.42,3.13,91.3,8.38,7.65,0.73,4.77,7.65,1251.76,0.38,0.7,77.3
16.12.2015 05:00:00,1000.4,3.99,3.0,93.2,8.13,7.58,0.55,4.73,7.58,1253.83,0.29,0.96,301.8
16.12.2015 06:00:00,1000.07,3.95,2.94,93.1,8.11,7.55,0.56,4.71,7.55,1253.61,0.36,0.68,219.1
16.12.2015 07:00:00,1000.05,4.25,3.28,93.4,8.28,7.73,0.55,4.82,7.73,1252.16,0.32,0.84,164.3
16.12.2015 08:00:00,999.99,4.32,3.53,94.6,8.32,7.87,0.45,4.91,7.87,1251.71,0.78,1.28,215.5
16.12.2015 09:00:00,1000.23,4.71,3.77,93.6,8.55,8.0,0.55,4.99,8.0,1250.2,2.14,2.8,207.1
16.12.2015 10:00:00,1000.29,5.22,4.11,92.5,8.87,8.2,0.66,5.12,8.2,1247.84,1.47,2.84,172.8
16.12.2015 11:00:00,1000.2,5.92,4.49,90.5,9.3,8.42,0.88,5.25,8.42,1244.54,1.3,2.2,188.0
16.12.2015 12:00:00,999.61,6.89,4.93,87.3,9.95,8.69,1.26,5.42,8.69,1239.38,1.41,2.4,162.2
16.12.2015 13:00:00,999.06,8.06,5.53,84.0,10.78,9.06,1.73,5.66,9.07,1233.34,2.42,3.48,191.7
16.12.2015 14:00:00,998.7,8.67,5.8,82.1,11.24,9.23,2.01,5.77,9.24,1230.15,2.27,4.2,175.4
16.12.2015 15:00:00,998.59,9.0,5.23,77.2,11.49,8.87,2.62,5.55,8.89,1228.74,3.53,5.53,176.0
16.12.2015 16:00:00,998.7,8.61,5.33,79.8,11.19,8.93,2.26,5.58,8.94,1230.55,3.05,5.89,179.0
16.12.2015 17:00:00,998.3,8.29,5.46,82.3,10.95,9.01,1.94,5.64,9.03,1231.41,3.57,4.81,159.7
16.12.2015 18:00:00,998.23,7.66,5.39,85.5,10.49,8.97,1.52,5.61,8.99,1234.11,1.73,3.08,163.9
16.12.2015 19:00:00,998.54,6.69,4.93,88.5,9.82,8.69,1.13,5.43,8.7,1238.91,1.37,2.2,200.1
16.12.2015 20:00:00,998.61,6.68,4.97,88.8,9.81,8.71,1.1,5.44,8.72,1239.01,1.39,2.64,171.1
16.12.2015 21:00:00,998.59,6.65,5.05,89.5,9.79,8.76,1.03,5.47,8.77,1239.14,1.1,2.2,176.7
16.12.2015 22:00:00,998.6,6.76,5.32,90.5,9.86,8.93,0.94,5.58,8.94,1238.55,1.41,2.36,177.2
16.12.2015 23:00:00,998.29,7.04,5.63,90.7,10.06,9.12,0.94,5.7,9.14,1236.84,2.34,3.38,192.8
17.12.2015 00:00:00,998.02,7.51,6.03,90.3,10.38,9.38,1.01,5.87,9.4,1234.31,1.38,2.8,177.5
17.12.2015 01:00:00,997.72,7.4,6.41,93.4,10.31,9.63,0.68,6.02,9.65,1234.31,1.04,1.96,184.8
17.12.2015 02:00:00,997.48,7.61,6.91,95.3,10.46,9.96,0.49,6.24,9.99,1232.93,1.86,3.52,148.3
17.12.2015 03:00:00,997.39,7.95,7.17,94.8,10.7,10.15,0.56,6.35,10.17,1231.24,1.34,2.8,162.7
17.12.2015 04:00:00,997.34,8.71,7.66,93.1,11.27,10.49,0.78,6.57,10.52,1227.7,1.68,3.2,156.7
17.12.2015 05:00:00,997.35,8.91,7.78,92.6,11.42,10.58,0.85,6.62,10.61,1226.8,1.55,3.08,164.4
17.12.2015 06:00:00,997.55,9.11,8.04,93.0,11.58,10.77,0.81,6.74,10.79,1226.09,1.51,2.6,171.3
17.12.2015 07:00:00,997.54,9.24,8.22,93.3,11.68,10.9,0.78,6.82,10.93,1225.45,1.11,2.08,128.8
17.12.2015 08:00:00,997.56,9.47,8.37,92.8,11.86,11.01,0.85,6.89,11.04,1224.43,0.95,2.4,161.3
17.12.2015 09:00:00,998.12,11.53,8.7,82.7,13.61,11.26,2.36,7.05,11.28,1216.14,2.5,3.4,199.5
17.12.2015 10:00:00,998.19,11.28,8.66,83.9,13.39,11.23,2.16,7.03,11.25,1217.3,1.53,2.92,184.3
17.12.2015 11:00:00,997.9,12.24,9.06,80.9,14.27,11.54,2.73,7.23,11.57,1212.71,3.32,5.85,209.9
17.12.2015 12:00:00,997.47,12.79,9.17,78.6,14.79,11.63,3.17,7.28,11.66,1209.81,2.78,4.61,208.5
17.12.2015 13:00:00,997.12,13.07,9.33,78.0,15.07,11.75,3.31,7.36,11.79,1208.15,4.32,6.65,220.3
17.12.2015 14:00:00,996.64,13.46,9.42,76.5,15.46,11.82,3.63,7.41,11.86,1205.89,6.23,8.37,221.3
17.12.2015 15:00:00,996.61,12.97,9.5,79.4,14.97,11.89,3.08,7.45,11.93,1207.89,5.25,7.05,212.2
17.12.2015 16:00:00,996.56,12.91,9.49,79.7,14.91,11.88,3.03,7.45,11.92,1208.09,2.4,4.73,195.1
17.12.2015 17:00:00,996.33,11.62,9.96,89.5,13.7,12.26,1.44,7.69,12.3,1213.1,0.7,1.68,197.9
17.12.2015 18:00:00,996.34,11.44,9.43,87.4,13.53,11.83,1.71,7.42,11.87,1214.09,1.73,3.62,182.2
17.12.2015 19:00:00,996.54,10.69,9.02,89.4,12.87,11.51,1.36,7.22,11.55,1217.68,1.02,1.88,183.2
17.12.2015 20:00:00,996.39,10.17,8.64,90.2,12.43,11.22,1.22,7.03,11.26,1219.87,1.6,2.44,195.2
17.12.2015 21:00:00,996.0,9.53,8.46,93.0,11.91,11.08,0.83,6.95,11.12,1222.21,1.47,2.44,192.7
17.12.2015 22:00:00,995.98,9.06,8.15,94.0,11.54,10.85,0.69,6.8,10.89,1224.33,1.01,1.88,195.1
17.12.2015 23:00:00,996.13,8.82,7.97,94.4,11.35,10.72,0.64,6.72,10.76,1225.62,1.59,2.76,155.5
18.12.2015 00:00:00,996.05,8.74,7.75,93.5,11.29,10.56,0.73,6.62,10.6,1225.95,1.2,2.0,200.3
18.12.2015 01:00:00,995.62,7.98,7.22,94.9,10.72,10.18,0.55,6.38,10.22,1228.9,1.6,2.32,219.6
18.12.2015 02:00:00,995.33,8.13,7.43,95.3,10.83,10.32,0.51,6.48,10.37,1227.83,1.3,2.48,201.7
18.12.2015 03:00:00,995.03,8.14,7.54,96.0,10.84,10.41,0.43,6.53,10.46,1227.37,1.72,2.54,185.5
18.12.2015 04:00:00,994.75,8.88,8.0,94.2,11.4,10.74,0.66,6.74,10.8,1223.64,0.85,2.2,89.9
18.12.2015 05:00:00,994.48,9.66,8.74,94.0,12.02,11.3,0.72,7.1,11.36,1219.69,0.98,2.6,117.7
18.12.2015 06:00:00,994.17,10.59,9.71,94.3,12.79,12.06,0.73,7.58,12.13,1214.95,1.25,1.92,200.5
18.12.2015 07:00:00,993.84,10.12,9.51,96.0,12.39,11.9,0.5,7.48,11.97,1216.63,2.94,4.57,180.9
18.12.2015 08:00:00,993.93,9.68,9.11,96.2,12.03,11.58,0.46,7.28,11.65,1218.78,2.5,3.28,191.9
18.12.2015 09:00:00,994.4,10.38,9.55,94.6,12.61,11.93,0.68,7.5,12.0,1216.2,3.47,4.77,204.8
18.12.2015 10:00:00,994.99,11.06,9.15,88.0,13.2,11.61,1.58,7.29,11.67,1214.15,3.25,5.25,224.6
18.12.2015 11:00:00,995.59,11.08,9.26,88.5,13.21,11.69,1.52,7.34,11.75,1214.77,1.61,2.84,221.6
18.12.2015 12:00:00,995.72,11.03,9.19,88.4,13.17,11.64,1.53,7.3,11.69,1215.16,1.46,2.46,220.1
18.12.2015 13:00:00,995.65,11.6,9.14,84.8,13.68,11.6,2.08,7.28,11.65,1212.66,2.18,3.68,221.0
18.12.2015 14:00:00,995.7,12.32,8.92,79.7,14.34,11.43,2.91,7.17,11.48,1209.74,0.96,2.08,212.3
18.12.2015 15:00:00,996.05,12.31,8.67,78.4,14.33,11.24,3.1,7.05,11.28,1210.3,1.46,2.64,239.4
18.12.2015 16:00:00,996.56,11.87,8.17,78.0,13.92,10.86,3.06,6.81,10.9,1212.96,3.19,5.21,238.0
18.12.2015 17:00:00,997.18,11.43,8.02,79.5,13.52,10.75,2.77,6.73,10.78,1215.65,2.49,3.48,240.6
18.12.2015 18:00:00,997.4,11.07,7.78,80.1,13.2,10.58,2.63,6.62,10.6,1217.54,0.99,1.84,243.1
18.12.2015 19:00:00,997.59,10.64,7.2,79.2,12.83,10.16,2.67,6.36,10.19,1219.82,1.66,2.36,230.1
18.12.2015 20:00:00,997.72,10.45,7.37,81.2,12.67,10.29,2.38,6.44,10.31,1220.73,2.38,2.84,233.2
18.12.2015 21:00:00,997.47,9.52,6.96,84.0,11.9,10.0,1.9,6.26,10.02,1224.57,2.73,3.04,224.4
18.12.2015 22:00:00,997.91,8.58,6.19,84.9,11.17,9.48,1.69,5.93,9.5,1229.45,3.62,4.32,230.5
18.12.2015 23:00:00,997.76,8.42,6.22,86.0,11.05,9.5,1.55,5.95,9.52,1229.94,2.91,3.56,222.9
19.12.2015 00:00:00,997.76,7.86,5.97,87.8,10.64,9.34,1.3,5.84,9.36,1232.48,3.56,4.79,224.0
19.12.2015 01:00:00,997.48,6.4,5.11,91.4,9.62,8.79,0.83,5.5,8.82,1238.8,1.02,1.76,188.8
19.12.2015 02:00:00,997.27,5.69,5.03,95.5,9.16,8.75,0.41,5.47,8.77,1241.72,1.27,1.76,218.9
19.12.2015 03:00:00,997.16,4.75,4.1,95.5,8.58,8.19,0.39,5.13,8.22,1246.05,1.15,1.6,185.2
19.12.2015 04:00:00,996.73,3.93,3.5,97.0,8.1,7.86,0.24,4.92,7.88,1249.36,0.48,1.04,133.6
19.12.2015 05:00:00,996.44,3.83,3.55,98.0,8.04,7.88,0.16,4.93,7.91,1249.42,0.45,0.8,50.83
19.12.2015 06:00:00,996.7,3.96,3.69,98.1,8.12,7.96,0.15,4.98,7.99,1249.13,1.06,1.68,195.8
19.12.2015 07:00:00,996.76,3.2,3.02,98.7,7.69,7.59,0.1,4.75,7.62,1252.82,0.56,1.12,206.0
19.12.2015 08:00:00,997.04,3.45,3.15,97.9,7.83,7.66,0.16,4.79,7.68,1252.03,1.01,1.76,149.7
19.12.2015 09:00:00,997.01,4.22,3.9,97.8,8.26,8.08,0.18,5.06,8.1,1248.32,1.47,2.6,154.4
19.12.2015 10:00:00,997.42,5.87,5.3,96.1,9.27,8.91,0.36,5.58,8.93,1241.05,0.87,1.4,205.1
19.12.2015 11:00:00,997.42,7.41,5.93,90.3,10.31,9.31,1.0,5.83,9.34,1234.04,0.74,2.2,57.73
19.12.2015 12:00:00,997.0,7.45,6.24,92.0,10.34,9.51,0.83,5.96,9.54,1233.25,1.04,2.28,198.1
19.12.2015 13:00:00,996.47,10.14,7.77,85.2,12.41,10.57,1.84,6.63,10.61,1220.39,1.04,2.08,133.4
19.12.2015 14:00:00,996.23,12.57,8.54,76.4,14.58,11.14,3.44,6.98,11.18,1209.46,1.73,2.8,174.7
19.12.2015 15:00:00,996.17,12.72,8.35,74.7,14.73,11.0,3.73,6.9,11.04,1208.82,1.58,2.2,193.7
19.12.2015 16:00:00,996.35,11.19,7.84,79.8,13.31,10.62,2.69,6.66,10.66,1215.72,1.46,2.04,192.8
19.12.2015 17:00:00,996.46,10.24,7.52,83.2,12.49,10.39,2.1,6.51,10.43,1220.03,1.73,2.52,200.4
19.12.2015 18:00:00,996.24,9.48,7.31,86.3,11.87,10.25,1.63,6.42,10.28,1223.12,1.37,2.24,211.6
19.12.2015 19:00:00,996.06,8.4,6.96,90.6,11.03,10.0,1.04,6.27,10.04,1227.7,1.83,2.48,203.5
19.12.2015 20:00:00,996.29,7.91,6.76,92.4,10.67,9.86,0.81,6.18,9.9,1230.19,1.71,2.76,180.2
19.12.2015 21:00:00,996.36,7.33,6.34,93.4,10.26,9.58,0.68,6.0,9.62,1232.95,1.86,2.86,184.6
19.12.2015 22:00:00,996.28,7.2,6.5,95.3,10.17,9.69,0.48,6.07,9.72,1233.37,1.69,2.76,206.7
19.12.2015 23:00:00,996.23,6.8,6.29,96.5,9.89,9.55,0.35,5.98,9.58,1235.13,1.65,3.0,190.8
20.12.2015 00:00:00,995.99,7.21,6.54,95.5,10.17,9.72,0.46,6.09,9.75,1232.95,1.3,2.08,220.1
20.12.2015 01:00:00,995.41,7.07,6.23,94.4,10.08,9.51,0.56,5.97,9.56,1232.95,2.2,3.08,200.0
20.12.2015 02:00:00,994.99,6.29,5.79,96.6,9.55,9.23,0.32,5.79,9.27,1235.98,1.58,3.0,184.0
20.12.2015 03:00:00,994.76,6.43,5.99,97.0,9.64,9.35,0.29,5.87,9.4,1235.04,2.06,3.24,175.5
20.12.2015 04:00:00,994.3,6.46,5.46,93.3,9.66,9.01,0.65,5.66,9.06,1234.51,2.49,3.77,174.7
20.12.2015 05:00:00,993.97,6.21,4.75,90.3,9.5,8.58,0.92,5.38,8.63,1235.37,2.03,3.41,189.3
20.12.2015 06:00:00,993.66,6.48,4.51,87.2,9.67,8.43,1.24,5.3,8.49,1233.9,2.32,3.57,202.6
20.12.2015 07:00:00,993.86,6.87,4.45,84.5,9.94,8.4,1.54,5.27,8.45,1232.4,0.88,2.54,200.4
20.12.2015 08:00:00,994.16,7.47,4.59,81.9,10.36,8.48,1.87,5.32,8.53,1230.13,0.81,1.52,188.4
20.12.2015 09:00:00,994.05,7.07,4.3,82.5,10.08,8.31,1.76,5.22,8.36,1231.82,1.46,2.6,144.8
20.12.2015 10:00:00,993.97,6.98,4.45,83.9,10.01,8.4,1.61,5.27,8.45,1232.08,2.86,4.07,164.3
20.12.2015 11:00:00,993.78,9.37,5.63,77.4,11.78,9.12,2.66,5.73,9.18,1221.08,2.7,4.04,180.0
20.12.2015 12:00:00,993.07,11.89,6.14,67.78,13.94,9.45,4.49,5.94,9.52,1209.26,3.93,6.09,174.1
20.12.2015 13:00:00,993.02,13.44,6.52,62.86,15.44,9.7,5.73,6.1,9.77,1202.55,3.2,4.65,176.1
20.12.2015 14:00:00,993.03,14.19,6.78,60.96,16.21,9.88,6.33,6.21,9.95,1199.34,1.63,2.64,165.2
20.12.2015 15:00:00,992.7,12.72,6.85,67.42,14.73,9.93,4.8,6.24,10.0,1205.09,3.6,5.83,171.6
20.12.2015 16:00:00,992.86,11.95,6.23,67.94,14.0,9.51,4.49,5.98,9.58,1208.73,3.71,5.93,155.9
20.12.2015 17:00:00,993.1,11.12,5.91,70.2,13.25,9.3,3.95,5.85,9.37,1212.64,2.45,4.0,127.1
20.12.2015 18:00:00,994.08,9.76,5.65,75.5,12.1,9.13,2.96,5.73,9.19,1219.76,1.27,1.84,237.0
20.12.2015 19:00:00,993.77,8.84,5.46,79.3,11.37,9.02,2.35,5.66,9.07,1223.41,0.92,1.6,197.2
20.12.2015 20:00:00,994.16,8.8,5.48,79.6,11.34,9.03,2.31,5.67,9.08,1224.07,1.65,5.25,161.4
20.12.2015 21:00:00,994.13,8.65,5.51,80.6,11.22,9.05,2.18,5.68,9.1,1224.67,2.38,4.36,182.1
20.12.2015 22:00:00,994.32,8.64,5.57,81.0,11.22,9.09,2.13,5.7,9.14,1224.93,2.27,3.92,179.1
20.12.2015 23:00:00,994.45,8.59,5.58,81.3,11.18,9.09,2.09,5.7,9.14,1225.31,2.96,4.04,178.0
21.12.2015 00:00:00,994.36,8.51,5.53,81.5,11.12,9.06,2.06,5.69,9.11,1225.55,2.26,3.88,175.3
21.12.2015 01:00:00,994.54,8.62,5.57,81.1,11.2,9.08,2.12,5.7,9.13,1225.29,1.41,3.0,189.2
21.12.2015 02:00:00,994.27,8.42,5.71,83.0,11.05,9.17,1.88,5.76,9.22,1225.79,1.43,2.36,157.8
21.12.2015 03:00:00,994.19,8.75,5.94,82.5,11.3,9.32,1.98,5.85,9.38,1224.18,1.38,3.2,180.2
21.12.2015 04:00:00,994.21,9.53,6.19,79.6,11.91,9.48,2.43,5.95,9.54,1220.75,1.66,2.44,206.4
21.12.2015 05:00:00,994.09,9.12,6.15,81.6,11.59,9.45,2.13,5.94,9.51,1222.39,2.63,3.56,205.8
21.12.2015 06:00:00,994.14,8.98,6.08,82.0,11.48,9.41,2.07,5.91,9.47,1223.08,0.91,1.5,62.72
21.12.2015 07:00:00,994.52,9.44,6.74,83.2,11.84,9.85,1.99,6.18,9.9,1221.36,2.62,3.48,196.3
21.12.2015 08:00:00,994.84,8.43,6.28,86.3,11.06,9.54,1.51,5.99,9.59,1226.27,1.9,2.62,191.1
21.12.2015 09:00:00,995.77,8.64,7.48,92.4,11.22,10.36,0.85,6.5,10.41,1226.12,0.44,0.96,125.7
21.12.2015 10:00:00,995.43,8.62,7.14,90.4,11.2,10.13,1.08,6.35,10.17,1225.9,2.77,4.0,178.3
21.12.2015 11:00:00,995.8,8.21,7.02,92.2,10.89,10.04,0.85,6.3,10.09,1228.19,2.57,3.72,181.9
21.12.2015 12:00:00,995.91,8.99,6.44,84.0,11.49,9.65,1.84,6.05,9.69,1225.11,3.81,6.09,200.1
21.12.2015 13:00:00,995.79,9.4,5.92,78.8,11.81,9.3,2.5,5.83,9.34,1223.35,3.67,5.25,204.3
21.12.2015 14:00:00,995.36,9.45,5.87,78.3,11.85,9.28,2.57,5.82,9.32,1222.61,3.39,7.13,215.4
21.12.2015 15:00:00,995.06,9.47,5.35,75.4,11.86,8.95,2.92,5.61,8.99,1222.31,6.2,9.01,210.1
21.12.2015 16:00:00,995.24,8.94,4.97,76.1,11.45,8.71,2.74,5.46,8.75,1224.94,4.94,7.77,206.7
21.12.2015 17:00:00,995.49,8.45,4.92,78.4,11.07,8.68,2.39,5.44,8.72,1227.39,3.06,5.17,189.7
21.12.2015 18:00:00,995.71,8.41,4.72,77.5,11.04,8.56,2.48,5.36,8.59,1227.9,4.11,6.77,214.3
21.12.2015 19:00:00,995.29,8.4,4.3,75.3,11.03,8.31,2.73,5.21,8.35,1227.54,4.46,8.01,203.2
21.12.2015 20:00:00,995.26,9.04,4.51,73.2,11.52,8.44,3.09,5.29,8.48,1224.66,6.27,9.73,206.4
21.12.2015 21:00:00,994.87,9.55,4.57,71.0,11.93,8.47,3.46,5.31,8.51,1221.95,6.35,8.87,207.4
21.12.2015 22:00:00,994.13,9.62,4.55,70.6,11.98,8.46,3.52,5.31,8.51,1220.75,7.26,12.09,204.4
21.12.2015 23:00:00,994.49,9.83,4.88,71.2,12.15,8.65,3.5,5.43,8.7,1220.19,8.54,12.38,214.4
22.12.2015 00:00:00,995.18,9.88,5.36,73.4,12.2,8.95,3.24,5.61,8.99,1220.68,7.74,12.7,211.0
22.12.2015 01:00:00,995.4,9.89,5.72,75.2,12.2,9.18,3.03,5.75,9.22,1220.81,8.25,10.81,211.2
22.12.2015 02:00:00,995.89,10.25,6.22,76.0,12.5,9.5,3.0,5.96,9.54,1219.7,6.03,8.31,214.3
22.12.2015 03:00:00,996.33,10.69,6.3,74.2,12.87,9.55,3.32,5.99,9.59,1218.33,4.99,8.25,215.9
22.12.2015 04:00:00,996.25,10.59,6.32,74.8,12.79,9.57,3.22,5.99,9.6,1218.66,5.17,8.25,220.3
22.12.2015 05:00:00,996.61,10.27,6.1,75.3,12.52,9.43,3.09,5.9,9.46,1220.55,4.81,7.33,209.2
22.12.2015 06:00:00,997.2,9.71,6.14,78.4,12.06,9.45,2.6,5.92,9.48,1223.67,1.75,2.98,174.5
22.12.2015 07:00:00,997.34,10.13,6.64,78.9,12.4,9.78,2.62,6.13,9.81,1221.88,5.08,8.83,205.6
22.12.2015 08:00:00,998.05,10.16,6.71,79.1,12.43,9.83,2.6,6.15,9.85,1222.6,6.59,9.69,216.7
22.12.2015 09:00:00,997.8,10.14,6.71,79.2,12.41,9.83,2.58,6.15,9.85,1222.38,7.67,10.57,212.8
22.12.2015 10:00:00,997.59,9.97,6.83,80.8,12.27,9.91,2.36,6.2,9.94,1222.81,7.91,10.09,208.0
22.12.2015 11:00:00,997.5,10.61,7.07,78.7,12.81,10.08,2.73,6.31,10.1,1219.87,8.84,12.57,212.9
22.12.2015 12:00:00,996.89,11.35,7.55,77.4,13.45,10.41,3.04,6.52,10.44,1215.8,9.94,13.25,213.1
22.12.2015 13:00:00,996.75,11.59,7.78,77.4,13.67,10.58,3.09,6.63,10.61,1214.52,6.69,11.99,218.0
22.12.2015 14:00:00,996.54,11.87,7.79,76.0,13.92,10.58,3.34,6.63,10.62,1213.08,8.52,13.97,206.0
22.12.2015 15:00:00,996.67,11.88,7.74,75.7,13.93,10.55,3.39,6.61,10.58,1213.2,6.33,9.25,207.7
22.12.2015 16:00:00,996.59,11.53,7.46,76.0,13.61,10.35,3.27,6.48,10.38,1214.69,4.67,6.89,206.3
22.12.2015 17:00:00,996.33,11.47,7.11,74.5,13.56,10.1,3.46,6.33,10.14,1214.74,5.52,8.09,204.8
22.12.2015 18:00:00,995.9,11.86,6.32,68.78,13.91,9.57,4.34,6.0,9.61,1212.8,7.03,10.57,210.6
22.12.2015 19:00:00,995.81,11.85,5.86,66.67,13.91,9.27,4.63,5.81,9.31,1212.87,8.03,11.99,212.0
22.12.2015 20:00:00,995.84,11.8,5.48,65.13,13.86,9.03,4.83,5.66,9.06,1213.23,7.69,11.21,205.3
22.12.2015 21:00:00,995.64,11.59,4.97,63.73,13.67,8.71,4.96,5.46,8.75,1214.03,7.92,12.13,212.6
22.12.2015 22:00:00,995.81,11.39,4.92,64.35,13.49,8.68,4.81,5.44,8.72,1215.1,7.61,9.91,211.3
22.12.2015 23:00:00,995.43,11.46,4.56,62.46,13.55,8.46,5.09,5.31,8.5,1214.44,9.11,12.49,211.1
23.12.2015 00:00:00,995.63,11.09,3.98,61.45,13.22,8.13,5.1,5.09,8.16,1216.42,6.53,9.41,202.3
23.12.2015 01:00:00,995.3,10.65,3.35,60.54,12.84,7.77,5.07,4.87,7.81,1218.07,5.52,8.17,215.3
23.12.2015 02:00:00,995.2,10.53,2.85,58.87,12.74,7.5,5.24,4.7,7.53,1218.59,5.05,7.09,216.0
23.12.2015 03:00:00,994.93,10.18,2.69,59.58,12.44,7.41,5.03,4.65,7.45,1219.8,5.41,8.29,217.0
23.12.2015 04:00:00,994.94,9.47,3.01,63.93,11.86,7.58,4.28,4.76,7.62,1222.79,3.77,6.65,221.4
23.12.2015 05:00:00,994.4,9.69,3.64,65.89,12.04,7.93,4.11,4.98,7.98,1221.02,7.26,9.97,209.8
23.12.2015 06:00:00,994.8,9.94,4.06,66.72,12.24,8.17,4.07,5.12,8.21,1220.32,3.09,4.57,206.4
23.12.2015 07:00:00,994.58,9.76,3.97,67.13,12.1,8.12,3.98,5.09,8.17,1220.85,6.7,9.35,206.9
23.12.2015 08:00:00,995.34,9.15,4.12,70.7,11.61,8.21,3.4,5.15,8.25,1224.38,4.17,7.41,177.9
23.12.2015 09:00:00,995.86,9.64,4.85,72.0,12.0,8.64,3.36,5.41,8.68,1222.7,5.84,10.51,205.4
23.12.2015 10:00:00,996.5,10.17,5.7,73.7,12.43,9.16,3.27,5.74,9.2,1220.96,6.37,9.65,200.2
23.12.2015 11:00:00,997.42,10.62,6.15,73.8,12.81,9.46,3.36,5.92,9.48,1220.01,6.42,9.93,200.3
23.12.2015 12:00:00,997.85,10.7,6.38,74.6,12.88,9.61,3.27,6.01,9.63,1220.13,5.36,7.93,210.9
23.12.2015 13:00:00,998.39,10.58,6.65,76.6,12.78,9.79,2.99,6.12,9.81,1221.22,4.03,5.73,201.1
23.12.2015 14:00:00,998.45,10.65,6.89,77.5,12.84,9.95,2.89,6.22,9.97,1220.92,5.32,9.05,216.2
23.12.2015 15:00:00,998.87,10.69,6.55,75.5,12.87,9.72,3.15,6.08,9.73,1221.37,4.19,5.41,204.0
23.12.2015 16:00:00,999.55,9.81,5.89,76.5,12.14,9.29,2.85,5.8,9.29,1226.21,2.22,3.16,234.0
23.12.2015 17:00:00,1000.6,8.91,5.03,76.6,11.42,8.75,2.67,5.46,8.74,1231.68,2.43,3.08,222.8
23.12.2015 18:00:00,1001.33,8.48,5.19,79.7,11.09,8.84,2.25,5.51,8.83,1234.42,1.13,2.56,168.6
23.12.2015 19:00:00,1001.79,7.92,4.62,79.6,10.68,8.5,2.18,5.3,8.49,1237.6,2.53,3.2,230.1
23.12.2015 20:00:00,1002.01,7.35,4.3,80.9,10.27,8.31,1.96,5.17,8.29,1240.48,2.34,2.96,225.4
23.12.2015 21:00:00,1002.26,6.63,4.35,85.3,9.78,8.34,1.44,5.19,8.32,1243.95,3.75,4.65,229.9
23.12.2015 22:00:00,1002.52,5.93,4.17,88.4,9.32,8.23,1.08,5.12,8.21,1247.44,0.81,1.72,205.8
23.12.2015 23:00:00,1002.68,5.78,4.14,89.2,9.21,8.22,1.0,5.11,8.2,1248.36,1.16,2.02,198.5
24.12.2015 00:00:00,1002.8,5.1,3.91,92.0,8.79,8.08,0.7,5.03,8.06,1251.62,2.2,3.32,211.1
24.12.2015 01:00:00,1002.39,4.35,3.23,92.4,8.34,7.7,0.63,4.79,7.69,1254.67,1.37,2.28,184.5
24.12.2015 02:00:00,1001.93,3.91,3.16,94.8,8.09,7.67,0.42,4.77,7.65,1256.09,1.79,2.52,202.7
24.12.2015 03:00:00,1001.9,3.11,2.32,94.5,7.64,7.22,0.42,4.5,7.21,1259.89,1.3,2.24,214.9
24.12.2015 04:00:00,1001.3,3.08,2.01,92.6,7.63,7.06,0.56,4.4,7.05,1259.33,1.48,2.24,189.8
24.12.2015 05:00:00,1000.67,3.3,2.74,96.1,7.75,7.44,0.3,4.64,7.44,1257.36,1.53,2.2,215.4
24.12.2015 06:00:00,1000.32,1.79,1.26,96.3,6.95,6.69,0.26,4.17,6.69,1264.21,0.56,1.12,170.5
24.12.2015 07:00:00,999.95,1.67,1.23,96.9,6.89,6.68,0.21,4.16,6.68,1264.3,0.42,1.56,112.7
24.12.2015 08:00:00,999.74,4.28,3.66,95.7,8.3,7.94,0.36,4.96,7.94,1251.53,1.43,2.16,231.8
24.12.2015 09:00:00,999.33,2.39,1.93,96.8,7.26,7.02,0.23,4.38,7.03,1260.05,1.06,1.6,222.8
24.12.2015 10:00:00,999.29,5.46,4.64,94.4,9.02,8.51,0.5,5.31,8.52,1245.38,2.61,3.89,204.9
24.12.2015 11:00:00,998.91,7.44,5.31,86.3,10.33,8.92,1.42,5.57,8.93,1235.94,2.12,3.41,180.9
24.12.2015 12:00:00,998.01,9.03,5.92,80.8,11.52,9.31,2.21,5.82,9.32,1227.69,1.78,2.88,181.6
24.12.2015 13:00:00,997.25,9.44,6.53,82.0,11.84,9.71,2.13,6.08,9.74,1224.79,3.1,4.2,199.5
24.12.2015 14:00:00,996.86,9.4,6.44,81.7,11.81,9.65,2.16,6.04,9.68,1224.51,1.71,2.4,212.8
24.12.2015 15:00:00,996.18,9.84,6.45,79.4,12.16,9.66,2.51,6.05,9.69,1221.76,2.36,3.36,187.0
24.12.2015 16:00:00,995.94,10.32,6.38,76.5,12.56,9.61,2.95,6.02,9.65,1219.42,2.81,3.76,189.2
24.12.2015 17:00:00,996.18,10.44,6.29,75.4,12.66,9.55,3.11,5.98,9.58,1219.23,0.94,1.76,203.1
24.12.2015 18:00:00,995.85,10.09,6.01,75.7,12.37,9.36,3.01,5.87,9.4,1220.41,3.14,4.04,221.9
24.12.2015 19:00:00,996.02,9.77,5.72,75.8,12.11,9.18,2.93,5.75,9.21,1222.09,2.46,3.28,210.5
24.12.2015 20:00:00,996.06,10.19,5.85,74.4,12.45,9.26,3.19,5.81,9.3,1220.29,2.34,3.0,208.0
24.12.2015 21:00:00,996.13,9.78,5.76,76.0,12.11,9.21,2.91,5.77,9.24,1222.16,3.69,4.32,210.1
24.12.2015 22:00:00,996.2,9.67,5.51,75.2,12.02,9.04,2.98,5.67,9.08,1222.8,1.69,2.76,180.0
24.12.2015 23:00:00,996.0,11.71,6.09,68.36,13.78,9.42,4.36,5.9,9.46,1213.63,3.93,6.17,198.9
25.12.2015 00:00:00,996.78,11.34,6.12,70.2,13.44,9.44,4.01,5.91,9.47,1216.15,2.14,6.09,224.5
25.12.2015 01:00:00,996.74,10.9,5.82,70.8,13.06,9.24,3.81,5.79,9.27,1218.08,4.02,5.63,198.0
25.12.2015 02:00:00,997.23,9.93,5.62,74.5,12.24,9.12,3.12,5.71,9.14,1222.92,2.79,4.57,159.5
25.12.2015 03:00:00,997.38,10.08,5.79,74.6,12.36,9.22,3.14,5.77,9.24,1222.4,2.96,4.28,181.6
25.12.2015 04:00:00,997.81,11.17,6.32,72.0,13.29,9.57,3.72,5.99,9.59,1218.08,3.26,5.65,203.1
25.12.2015 05:00:00,998.21,11.25,6.46,72.3,13.36,9.66,3.7,6.04,9.68,1218.19,4.07,5.89,207.8
25.12.2015 06:00:00,999.17,11.08,6.26,72.1,13.21,9.53,3.69,5.95,9.53,1220.16,2.24,5.37,242.4
25.12.2015 07:00:00,999.8,10.01,6.66,79.6,12.3,9.79,2.51,6.11,9.79,1225.41,1.61,3.0,202.0
25.12.2015 08:00:00,1000.92,9.35,5.55,77.1,11.77,9.07,2.69,5.66,9.06,1230.0,4.38,7.53,258.6
25.12.2015 09:00:00,1001.41,8.47,6.02,84.5,11.09,9.37,1.72,5.84,9.36,1234.3,1.52,2.46,230.0
25.12.2015 10:00:00,1001.83,8.86,6.17,83.2,11.38,9.47,1.91,5.9,9.45,1233.07,1.48,2.66,210.4
25.12.2015 11:00:00,1002.06,9.87,6.11,77.4,12.19,9.43,2.75,5.88,9.41,1228.97,2.05,3.28,197.4
25.12.2015 12:00:00,1001.89,10.4,6.19,75.1,12.63,9.48,3.14,5.91,9.47,1226.44,0.85,1.84,222.1
25.12.2015 13:00:00,1001.44,9.28,7.17,86.6,11.71,10.14,1.57,6.32,10.13,1230.45,1.91,2.28,210.2
25.12.2015 14:00:00,1000.99,9.74,7.67,86.9,12.08,10.5,1.58,6.55,10.49,1227.72,2.37,3.24,200.7
25.12.2015 15:00:00,1000.9,9.64,8.0,89.5,12.0,10.74,1.26,6.7,10.73,1227.94,0.7,1.36,156.7
25.12.2015 16:00:00,1000.89,9.25,8.15,92.8,11.69,10.85,0.84,6.77,10.84,1229.57,1.33,1.84,219.3
25.12.2015 17:00:00,1000.9,9.59,8.13,90.6,11.96,10.84,1.12,6.76,10.83,1228.11,1.95,2.4,187.4
25.12.2015 18:00:00,1000.76,10.07,8.23,88.3,12.35,10.91,1.45,6.81,10.9,1225.82,1.71,2.62,175.8
25.12.2015 19:00:00,1000.82,10.48,8.23,85.9,12.7,10.91,1.79,6.81,10.9,1224.12,3.08,5.09,201.7
25.12.2015 20:00:00,1000.78,11.05,8.1,82.0,13.19,10.81,2.37,6.75,10.81,1221.66,3.17,4.14,215.7
25.12.2015 21:00:00,1000.09,11.56,7.94,78.4,13.64,10.69,2.95,6.68,10.69,1218.68,4.95,8.97,217.7
25.12.2015 22:00:00,1000.12,11.7,7.87,77.3,13.77,10.64,3.13,6.65,10.64,1218.14,3.73,6.45,212.0
25.12.2015 23:00:00,1000.28,11.5,7.71,77.5,13.59,10.53,3.06,6.57,10.53,1219.25,2.46,4.89,216.0
26.12.2015 00:00:00,1000.36,12.01,8.09,76.9,14.05,10.81,3.25,6.75,10.8,1217.04,4.2,6.17,211.7
26.12.2015 01:00:00,999.92,11.78,8.0,77.6,13.84,10.74,3.1,6.71,10.74,1217.51,2.76,4.89,216.7
26.12.2015 02:00:00,999.78,11.97,8.0,76.6,14.02,10.74,3.28,6.71,10.74,1216.54,4.13,6.93,221.1
26.12.2015 03:00:00,999.8,11.97,7.96,76.4,14.02,10.71,3.31,6.69,10.71,1216.57,5.59,7.85,208.9
26.12.2015 04:00:00,999.69,11.74,7.72,76.3,13.8,10.53,3.27,6.58,10.54,1217.5,5.28,7.45,209.6
26.12.2015 05:00:00,999.9,12.0,7.66,74.7,14.04,10.49,3.55,6.55,10.49,1216.66,5.22,6.71,214.7
26.12.2015 06:00:00,999.79,12.07,7.57,73.9,14.11,10.43,3.68,6.51,10.43,1216.26,5.58,8.65,211.8
26.12.2015 07:00:00,999.71,11.4,7.14,75.0,13.5,10.12,3.37,6.32,10.13,1219.17,5.78,8.21,210.3
26.12.2015 08:00:00,999.33,11.19,7.01,75.4,13.31,10.04,3.27,6.27,10.04,1219.65,7.57,10.49,208.7
26.12.2015 09:00:00,999.39,11.09,6.9,75.3,13.22,9.96,3.27,6.22,9.96,1220.18,7.85,10.33,213.4
26.12.2015 10:00:00,999.66,11.72,7.09,73.2,13.79,10.09,3.69,6.3,10.1,1217.75,6.74,9.77,215.3
26.12.2015 11:00:00,999.48,12.58,7.33,70.3,14.59,10.26,4.33,6.41,10.26,1213.79,7.69,10.69,214.8
26.12.2015 12:00:00,999.45,13.06,7.52,69.01,15.06,10.39,4.67,6.49,10.4,1211.66,7.92,11.61,214.1
26.12.2015 13:00:00,998.86,13.97,7.57,65.26,15.98,10.43,5.55,6.52,10.44,1207.09,7.56,10.09,211.0
26.12.2015 14:00:00,998.69,14.29,7.51,63.64,16.31,10.38,5.93,6.49,10.4,1205.55,6.66,9.29,214.6
26.12.2015 15:00:00,998.7,14.54,7.55,62.79,16.58,10.41,6.17,6.51,10.42,1204.5,5.49,7.57,212.9
26.12.2015 16:00:00,998.84,13.35,7.23,66.37,15.35,10.18,5.16,6.37,10.2,1209.78,3.07,4.85,217.4
26.12.2015 17:00:00,998.97,12.9,7.06,67.56,14.9,10.07,4.83,6.29,10.08,1211.9,5.6,7.29,209.1
26.12.2015 18:00:00,998.93,12.17,6.98,70.5,14.2,10.01,4.19,6.26,10.02,1214.98,5.76,8.89,215.9
26.12.2015 19:00:00,999.26,11.96,6.69,70.1,14.01,9.82,4.19,6.13,9.83,1216.36,3.66,5.61,201.5
26.12.2015 20:00:00,999.08,11.59,6.23,69.55,13.67,9.51,4.16,5.94,9.52,1217.87,2.46,4.93,217.2
26.12.2015 21:00:00,999.47,11.03,6.11,71.6,13.17,9.43,3.74,5.89,9.43,1220.78,0.99,1.88,188.0
26.12.2015 22:00:00,999.51,10.3,5.9,74.1,12.54,9.29,3.25,5.8,9.3,1224.04,1.42,2.56,331.4
26.12.2015 23:00:00,999.42,10.33,5.85,73.7,12.57,9.26,3.31,5.79,9.27,1223.81,1.56,3.68,183.7
27.12.2015 00:00:00,999.49,10.38,5.88,73.6,12.61,9.28,3.33,5.8,9.29,1223.67,4.01,5.89,203.4
27.12.2015 01:00:00,999.99,9.41,5.71,77.6,11.82,9.17,2.65,5.72,9.17,1228.54,1.48,2.6,183.6
27.12.2015 02:00:00,999.64,8.09,5.28,82.4,10.8,8.9,1.9,5.56,8.91,1234.0,2.38,3.64,178.8
27.12.2015 03:00:00,999.69,7.72,5.25,84.3,10.53,8.88,1.65,5.54,8.88,1235.7,1.8,3.4,172.5
27.12.2015 04:00:00,999.61,7.3,5.09,85.8,10.24,8.78,1.45,5.48,8.79,1237.49,1.86,3.24,185.0
27.12.2015 05:00:00,999.48,6.92,4.96,87.3,9.97,8.71,1.27,5.44,8.71,1239.04,1.98,2.8,198.1
27.12.2015 06:00:00,999.5,6.86,4.81,86.7,9.93,8.61,1.32,5.38,8.62,1239.36,1.65,2.36,197.8
27.12.2015 07:00:00,999.56,7.1,4.91,85.9,10.1,8.67,1.42,5.41,8.68,1238.37,0.91,2.3,158.5
27.12.2015 08:00:00,999.51,7.3,4.92,84.8,10.24,8.68,1.56,5.42,8.68,1237.42,1.38,2.88,159.6
27.12.2015 09:00:00,1000.06,7.34,4.93,84.6,10.26,8.68,1.58,5.42,8.68,1237.92,1.93,3.0,147.6
27.12.2015 10:00:00,1000.2,8.09,5.13,81.5,10.8,8.81,2.0,5.49,8.8,1234.74,3.18,4.49,131.1
27.12.2015 11:00:00,999.92,9.23,5.49,77.4,11.67,9.03,2.64,5.64,9.04,1229.3,2.62,6.85,183.4
27.12.2015 12:00:00,1000.22,11.3,5.33,66.64,13.41,8.94,4.47,5.58,8.93,1220.78,4.65,6.77,208.6
27.12.2015 13:00:00,1000.27,11.68,5.31,64.89,13.75,8.92,4.83,5.57,8.92,1219.21,5.12,7.01,206.6
27.12.2015 14:00:00,1000.02,12.01,4.97,61.99,14.05,8.71,5.34,5.44,8.71,1217.59,3.12,6.01,204.5
27.12.2015 15:00:00,999.9,11.78,5.17,63.84,13.84,8.84,5.0,5.52,8.84,1218.37,6.25,8.41,209.5
27.12.2015 16:00:00,1000.37,10.99,5.24,67.58,13.13,8.88,4.26,5.54,8.87,1222.31,3.14,5.17,207.2
27.12.2015 17:00:00,1000.75,10.21,5.12,70.6,12.47,8.8,3.67,5.49,8.8,1226.19,0.89,2.16,73.3
27.12.2015 18:00:00,1001.41,9.26,5.13,75.3,11.7,8.81,2.89,5.49,8.8,1231.11,1.81,3.4,192.2
27.12.2015 19:00:00,1001.63,8.94,5.19,77.3,11.45,8.85,2.6,5.51,8.83,1232.77,1.98,3.4,218.9
27.12.2015 20:00:00,1002.08,8.77,5.25,78.5,11.32,8.88,2.43,5.53,8.86,1234.05,2.4,3.84,179.9
27.12.2015 21:00:00,1002.39,8.62,5.27,79.4,11.2,8.89,2.31,5.54,8.87,1235.08,0.73,1.46,175.9
27.12.2015 22:00:00,1002.5,9.85,5.74,75.5,12.17,9.19,2.98,5.72,9.17,1229.72,4.75,6.77,214.6
27.12.2015 23:00:00,1003.01,9.62,5.59,75.9,11.98,9.1,2.89,5.66,9.07,1231.38,1.21,2.16,176.7
28.12.2015 00:00:00,1003.05,8.84,5.3,78.4,11.37,8.91,2.46,5.55,8.89,1234.93,1.8,2.56,178.6
28.12.2015 01:00:00,1003.17,8.23,5.08,80.5,10.91,8.78,2.13,5.46,8.75,1237.82,0.92,1.36,228.7
28.12.2015 02:00:00,1003.42,8.15,5.13,81.2,10.85,8.81,2.04,5.48,8.78,1238.46,0.5,0.96,236.1
28.12.2015 03:00:00,1003.62,7.86,5.02,82.2,10.64,8.74,1.89,5.44,8.71,1240.01,1.01,1.6,180.1
28.12.2015 04:00:00,1003.87,6.91,4.51,84.6,9.97,8.43,1.53,5.24,8.4,1244.68,2.01,2.76,224.2
28.12.2015 05:00:00,1004.1,5.01,3.45,89.6,8.73,7.82,0.91,4.86,7.79,1253.78,1.15,1.72,197.5
28.12.2015 06:00:00,1004.21,4.17,3.04,92.3,8.24,7.6,0.63,4.72,7.57,1257.8,0.65,1.6,149.3
28.12.2015 07:00:00,1004.2,3.76,2.94,94.4,8.0,7.55,0.45,4.69,7.52,1259.68,0.68,1.0,195.6
28.12.2015 08:00:00,1004.23,3.28,2.5,94.6,7.73,7.32,0.42,4.54,7.29,1262.01,0.84,1.48,206.9
28.12.2015 09:00:00,1004.62,3.39,2.71,95.3,7.79,7.43,0.37,4.61,7.39,1261.95,0.47,0.8,173.1
28.12.2015 10:00:00,1004.84,4.71,3.07,89.1,8.55,7.62,0.93,4.73,7.58,1256.15,0.57,1.0,183.3
28.12.2015 11:00:00,1004.91,4.95,3.33,89.2,8.7,7.76,0.94,4.82,7.72,1255.07,0.73,1.64,176.3
28.12.2015 12:00:00,1004.53,6.31,3.75,83.6,9.56,7.99,1.57,4.96,7.96,1248.39,0.83,1.64,195.6
28.12.2015 13:00:00,1004.0,8.12,4.44,77.5,10.83,8.39,2.44,5.21,8.36,1239.51,0.98,1.56,160.4
28.12.2015 14:00:00,1003.43,9.08,4.78,74.4,11.56,8.6,2.96,5.35,8.57,1234.49,0.82,1.4,148.5
28.12.2015 15:00:00,1003.03,9.55,4.91,72.7,11.93,8.67,3.26,5.39,8.65,1231.92,0.7,1.28,228.1
28.12.2015 16:00:00,1002.89,8.68,4.77,76.4,11.25,8.59,2.65,5.35,8.57,1235.58,0.49,0.64,59.28
28.12.2015 17:00:00,1003.0,7.56,4.64,81.7,10.42,8.51,1.91,5.3,8.49,1240.68,0.45,0.96,45.98
28.12.2015 18:00:00,1002.95,6.66,4.53,86.2,9.8,8.44,1.35,5.25,8.42,1244.64,0.85,1.32,199.9
28.12.2015 19:00:00,1003.03,5.55,4.32,91.8,9.07,8.32,0.74,5.18,8.3,1249.78,0.61,1.04,71.3
28.12.2015 20:00:00,1003.0,4.62,3.87,94.8,8.5,8.06,0.44,5.01,8.04,1254.01,0.42,1.04,192.5
28.12.2015 21:00:00,1003.03,3.56,3.0,96.1,7.89,7.58,0.31,4.71,7.56,1259.11,0.45,1.08,51.04
28.12.2015 22:00:00,1002.69,3.38,2.97,97.1,7.79,7.56,0.23,4.7,7.54,1259.5,0.31,0.72,212.3
28.12.2015 23:00:00,1002.44,1.93,1.51,97.0,7.02,6.81,0.21,4.24,6.8,1266.17,0.34,0.56,93.4
29.12.2015 00:00:00,1002.27,1.12,0.85,98.1,6.62,6.5,0.13,4.04,6.48,1269.86,0.77,1.04,211.2
29.12.2015 01:00:00,1002.14,0.5,0.26,98.3,6.33,6.23,0.11,3.87,6.21,1272.71,0.49,0.8,52.54
29.12.2015 02:00:00,1001.78,0.7,0.49,98.5,6.43,6.33,0.1,3.94,6.32,1271.25,0.3,0.62,65.32
29.12.2015 03:00:00,1001.58,0.49,0.31,98.7,6.33,6.25,0.08,3.89,6.24,1272.0,0.36,0.64,45.01
29.12.2015 04:00:00,1001.38,0.45,0.28,98.8,6.31,6.24,0.08,3.88,6.23,1271.96,0.56,0.84,215.8
29.12.2015 05:00:00,1001.15,0.98,0.86,99.1,6.56,6.5,0.06,4.05,6.49,1269.06,0.25,0.62,130.3
29.12.2015 06:00:00,1001.2,0.98,0.83,98.9,6.56,6.49,0.07,4.04,6.48,1269.14,0.94,1.4,234.5
29.12.2015 07:00:00,1001.16,1.42,1.3,99.2,6.77,6.71,0.05,4.18,6.71,1266.97,0.34,0.64,55.07
29.12.2015 08:00:00,1001.37,1.58,1.44,99.0,6.85,6.78,0.07,4.22,6.77,1266.47,0.58,1.48,25.43
29.12.2015 09:00:00,1001.34,1.26,1.15,99.2,6.69,6.64,0.05,4.14,6.63,1267.94,0.76,1.56,13.81
29.12.2015 10:00:00,1001.18,1.75,1.63,99.1,6.93,6.87,0.06,4.28,6.86,1265.36,0.48,0.88,216.8
29.12.2015 11:00:00,1001.19,3.3,3.17,99.1,7.74,7.67,0.07,4.78,7.67,1257.92,0.38,0.88,148.6
29.12.2015 12:00:00,1001.29,4.7,4.46,98.3,8.55,8.4,0.15,5.24,8.39,1251.35,0.48,0.96,111.8
29.12.2015 13:00:00,1000.9,6.87,6.58,98.0,9.94,9.74,0.2,6.08,9.73,1240.54,0.85,1.56,178.4
29.12.2015 14:00:00,1000.98,8.11,7.47,95.7,10.82,10.35,0.47,6.46,10.34,1234.9,0.99,1.64,166.7
29.12.2015 15:00:00,1001.48,8.82,5.55,79.9,11.35,9.07,2.28,5.65,9.06,1233.0,1.35,2.28,190.9
29.12.2015 16:00:00,1002.05,7.86,5.18,83.1,10.64,8.84,1.8,5.5,8.82,1238.03,1.97,2.52,197.5
29.12.2015 17:00:00,1002.51,6.33,4.4,87.4,9.57,8.37,1.21,5.21,8.35,1245.62,1.73,2.84,178.3
29.12.2015 18:00:00,1002.83,5.52,4.01,90.0,9.05,8.15,0.91,5.07,8.12,1249.73,1.26,2.54,178.5
29.12.2015 19:00:00,1003.24,4.84,3.55,91.3,8.63,7.88,0.75,4.9,7.86,1253.42,1.76,2.32,203.7
29.12.2015 20:00:00,1003.57,4.54,3.39,92.2,8.45,7.79,0.66,4.85,7.77,1255.22,1.65,2.36,202.4
29.12.2015 21:00:00,1004.03,3.9,3.13,94.7,8.08,7.65,0.43,4.75,7.62,1258.8,1.26,1.76,212.0
29.12.2015 22:00:00,1004.75,3.32,2.6,95.0,7.76,7.37,0.39,4.57,7.33,1262.44,0.41,1.12,207.1
29.12.2015 23:00:00,1004.83,2.98,2.03,93.5,7.57,7.08,0.49,4.39,7.04,1264.27,1.36,2.42,213.8
30.12.2015 00:00:00,1005.34,1.28,0.78,96.4,6.7,6.46,0.24,4.01,6.43,1273.01,1.01,1.44,234.9
30.12.2015 01:00:00,1005.42,-0.18,-0.6,97.0,6.03,5.85,0.18,3.63,5.82,1280.24,0.64,0.92,183.7
30.12.2015 02:00:00,1005.7,0.03,-0.25,98.0,6.12,6.0,0.12,3.72,5.96,1279.55,0.56,0.88,199.2
30.12.2015 03:00:00,1005.59,-0.25,-0.44,98.6,6.0,5.91,0.08,3.67,5.88,1280.74,0.87,1.32,171.8
30.12.2015 04:00:00,1005.67,-0.36,-0.52,98.8,5.95,5.88,0.07,3.64,5.85,1281.38,0.61,1.12,190.3
30.12.2015 05:00:00,1005.32,0.13,-0.04,98.8,6.17,6.09,0.07,3.78,6.06,1278.54,0.6,1.08,173.4
30.12.2015 06:00:00,1005.2,0.98,0.9,99.4,6.56,6.52,0.04,4.04,6.49,1274.2,0.87,1.4,222.0
30.12.2015 07:00:00,1004.73,1.83,1.71,99.1,6.97,6.91,0.06,4.29,6.88,1269.49,1.05,2.2,229.6
30.12.2015 08:00:00,1004.83,2.24,2.1,99.0,7.18,7.11,0.07,4.41,7.08,1267.62,0.98,1.48,223.0
30.12.2015 09:00:00,1004.83,2.92,2.82,99.3,7.54,7.48,0.05,4.65,7.45,1264.33,1.16,2.16,188.2
30.12.2015 10:00:00,1004.96,3.52,3.18,97.6,7.87,7.68,0.19,4.77,7.64,1261.66,2.7,4.25,188.0
30.12.2015 11:00:00,1004.69,4.2,0.88,78.9,8.25,6.51,1.74,4.04,6.48,1258.8,3.07,4.57,163.8
30.12.2015 12:00:00,1004.04,4.49,0.13,73.2,8.42,6.17,2.26,3.83,6.14,1256.8,3.68,5.55,170.7
30.12.2015 13:00:00,1003.47,4.84,-0.61,67.68,8.63,5.84,2.79,3.63,5.82,1254.71,4.38,6.41,161.9
30.12.2015 14:00:00,1002.82,5.07,-0.58,66.74,8.77,5.85,2.92,3.64,5.84,1252.82,3.83,5.91,176.5
30.12.2015 15:00:00,1002.11,5.47,-0.41,65.72,9.02,5.93,3.09,3.69,5.91,1250.12,3.46,5.57,166.8
30.12.2015 16:00:00,1002.11,4.15,-1.09,68.57,8.22,5.64,2.59,3.51,5.63,1256.18,3.11,5.17,176.5
30.12.2015 17:00:00,1001.5,2.79,-1.33,74.2,7.47,5.54,1.93,3.45,5.53,1261.68,2.79,4.69,183.7
30.12.2015 18:00:00,1000.98,2.3,-1.97,73.3,7.21,5.29,1.93,3.29,5.28,1263.37,1.48,2.46,187.2
30.12.2015 19:00:00,1000.25,1.48,-2.25,76.1,6.8,5.17,1.63,3.22,5.17,1266.26,2.83,4.65,177.0
30.12.2015 20:00:00,999.76,0.73,-2.59,78.3,6.44,5.04,1.4,3.14,5.05,1269.15,3.74,6.33,175.8
30.12.2015 21:00:00,999.28,0.29,-2.97,78.6,6.24,4.9,1.34,3.06,4.91,1270.65,1.98,2.7,197.1
30.12.2015 22:00:00,998.57,-0.18,-3.25,79.7,6.03,4.8,1.22,3.0,4.81,1272.0,2.22,3.33,199.5
30.12.2015 23:00:00,997.96,-0.33,-3.77,77.5,5.96,4.62,1.34,2.88,4.63,1272.02,2.36,3.99,197.0
31.12.2015 00:00:00,997.32,-0.45,-4.69,72.9,5.91,4.31,1.6,2.69,4.32,1271.91,3.05,4.89,178.2
31.12.2015 01:00:00,996.61,-0.47,-5.57,68.23,5.9,4.03,1.88,2.52,4.04,1271.21,3.89,5.61,179.5
31.12.2015 02:00:00,996.35,-0.34,-6.15,64.64,5.96,3.85,2.11,2.41,3.87,1270.34,2.63,3.85,177.6
31.12.2015 03:00:00,995.91,0.35,-6.92,57.96,6.27,3.63,2.63,2.27,3.65,1266.71,5.21,7.41,173.0
31.12.2015 04:00:00,995.42,0.04,-6.99,58.97,6.12,3.61,2.51,2.26,3.63,1267.55,4.66,7.05,176.4
31.12.2015 05:00:00,995.17,-0.24,-7.23,59.03,6.0,3.54,2.46,2.22,3.56,1268.53,4.61,6.57,165.4
31.12.2015 06:00:00,995.12,-0.34,-7.46,58.43,5.96,3.48,2.48,2.18,3.5,1268.96,3.56,5.87,163.8
31.12.2015 07:00:00,995.38,-0.5,-7.59,58.52,5.89,3.45,2.44,2.16,3.46,1270.06,3.79,6.17,173.5
31.12.2015 08:00:00,995.28,-0.48,-7.56,58.56,5.9,3.45,2.44,2.16,3.47,1269.84,4.43,6.33,163.6
31.12.2015 09:00:00,995.53,-0.07,-7.5,57.12,6.07,3.47,2.6,2.17,3.49,1268.27,4.65,5.83,154.8
31.12.2015 10:00:00,995.83,0.9,-7.07,55.06,6.52,3.59,2.93,2.24,3.6,1264.11,5.3,7.85,168.8
31.12.2015 11:00:00,996.28,2.61,-6.68,50.18,7.37,3.7,3.67,2.31,3.71,1256.78,4.54,6.85,183.7
31.12.2015 12:00:00,996.11,2.92,-5.97,51.82,7.54,3.91,3.63,2.44,3.92,1255.03,4.5,8.97,176.0
31.12.2015 13:00:00,996.35,2.8,-4.78,57.23,7.47,4.28,3.2,2.67,4.29,1255.71,3.5,5.21,173.2
31.12.2015 14:00:00,996.71,2.71,-3.7,62.52,7.43,4.64,2.78,2.9,4.66,1256.38,1.88,3.16,181.6
31.12.2015 15:00:00,997.15,1.79,-1.45,79.0,6.95,5.49,1.46,3.43,5.51,1260.78,1.96,3.0,175.9
31.12.2015 16:00:00,997.74,1.01,-0.6,88.9,6.57,5.84,0.73,3.65,5.86,1264.92,1.82,3.65,164.9
31.12.2015 17:00:00,998.49,0.83,-0.05,93.8,6.49,6.09,0.4,3.8,6.09,1266.59,0.99,2.08,166.5
31.12.2015 18:00:00,998.65,0.84,0.22,95.6,6.49,6.21,0.29,3.88,6.22,1266.68,1.46,2.92,174.6
31.12.2015 19:00:00,998.54,1.04,0.52,96.3,6.59,6.34,0.24,3.96,6.35,1265.57,2.17,3.47,180.8
31.12.2015 20:00:00,998.83,1.09,0.61,96.6,6.61,6.38,0.22,3.99,6.39,1265.69,1.28,2.2,201.4
31.12.2015 21:00:00,998.87,0.86,0.4,96.7,6.5,6.29,0.21,3.93,6.3,1266.83,1.6,2.28,197.6
31.12.2015 22:00:00,998.72,0.53,0.13,97.1,6.35,6.16,0.18,3.85,6.17,1268.23,2.12,3.16,209.1
31.12.2015 23:00:00,999.07,0.29,-0.09,97.3,6.24,6.07,0.17,3.79,6.07,1269.85,1.17,1.8,185.3
01.01.2016 00:00:00,999.08,-0.01,-0.44,96.9,6.1,5.91,0.19,3.69,5.92,1271.32,1.16,2.04,192.4
01.01.2016 01:00:00,999.06,-0.05,-0.52,96.6,6.09,5.88,0.21,3.67,5.88,1271.5,0.36,0.76,163.5
01.01.2016 02:00:00,999.0,-0.59,-0.99,97.1,5.85,5.68,0.17,3.54,5.69,1274.03,0.35,0.6,152.2
01.01.2016 03:00:00,999.48,-1.83,-2.24,97.0,5.34,5.18,0.16,3.23,5.18,1280.73,0.38,0.64,190.3
01.01.2016 04:00:00,999.65,-1.63,-1.96,97.6,5.42,5.29,0.13,3.3,5.29,1279.94,0.26,0.56,172.5
01.01.2016 05:00:00,999.68,-1.84,-2.11,98.0,5.34,5.23,0.11,3.26,5.23,1280.97,0.89,1.38,185.8
01.01.2016 06:00:00,999.37,-1.82,-2.09,98.0,5.34,5.24,0.11,3.27,5.24,1280.5,0.71,1.36,175.7
01.01.2016 07:00:00,999.65,-1.42,-1.65,98.3,5.5,5.41,0.09,3.37,5.41,1278.91,1.33,2.08,227.1
01.01.2016 08:00:00,999.69,-0.97,-1.23,98.1,5.69,5.58,0.11,3.48,5.58,1276.77,0.98,1.6,197.2
01.01.2016 09:00:00,1000.06,-1.44,-1.68,98.2,5.5,5.4,0.1,3.36,5.4,1279.5,1.9,2.84,179.8
01.01.2016 10:00:00,1000.24,-0.55,-0.79,98.3,5.87,5.77,0.1,3.59,5.77,1275.41,1.11,1.92,201.4
01.01.2016 11:00:00,1000.45,-0.8,-1.09,97.9,5.76,5.64,0.12,3.51,5.64,1276.88,2.2,3.73,157.2
01.01.2016 12:00:00,999.89,-0.03,-0.32,97.9,6.09,5.96,0.13,3.72,5.97,1272.45,0.96,1.92,164.0
01.01.2016 13:00:00,999.41,1.53,0.91,95.6,6.82,6.52,0.3,4.07,6.53,1264.33,0.8,1.4,152.1
01.01.2016 14:00:00,998.96,2.44,1.87,96.0,7.28,6.99,0.29,4.36,7.0,1259.37,0.88,1.74,161.4
01.01.2016 15:00:00,999.13,2.23,1.54,95.2,7.17,6.83,0.34,4.26,6.83,1260.63,0.67,1.32,191.4
01.01.2016 16:00:00,999.12,2.19,1.1,92.4,7.16,6.61,0.54,4.13,6.62,1260.87,0.62,1.32,176.2
01.01.2016 17:00:00,999.07,1.84,0.81,92.9,6.98,6.48,0.5,4.04,6.49,1262.5,0.58,1.0,175.7
01.01.2016 18:00:00,999.03,1.6,0.77,94.2,6.86,6.46,0.4,4.03,6.47,1263.56,0.68,1.64,167.4
01.01.2016 19:00:00,998.7,1.06,0.44,95.6,6.6,6.31,0.29,3.94,6.32,1265.68,0.86,1.84,154.6
01.01.2016 20:00:00,998.23,1.14,0.56,95.9,6.63,6.36,0.27,3.97,6.37,1264.69,1.63,2.56,132.2
01.01.2016 21:00:00,997.36,1.29,0.72,96.0,6.71,6.44,0.27,4.02,6.45,1262.88,0.61,1.04,215.0
01.01.2016 22:00:00,996.64,1.69,0.78,93.6,6.9,6.46,0.44,4.04,6.48,1260.08,0.8,1.6,171.4
01.01.2016 23:00:00,996.27,1.26,0.13,92.1,6.69,6.17,0.53,3.86,6.19,1261.73,2.37,3.53,189.5
02.01.2016 00:00:00,995.51,0.15,-0.85,92.9,6.18,5.74,0.44,3.59,5.76,1266.1,2.61,4.47,140.5
02.01.2016 01:00:00,995.03,-0.24,-1.22,93.0,6.0,5.58,0.42,3.5,5.61,1267.36,2.05,3.59,154.0
02.01.2016 02:00:00,994.41,-0.54,-1.47,93.4,5.87,5.48,0.39,3.44,5.52,1268.03,2.11,3.0,164.6
02.01.2016 03:00:00,994.17,-0.91,-1.69,94.4,5.71,5.39,0.32,3.38,5.43,1269.49,1.59,2.04,202.9
02.01.2016 04:00:00,993.68,-1.14,-1.9,94.5,5.62,5.31,0.31,3.33,5.34,1269.98,1.15,1.76,208.6
02.01.2016 05:00:00,993.22,-1.58,-2.15,95.9,5.44,5.22,0.22,3.27,5.25,1271.5,0.46,0.88,65.84
02.01.2016 06:00:00,992.83,-1.56,-2.05,96.4,5.45,5.25,0.2,3.3,5.29,1270.88,0.32,0.72,194.6
02.01.2016 07:00:00,992.37,-1.86,-2.36,96.4,5.33,5.13,0.19,3.22,5.17,1271.77,1.18,1.56,17.31
02.01.2016 08:00:00,992.37,-1.89,-2.44,96.0,5.32,5.1,0.21,3.21,5.14,1271.89,1.72,2.48,2.66
02.01.2016 09:00:00,992.37,-2.01,-2.8,94.3,5.27,4.97,0.3,3.12,5.01,1272.53,2.3,3.45,8.99
02.01.2016 10:00:00,991.81,-2.03,-2.73,94.9,5.26,4.99,0.27,3.14,5.03,1271.9,2.49,3.05,7.9
02.01.2016 11:00:00,991.6,-1.48,-2.38,93.5,5.48,5.12,0.36,3.22,5.17,1268.98,2.16,2.93,26.75
02.01.2016 12:00:00,991.04,-0.97,-2.21,91.2,5.69,5.19,0.5,3.26,5.24,1265.85,2.96,3.85,3.71
02.01.2016 13:00:00,990.75,-0.66,-2.0,90.6,5.82,5.27,0.55,3.32,5.32,1264.03,2.69,3.57,348.8
02.01.2016 14:00:00,990.05,-0.52,-1.92,90.2,5.88,5.3,0.58,3.34,5.36,1262.44,2.17,3.01,21.38
02.01.2016 15:00:00,989.65,-0.22,-1.97,87.9,6.01,5.28,0.73,3.33,5.34,1260.58,3.01,3.85,33.65
02.01.2016 16:00:00,989.73,-0.27,-2.0,88.0,5.99,5.27,0.72,3.32,5.33,1260.9,2.61,3.81,35.2
02.01.2016 17:00:00,989.62,-0.31,-1.82,89.5,5.97,5.34,0.63,3.37,5.4,1260.91,1.63,2.2,40.74
02.01.2016 18:00:00,989.47,-0.03,-1.51,89.7,6.1,5.47,0.63,3.44,5.53,1259.36,0.24,0.52,19.78
02.01.2016 19:00:00,989.4,-0.26,-1.48,91.4,5.99,5.48,0.52,3.45,5.54,1260.34,0.45,0.8,109.4
02.01.2016 20:00:00,989.34,0.2,-1.58,87.8,6.2,5.44,0.76,3.43,5.5,1258.17,1.08,2.16,71.6
02.01.2016 21:00:00,989.41,-0.25,-1.68,90.0,6.0,5.4,0.6,3.4,5.46,1260.35,2.71,3.3,3.01
02.01.2016 22:00:00,989.42,-1.32,-2.43,92.1,5.54,5.11,0.44,3.22,5.16,1265.46,3.71,4.89,25.2
02.01.2016 23:00:00,989.43,-2.12,-3.31,91.5,5.23,4.78,0.44,3.01,4.83,1269.37,3.97,5.33,27.97
03.01.2016 00:00:00,989.39,-2.69,-3.86,91.6,5.01,4.59,0.42,2.89,4.64,1272.06,3.7,4.89,27.66
03.01.2016 01:00:00,989.19,-2.87,-4.16,90.7,4.94,4.48,0.46,2.82,4.53,1272.7,3.78,4.81,31.68
03.01.2016 02:00:00,988.88,-2.93,-4.23,90.7,4.92,4.46,0.46,2.81,4.51,1272.64,2.47,3.45,28.78
03.01.2016 03:00:00,988.89,-2.79,-4.02,91.2,4.97,4.53,0.44,2.86,4.58,1271.94,2.23,3.01,27.79
03.01.2016 04:00:00,988.63,-2.43,-3.73,90.7,5.11,4.63,0.47,2.92,4.68,1269.86,2.64,3.09,29.78
03.01.2016 05:00:00,988.27,-2.08,-3.5,89.9,5.24,4.71,0.53,2.97,4.77,1267.71,1.14,1.64,29.13
03.01.2016 06:00:00,988.03,-2.0,-3.41,90.0,5.27,4.75,0.53,2.99,4.8,1267.01,1.61,2.28,32.49
03.01.2016 07:00:00,987.89,-2.02,-3.02,92.8,5.26,4.89,0.38,3.08,4.95,1266.86,1.32,1.96,23.9
03.01.2016 08:00:00,987.62,-1.91,-2.7,94.3,5.31,5.0,0.3,3.16,5.07,1265.97,0.96,2.04,107.2
03.01.2016 09:00:00,987.23,-1.75,-2.71,93.1,5.37,5.0,0.37,3.16,5.07,1264.7,0.92,1.68,73.0
03.01.2016 10:00:00,986.7,-1.48,-3.3,87.3,5.48,4.78,0.7,3.02,4.85,1262.87,2.37,4.13,130.2
03.01.2016 11:00:00,986.42,-1.15,-3.73,82.5,5.62,4.63,0.98,2.93,4.7,1261.04,2.9,4.89,125.9
03.01.2016 12:00:00,985.11,-0.62,-3.8,78.9,5.84,4.61,1.23,2.91,4.68,1256.92,3.29,5.39,137.0
03.01.2016 13:00:00,984.28,-0.23,-3.89,76.2,6.01,4.58,1.43,2.9,4.65,1254.08,3.09,4.81,136.2
03.01.2016 14:00:00,983.39,-0.07,-4.13,74.0,6.08,4.5,1.58,2.85,4.57,1252.27,3.68,5.29,171.7
03.01.2016 15:00:00,982.51,-0.37,-4.43,73.9,5.95,4.39,1.55,2.79,4.47,1252.57,3.25,5.69,141.3
03.01.2016 16:00:00,981.99,-0.53,-4.34,75.3,5.87,4.42,1.45,2.81,4.5,1252.64,3.09,5.21,151.5
03.01.2016 17:00:00,981.52,-1.35,-4.19,80.9,5.53,4.47,1.06,2.84,4.56,1255.79,3.11,4.71,127.2
03.01.2016 18:00:00,980.6,-1.21,-4.77,76.6,5.59,4.28,1.31,2.72,4.37,1254.04,3.76,5.57,167.4
03.01.2016 19:00:00,979.62,-1.42,-4.64,78.6,5.5,4.32,1.18,2.75,4.41,1253.76,2.78,4.61,148.2
03.01.2016 20:00:00,978.4,-1.43,-4.66,78.5,5.5,4.32,1.18,2.75,4.41,1252.21,2.04,3.61,147.2
03.01.2016 21:00:00,977.37,-1.58,-4.99,77.4,5.44,4.21,1.23,2.68,4.31,1251.63,3.55,5.81,164.7
03.01.2016 22:00:00,976.2,-1.78,-4.91,79.0,5.36,4.24,1.13,2.7,4.34,1251.04,3.83,5.33,167.8
03.01.2016 23:00:00,975.06,-1.87,-5.14,78.2,5.33,4.16,1.16,2.66,4.27,1250.02,2.78,4.21,155.9
04.01.2016 00:00:00,974.02,-2.04,-5.32,78.1,5.26,4.1,1.15,2.63,4.21,1249.53,3.61,5.61,155.2
04.01.2016 01:00:00,972.89,-2.21,-5.37,78.8,5.19,4.09,1.1,2.62,4.2,1248.85,3.04,4.93,150.1
04.01.2016 02:00:00,971.87,-2.58,-5.61,79.5,5.05,4.02,1.04,2.57,4.13,1249.27,2.92,4.65,137.8
04.01.2016 03:00:00,970.95,-2.65,-5.29,81.9,5.02,4.11,0.91,2.64,4.24,1248.38,1.73,3.69,115.4
04.01.2016 04:00:00,970.13,-2.63,-5.5,80.5,5.03,4.05,0.98,2.6,4.18,1247.24,2.05,3.93,105.3
04.01.2016 05:00:00,969.36,-2.9,-6.31,77.2,4.93,3.81,1.12,2.45,3.93,1247.63,2.79,4.49,125.8
04.01.2016 06:00:00,968.56,-2.99,-6.41,77.1,4.9,3.78,1.12,2.43,3.9,1247.03,2.23,3.81,113.9
04.01.2016 07:00:00,967.91,-3.02,-6.7,75.6,4.89,3.69,1.19,2.38,3.82,1246.37,2.61,4.97,132.9
04.01.2016 08:00:00,967.74,-3.81,-5.43,88.4,4.6,4.07,0.53,2.62,4.21,1249.62,2.3,3.85,147.1
04.01.2016 09:00:00,967.71,-3.82,-4.86,92.4,4.6,4.25,0.35,2.74,4.39,1249.53,2.18,3.53,151.4
04.01.2016 10:00:00,967.77,-3.32,-4.54,91.2,4.78,4.36,0.42,2.81,4.5,1247.25,2.79,4.25,154.7
04.01.2016 11:00:00,967.44,-2.96,-4.72,87.6,4.91,4.3,0.61,2.77,4.44,1245.2,3.45,5.27,179.5
04.01.2016 12:00:00,967.14,-2.79,-4.53,87.7,4.97,4.36,0.61,2.81,4.51,1243.97,3.1,5.37,175.4
04.01.2016 13:00:00,966.83,-1.94,-4.36,83.4,5.3,4.42,0.88,2.85,4.57,1239.65,2.65,3.81,155.5
04.01.2016 14:00:00,966.52,-1.17,-4.44,78.3,5.61,4.39,1.22,2.83,4.54,1235.77,2.16,3.65,172.8
04.01.2016 15:00:00,966.53,-1.27,-3.55,84.4,5.57,4.7,0.87,3.03,4.86,1236.09,2.16,3.85,177.8
04.01.2016 16:00:00,966.84,-1.54,-2.7,91.7,5.46,5.0,0.45,3.23,5.17,1237.56,1.36,2.76,167.7
04.01.2016 17:00:00,966.89,-1.54,-2.47,93.3,5.46,5.09,0.37,3.28,5.26,1237.59,1.3,1.88,210.5
04.01.2016 18:00:00,966.77,-1.34,-2.7,90.4,5.53,5.0,0.53,3.23,5.18,1236.59,2.37,3.2,203.4
04.01.2016 19:00:00,966.91,-1.15,-2.65,89.5,5.61,5.02,0.59,3.24,5.2,1235.89,2.01,2.64,203.9
04.01.2016 20:00:00,967.04,-0.97,-2.57,88.8,5.69,5.05,0.64,3.26,5.23,1235.2,1.64,2.28,206.4
04.01.2016 21:00:00,967.26,-0.83,-2.4,89.0,5.75,5.12,0.63,3.3,5.29,1234.82,0.93,1.52,214.5
04.01.2016 22:00:00,967.51,-0.74,-2.07,90.7,5.78,5.25,0.54,3.38,5.42,1234.7,0.61,0.92,23.84
04.01.2016 23:00:00,967.69,-0.8,-1.95,91.9,5.76,5.29,0.47,3.41,5.47,1235.18,0.36,0.48,14.21
05.01.2016 00:00:00,967.85,-0.81,-1.9,92.3,5.76,5.31,0.44,3.42,5.49,1235.41,1.59,1.88,37.23
05.01.2016 01:00:00,968.01,-0.91,-1.64,94.8,5.71,5.42,0.3,3.49,5.6,1236.01,0.92,1.44,21.39
05.01.2016 02:00:00,968.02,-1.03,-1.63,95.7,5.66,5.42,0.24,3.49,5.6,1236.57,1.02,1.36,36.99
05.01.2016 03:00:00,968.25,-1.3,-1.76,96.6,5.55,5.37,0.19,3.45,5.54,1238.09,1.93,2.44,15.15
05.01.2016 04:00:00,968.16,-1.43,-1.92,96.4,5.5,5.3,0.2,3.41,5.48,1238.61,1.5,1.8,39.27
05.01.2016 05:00:00,968.02,-1.55,-2.02,96.6,5.45,5.26,0.19,3.39,5.44,1239.02,1.41,2.12,18.7
05.01.2016 06:00:00,968.06,-1.91,-2.4,96.4,5.31,5.12,0.19,3.29,5.29,1240.77,2.12,2.52,20.7
05.01.2016 07:00:00,968.44,-1.87,-2.42,96.0,5.32,5.11,0.21,3.29,5.28,1241.08,1.59,2.08,25.52
05.01.2016 08:00:00,968.74,-1.95,-2.56,95.6,5.29,5.06,0.23,3.25,5.22,1241.87,1.29,1.66,41.06
05.01.2016 09:00:00,969.04,-1.95,-2.51,95.9,5.29,5.08,0.22,3.26,5.24,1242.22,1.9,2.64,8.74
05.01.2016 10:00:00,969.53,-1.24,-1.97,94.8,5.58,5.29,0.29,3.4,5.45,1239.53,0.45,0.8,254.5
05.01.2016 11:00:00,970.07,-1.55,-2.34,94.3,5.45,5.14,0.31,3.3,5.3,1241.69,2.93,3.49,22.96
05.01.2016 12:00:00,970.08,-1.64,-2.55,93.5,5.41,5.06,0.35,3.25,5.22,1242.16,2.65,3.61,15.63
05.01.2016 13:00:00,970.07,-1.59,-2.55,93.1,5.44,5.06,0.38,3.25,5.22,1241.91,2.71,3.25,36.83
05.01.2016 14:00:00,970.14,-1.42,-2.46,92.6,5.5,5.1,0.41,3.27,5.25,1241.21,1.69,2.24,25.02
05.01.2016 15:00:00,970.19,-1.26,-2.39,92.0,5.57,5.12,0.45,3.29,5.28,1240.55,1.57,2.14,36.96
05.01.2016 16:00:00,970.77,-1.61,-2.65,92.5,5.43,5.02,0.41,3.22,5.17,1242.9,3.0,3.49,37.52
05.01.2016 17:00:00,971.28,-1.55,-2.58,92.6,5.45,5.05,0.4,3.24,5.2,1243.29,2.12,2.72,17.69
05.01.2016 18:00:00,971.56,-1.92,-2.75,94.0,5.31,4.99,0.32,3.2,5.13,1245.36,1.85,2.56,16.85
05.01.2016 19:00:00,971.91,-2.4,-3.26,93.8,5.12,4.8,0.32,3.08,4.94,1248.14,3.21,4.41,18.62
05.01.2016 20:00:00,972.07,-2.24,-3.11,93.7,5.18,4.85,0.33,3.11,4.99,1247.56,0.61,1.16,23.44
05.01.2016 21:00:00,972.49,-2.73,-3.65,93.3,4.99,4.66,0.33,2.99,4.79,1250.46,2.46,3.25,23.51
05.01.2016 22:00:00,972.66,-2.74,-3.63,93.6,4.99,4.67,0.32,2.99,4.8,1250.74,2.26,3.13,26.12
05.01.2016 23:00:00,972.86,-2.82,-3.68,93.7,4.96,4.65,0.31,2.98,4.78,1251.34,1.58,2.0,25.74
06.01.2016 00:00:00,972.82,-2.88,-3.7,94.0,4.94,4.64,0.3,2.97,4.77,1251.6,2.19,2.89,14.79
06.01.2016 01:00:00,972.69,-3.47,-4.24,94.3,4.73,4.46,0.27,2.85,4.58,1254.24,3.1,4.21,16.19
06.01.2016 02:00:00,972.94,-3.74,-4.48,94.5,4.63,4.38,0.25,2.8,4.5,1255.85,2.93,3.75,19.38
06.01.2016 03:00:00,973.42,-4.45,-5.22,94.3,4.39,4.14,0.25,2.65,4.25,1259.93,3.16,4.17,17.22
06.01.2016 04:00:00,973.5,-4.62,-5.37,94.4,4.33,4.09,0.24,2.62,4.2,1260.83,2.5,3.13,355.3
06.01.2016 05:00:00,973.51,-4.55,-5.39,93.8,4.35,4.08,0.27,2.61,4.19,1260.55,2.69,3.49,21.29
06.01.2016 06:00:00,973.86,-4.67,-5.54,93.6,4.31,4.04,0.28,2.58,4.15,1261.58,2.55,3.61,15.12
06.01.2016 07:00:00,973.9,-4.7,-5.62,93.2,4.31,4.01,0.29,2.57,4.12,1261.79,3.19,4.01,24.41
06.01.2016 08:00:00,974.15,-4.89,-5.7,94.0,4.24,3.99,0.25,2.55,4.09,1263.03,1.04,2.16,344.9
06.01.2016 09:00:00,974.77,-4.67,-5.66,92.7,4.31,4.0,0.31,2.56,4.1,1262.78,2.68,3.57,24.22
06.01.2016 10:00:00,975.07,-4.82,-5.87,92.3,4.27,3.94,0.33,2.52,4.04,1263.9,2.85,4.01,29.25
06.01.2016 11:00:00,975.49,-4.79,-5.88,92.0,4.28,3.93,0.34,2.51,4.03,1264.31,2.45,3.17,18.14
06.01.2016 12:00:00,975.0,-4.5,-5.71,91.2,4.37,3.99,0.38,2.55,4.09,1262.3,2.1,2.56,10.46
06.01.2016 13:00:00,975.2,-4.2,-5.52,90.5,4.47,4.05,0.42,2.58,4.15,1261.13,2.37,3.13,22.54
06.01.2016 14:00:00,975.1,-4.13,-5.46,90.4,4.49,4.06,0.43,2.6,4.17,1260.66,2.61,3.61,19.67
06.01.2016 15:00:00,975.49,-4.22,-5.54,90.5,4.46,4.04,0.42,2.58,4.14,1261.6,2.95,3.77,26.9
06.01.2016 16:00:00,975.7,-4.36,-5.48,91.8,4.42,4.06,0.36,2.59,4.16,1262.49,1.55,2.12,10.99
06.01.2016 17:00:00,975.95,-4.54,-5.73,91.3,4.36,3.98,0.38,2.54,4.08,1263.7,2.96,4.05,19.98
06.01.2016 18:00:00,976.18,-4.67,-5.76,92.0,4.31,3.97,0.35,2.53,4.07,1264.64,1.64,2.44,14.48
06.01.2016 19:00:00,976.39,-4.73,-5.64,93.3,4.3,4.01,0.29,2.56,4.11,1265.15,2.32,2.97,8.84
06.01.2016 20:00:00,976.51,-4.64,-5.5,93.7,4.32,4.05,0.27,2.58,4.15,1264.89,2.68,3.29,24.01
06.01.2016 21:00:00,976.79,-4.76,-5.61,93.7,4.29,4.02,0.27,2.56,4.11,1265.82,2.51,3.45,15.3
06.01.2016 22:00:00,976.57,-4.62,-5.5,93.5,4.33,4.05,0.28,2.58,4.15,1264.86,1.29,1.76,349.7
06.01.2016 23:00:00,976.61,-4.54,-5.45,93.3,4.36,4.07,0.29,2.59,4.16,1264.51,1.81,2.36,29.58
07.01.2016 00:00:00,976.78,-4.54,-5.36,93.9,4.36,4.09,0.27,2.61,4.19,1264.73,1.54,2.04,15.35
07.01.2016 01:00:00,976.94,-4.61,-5.41,94.1,4.33,4.08,0.26,2.6,4.17,1265.29,1.1,1.72,12.78
07.01.2016 02:00:00,976.63,-4.54,-5.42,93.5,4.36,4.08,0.28,2.6,4.17,1264.52,1.19,1.48,2.17
07.01.2016 03:00:00,976.79,-4.4,-5.36,93.0,4.4,4.09,0.31,2.61,4.19,1264.1,1.85,2.44,13.85
07.01.2016 04:00:00,976.75,-4.35,-5.37,92.5,4.42,4.09,0.33,2.61,4.19,1263.79,1.95,2.52,15.28
07.01.2016 05:00:00,976.48,-4.2,-5.2,92.7,4.47,4.14,0.33,2.64,4.24,1262.73,1.03,1.48,27.98
07.01.2016 06:00:00,975.99,-4.13,-4.99,93.7,4.49,4.21,0.28,2.69,4.31,1261.73,1.0,1.56,9.97
07.01.2016 07:00:00,976.2,-3.61,-4.27,95.1,4.68,4.45,0.23,2.84,4.55,1259.43,0.45,1.16,25.56
07.01.2016 08:00:00,975.73,-3.63,-4.35,94.7,4.67,4.42,0.25,2.82,4.53,1258.95,0.83,1.44,30.42
07.01.2016 09:00:00,975.53,-3.16,-4.06,93.4,4.84,4.52,0.32,2.89,4.63,1256.44,0.48,0.8,18.02
07.01.2016 10:00:00,975.2,-1.96,-3.04,92.3,5.29,4.88,0.41,3.12,5.0,1250.29,0.27,0.8,60.08
07.01.2016 11:00:00,974.45,-0.9,-2.68,87.6,5.72,5.01,0.71,3.2,5.14,1244.39,0.26,0.72,168.7
07.01.2016 12:00:00,973.01,0.89,-1.76,82.4,6.51,5.37,1.15,3.44,5.52,1234.28,0.54,1.08,168.9
07.01.2016 13:00:00,972.16,2.75,-0.93,76.6,7.45,5.7,1.74,3.66,5.87,1224.72,0.46,0.92,89.7
07.01.2016 14:00:00,971.24,2.1,-0.84,80.8,7.11,5.75,1.37,3.69,5.92,1226.41,1.65,1.88,20.56
07.01.2016 15:00:00,970.93,1.87,-0.46,84.5,6.99,5.91,1.08,3.79,6.08,1227.0,0.95,1.68,203.2
07.01.2016 16:00:00,970.66,2.92,0.43,83.6,7.54,6.3,1.24,4.05,6.49,1221.77,2.28,4.61,181.1
07.01.2016 17:00:00,970.21,3.01,0.68,84.6,7.59,6.42,1.17,4.13,6.62,1220.74,1.95,3.16,196.4
07.01.2016 18:00:00,970.14,2.53,0.57,86.8,7.33,6.36,0.97,4.09,6.56,1222.82,3.36,4.93,194.6
07.01.2016 19:00:00,970.09,2.56,0.44,85.8,7.35,6.3,1.04,4.05,6.5,1222.65,2.89,4.17,188.6
07.01.2016 20:00:00,970.04,2.6,0.78,87.7,7.37,6.46,0.91,4.15,6.66,1222.34,2.71,4.15,177.8
07.01.2016 21:00:00,969.51,2.62,0.81,87.8,7.38,6.48,0.9,4.17,6.68,1221.6,2.55,3.53,191.2
07.01.2016 22:00:00,969.06,3.47,1.28,85.5,7.84,6.7,1.14,4.31,6.92,1217.15,3.99,5.05,200.0
07.01.2016 23:00:00,968.87,3.31,1.12,85.5,7.75,6.62,1.12,4.26,6.84,1217.66,3.02,3.91,185.8
08.01.2016 00:00:00,969.62,4.0,1.67,84.7,8.14,6.89,1.25,4.43,7.11,1215.43,2.41,3.97,202.1
08.01.2016 01:00:00,970.29,4.78,1.88,81.4,8.59,7.0,1.6,4.5,7.21,1212.82,3.28,5.81,215.9
08.01.2016 02:00:00,972.05,5.03,1.1,75.6,8.75,6.61,2.13,4.24,6.8,1214.11,2.81,6.25,241.5
08.01.2016 03:00:00,973.15,4.47,-0.51,69.99,8.41,5.89,2.52,3.77,6.05,1218.29,2.4,3.85,237.4
08.01.2016 04:00:00,973.58,4.04,-1.29,68.11,8.16,5.56,2.6,3.56,5.71,1220.87,0.95,2.34,144.5
08.01.2016 05:00:00,974.13,3.79,-1.33,69.11,8.02,5.54,2.48,3.55,5.69,1222.67,1.41,3.36,222.2
08.01.2016 06:00:00,974.88,3.97,-1.49,67.44,8.12,5.47,2.64,3.5,5.62,1222.87,0.92,3.0,264.5
08.01.2016 07:00:00,975.37,3.88,-1.97,65.47,8.07,5.28,2.79,3.38,5.42,1223.94,0.9,2.66,234.9
08.01.2016 08:00:00,975.95,3.39,-1.94,67.98,7.79,5.3,2.49,3.38,5.43,1226.86,2.25,3.99,223.3
08.01.2016 09:00:00,976.64,3.98,-2.0,64.89,8.12,5.27,2.85,3.36,5.4,1225.14,1.58,3.12,220.3
08.01.2016 10:00:00,976.82,4.59,-1.63,63.89,8.48,5.42,3.06,3.46,5.55,1222.6,2.89,5.57,226.8
08.01.2016 11:00:00,977.13,5.1,-1.91,60.4,8.79,5.31,3.48,3.39,5.43,1220.8,6.06,8.77,213.4
08.01.2016 12:00:00,977.19,5.53,-1.69,59.54,9.06,5.39,3.67,3.44,5.52,1218.93,7.31,9.37,213.1
08.01.2016 13:00:00,976.98,6.15,-1.5,57.86,9.46,5.47,3.98,3.49,5.6,1215.93,8.58,12.54,216.2
08.01.2016 14:00:00,977.02,6.43,-1.73,55.8,9.64,5.38,4.26,3.43,5.5,1214.82,7.59,10.21,213.4
08.01.2016 15:00:00,977.1,6.65,-1.73,54.97,9.79,5.38,4.41,3.43,5.51,1213.96,5.7,8.01,217.6
08.01.2016 16:00:00,977.0,5.9,-1.81,57.53,9.3,5.35,3.95,3.41,5.47,1217.08,5.92,8.73,225.2
08.01.2016 17:00:00,977.78,4.3,-1.08,67.89,8.31,5.64,2.67,3.6,5.77,1224.95,3.69,6.11,205.4
08.01.2016 18:00:00,978.46,3.33,-1.31,71.5,7.76,5.55,2.21,3.54,5.67,1230.14,2.6,3.65,195.1
08.01.2016 19:00:00,979.19,2.35,-1.36,76.4,7.24,5.53,1.71,3.52,5.65,1235.48,1.2,1.88,237.7
08.01.2016 20:00:00,979.45,1.46,-1.52,80.5,6.79,5.46,1.32,3.48,5.58,1239.85,1.2,2.66,205.7
08.01.2016 21:00:00,979.64,1.26,-1.53,81.6,6.69,5.46,1.23,3.47,5.57,1240.99,1.31,3.14,134.7
08.01.2016 22:00:00,979.8,1.25,-1.52,81.7,6.69,5.46,1.22,3.48,5.58,1241.22,1.53,2.18,224.1
08.01.2016 23:00:00,979.5,-0.19,-1.91,88.1,6.02,5.31,0.72,3.38,5.42,1247.46,0.96,1.96,181.4
09.01.2016 00:00:00,979.29,-0.41,-2.04,88.7,5.93,5.26,0.67,3.35,5.37,1248.24,0.47,0.84,28.68
09.01.2016 01:00:00,979.56,-2.39,-3.21,94.1,5.12,4.82,0.3,3.07,4.92,1257.93,1.09,2.18,176.6
09.01.2016 02:00:00,979.76,-2.24,-2.94,94.9,5.18,4.91,0.26,3.13,5.02,1257.43,1.47,2.36,171.2
09.01.2016 03:00:00,979.72,-2.32,-3.07,94.5,5.15,4.87,0.28,3.1,4.97,1257.75,0.46,0.84,196.8
09.01.2016 04:00:00,979.71,-2.71,-3.37,95.2,5.0,4.76,0.24,3.03,4.86,1259.64,1.61,1.96,224.2
09.01.2016 05:00:00,979.0,-2.8,-3.51,94.8,4.97,4.71,0.26,3.0,4.81,1259.16,0.48,1.24,221.6
09.01.2016 06:00:00,978.93,-3.18,-3.87,94.9,4.83,4.58,0.25,2.92,4.68,1260.89,0.92,1.44,197.7
09.01.2016 07:00:00,978.61,-3.23,-3.84,95.5,4.81,4.59,0.22,2.92,4.69,1260.71,1.28,2.24,185.3
09.01.2016 08:00:00,978.56,-3.43,-4.14,94.8,4.74,4.49,0.25,2.86,4.59,1261.65,0.87,1.4,150.4
09.01.2016 09:00:00,979.03,-3.19,-3.87,95.0,4.82,4.58,0.24,2.92,4.68,1261.07,0.8,1.7,156.9
09.01.2016 10:00:00,979.15,-2.54,-3.26,94.7,5.07,4.8,0.27,3.05,4.9,1258.07,1.1,1.76,220.4
09.01.2016 11:00:00,978.79,-1.57,-2.64,92.4,5.44,5.03,0.41,3.2,5.14,1253.03,0.57,0.82,200.9
09.01.2016 12:00:00,978.33,0.45,-1.25,88.3,6.31,5.57,0.74,3.55,5.7,1242.94,1.14,1.86,206.4
09.01.2016 13:00:00,977.83,2.0,-0.36,84.3,7.06,5.95,1.11,3.79,6.08,1235.12,0.64,1.44,204.3
09.01.2016 14:00:00,977.68,2.44,0.09,84.4,7.29,6.15,1.14,3.92,6.29,1232.85,1.21,1.72,222.4
09.01.2016 15:00:00,977.63,2.77,0.52,85.1,7.46,6.34,1.11,4.05,6.49,1231.24,1.07,1.76,209.5
09.01.2016 16:00:00,977.53,2.89,0.67,85.3,7.52,6.41,1.11,4.09,6.56,1230.55,0.8,1.48,207.2
09.01.2016 17:00:00,977.34,1.8,0.37,90.2,6.96,6.28,0.68,4.0,6.42,1235.25,1.82,3.12,202.4
09.01.2016 18:00:00,977.31,1.37,0.25,92.2,6.75,6.22,0.53,3.97,6.36,1237.16,1.8,2.84,201.0
09.01.2016 19:00:00,976.69,0.38,-0.32,95.0,6.28,5.97,0.31,3.81,6.11,1240.97,1.82,2.6,203.1
09.01.2016 20:00:00,976.48,0.21,-0.37,95.9,6.2,5.95,0.25,3.8,6.09,1241.51,2.49,3.73,190.1
09.01.2016 21:00:00,976.45,0.39,-0.13,96.3,6.28,6.05,0.23,3.86,6.2,1240.59,1.35,2.04,183.1
09.01.2016 22:00:00,976.32,0.45,-0.08,96.2,6.31,6.07,0.24,3.88,6.22,1240.13,1.52,2.36,188.2
09.01.2016 23:00:00,975.5,1.91,1.08,94.2,7.01,6.61,0.41,4.22,6.77,1232.23,2.05,3.24,169.8
10.01.2016 00:00:00,975.24,2.02,1.06,93.3,7.07,6.6,0.47,4.22,6.76,1231.42,1.23,2.12,198.7
10.01.2016 01:00:00,974.66,2.66,1.31,90.8,7.4,6.72,0.68,4.3,6.89,1227.79,0.55,1.52,212.3
10.01.2016 02:00:00,974.11,2.2,1.13,92.6,7.16,6.63,0.53,4.24,6.8,1229.21,0.95,1.32,214.0
10.01.2016 03:00:00,973.36,1.61,0.79,94.3,6.86,6.47,0.39,4.15,6.65,1230.96,1.34,2.26,216.6
10.01.2016 04:00:00,972.98,0.21,-0.58,94.4,6.2,5.85,0.35,3.75,6.02,1237.08,0.65,1.64,151.7
10.01.2016 05:00:00,972.1,1.36,0.8,96.1,6.74,6.48,0.26,4.15,6.66,1230.49,0.62,1.48,203.7
10.01.2016 06:00:00,971.59,0.51,0.13,97.3,6.34,6.17,0.17,3.96,6.35,1233.8,2.23,2.92,201.5
10.01.2016 07:00:00,970.85,1.54,1.1,96.9,6.83,6.62,0.21,4.25,6.82,1228.02,1.98,3.57,176.4
10.01.2016 08:00:00,970.37,2.46,1.72,94.8,7.3,6.92,0.38,4.45,7.13,1223.14,3.12,4.17,187.9
10.01.2016 09:00:00,970.21,2.85,1.93,93.7,7.5,7.03,0.47,4.52,7.24,1221.2,3.04,4.25,193.2
10.01.2016 10:00:00,970.47,3.22,1.79,90.3,7.7,6.95,0.75,4.47,7.16,1219.93,2.25,3.45,184.4
10.01.2016 11:00:00,970.51,4.25,2.48,88.2,8.28,7.31,0.98,4.7,7.53,1215.24,1.15,2.08,164.4
10.01.2016 12:00:00,969.9,5.63,3.13,83.9,9.12,7.65,1.47,4.92,7.89,1208.31,2.89,4.49,175.2
10.01.2016 13:00:00,970.07,6.85,3.58,79.6,9.92,7.9,2.02,5.08,8.14,1203.17,2.3,3.97,32.67
10.01.2016 14:00:00,969.99,8.19,3.12,70.3,10.88,7.65,3.23,4.92,7.88,1197.44,7.0,11.93,216.8
10.01.2016 15:00:00,970.37,6.99,3.04,75.9,10.02,7.6,2.41,4.89,7.84,1203.08,3.95,6.83,216.2
10.01.2016 16:00:00,970.68,6.46,2.51,75.8,9.66,7.32,2.34,4.7,7.54,1205.88,4.29,5.73,209.5
10.01.2016 17:00:00,970.26,5.71,1.72,75.4,9.17,6.92,2.26,4.45,7.13,1208.76,3.24,6.09,183.3
10.01.2016 18:00:00,969.95,5.19,1.54,77.2,8.85,6.83,2.02,4.39,7.04,1210.67,1.69,2.52,194.4
10.01.2016 19:00:00,969.84,4.7,1.58,80.1,8.55,6.85,1.7,4.4,7.06,1212.67,1.28,2.04,206.6
10.01.2016 20:00:00,969.61,4.48,1.53,81.1,8.42,6.83,1.59,4.39,7.04,1213.35,1.81,2.72,193.2
10.01.2016 21:00:00,969.41,4.23,1.87,84.6,8.27,6.99,1.27,4.5,7.22,1214.13,2.11,3.61,190.6
10.01.2016 22:00:00,969.59,4.59,2.88,88.6,8.48,7.52,0.97,4.84,7.75,1212.51,1.05,2.08,151.8
10.01.2016 23:00:00,968.99,4.46,3.51,93.5,8.4,7.86,0.55,5.06,8.11,1212.18,2.04,2.84,198.9
11.01.2016 00:00:00,968.75,4.08,3.38,95.2,8.18,7.79,0.39,5.02,8.04,1213.56,2.48,4.13,194.4
11.01.2016 01:00:00,968.62,3.72,2.91,94.4,7.98,7.53,0.45,4.85,7.78,1215.09,2.54,3.69,192.6
11.01.2016 02:00:00,968.61,3.79,2.53,91.4,8.02,7.33,0.69,4.72,7.57,1214.86,2.24,3.24,202.6
11.01.2016 03:00:00,968.97,3.54,2.39,92.2,7.87,7.26,0.61,4.67,7.49,1216.48,0.74,1.26,183.7
11.01.2016 04:00:00,969.11,3.51,2.47,92.9,7.86,7.3,0.56,4.7,7.53,1216.77,1.57,2.2,241.9
11.01.2016 05:00:00,968.58,3.44,2.45,93.2,7.82,7.29,0.53,4.7,7.53,1216.38,0.96,1.96,217.2
11.01.2016 06:00:00,968.24,3.09,2.19,93.8,7.63,7.16,0.47,4.61,7.39,1217.57,0.93,2.02,357.1
11.01.2016 07:00:00,967.87,2.43,1.6,94.2,7.28,6.86,0.42,4.42,7.09,1220.15,0.85,1.76,18.28
11.01.2016 08:00:00,967.67,2.77,1.99,94.6,7.46,7.05,0.4,4.55,7.29,1218.33,0.71,1.32,286.4
11.01.2016 09:00:00,967.01,2.98,2.27,95.1,7.57,7.2,0.37,4.64,7.44,1216.51,0.66,1.08,210.0
11.01.2016 10:00:00,966.97,3.22,2.6,95.7,7.7,7.37,0.33,4.75,7.62,1215.29,0.33,0.62,171.2
11.01.2016 11:00:00,966.82,3.44,2.61,94.3,7.82,7.37,0.45,4.76,7.63,1214.15,1.11,1.52,217.5
11.01.2016 12:00:00,965.71,4.58,3.14,90.3,8.48,7.66,0.82,4.95,7.93,1207.62,1.77,2.56,212.1
11.01.2016 13:00:00,965.03,4.83,3.46,90.8,8.62,7.83,0.79,5.06,8.11,1205.63,1.39,2.32,205.3
11.01.2016 14:00:00,964.57,5.33,3.62,88.7,8.93,7.92,1.01,5.13,8.22,1202.82,1.36,2.08,215.3
11.01.2016 15:00:00,963.81,4.87,3.04,87.9,8.65,7.6,1.05,4.92,7.89,1204.04,3.32,4.53,210.4
11.01.2016 16:00:00,963.64,4.52,3.49,93.0,8.44,7.85,0.59,5.08,8.15,1205.18,0.36,0.88,188.5
11.01.2016 17:00:00,963.3,3.8,3.24,96.1,8.03,7.71,0.31,4.99,8.01,1207.96,1.75,2.62,178.4
11.01.2016 18:00:00,963.18,3.56,2.75,94.4,7.89,7.45,0.44,4.82,7.73,1209.0,1.34,2.24,199.5
11.01.2016 19:00:00,962.89,3.22,2.39,94.3,7.7,7.26,0.44,4.7,7.54,1210.23,2.42,3.16,194.9
11.01.2016 20:00:00,962.6,3.14,2.48,95.4,7.66,7.31,0.35,4.73,7.59,1210.15,1.45,2.28,196.6
11.01.2016 21:00:00,962.28,3.34,2.5,94.2,7.76,7.31,0.45,4.74,7.6,1208.91,1.36,2.12,184.1
11.01.2016 22:00:00,962.34,3.51,2.34,92.0,7.86,7.23,0.63,4.69,7.51,1208.27,1.7,3.12,210.9
11.01.2016 23:00:00,962.3,3.02,1.94,92.6,7.59,7.03,0.56,4.56,7.3,1210.46,3.5,4.25,219.5
12.01.2016 00:00:00,962.5,4.13,2.49,89.0,8.21,7.31,0.9,4.74,7.59,1205.72,3.26,5.01,204.0
12.01.2016 01:00:00,962.52,4.29,2.55,88.4,8.3,7.34,0.96,4.76,7.63,1205.05,2.55,3.81,216.0
12.01.2016 02:00:00,962.96,4.41,2.74,88.9,8.37,7.44,0.93,4.82,7.73,1205.04,2.21,3.85,210.7
12.01.2016 03:00:00,963.6,4.05,2.36,88.7,8.17,7.24,0.92,4.69,7.52,1207.47,2.41,4.07,226.9
12.01.2016 04:00:00,964.11,3.96,2.43,89.7,8.12,7.28,0.84,4.71,7.55,1208.49,2.71,4.45,217.7
12.01.2016 05:00:00,964.27,4.2,2.3,87.4,8.25,7.21,1.04,4.67,7.48,1207.68,3.25,4.73,212.5
12.01.2016 06:00:00,964.71,4.09,2.3,88.1,8.19,7.21,0.97,4.66,7.48,1208.73,0.5,0.84,68.69
12.01.2016 07:00:00,965.32,3.74,2.0,88.4,7.99,7.06,0.93,4.56,7.31,1211.1,1.25,1.92,197.5
12.01.2016 08:00:00,966.15,3.74,1.69,86.4,7.99,6.9,1.09,4.46,7.15,1212.19,2.46,3.12,210.8
12.01.2016 09:00:00,966.91,3.88,2.01,87.5,8.07,7.06,1.01,4.56,7.3,1212.46,1.11,2.0,32.74
12.01.2016 10:00:00,967.62,4.57,2.37,85.6,8.47,7.25,1.22,4.67,7.49,1210.27,1.04,3.32,227.6
12.01.2016 11:00:00,968.73,5.04,2.2,81.8,8.75,7.16,1.59,4.61,7.39,1209.65,2.46,3.73,250.7
12.01.2016 12:00:00,969.18,6.2,1.89,73.8,9.49,7.0,2.49,4.51,7.22,1205.28,2.99,6.45,256.2
12.01.2016 13:00:00,969.79,6.55,0.88,66.98,9.72,6.51,3.21,4.19,6.72,1204.73,3.64,5.77,242.7
12.01.2016 14:00:00,969.99,6.81,1.33,67.95,9.9,6.73,3.17,4.32,6.93,1203.77,3.75,6.37,252.0
12.01.2016 15:00:00,970.49,6.89,1.49,68.37,9.95,6.8,3.15,4.37,7.01,1204.01,4.22,7.49,234.5
12.01.2016 16:00:00,971.53,5.41,1.4,75.3,8.98,6.76,2.22,4.34,6.96,1211.75,3.28,4.4,232.8
12.01.2016 17:00:00,972.02,4.43,0.89,77.7,8.38,6.51,1.87,4.18,6.7,1216.76,2.75,4.89,229.0
12.01.2016 18:00:00,972.29,3.29,0.59,82.4,7.74,6.38,1.36,4.09,6.56,1222.15,2.63,4.45,211.8
12.01.2016 19:00:00,972.3,2.92,0.22,82.3,7.54,6.2,1.33,3.98,6.38,1223.89,2.75,3.28,212.3
12.01.2016 20:00:00,972.18,3.39,0.25,79.8,7.79,6.22,1.57,3.99,6.4,1221.65,4.54,7.61,224.4
12.01.2016 21:00:00,972.99,3.28,0.34,81.0,7.73,6.26,1.47,4.01,6.44,1223.17,1.29,2.64,207.3
12.01.2016 22:00:00,973.24,3.01,0.47,83.3,7.59,6.32,1.27,4.05,6.49,1224.64,2.73,5.05,213.5
12.01.2016 23:00:00,973.77,3.56,0.49,80.2,7.89,6.33,1.56,4.05,6.5,1222.84,2.0,3.57,186.9
13.01.2016 00:00:00,974.11,2.85,0.1,82.0,7.5,6.15,1.35,3.94,6.32,1226.51,3.22,4.05,213.5
13.01.2016 01:00:00,974.15,2.62,0.02,82.9,7.38,6.12,1.26,3.92,6.28,1227.6,3.21,5.07,217.1
13.01.2016 02:00:00,974.02,2.75,0.65,86.0,7.45,6.4,1.04,4.1,6.57,1226.74,3.84,5.41,210.4
13.01.2016 03:00:00,974.26,3.8,0.54,79.2,8.02,6.35,1.67,4.07,6.52,1222.41,4.13,6.93,233.8
13.01.2016 04:00:00,973.91,3.77,0.41,78.6,8.0,6.29,1.71,4.03,6.46,1222.14,6.05,8.29,215.5
13.01.2016 05:00:00,973.89,3.56,0.53,80.5,7.89,6.35,1.54,4.06,6.52,1223.02,4.66,7.45,209.1
13.01.2016 06:00:00,973.78,3.87,0.68,79.6,8.06,6.42,1.64,4.11,6.59,1221.48,6.12,8.05,208.6
13.01.2016 07:00:00,973.61,3.81,0.85,80.9,8.03,6.5,1.53,4.16,6.67,1221.46,6.07,9.53,204.1
13.01.2016 08:00:00,974.0,2.22,0.8,90.3,7.17,6.47,0.7,4.14,6.65,1229.05,5.28,9.05,213.0
13.01.2016 09:00:00,975.19,2.16,1.05,92.3,7.14,6.59,0.55,4.21,6.76,1230.74,1.59,3.24,277.7
13.01.2016 10:00:00,976.5,3.89,2.22,88.8,8.08,7.17,0.9,4.58,7.34,1224.42,3.56,6.57,258.0
13.01.2016 11:00:00,977.82,4.08,1.8,85.0,8.18,6.96,1.23,4.44,7.11,1225.34,2.89,5.57,258.4
13.01.2016 12:00:00,978.94,3.98,2.14,87.8,8.12,7.13,0.99,4.54,7.29,1227.15,3.11,5.73,256.9
13.01.2016 13:00:00,980.02,4.78,2.0,82.1,8.6,7.06,1.54,4.49,7.2,1224.96,2.31,6.13,255.8
13.01.2016 14:00:00,981.57,4.6,1.01,77.4,8.49,6.57,1.92,4.17,6.69,1227.93,3.11,6.17,271.7
13.01.2016 15:00:00,982.99,3.2,0.84,84.4,7.69,6.49,1.2,4.12,6.6,1235.98,3.07,6.97,268.0
13.01.2016 16:00:00,984.32,3.2,0.69,83.5,7.69,6.42,1.27,4.07,6.52,1237.7,2.73,5.81,261.9
13.01.2016 17:00:00,985.61,3.74,-0.26,75.0,7.99,5.99,2.0,3.79,6.08,1237.12,2.12,4.97,264.1
13.01.2016 18:00:00,986.61,3.46,-0.52,75.1,7.83,5.88,1.95,3.72,5.96,1239.68,1.68,4.33,289.9
13.01.2016 19:00:00,987.5,2.96,-0.57,77.5,7.56,5.86,1.7,3.7,5.93,1243.07,1.1,2.78,344.9
13.01.2016 20:00:00,987.77,1.99,-0.59,82.9,7.05,5.85,1.21,3.69,5.92,1247.78,2.19,2.48,240.1
13.01.2016 21:00:00,987.86,1.56,-0.52,86.0,6.84,5.88,0.96,3.71,5.95,1249.85,1.97,2.8,239.3
13.01.2016 22:00:00,988.01,1.63,-0.34,86.7,6.87,5.96,0.91,3.76,6.03,1249.68,0.58,1.08,207.9
13.01.2016 23:00:00,988.0,1.55,-0.01,89.3,6.83,6.1,0.73,3.85,6.18,1249.96,0.33,0.88,53.99
14.01.2016 00:00:00,988.18,1.58,0.24,90.8,6.85,6.22,0.63,3.92,6.29,1250.01,0.35,0.88,29.55
14.01.2016 01:00:00,988.02,2.78,0.31,83.7,7.47,6.25,1.22,3.94,6.32,1244.33,1.83,4.05,244.9
14.01.2016 02:00:00,988.04,2.37,-0.64,80.4,7.25,5.83,1.42,3.68,5.9,1246.43,1.18,2.48,224.0
14.01.2016 03:00:00,988.27,1.7,-1.08,81.7,6.91,5.65,1.26,3.56,5.71,1249.83,0.98,1.84,205.4
14.01.2016 04:00:00,987.72,1.46,-1.05,83.3,6.79,5.65,1.13,3.57,5.73,1250.24,0.82,1.64,219.8
14.01.2016 05:00:00,987.32,1.66,-1.1,81.8,6.89,5.63,1.25,3.56,5.71,1248.83,0.63,1.6,228.3
14.01.2016 06:00:00,987.02,1.13,-1.59,82.0,6.63,5.44,1.19,3.43,5.51,1250.96,3.05,3.41,221.8
14.01.2016 07:00:00,986.61,0.6,-1.91,83.2,6.38,5.31,1.07,3.35,5.38,1252.92,3.36,4.13,226.5
14.01.2016 08:00:00,986.23,0.1,-2.04,85.4,6.15,5.25,0.9,3.32,5.33,1254.74,3.87,4.57,226.0
14.01.2016 09:00:00,986.1,-0.07,-2.06,86.4,6.08,5.25,0.83,3.32,5.32,1255.36,1.73,2.16,167.0
14.01.2016 10:00:00,985.48,0.74,-1.63,84.1,6.44,5.42,1.02,3.43,5.5,1250.8,2.16,3.43,182.9
14.01.2016 11:00:00,984.77,2.39,-1.67,74.4,7.26,5.4,1.86,3.42,5.48,1242.39,2.63,4.89,178.8
14.01.2016 12:00:00,983.89,3.23,-2.5,65.93,7.7,5.08,2.62,3.22,5.16,1237.69,3.69,5.45,202.5
14.01.2016 13:00:00,982.76,4.1,-2.69,61.11,8.2,5.01,3.19,3.18,5.1,1232.39,4.13,5.89,202.7
14.01.2016 14:00:00,981.74,3.55,-2.1,66.4,7.88,5.23,2.65,3.32,5.33,1233.46,4.62,6.21,165.1
14.01.2016 15:00:00,980.93,3.34,-1.68,69.52,7.76,5.4,2.37,3.43,5.5,1233.32,2.24,4.09,176.3
14.01.2016 16:00:00,980.29,3.01,-1.31,73.1,7.59,5.55,2.04,3.53,5.66,1233.87,1.79,2.6,194.6
14.01.2016 17:00:00,980.03,2.69,-1.59,73.3,7.42,5.44,1.98,3.46,5.55,1235.03,2.93,4.13,190.8
14.01.2016 18:00:00,979.36,1.66,-1.52,79.3,6.89,5.46,1.43,3.48,5.58,1238.82,2.54,3.57,193.6
14.01.2016 19:00:00,978.64,1.5,-1.44,80.7,6.81,5.5,1.31,3.5,5.62,1238.6,1.89,2.82,194.7
14.01.2016 20:00:00,978.46,1.86,-1.25,79.7,6.99,5.57,1.42,3.55,5.69,1236.7,1.45,2.68,185.5
14.01.2016 21:00:00,978.43,2.2,-1.24,77.9,7.16,5.58,1.58,3.55,5.7,1235.16,1.41,2.5,179.8
14.01.2016 22:00:00,978.08,2.36,-1.67,74.6,7.24,5.4,1.84,3.44,5.52,1234.08,2.35,4.05,180.8
14.01.2016 23:00:00,978.24,1.4,-0.74,85.6,6.76,5.79,0.97,3.69,5.91,1238.43,1.42,2.4,165.7
15.01.2016 00:00:00,978.19,1.24,-0.89,85.6,6.68,5.72,0.96,3.65,5.85,1239.1,1.9,3.24,207.7
15.01.2016 01:00:00,978.19,0.69,-1.61,84.5,6.42,5.42,1.0,3.46,5.55,1241.76,1.73,2.38,213.6
15.01.2016 02:00:00,978.02,0.75,-1.06,87.6,6.45,5.65,0.8,3.6,5.78,1241.13,1.86,2.28,203.3
15.01.2016 03:00:00,977.69,0.84,-1.21,86.1,6.49,5.59,0.9,3.56,5.72,1240.35,0.84,1.44,188.4
15.01.2016 04:00:00,977.49,1.48,-0.77,84.9,6.8,5.77,1.03,3.68,5.91,1237.11,2.27,3.61,225.1
15.01.2016 05:00:00,977.3,1.76,-0.74,83.4,6.94,5.78,1.15,3.69,5.92,1235.61,0.78,1.24,158.8
15.01.2016 06:00:00,977.45,1.7,-0.98,82.3,6.91,5.68,1.22,3.63,5.82,1236.11,1.75,3.2,208.3
15.01.2016 07:00:00,977.25,1.05,-1.31,84.2,6.59,5.55,1.04,3.54,5.68,1238.86,3.65,5.17,217.1
15.01.2016 08:00:00,977.47,1.45,-1.4,81.2,6.79,5.51,1.28,3.51,5.64,1237.32,2.9,4.77,200.8
15.01.2016 09:00:00,977.71,1.33,-0.98,84.5,6.73,5.68,1.04,3.62,5.81,1238.1,1.8,2.72,179.7
15.01.2016 10:00:00,977.85,1.4,-0.82,85.1,6.76,5.75,1.01,3.67,5.88,1237.95,1.71,2.32,155.7
15.01.2016 11:00:00,978.3,1.76,-0.71,83.6,6.94,5.8,1.14,3.7,5.93,1236.87,1.75,2.92,192.5
15.01.2016 12:00:00,978.67,1.61,-0.17,87.9,6.86,6.03,0.83,3.84,6.16,1237.91,1.9,2.84,147.4
15.01.2016 13:00:00,978.81,2.18,0.21,86.8,7.15,6.2,0.94,3.95,6.34,1235.45,0.98,1.56,138.3
15.01.2016 14:00:00,979.12,2.78,-0.29,80.1,7.46,5.98,1.49,3.81,6.11,1233.22,1.21,3.59,112.6
15.01.2016 15:00:00,979.9,0.05,-0.78,94.1,6.13,5.77,0.36,3.67,5.89,1246.67,2.64,3.28,32.78
15.01.2016 16:00:00,980.7,0.05,-0.41,96.7,6.13,5.93,0.2,3.77,6.04,1247.61,0.4,1.04,38.58
15.01.2016 17:00:00,981.57,0.44,-0.08,96.3,6.31,6.07,0.23,3.86,6.19,1246.85,0.51,0.84,174.3
15.01.2016 18:00:00,982.6,0.74,0.09,95.4,6.44,6.15,0.3,3.9,6.26,1246.79,0.72,1.74,190.2
15.01.2016 19:00:00,983.64,0.28,-0.32,95.7,6.24,5.97,0.27,3.78,6.07,1250.26,4.11,6.13,20.46
15.01.2016 20:00:00,984.65,0.28,-0.84,92.1,6.23,5.74,0.49,3.63,5.83,1251.67,3.62,5.01,23.29
15.01.2016 21:00:00,985.69,0.14,-1.11,91.3,6.17,5.63,0.54,3.56,5.71,1253.72,1.57,3.04,13.64
15.01.2016 22:00:00,986.68,-0.02,-1.37,90.6,6.1,5.52,0.57,3.49,5.6,1255.75,2.19,4.41,21.85
15.01.2016 23:00:00,987.83,-0.47,-1.79,90.7,5.9,5.35,0.55,3.38,5.42,1259.36,2.94,4.77,17.91
16.01.2016 00:00:00,988.98,-1.0,-2.05,92.5,5.68,5.25,0.43,3.31,5.31,1263.34,3.27,5.25,18.53
16.01.2016 01:00:00,989.74,-1.02,-2.06,92.6,5.67,5.25,0.42,3.31,5.3,1264.39,3.35,4.97,24.11
16.01.2016 02:00:00,990.44,-1.06,-2.04,93.0,5.65,5.25,0.4,3.31,5.31,1265.5,2.09,4.11,37.1
16.01.2016 03:00:00,990.84,-0.95,-2.31,90.4,5.7,5.15,0.55,3.24,5.2,1265.54,0.84,1.64,244.7
16.01.2016 04:00:00,991.11,-0.95,-2.27,90.7,5.7,5.17,0.53,3.25,5.21,1265.87,0.95,1.72,7.0
16.01.2016 05:00:00,991.62,-1.05,-2.34,90.9,5.65,5.14,0.51,3.23,5.18,1267.01,0.98,1.4,268.3
16.01.2016 06:00:00,991.76,-1.01,-2.29,90.9,5.67,5.16,0.52,3.24,5.2,1266.97,0.48,0.8,336.8
16.01.2016 07:00:00,991.97,-1.35,-2.72,90.3,5.53,5.0,0.54,3.14,5.04,1268.9,1.0,2.1,255.0
16.01.2016 08:00:00,992.44,-1.33,-2.78,89.8,5.54,4.98,0.57,3.12,5.01,1269.44,0.95,1.48,229.5
16.01.2016 09:00:00,992.63,-1.18,-2.6,90.0,5.6,5.04,0.56,3.16,5.08,1268.96,1.05,1.46,241.5
16.01.2016 10:00:00,992.66,-0.61,-2.95,84.1,5.84,4.91,0.93,3.08,4.95,1266.39,0.66,0.96,224.0
16.01.2016 11:00:00,992.57,-0.28,-3.14,80.9,5.99,4.84,1.14,3.04,4.88,1264.76,1.41,2.1,201.6
16.01.2016 12:00:00,992.27,0.14,-2.93,79.7,6.17,4.92,1.25,3.09,4.96,1262.41,1.86,3.59,191.2
16.01.2016 13:00:00,991.71,0.45,-3.15,76.7,6.31,4.84,1.47,3.04,4.88,1260.33,2.01,3.2,182.6
16.01.2016 14:00:00,990.77,1.3,-3.32,71.2,6.71,4.78,1.93,3.0,4.82,1255.27,1.94,2.88,193.8
16.01.2016 15:00:00,990.28,0.81,-4.28,68.6,6.48,4.45,2.03,2.8,4.49,1257.02,3.92,6.09,210.0
16.01.2016 16:00:00,989.84,0.31,-3.41,76.0,6.25,4.75,1.5,2.99,4.79,1258.65,3.01,4.35,175.6
16.01.2016 17:00:00,989.19,0.35,-3.5,75.2,6.27,4.71,1.55,2.97,4.76,1257.63,2.69,4.17,177.8
16.01.2016 18:00:00,988.71,0.0,-3.38,77.9,6.11,4.76,1.35,3.0,4.81,1258.62,1.39,3.28,179.2
16.01.2016 19:00:00,988.54,-0.92,-3.62,81.8,5.71,4.67,1.04,2.94,4.73,1262.67,2.08,2.92,196.8
16.01.2016 20:00:00,988.53,-0.46,-2.9,83.5,5.91,4.93,0.97,3.11,4.99,1260.42,1.04,2.16,118.7
16.01.2016 21:00:00,988.52,-1.07,-2.31,91.2,5.65,5.15,0.5,3.25,5.21,1263.12,1.66,2.4,4.76
16.01.2016 22:00:00,988.92,-0.97,-2.53,89.1,5.69,5.07,0.62,3.19,5.12,1263.22,1.22,2.08,325.7
16.01.2016 23:00:00,989.51,-0.74,-2.28,89.3,5.78,5.17,0.62,3.25,5.22,1262.87,1.31,2.92,237.6
17.01.2016 00:00:00,990.5,-1.29,-2.72,89.9,5.56,5.0,0.56,3.14,5.04,1266.75,1.71,4.77,276.5
17.01.2016 01:00:00,990.81,-1.28,-3.34,85.8,5.56,4.77,0.79,3.0,4.82,1267.22,1.95,4.61,273.3
17.01.2016 02:00:00,991.1,-1.33,-3.19,87.1,5.54,4.83,0.71,3.03,4.87,1267.8,1.7,3.59,270.2
17.01.2016 03:00:00,991.36,-2.08,-4.76,81.8,5.24,4.29,0.95,2.69,4.32,1271.92,2.33,4.05,267.9
17.01.2016 04:00:00,991.34,-2.28,-5.08,81.0,5.16,4.18,0.98,2.63,4.22,1272.85,2.58,3.99,252.8
17.01.2016 05:00:00,991.18,-2.09,-4.47,83.7,5.24,4.38,0.85,2.75,4.42,1271.69,2.66,3.69,252.8
17.01.2016 06:00:00,991.23,-2.18,-3.9,87.9,5.2,4.57,0.63,2.87,4.61,1272.06,0.78,2.0,237.2
17.01.2016 07:00:00,991.41,-2.32,-3.49,91.6,5.15,4.72,0.43,2.96,4.76,1272.86,0.26,0.6,207.7
17.01.2016 08:00:00,991.76,-1.99,-3.41,89.9,5.28,4.74,0.53,2.98,4.78,1271.76,0.77,1.96,248.8
17.01.2016 09:00:00,992.25,-2.06,-3.82,87.7,5.25,4.6,0.65,2.89,4.64,1272.81,2.49,4.09,253.6
17.01.2016 10:00:00,992.98,-1.97,-3.83,87.0,5.28,4.6,0.69,2.88,4.63,1273.32,1.27,2.48,250.9
17.01.2016 11:00:00,993.62,-1.62,-3.6,86.3,5.42,4.68,0.74,2.93,4.71,1272.46,1.13,3.31,15.66
17.01.2016 12:00:00,994.42,-2.49,-5.02,82.6,5.08,4.2,0.88,2.63,4.22,1277.79,3.77,6.77,23.36
17.01.2016 13:00:00,994.79,-2.11,-4.96,80.7,5.23,4.22,1.01,2.64,4.24,1276.48,0.83,2.12,187.6
17.01.2016 14:00:00,995.1,-1.68,-4.94,78.3,5.4,4.23,1.17,2.65,4.25,1274.86,1.01,2.28,271.6
17.01.2016 15:00:00,995.44,-2.05,-4.25,84.8,5.25,4.46,0.8,2.79,4.48,1276.89,1.23,2.62,270.2
17.01.2016 16:00:00,995.93,-2.14,-3.96,87.3,5.22,4.55,0.66,2.85,4.57,1277.93,1.2,2.48,277.0
17.01.2016 17:00:00,996.44,-2.21,-3.78,88.9,5.19,4.62,0.58,2.89,4.63,1278.86,1.3,2.36,263.9
17.01.2016 18:00:00,997.0,-2.22,-3.55,90.5,5.19,4.7,0.49,2.93,4.71,1279.6,0.68,1.66,154.3
17.01.2016 19:00:00,997.45,-2.22,-3.74,89.3,5.19,4.63,0.55,2.89,4.64,1280.24,1.33,2.64,230.2
17.01.2016 20:00:00,997.85,-2.48,-3.97,89.4,5.09,4.55,0.54,2.84,4.56,1281.99,0.98,1.88,234.9
17.01.2016 21:00:00,997.95,-2.81,-4.4,88.7,4.97,4.4,0.56,2.75,4.41,1283.74,1.02,1.76,259.1
17.01.2016 22:00:00,998.24,-2.98,-4.49,89.2,4.9,4.37,0.53,2.73,4.38,1284.95,1.29,2.44,264.5
17.01.2016 23:00:00,998.17,-3.04,-4.57,89.1,4.88,4.35,0.53,2.71,4.36,1285.16,0.78,1.08,249.7
18.01.2016 00:00:00,998.22,-3.32,-4.8,89.4,4.78,4.27,0.51,2.67,4.28,1286.61,2.15,3.69,253.7
18.01.2016 01:00:00,998.05,-3.32,-4.78,89.5,4.78,4.28,0.5,2.67,4.29,1286.36,0.67,1.48,215.0
18.01.2016 02:00:00,997.78,-3.44,-5.05,88.5,4.74,4.19,0.54,2.62,4.2,1286.64,1.18,1.72,199.4
18.01.2016 03:00:00,997.59,-3.6,-5.38,87.4,4.68,4.09,0.59,2.55,4.1,1287.23,0.87,1.74,245.9
18.01.2016 04:00:00,997.21,-3.69,-5.42,87.7,4.65,4.07,0.57,2.55,4.09,1287.16,0.6,1.2,190.4
18.01.2016 05:00:00,996.77,-4.0,-6.01,85.8,4.54,3.9,0.64,2.43,3.91,1288.13,0.43,0.88,350.1
18.01.2016 06:00:00,996.71,-4.71,-6.66,86.1,4.3,3.7,0.6,2.31,3.72,1291.57,0.88,1.72,263.0
18.01.2016 07:00:00,996.84,-5.51,-6.88,90.0,4.05,3.64,0.4,2.28,3.65,1295.67,1.95,2.24,245.3
18.01.2016 08:00:00,996.76,-5.3,-7.15,86.7,4.11,3.57,0.55,2.23,3.58,1294.56,0.81,1.72,248.3
18.01.2016 09:00:00,996.62,-6.18,-7.84,87.9,3.84,3.38,0.47,2.11,3.39,1298.74,2.03,2.32,253.1
18.01.2016 10:00:00,996.23,-4.83,-7.33,82.5,4.26,3.52,0.75,2.2,3.53,1291.63,0.81,1.26,207.3
18.01.2016 11:00:00,995.89,-3.06,-6.8,75.2,4.87,3.66,1.21,2.29,3.68,1282.66,0.94,1.52,186.3
18.01.2016 12:00:00,994.97,-3.03,-7.02,73.8,4.88,3.6,1.28,2.25,3.62,1281.38,1.49,2.64,71.2
18.01.2016 13:00:00,994.26,-2.34,-8.27,63.57,5.14,3.27,1.87,2.05,3.29,1277.35,1.42,2.24,36.34
18.01.2016 14:00:00,993.56,-2.19,-7.74,65.54,5.2,3.41,1.79,2.14,3.43,1275.66,1.03,1.4,8.01
18.01.2016 15:00:00,992.97,-2.36,-8.22,63.91,5.13,3.28,1.85,2.06,3.3,1275.78,2.46,2.96,12.42
18.01.2016 16:00:00,992.71,-2.77,-8.48,64.59,4.98,3.22,1.76,2.02,3.24,1277.41,1.53,2.2,31.37
18.01.2016 17:00:00,992.6,-4.56,-9.0,70.9,4.35,3.09,1.27,1.94,3.11,1285.82,1.22,1.76,19.37
18.01.2016 18:00:00,992.69,-5.4,-9.19,74.5,4.08,3.04,1.04,1.91,3.06,1290.01,1.11,1.88,18.04
18.01.2016 19:00:00,992.68,-6.49,-9.12,81.4,3.75,3.06,0.7,1.92,3.08,1295.25,0.54,0.74,49.5
18.01.2016 20:00:00,992.54,-7.52,-9.6,84.9,3.47,2.94,0.52,1.85,2.96,1300.16,0.44,0.8,58.64
18.01.2016 21:00:00,992.38,-8.17,-10.17,85.4,3.29,2.81,0.48,1.77,2.83,1303.2,0.3,0.56,226.7
18.01.2016 22:00:00,992.26,-8.88,-10.43,88.4,3.12,2.75,0.36,1.73,2.78,1306.58,1.21,1.56,222.1
18.01.2016 23:00:00,992.19,-9.05,-10.5,89.1,3.07,2.74,0.34,1.72,2.76,1307.33,0.36,0.84,171.4
19.01.2016 00:00:00,991.99,-9.54,-10.89,89.8,2.96,2.66,0.3,1.67,2.68,1309.54,0.32,0.72,344.2
19.01.2016 01:00:00,991.48,-9.58,-10.94,89.7,2.95,2.64,0.3,1.66,2.67,1309.07,1.16,1.52,208.0
19.01.2016 02:00:00,991.08,-9.96,-11.32,89.7,2.86,2.57,0.29,1.61,2.59,1310.47,0.62,1.2,211.3
19.01.2016 03:00:00,990.81,-9.87,-11.04,91.1,2.88,2.62,0.26,1.65,2.65,1309.64,0.75,1.4,208.6
19.01.2016 04:00:00,990.22,-10.96,-12.2,90.5,2.64,2.39,0.25,1.5,2.41,1314.41,1.19,1.72,196.5
19.01.2016 05:00:00,990.21,-10.59,-11.94,89.7,2.72,2.44,0.28,1.53,2.46,1312.52,0.45,1.72,115.9
19.01.2016 06:00:00,990.2,-10.83,-12.11,90.2,2.67,2.41,0.26,1.51,2.43,1313.73,0.74,1.54,169.4
19.01.2016 07:00:00,990.4,-11.53,-12.87,89.7,2.52,2.26,0.26,1.42,2.28,1317.58,0.95,1.56,150.9
19.01.2016 08:00:00,990.57,-12.42,-13.86,88.9,2.35,2.09,0.26,1.31,2.11,1322.39,0.88,1.5,174.2
19.01.2016 09:00:00,990.67,-12.1,-13.58,88.6,2.41,2.13,0.27,1.34,2.15,1320.88,1.05,1.76,214.1
19.01.2016 10:00:00,990.41,-10.7,-12.75,84.7,2.7,2.28,0.41,1.44,2.31,1313.42,1.28,2.36,189.6
19.01.2016 11:00:00,990.21,-8.78,-11.5,80.5,3.14,2.53,0.61,1.59,2.55,1303.49,1.06,1.92,160.4
19.01.2016 12:00:00,989.94,-5.98,-9.75,74.5,3.9,2.91,1.0,1.83,2.94,1289.28,0.85,1.56,145.6
19.01.2016 13:00:00,989.29,-3.54,-8.28,69.47,4.7,3.26,1.43,2.06,3.3,1276.61,1.1,1.92,189.8
19.01.2016 14:00:00,988.78,-2.1,-7.61,65.72,5.23,3.44,1.79,2.17,3.48,1269.07,0.97,1.76,179.2
19.01.2016 15:00:00,988.26,-1.35,-7.35,63.45,5.53,3.51,2.02,2.21,3.55,1264.86,1.12,1.96,180.5
19.01.2016 16:00:00,988.14,-2.43,-8.0,65.36,5.11,3.34,1.77,2.1,3.38,1269.87,1.57,2.26,235.4
19.01.2016 17:00:00,988.26,-3.8,-8.65,68.81,4.61,3.17,1.44,2.0,3.21,1276.53,1.49,2.0,246.8
19.01.2016 18:00:00,988.44,-5.22,-9.04,74.3,4.14,3.08,1.06,1.94,3.11,1283.58,1.92,2.84,241.2
19.01.2016 19:00:00,988.51,-6.42,-9.25,80.2,3.77,3.03,0.75,1.91,3.06,1289.5,1.6,2.0,227.4
19.01.2016 20:00:00,988.38,-7.3,-9.63,83.3,3.53,2.94,0.59,1.85,2.97,1293.64,1.82,2.81,179.2
19.01.2016 21:00:00,988.34,-7.61,-9.77,84.4,3.44,2.9,0.54,1.83,2.94,1295.11,1.62,2.56,176.9
19.01.2016 22:00:00,988.05,-7.79,-10.06,83.6,3.39,2.84,0.56,1.79,2.87,1295.64,1.77,2.97,179.9
19.01.2016 23:00:00,988.15,-7.93,-10.43,82.1,3.36,2.76,0.6,1.74,2.79,1296.5,1.67,2.52,200.4
20.01.2016 00:00:00,988.1,-7.24,-10.05,80.2,3.54,2.84,0.7,1.79,2.87,1293.03,1.66,2.44,182.2
20.01.2016 01:00:00,988.12,-6.63,-9.85,77.7,3.71,2.89,0.83,1.82,2.92,1290.07,0.96,2.04,180.4
20.01.2016 02:00:00,987.85,-6.41,-9.92,76.0,3.78,2.87,0.91,1.81,2.91,1288.67,1.45,2.79,164.0
20.01.2016 03:00:00,987.98,-5.93,-9.64,74.9,3.92,2.93,0.98,1.85,2.97,1286.49,0.93,1.56,203.5
20.01.2016 04:00:00,987.91,-5.29,-8.84,75.9,4.12,3.12,0.99,1.97,3.16,1283.22,0.67,1.88,142.9
20.01.2016 05:00:00,988.03,-4.5,-7.71,78.1,4.37,3.41,0.96,2.15,3.46,1279.44,1.11,2.04,93.5
20.01.2016 06:00:00,988.21,-3.96,-6.99,79.3,4.55,3.61,0.94,2.28,3.65,1277.03,0.54,1.08,144.9
20.01.2016 07:00:00,988.15,-3.55,-5.92,83.5,4.7,3.92,0.77,2.47,3.97,1274.86,0.5,1.04,118.3
20.01.2016 08:00:00,988.35,-3.61,-5.7,85.3,4.68,3.99,0.69,2.51,4.04,1275.35,0.95,2.08,129.7
20.01.2016 09:00:00,988.66,-3.45,-5.73,84.1,4.73,3.98,0.75,2.51,4.02,1275.04,1.47,1.92,152.1
20.01.2016 10:00:00,989.05,-3.19,-5.32,85.1,4.83,4.11,0.72,2.59,4.15,1274.21,0.89,1.38,136.2
20.01.2016 11:00:00,989.19,-1.81,-4.46,82.0,5.35,4.39,0.96,2.76,4.43,1267.79,1.13,1.96,190.1
20.01.2016 12:00:00,989.04,-0.49,-3.72,78.7,5.89,4.64,1.26,2.92,4.69,1261.36,2.02,3.61,242.4
20.01.2016 13:00:00,988.76,0.23,-3.67,74.9,6.21,4.65,1.56,2.93,4.71,1257.64,0.89,1.76,349.8
20.01.2016 14:00:00,988.63,0.32,-3.41,75.9,6.25,4.75,1.51,2.99,4.8,1257.02,1.22,4.05,286.8
20.01.2016 15:00:00,988.76,-0.87,-3.05,85.1,5.73,4.88,0.85,3.07,4.93,1262.65,1.58,3.04,307.6
20.01.2016 16:00:00,988.87,-0.98,-2.96,86.3,5.69,4.91,0.78,3.09,4.96,1263.25,2.15,4.59,270.9
20.01.2016 17:00:00,989.15,-0.93,-3.37,83.4,5.71,4.76,0.95,3.0,4.81,1263.46,1.68,3.33,260.8
20.01.2016 18:00:00,989.51,-1.0,-3.65,82.1,5.68,4.66,1.02,2.93,4.71,1264.32,2.97,4.95,261.0
20.01.2016 19:00:00,990.02,-1.02,-3.46,83.4,5.67,4.73,0.94,2.98,4.78,1265.01,2.39,4.21,266.1
20.01.2016 20:00:00,990.56,-1.07,-3.35,84.4,5.65,4.77,0.88,3.0,4.81,1265.92,2.88,4.21,262.0
20.01.2016 21:00:00,991.07,-1.0,-3.16,85.2,5.68,4.84,0.84,3.04,4.88,1266.22,2.82,4.65,256.2
20.01.2016 22:00:00,991.53,-1.07,-3.09,86.1,5.65,4.86,0.78,3.06,4.9,1267.12,2.39,3.37,263.3
20.01.2016 23:00:00,992.28,-1.0,-2.9,86.9,5.68,4.93,0.74,3.1,4.97,1267.73,1.15,3.21,8.03
21.01.2016 00:00:00,992.72,-1.34,-2.95,88.7,5.54,4.91,0.63,3.08,4.95,1269.87,1.82,2.52,254.8
21.01.2016 01:00:00,993.62,-1.94,-3.0,92.4,5.3,4.89,0.4,3.07,4.93,1273.83,0.53,0.88,232.3
21.01.2016 02:00:00,994.08,-1.81,-3.07,91.0,5.35,4.87,0.48,3.05,4.9,1273.82,1.15,1.84,260.8
21.01.2016 03:00:00,994.85,-1.97,-3.04,92.3,5.29,4.88,0.41,3.06,4.9,1275.56,0.59,1.66,31.18
21.01.2016 04:00:00,995.64,-2.87,-4.24,90.2,4.94,4.46,0.48,2.79,4.48,1281.05,0.78,1.64,7.81
21.01.2016 05:00:00,996.28,-3.36,-4.64,90.8,4.76,4.32,0.44,2.7,4.34,1284.28,0.81,1.2,249.6
21.01.2016 06:00:00,997.15,-3.3,-4.62,90.5,4.79,4.33,0.45,2.71,4.34,1285.08,0.52,1.08,27.82
21.01.2016 07:00:00,997.84,-3.74,-4.8,92.3,4.63,4.27,0.36,2.67,4.28,1288.15,1.32,1.88,41.68
21.01.2016 08:00:00,998.6,-3.6,-4.78,91.5,4.68,4.28,0.4,2.67,4.29,1288.44,0.87,1.52,16.02
21.01.2016 09:00:00,999.51,-3.78,-4.9,91.9,4.61,4.24,0.37,2.64,4.24,1290.49,1.62,1.98,29.57
21.01.2016 10:00:00,1000.16,-3.44,-4.73,90.7,4.74,4.29,0.44,2.68,4.29,1289.67,1.16,1.96,331.7
21.01.2016 11:00:00,1000.72,-3.0,-5.28,84.2,4.89,4.12,0.77,2.56,4.12,1288.38,0.98,1.48,40.54
21.01.2016 12:00:00,1000.99,-1.7,-5.86,73.1,5.39,3.94,1.45,2.45,3.94,1282.65,1.06,1.76,178.1
21.01.2016 13:00:00,1001.12,-0.69,-6.0,67.14,5.81,3.9,1.91,2.43,3.89,1278.08,1.73,2.72,177.3
21.01.2016 14:00:00,1000.99,-0.23,-5.89,65.47,6.0,3.93,2.07,2.45,3.93,1275.75,1.52,2.28,180.3
21.01.2016 15:00:00,1001.01,0.14,-6.02,63.05,6.17,3.89,2.28,2.42,3.89,1274.06,1.03,1.72,187.5
21.01.2016 16:00:00,1001.12,-0.82,-5.79,68.85,5.75,3.96,1.79,2.46,3.96,1278.64,1.14,1.64,189.8
21.01.2016 17:00:00,1001.48,-2.71,-6.46,75.2,5.0,3.76,1.24,2.34,3.76,1288.14,0.54,1.04,220.3
21.01.2016 18:00:00,1002.02,-3.58,-6.84,78.0,4.68,3.65,1.03,2.27,3.65,1293.08,0.45,1.1,226.4
21.01.2016 19:00:00,1002.58,-5.03,-7.21,84.6,4.2,3.55,0.65,2.21,3.54,1300.84,0.21,0.48,10.24
21.01.2016 20:00:00,1003.09,-6.39,-8.02,88.1,3.78,3.33,0.45,2.07,3.32,1308.23,1.01,1.44,215.1
21.01.2016 21:00:00,1003.51,-7.08,-8.49,89.6,3.59,3.21,0.37,1.99,3.2,1312.24,1.29,2.2,216.4
21.01.2016 22:00:00,1003.71,-8.64,-9.82,91.1,3.17,2.89,0.28,1.79,2.88,1320.4,1.27,2.16,209.8
21.01.2016 23:00:00,1003.62,-8.94,-9.97,92.2,3.1,2.86,0.24,1.77,2.85,1321.8,1.52,2.2,219.7
22.01.2016 00:00:00,1003.84,-9.49,-10.46,92.6,2.97,2.75,0.22,1.71,2.74,1324.9,0.88,1.52,216.5
22.01.2016 01:00:00,1003.81,-10.43,-11.51,91.7,2.75,2.53,0.23,1.57,2.52,1329.71,1.35,2.32,194.7
22.01.2016 02:00:00,1004.04,-11.72,-12.91,90.8,2.48,2.26,0.23,1.4,2.25,1336.72,0.39,0.9,203.2
22.01.2016 03:00:00,1004.16,-11.97,-13.25,90.1,2.43,2.19,0.24,1.36,2.18,1338.18,0.49,1.12,88.8
22.01.2016 04:00:00,1003.98,-12.77,-14.05,90.0,2.28,2.05,0.23,1.27,2.04,1342.12,1.08,1.6,209.1
22.01.2016 05:00:00,1004.28,-12.31,-13.65,89.6,2.37,2.12,0.25,1.31,2.11,1340.12,1.19,2.08,165.5
22.01.2016 06:00:00,1004.22,-13.44,-15.03,87.7,2.16,1.89,0.27,1.17,1.89,1346.0,0.49,0.88,149.7
22.01.2016 07:00:00,1004.38,-13.67,-15.23,87.9,2.12,1.86,0.26,1.15,1.85,1347.42,0.66,1.38,165.7
22.01.2016 08:00:00,1004.63,-13.46,-14.92,88.6,2.16,1.91,0.25,1.18,1.9,1346.64,1.15,2.04,161.0
22.01.2016 09:00:00,1005.08,-13.63,-15.3,87.1,2.13,1.85,0.27,1.15,1.84,1348.15,0.3,0.8,216.5
22.01.2016 10:00:00,1004.77,-11.58,-13.35,86.6,2.51,2.18,0.34,1.35,2.16,1337.01,0.46,1.12,132.0
22.01.2016 11:00:00,1004.63,-9.35,-12.18,79.7,3.0,2.39,0.61,1.48,2.38,1325.42,1.69,2.89,203.5
22.01.2016 12:00:00,1004.09,-6.87,-10.45,75.5,3.64,2.75,0.89,1.71,2.74,1312.2,1.63,2.77,192.9
22.01.2016 13:00:00,1003.3,-3.8,-8.4,70.2,4.61,3.24,1.37,2.01,3.22,1295.97,2.15,2.95,204.7
22.01.2016 14:00:00,1002.53,-2.08,-7.71,65.11,5.24,3.41,1.83,2.12,3.41,1286.65,2.19,3.16,192.7
22.01.2016 15:00:00,1002.29,-0.82,-7.73,59.27,5.75,3.41,2.34,2.12,3.4,1280.43,2.29,3.2,192.1
22.01.2016 16:00:00,1001.59,-1.15,-7.82,60.31,5.62,3.39,2.23,2.11,3.38,1281.08,2.55,3.65,181.5
22.01.2016 17:00:00,1001.28,-2.96,-8.49,65.47,4.91,3.21,1.69,2.0,3.21,1289.37,2.96,3.95,190.7
22.01.2016 18:00:00,1001.11,-3.83,-8.86,67.87,4.6,3.12,1.48,1.94,3.12,1293.34,3.19,5.13,179.7
22.01.2016 19:00:00,1000.93,-4.53,-9.49,68.09,4.36,2.97,1.39,1.85,2.97,1296.54,3.15,4.45,175.8
22.01.2016 20:00:00,1000.49,-4.47,-10.03,64.94,4.38,2.84,1.54,1.77,2.84,1295.78,4.05,6.41,165.5
22.01.2016 21:00:00,1000.07,-4.78,-10.18,65.65,4.28,2.81,1.47,1.75,2.81,1296.72,3.13,4.51,178.2
22.01.2016 22:00:00,999.97,-4.07,-9.61,65.12,4.52,2.94,1.58,1.83,2.94,1293.1,2.67,4.81,179.3
22.01.2016 23:00:00,999.08,-3.4,-8.95,65.26,4.75,3.1,1.65,1.93,3.1,1288.67,4.55,6.49,167.1
23.01.2016 00:00:00,999.11,-2.94,-8.55,65.07,4.91,3.2,1.72,1.99,3.2,1286.49,3.9,6.49,180.2
23.01.2016 01:00:00,998.54,-3.16,-8.33,67.29,4.83,3.25,1.58,2.03,3.26,1286.76,4.39,6.53,177.9
23.01.2016 02:00:00,997.95,-3.48,-8.03,70.5,4.72,3.33,1.39,2.08,3.34,1287.46,3.69,6.09,193.1
23.01.2016 03:00:00,997.6,-3.41,-7.59,72.6,4.75,3.45,1.3,2.15,3.45,1286.62,3.25,4.65,149.4
23.01.2016 04:00:00,997.06,-3.14,-5.63,82.8,4.84,4.01,0.83,2.51,4.02,1284.37,3.82,6.03,163.3
23.01.2016 05:00:00,997.01,-2.57,-3.62,92.4,5.05,4.67,0.38,2.92,4.68,1281.29,2.87,4.37,147.5
23.01.2016 06:00:00,997.47,-2.31,-2.95,95.4,5.15,4.91,0.24,3.07,4.93,1280.55,2.1,4.01,167.1
23.01.2016 07:00:00,997.85,-2.06,-2.63,95.8,5.25,5.03,0.22,3.14,5.04,1279.77,1.47,3.29,187.7
23.01.2016 08:00:00,998.64,-1.64,-2.61,93.1,5.41,5.04,0.37,3.14,5.05,1278.83,1.03,2.0,149.8
23.01.2016 09:00:00,999.32,-1.12,-1.92,94.3,5.63,5.3,0.32,3.31,5.31,1277.12,1.72,3.73,114.9
23.01.2016 10:00:00,1000.17,1.08,0.29,94.5,6.6,6.24,0.36,3.89,6.24,1267.52,1.35,3.89,206.8
23.01.2016 11:00:00,1001.19,3.74,2.4,90.9,7.99,7.26,0.73,4.52,7.25,1256.13,2.81,4.91,261.0
23.01.2016 12:00:00,1001.89,4.18,2.52,88.9,8.24,7.33,0.91,4.56,7.31,1254.96,2.38,4.25,249.6
23.01.2016 13:00:00,1002.38,4.57,2.52,86.5,8.47,7.33,1.14,4.56,7.31,1253.83,2.85,5.93,258.8
23.01.2016 14:00:00,1002.45,5.74,2.86,81.7,9.19,7.51,1.68,4.67,7.49,1248.58,2.48,4.53,257.0
23.01.2016 15:00:00,1003.04,5.61,2.59,80.8,9.11,7.36,1.75,4.58,7.34,1249.95,1.97,4.57,257.1
23.01.2016 16:00:00,1004.0,5.27,2.44,81.9,8.89,7.28,1.61,4.52,7.25,1252.74,2.18,4.61,255.8
23.01.2016 17:00:00,1004.93,5.01,2.14,81.6,8.74,7.13,1.61,4.42,7.09,1255.12,1.17,2.4,242.9
23.01.2016 18:00:00,1006.08,4.57,2.1,83.9,8.47,7.11,1.36,4.41,7.07,1258.55,2.07,3.53,245.2
23.01.2016 19:00:00,1006.39,4.31,2.13,85.7,8.31,7.13,1.19,4.42,7.08,1260.15,2.13,4.33,249.0
23.01.2016 20:00:00,1006.7,4.04,1.85,85.6,8.16,6.98,1.18,4.33,6.94,1261.82,1.89,3.04,242.9
23.01.2016 21:00:00,1006.59,4.17,1.98,85.6,8.24,7.05,1.19,4.37,7.0,1261.06,3.62,5.77,255.9
23.01.2016 22:00:00,1006.57,3.96,1.8,85.8,8.11,6.96,1.15,4.31,6.91,1262.05,2.14,3.04,244.7
23.01.2016 23:00:00,1007.14,3.8,1.84,87.0,8.02,6.98,1.04,4.32,6.93,1263.47,1.24,2.18,53.45
24.01.2016 00:00:00,1007.43,3.59,1.68,87.3,7.9,6.9,1.0,4.27,6.85,1264.84,1.35,2.44,239.2
24.01.2016 01:00:00,1007.48,2.74,1.07,88.7,7.44,6.6,0.84,4.08,6.55,1268.94,0.62,1.44,150.9
24.01.2016 02:00:00,1007.5,2.73,1.25,89.9,7.44,6.69,0.75,4.14,6.64,1268.95,0.73,1.24,115.9
24.01.2016 03:00:00,1007.14,2.34,0.79,89.5,7.23,6.47,0.76,4.01,6.43,1270.42,1.54,2.96,179.8
24.01.2016 04:00:00,1006.8,2.05,0.73,90.9,7.08,6.44,0.64,3.99,6.4,1271.33,1.35,2.32,206.0
24.01.2016 05:00:00,1006.32,1.76,0.64,92.2,6.94,6.4,0.54,3.96,6.36,1272.06,1.62,2.28,190.8
24.01.2016 06:00:00,1005.89,1.37,0.36,92.9,6.75,6.27,0.48,3.89,6.23,1273.39,1.33,2.0,192.8
24.01.2016 07:00:00,1005.6,0.65,-0.12,94.5,6.41,6.05,0.35,3.75,6.02,1276.47,1.63,2.2,214.6
24.01.2016 08:00:00,1005.9,1.21,0.18,92.8,6.67,6.19,0.48,3.84,6.15,1274.19,1.04,2.12,175.7
24.01.2016 09:00:00,1006.11,1.16,0.07,92.4,6.64,6.14,0.5,3.8,6.1,1274.74,1.78,2.68,212.5
24.01.2016 10:00:00,1005.93,0.62,-0.43,92.6,6.39,5.92,0.47,3.67,5.88,1277.11,1.07,2.76,199.7
24.01.2016 11:00:00,1005.49,1.84,0.32,89.6,6.98,6.25,0.73,3.88,6.22,1270.74,1.33,2.0,190.0
24.01.2016 12:00:00,1004.67,3.38,1.01,84.4,7.79,6.57,1.21,4.08,6.54,1262.48,2.31,3.41,174.4
24.01.2016 13:00:00,1004.39,5.13,1.62,78.0,8.81,6.87,1.94,4.27,6.84,1254.04,2.16,3.2,170.6
24.01.2016 14:00:00,1004.08,6.07,1.56,72.7,9.4,6.84,2.57,4.25,6.81,1249.44,6.13,8.77,212.9
24.01.2016 15:00:00,1003.42,6.46,1.55,70.7,9.66,6.83,2.83,4.25,6.81,1246.87,2.94,4.35,193.1
24.01.2016 16:00:00,1003.17,5.08,2.25,81.9,8.77,7.19,1.59,4.47,7.16,1252.61,1.62,2.62,197.6
24.01.2016 17:00:00,1002.95,4.31,2.12,85.6,8.32,7.12,1.2,4.43,7.1,1255.81,1.4,2.56,179.1
24.01.2016 18:00:00,1002.54,4.2,1.73,83.9,8.25,6.92,1.33,4.31,6.91,1255.89,1.54,3.04,183.9
24.01.2016 19:00:00,1002.82,4.15,1.61,83.5,8.22,6.86,1.36,4.27,6.85,1256.52,1.64,2.64,173.8
24.01.2016 20:00:00,1002.61,3.54,1.46,86.2,7.88,6.79,1.09,4.22,6.77,1259.02,1.91,2.68,190.2
24.01.2016 21:00:00,1002.41,3.59,1.69,87.3,7.91,6.9,1.0,4.29,6.88,1258.5,1.52,3.14,172.9
24.01.2016 22:00:00,1002.23,3.58,1.82,88.2,7.9,6.97,0.93,4.34,6.95,1258.27,1.74,2.76,173.2
24.01.2016 23:00:00,1002.08,3.17,2.23,93.5,7.68,7.18,0.5,4.47,7.16,1259.85,1.99,2.88,194.2
25.01.2016 00:00:00,1001.71,3.1,2.54,96.1,7.64,7.34,0.3,4.57,7.33,1259.64,1.13,1.68,189.5
25.01.2016 01:00:00,1001.2,3.0,2.57,97.0,7.58,7.35,0.23,4.58,7.35,1259.44,1.18,1.96,199.4
25.01.2016 02:00:00,1000.56,3.25,2.94,97.8,7.72,7.55,0.17,4.7,7.54,1257.42,0.66,1.46,203.6
25.01.2016 03:00:00,1000.11,3.67,3.33,97.6,7.95,7.76,0.19,4.84,7.76,1254.85,0.98,2.0,193.4
25.01.2016 04:00:00,1000.13,3.97,3.59,97.4,8.12,7.91,0.21,4.93,7.9,1253.46,0.68,1.68,146.8
25.01.2016 05:00:00,1000.71,4.41,3.97,96.9,8.38,8.12,0.26,5.06,8.11,1252.06,0.69,1.48,185.2
25.01.2016 06:00:00,1000.92,4.35,3.89,96.8,8.34,8.07,0.27,5.03,8.07,1252.63,0.88,1.64,167.0
25.01.2016 07:00:00,1000.78,4.43,4.01,97.1,8.39,8.15,0.24,5.08,8.14,1252.06,0.75,1.24,212.7
25.01.2016 08:00:00,1000.68,4.86,4.39,96.8,8.64,8.36,0.28,5.22,8.36,1249.91,1.1,2.18,205.9
25.01.2016 09:00:00,1000.96,5.53,4.94,96.0,9.05,8.69,0.36,5.42,8.68,1247.11,1.14,2.44,173.5
25.01.2016 10:00:00,1001.01,5.82,5.1,95.1,9.24,8.79,0.45,5.48,8.78,1245.79,0.43,1.0,153.0
25.01.2016 11:00:00,1001.16,6.48,5.48,93.3,9.68,9.03,0.65,5.63,9.02,1242.93,0.68,1.28,166.9
25.01.2016 12:00:00,1000.98,7.51,6.17,91.2,10.38,9.47,0.91,5.91,9.46,1237.95,1.02,1.68,210.5
25.01.2016 13:00:00,1000.66,8.87,6.85,87.1,11.39,9.92,1.47,6.19,9.92,1231.37,1.17,1.74,189.3
25.01.2016 14:00:00,1000.27,9.5,7.37,86.5,11.89,10.28,1.6,6.42,10.28,1227.97,0.85,1.92,172.5
25.01.2016 15:00:00,999.96,10.15,7.68,84.6,12.42,10.51,1.91,6.56,10.51,1224.68,0.51,1.08,67.31
25.01.2016 16:00:00,999.68,10.64,8.0,83.7,12.83,10.74,2.09,6.71,10.74,1222.11,0.88,1.84,115.6
25.01.2016 17:00:00,999.56,10.22,7.77,84.7,12.48,10.57,1.91,6.6,10.57,1223.85,2.72,3.64,228.0
25.01.2016 18:00:00,999.67,8.78,6.78,87.2,11.32,9.87,1.45,6.17,9.88,1230.57,1.47,2.44,203.9
25.01.2016 19:00:00,999.2,7.54,6.03,90.1,10.41,9.38,1.03,5.86,9.38,1235.65,1.67,2.5,180.1
25.01.2016 20:00:00,998.9,5.93,5.0,93.7,9.31,8.73,0.59,5.45,8.74,1242.7,1.42,2.12,198.1
25.01.2016 21:00:00,998.95,5.33,4.59,95.0,8.93,8.48,0.45,5.3,8.49,1245.57,2.38,3.4,190.3
25.01.2016 22:00:00,998.89,4.69,4.08,95.8,8.54,8.18,0.36,5.11,8.19,1248.48,1.69,3.24,202.6
25.01.2016 23:00:00,998.1,4.26,3.75,96.5,8.29,8.0,0.29,5.0,8.01,1249.56,2.12,3.16,206.2
26.01.2016 00:00:00,998.44,5.05,3.9,92.2,8.76,8.08,0.68,5.05,8.09,1246.35,1.44,3.73,245.2
26.01.2016 01:00:00,998.24,5.61,3.43,85.8,9.11,7.82,1.29,4.88,7.83,1243.73,1.95,3.16,169.0
26.01.2016 02:00:00,998.46,5.45,3.68,88.3,9.01,7.96,1.05,4.97,7.97,1244.64,1.25,2.4,189.0
26.01.2016 03:00:00,999.06,6.34,3.54,82.2,9.58,7.87,1.71,4.92,7.88,1241.5,1.01,1.6,220.6
26.01.2016 04:00:00,998.44,4.05,2.45,89.3,8.16,7.29,0.87,4.55,7.3,1251.25,1.21,1.76,179.0
26.01.2016 05:00:00,997.57,6.1,3.46,83.1,9.42,7.83,1.59,4.9,7.85,1240.72,2.56,3.85,183.9
26.01.2016 06:00:00,997.87,6.02,3.48,83.7,9.37,7.84,1.53,4.9,7.86,1241.45,1.69,2.36,221.1
26.01.2016 07:00:00,998.14,5.68,3.66,86.8,9.15,7.94,1.21,4.96,7.96,1243.26,0.75,1.6,105.3
26.01.2016 08:00:00,998.46,5.35,3.66,88.8,8.95,7.94,1.0,4.96,7.96,1245.11,0.43,0.88,196.8
26.01.2016 09:00:00,998.73,4.76,3.57,92.0,8.58,7.89,0.69,4.93,7.9,1248.14,1.27,2.5,171.0
26.01.2016 10:00:00,998.8,5.94,4.18,88.4,9.32,8.24,1.08,5.15,8.25,1242.77,1.36,2.14,225.6
26.01.2016 11:00:00,998.5,7.6,4.99,83.5,10.45,8.72,1.72,5.45,8.74,1234.82,0.69,1.96,140.5
26.01.2016 12:00:00,997.73,9.53,5.86,77.8,11.91,9.27,2.64,5.8,9.29,1225.19,1.66,3.2,115.7
26.01.2016 13:00:00,996.85,10.74,6.9,77.1,12.92,9.96,2.96,6.24,9.99,1218.57,2.31,4.44,180.0
26.01.2016 14:00:00,996.86,12.21,7.5,72.9,14.24,10.38,3.86,6.5,10.41,1212.11,4.18,5.93,214.4
26.01.2016 15:00:00,995.66,11.88,7.81,76.1,13.93,10.6,3.33,6.65,10.65,1211.94,3.09,5.17,200.4
26.01.2016 16:00:00,995.07,11.6,7.41,75.4,13.68,10.31,3.36,6.47,10.36,1212.55,3.93,6.69,206.5
26.01.2016 17:00:00,995.12,10.58,6.38,75.2,12.78,9.61,3.17,6.03,9.66,1217.29,6.28,8.73,207.5
26.01.2016 18:00:00,995.45,9.98,6.16,77.1,12.28,9.47,2.81,5.94,9.51,1220.34,4.83,8.89,217.5
26.01.2016 19:00:00,994.65,9.92,6.18,77.5,12.23,9.48,2.75,5.95,9.53,1219.62,5.18,7.41,205.0
26.01.2016 20:00:00,994.11,9.92,5.86,75.8,12.23,9.27,2.96,5.82,9.32,1219.04,3.31,5.51,207.7
26.01.2016 21:00:00,993.7,10.05,5.41,72.8,12.34,8.98,3.36,5.64,9.04,1218.12,3.62,5.85,214.6
26.01.2016 22:00:00,993.65,10.03,5.7,74.4,12.32,9.17,3.15,5.76,9.22,1218.06,4.53,5.99,202.6
26.01.2016 23:00:00,993.21,9.87,5.51,74.2,12.19,9.04,3.14,5.68,9.1,1218.26,5.02,7.13,203.5
27.01.2016 00:00:00,992.88,9.54,4.92,72.8,11.92,8.68,3.24,5.45,8.74,1219.45,3.89,7.39,213.1
27.01.2016 01:00:00,992.76,9.36,4.02,69.21,11.78,8.15,3.63,5.12,8.21,1220.32,2.94,4.36,221.0
27.01.2016 02:00:00,992.64,9.16,3.36,66.94,11.62,7.78,3.84,4.89,7.83,1221.21,2.75,5.01,222.3
27.01.2016 03:00:00,992.31,9.43,3.56,66.67,11.83,7.89,3.94,4.96,7.95,1219.59,5.24,7.49,215.8
27.01.2016 04:00:00,992.45,9.29,4.2,70.4,11.72,8.25,3.47,5.19,8.31,1220.19,3.45,5.49,225.3
27.01.2016 05:00:00,991.77,9.24,4.25,70.9,11.68,8.28,3.4,5.21,8.35,1219.56,6.85,9.63,208.2
27.01.2016 06:00:00,991.7,9.27,4.24,70.7,11.7,8.28,3.43,5.21,8.34,1219.34,7.5,11.97,220.4
27.01.2016 07:00:00,991.46,9.47,4.57,71.4,11.86,8.47,3.39,5.33,8.54,1218.09,7.57,11.73,215.3
27.01.2016 08:00:00,991.99,9.14,4.49,72.6,11.6,8.42,3.18,5.3,8.49,1220.19,4.7,6.57,215.4
27.01.2016 09:00:00,991.71,9.47,3.99,68.56,11.86,8.13,3.73,5.12,8.2,1218.56,6.93,9.81,211.7
27.01.2016 10:00:00,991.52,9.91,4.02,66.7,12.22,8.15,4.07,5.13,8.22,1216.42,8.4,10.57,210.2
27.01.2016 11:00:00,991.59,11.17,4.28,62.42,13.29,8.3,5.0,5.22,8.37,1211.05,8.94,11.93,213.8
27.01.2016 12:00:00,991.38,11.33,3.54,58.64,13.43,7.88,5.56,4.96,7.95,1210.31,7.59,10.37,212.9
27.01.2016 13:00:00,990.99,11.33,2.92,56.09,13.43,7.54,5.9,4.74,7.6,1209.99,7.84,11.03,212.7
27.01.2016 14:00:00,990.33,11.47,2.52,54.03,13.56,7.33,6.23,4.61,7.4,1208.68,7.43,12.71,215.0
27.01.2016 15:00:00,989.83,11.55,2.47,53.53,13.63,7.3,6.33,4.6,7.37,1207.74,7.99,10.61,211.4
27.01.2016 16:00:00,989.69,12.05,2.62,52.36,14.09,7.38,6.71,4.65,7.45,1205.42,7.06,9.93,209.5
27.01.2016 17:00:00,989.7,12.09,2.82,52.99,14.13,7.49,6.64,4.72,7.56,1205.21,7.52,9.37,209.7
27.01.2016 18:00:00,989.12,11.87,2.96,54.28,13.92,7.56,6.37,4.77,7.64,1205.4,8.4,10.97,210.1
27.01.2016 19:00:00,988.95,12.0,2.75,53.04,14.04,7.45,6.6,4.7,7.53,1204.69,7.01,10.05,213.3
27.01.2016 20:00:00,988.73,12.18,2.48,51.39,14.21,7.3,6.91,4.61,7.39,1203.73,9.14,12.37,209.5
27.01.2016 21:00:00,988.74,11.87,2.76,53.53,13.92,7.45,6.47,4.7,7.54,1204.98,5.86,9.37,203.6
27.01.2016 22:00:00,988.09,11.71,3.32,56.29,13.78,7.76,6.02,4.9,7.85,1204.73,8.47,11.57,212.1
27.01.2016 23:00:00,987.99,11.84,3.28,55.66,13.9,7.73,6.16,4.88,7.83,1204.06,5.47,7.73,202.3
28.01.2016 00:00:00,987.66,12.18,3.13,53.85,14.21,7.65,6.56,4.83,7.75,1202.26,6.37,9.05,209.6
28.01.2016 01:00:00,987.42,11.87,3.34,55.78,13.92,7.77,6.16,4.91,7.87,1203.23,4.71,7.41,197.1
28.01.2016 02:00:00,987.1,11.78,3.38,56.28,13.84,7.79,6.05,4.92,7.89,1203.2,4.47,8.01,212.1
28.01.2016 03:00:00,987.02,11.53,3.84,59.09,13.61,8.04,5.57,5.09,8.15,1204.04,3.17,6.41,197.4
28.01.2016 04:00:00,986.55,11.5,4.42,61.69,13.59,8.38,5.21,5.3,8.5,1203.44,5.9,9.45,211.6
28.01.2016 05:00:00,987.04,11.56,5.18,64.79,13.64,8.84,4.8,5.59,8.95,1203.58,4.67,7.81,213.4
28.01.2016 06:00:00,987.87,11.35,5.45,66.98,13.45,9.01,4.44,5.69,9.12,1205.4,5.34,8.57,210.7
28.01.2016 07:00:00,989.06,10.54,6.09,73.9,12.75,9.42,3.33,5.95,9.52,1210.11,0.99,2.32,174.3
28.01.2016 08:00:00,990.07,10.84,6.23,73.1,13.0,9.51,3.5,5.99,9.6,1210.03,3.27,6.61,249.3
28.01.2016 09:00:00,992.87,6.66,4.84,88.1,9.79,8.63,1.17,5.42,8.69,1232.01,1.21,2.76,272.2
28.01.2016 10:00:00,994.39,6.71,4.1,83.4,9.83,8.2,1.63,5.14,8.24,1233.91,1.14,3.76,252.2
28.01.2016 11:00:00,995.59,7.23,3.68,78.1,10.19,7.96,2.23,4.99,7.99,1233.2,1.54,3.12,235.6
28.01.2016 12:00:00,996.46,8.17,2.44,67.05,10.86,7.28,3.58,4.56,7.31,1230.48,2.18,4.77,284.3
28.01.2016 13:00:00,996.82,9.42,2.07,59.98,11.82,7.09,4.73,4.44,7.11,1225.56,1.76,4.65,259.8
28.01.2016 14:00:00,997.23,8.82,0.75,56.8,11.35,6.45,4.9,4.03,6.47,1228.98,2.05,4.04,272.0
28.01.2016 15:00:00,997.69,8.85,1.0,57.71,11.38,6.57,4.81,4.1,6.58,1229.36,1.87,4.04,288.9
28.01.2016 16:00:00,998.17,7.98,0.05,57.16,10.72,6.13,4.59,3.83,6.14,1233.96,1.4,2.08,260.7
28.01.2016 17:00:00,998.82,6.37,-0.85,59.75,9.6,5.74,3.87,3.58,5.74,1242.05,1.58,2.24,258.6
28.01.2016 18:00:00,999.09,5.98,-1.54,58.36,9.35,5.45,3.89,3.4,5.46,1244.26,1.59,2.4,256.9
28.01.2016 19:00:00,999.55,3.29,-1.05,73.1,7.74,5.66,2.08,3.53,5.66,1256.88,1.68,2.5,235.2
28.01.2016 20:00:00,999.84,2.86,-1.17,74.7,7.5,5.6,1.9,3.49,5.61,1259.23,1.53,2.12,238.3
28.01.2016 21:00:00,999.69,2.01,-1.77,75.9,7.06,5.36,1.7,3.34,5.36,1263.01,1.68,2.24,210.0
28.01.2016 22:00:00,999.84,1.57,-1.51,79.9,6.84,5.47,1.38,3.41,5.47,1265.21,1.08,1.64,208.4
28.01.2016 23:00:00,999.69,1.03,-1.5,83.1,6.58,5.47,1.11,3.41,5.47,1267.49,0.5,0.88,195.2
29.01.2016 00:00:00,999.67,0.29,-1.47,87.9,6.24,5.48,0.75,3.42,5.49,1270.88,1.07,1.88,183.7
29.01.2016 01:00:00,999.11,0.18,-1.57,88.0,6.19,5.44,0.74,3.4,5.45,1270.73,1.21,2.22,174.9
29.01.2016 02:00:00,999.17,-0.14,-1.56,90.1,6.05,5.45,0.6,3.4,5.45,1272.27,1.36,2.68,170.1
29.01.2016 03:00:00,998.93,-0.26,-1.93,88.4,5.99,5.3,0.7,3.31,5.3,1272.59,0.9,1.92,185.2
29.01.2016 04:00:00,998.51,-0.88,-2.28,90.2,5.73,5.17,0.56,3.22,5.17,1275.02,1.91,2.84,177.5
29.01.2016 05:00:00,998.73,-0.99,-2.05,92.5,5.68,5.25,0.43,3.28,5.26,1275.78,0.88,1.44,233.0
29.01.2016 06:00:00,999.0,-1.11,-2.25,91.9,5.63,5.17,0.46,3.23,5.18,1276.73,0.97,1.98,217.0
29.01.2016 07:00:00,998.74,-0.62,-2.13,89.5,5.84,5.22,0.61,3.26,5.23,1274.08,0.55,1.92,154.3
29.01.2016 08:00:00,998.78,0.02,-1.63,88.6,6.12,5.42,0.7,3.38,5.42,1271.05,1.01,1.84,229.0
29.01.2016 09:00:00,998.35,2.1,-0.97,80.0,7.11,5.69,1.42,3.55,5.7,1260.75,1.12,3.33,185.9
29.01.2016 10:00:00,998.27,4.21,-0.48,71.4,8.26,5.9,2.36,3.68,5.91,1250.97,1.62,3.16,167.3
29.01.2016 11:00:00,998.18,5.38,-1.45,61.28,8.96,5.49,3.47,3.43,5.5,1245.79,5.4,7.81,205.3
29.01.2016 12:00:00,998.1,6.78,-0.44,59.88,9.88,5.92,3.96,3.69,5.93,1239.25,4.99,9.41,205.7
29.01.2016 13:00:00,997.8,7.79,0.1,58.12,10.59,6.15,4.43,3.84,6.17,1234.32,6.89,10.13,208.2
29.01.2016 14:00:00,996.82,8.15,-0.07,56.03,10.85,6.08,4.77,3.8,6.1,1231.57,8.44,12.97,213.7
29.01.2016 15:00:00,996.3,8.69,0.41,55.91,11.25,6.29,4.96,3.94,6.32,1228.47,7.95,11.33,212.2
29.01.2016 16:00:00,996.6,8.22,0.62,58.63,10.9,6.39,4.51,4.0,6.41,1230.84,5.29,7.65,205.9
29.01.2016 17:00:00,996.05,8.22,-0.17,55.35,10.9,6.03,4.87,3.78,6.06,1230.33,8.37,10.81,216.5
29.01.2016 18:00:00,995.73,7.9,-0.23,56.3,10.67,6.0,4.66,3.76,6.03,1231.34,9.89,13.5,215.5
29.01.2016 19:00:00,996.4,7.81,0.08,57.97,10.6,6.14,4.46,3.84,6.17,1232.51,6.74,10.43,213.1
29.01.2016 20:00:00,996.75,7.4,0.4,61.03,10.31,6.29,4.02,3.93,6.31,1234.67,4.98,7.95,204.5
29.01.2016 21:00:00,996.88,7.26,0.52,62.12,10.21,6.34,3.87,3.97,6.36,1235.43,4.56,7.55,213.6
29.01.2016 22:00:00,996.83,6.92,0.77,64.74,9.98,6.46,3.52,4.04,6.48,1236.8,5.67,7.89,213.8
29.01.2016 23:00:00,996.38,6.7,1.26,68.16,9.82,6.69,3.13,4.19,6.72,1237.13,6.89,9.93,215.8
30.01.2016 00:00:00,995.88,6.74,1.61,69.67,9.85,6.86,2.99,4.3,6.89,1236.24,8.02,10.71,215.0
30.01.2016 01:00:00,995.05,6.62,1.79,71.2,9.77,6.95,2.81,4.36,6.99,1235.71,7.81,10.65,209.8
30.01.2016 02:00:00,994.81,6.69,2.29,73.4,9.82,7.2,2.61,4.52,7.24,1234.96,6.68,8.89,211.7
30.01.2016 03:00:00,994.09,6.67,2.38,74.0,9.8,7.25,2.55,4.55,7.3,1234.13,7.13,9.33,209.9
30.01.2016 04:00:00,993.54,6.83,2.51,73.9,9.91,7.32,2.59,4.6,7.37,1232.72,3.87,7.07,217.3
30.01.2016 05:00:00,992.33,6.94,2.54,73.5,9.98,7.34,2.65,4.61,7.4,1230.72,7.66,10.09,207.1
30.01.2016 06:00:00,991.43,6.87,2.63,74.3,9.94,7.38,2.55,4.65,7.45,1229.87,7.43,9.97,208.1
30.01.2016 07:00:00,990.42,7.01,2.78,74.4,10.03,7.47,2.57,4.7,7.54,1227.97,7.96,10.21,206.3
30.01.2016 08:00:00,990.08,7.04,2.79,74.3,10.06,7.47,2.58,4.71,7.55,1227.41,6.27,8.85,215.9
30.01.2016 09:00:00,989.14,7.31,2.77,72.8,10.24,7.46,2.79,4.7,7.54,1225.07,3.69,7.69,206.7
30.01.2016 10:00:00,987.84,7.96,2.64,69.02,10.71,7.39,3.32,4.67,7.48,1220.66,9.09,13.6,209.9
30.01.2016 11:00:00,987.81,7.71,2.55,69.76,10.53,7.34,3.18,4.64,7.43,1221.73,9.65,13.24,211.7
30.01.2016 12:00:00,986.5,7.67,2.47,69.54,10.5,7.3,3.2,4.62,7.4,1220.3,5.56,9.73,198.7
30.01.2016 13:00:00,984.94,7.79,2.23,67.77,10.59,7.17,3.41,4.54,7.28,1217.9,7.73,11.58,213.8
30.01.2016 14:00:00,983.73,7.32,2.03,69.0,10.25,7.07,3.18,4.48,7.19,1218.49,6.04,12.3,209.1
30.01.2016 15:00:00,982.21,7.34,1.96,68.55,10.26,7.04,3.23,4.47,7.16,1216.53,8.69,13.5,214.2
30.01.2016 16:00:00,981.21,7.59,2.01,67.67,10.44,7.07,3.38,4.49,7.2,1214.19,7.0,10.81,207.3
30.01.2016 17:00:00,979.93,7.33,2.32,70.4,10.26,7.22,3.04,4.6,7.37,1213.66,9.5,13.34,207.8
30.01.2016 18:00:00,979.55,6.76,2.88,76.2,9.86,7.52,2.35,4.79,7.67,1215.51,8.5,13.02,209.3
30.01.2016 19:00:00,979.58,6.58,3.18,78.8,9.74,7.68,2.07,4.89,7.84,1216.24,7.02,10.23,211.9
30.01.2016 20:00:00,979.44,6.16,3.33,82.0,9.46,7.76,1.7,4.94,7.92,1217.88,6.0,10.53,205.6
30.01.2016 21:00:00,980.11,5.04,2.49,83.5,8.76,7.31,1.44,4.65,7.46,1223.82,2.96,5.05,234.1
30.01.2016 22:00:00,979.99,4.63,2.56,86.4,8.5,7.35,1.16,4.68,7.5,1225.48,2.62,4.57,213.2
30.01.2016 23:00:00,980.11,4.79,2.78,86.8,8.6,7.47,1.14,4.75,7.62,1224.86,2.93,5.35,250.0
31.01.2016 00:00:00,982.11,0.76,-0.36,92.2,6.45,5.95,0.5,3.78,6.06,1246.17,2.11,4.53,257.8
31.01.2016 01:00:00,982.33,1.38,-0.17,89.4,6.75,6.03,0.72,3.83,6.14,1243.58,1.57,3.28,278.2
31.01.2016 02:00:00,983.04,1.51,-0.59,85.9,6.81,5.85,0.96,3.71,5.95,1244.0,2.57,4.21,235.9
31.01.2016 03:00:00,983.38,1.4,-1.11,83.3,6.76,5.63,1.13,3.57,5.73,1244.99,2.2,4.97,244.3
31.01.2016 04:00:00,983.23,1.4,-1.55,80.6,6.76,5.45,1.31,3.45,5.54,1244.9,2.15,3.41,222.4
31.01.2016 05:00:00,983.7,0.87,-1.82,82.1,6.51,5.34,1.16,3.39,5.43,1247.95,1.8,2.96,217.7
31.01.2016 06:00:00,984.26,1.54,-1.68,79.1,6.83,5.4,1.43,3.42,5.49,1245.61,4.59,7.37,211.2
31.01.2016 07:00:00,984.3,1.36,-1.46,81.4,6.74,5.49,1.25,3.48,5.58,1246.41,2.86,4.05,205.7
31.01.2016 08:00:00,984.29,1.02,-1.76,81.6,6.58,5.37,1.21,3.4,5.45,1248.03,2.53,3.53,204.2
31.01.2016 09:00:00,984.74,1.69,-1.71,78.0,6.9,5.39,1.52,3.41,5.47,1245.53,2.95,4.51,199.1
31.01.2016 10:00:00,985.13,2.67,-1.12,76.0,7.4,5.63,1.78,3.56,5.71,1241.49,3.09,4.73,204.2
31.01.2016 11:00:00,984.81,3.49,-0.82,73.3,7.85,5.75,2.1,3.64,5.84,1237.34,0.93,2.46,201.5
31.01.2016 12:00:00,985.03,4.01,-0.77,70.9,8.14,5.77,2.37,3.65,5.86,1235.31,2.3,4.29,214.8
31.01.2016 13:00:00,984.21,4.48,-0.57,69.63,8.41,5.86,2.56,3.71,5.95,1232.15,3.87,5.63,208.7
31.01.2016 14:00:00,984.29,4.96,-0.73,66.51,8.7,5.79,2.92,3.67,5.88,1230.14,2.53,4.49,215.7
31.01.2016 15:00:00,983.78,5.36,-0.68,64.94,8.95,5.81,3.14,3.68,5.91,1227.73,4.09,6.77,221.9
31.01.2016 16:00:00,983.91,4.87,-0.12,70.0,8.65,6.06,2.6,3.84,6.15,1229.93,2.81,5.41,224.6
31.01.2016 17:00:00,983.68,4.15,0.87,79.1,8.22,6.51,1.72,4.12,6.61,1232.62,1.78,2.64,196.3
31.01.2016 18:00:00,983.43,3.96,0.94,80.6,8.12,6.54,1.57,4.15,6.65,1233.12,2.31,3.0,199.4
31.01.2016 19:00:00,983.03,4.52,1.09,78.3,8.44,6.61,1.83,4.19,6.72,1230.1,2.81,4.57,197.0
31.01.2016 20:00:00,982.5,4.82,1.73,80.3,8.62,6.92,1.7,4.39,7.04,1227.98,3.84,5.93,202.3
31.01.2016 21:00:00,982.12,5.2,2.19,80.8,8.85,7.15,1.7,4.54,7.28,1225.71,4.11,5.73,205.3
31.01.2016 22:00:00,981.31,5.07,2.45,83.1,8.77,7.29,1.48,4.63,7.43,1225.21,3.96,5.61,200.7
31.01.2016 23:00:00,980.65,4.79,2.86,87.3,8.6,7.51,1.09,4.78,7.66,1225.53,2.93,4.37,187.2
01.02.2016 00:00:00,980.69,4.86,3.33,89.8,8.64,7.76,0.88,4.94,7.91,1225.14,2.37,5.33,188.0
01.02.2016 01:00:00,981.3,5.58,4.07,90.0,9.09,8.18,0.91,5.2,8.33,1222.55,3.12,5.13,181.5
01.02.2016 02:00:00,981.63,7.05,5.86,92.1,10.06,9.27,0.79,5.89,9.44,1216.02,1.55,3.16,225.8
01.02.2016 03:00:00,982.69,8.96,7.36,89.7,11.46,10.28,1.18,6.53,10.46,1208.62,2.08,5.21,235.8
01.02.2016 04:00:00,983.6,9.27,7.83,90.7,11.7,10.62,1.09,6.74,10.79,1208.26,1.81,4.81,268.2
01.02.2016 05:00:00,984.33,9.5,8.06,90.7,11.89,10.78,1.11,6.84,10.95,1208.1,1.34,2.72,258.2
01.02.2016 06:00:00,985.01,9.16,8.36,94.7,11.62,11.0,0.62,6.98,11.17,1210.29,0.42,1.2,156.1
01.02.2016 07:00:00,985.32,9.49,8.87,95.9,11.88,11.39,0.49,7.22,11.56,1209.08,0.87,1.6,165.5
01.02.2016 08:00:00,986.22,9.7,9.22,96.8,12.05,11.66,0.39,7.39,11.83,1209.16,0.93,2.36,280.9
01.02.2016 09:00:00,987.18,11.12,9.35,88.8,13.25,11.76,1.48,7.45,11.92,1204.25,1.98,4.28,246.5
01.02.2016 10:00:00,987.84,11.55,9.35,86.3,13.63,11.76,1.87,7.44,11.91,1203.24,2.26,6.57,230.5
01.02.2016 11:00:00,988.94,11.73,9.25,84.7,13.8,11.68,2.11,7.38,11.82,1203.86,2.43,5.49,228.2
01.02.2016 12:00:00,989.02,12.1,9.09,81.8,14.14,11.56,2.57,7.3,11.69,1202.46,2.84,4.81,236.3
01.02.2016 13:00:00,988.77,12.35,8.74,78.6,14.37,11.3,3.08,7.14,11.42,1201.22,3.32,7.09,239.1
01.02.2016 14:00:00,988.44,13.02,8.36,73.3,15.02,11.01,4.01,6.96,11.14,1198.14,2.64,5.01,229.3
01.02.2016 15:00:00,988.0,12.92,8.19,72.9,14.92,10.88,4.04,6.88,11.01,1198.08,2.29,4.97,218.5
01.02.2016 16:00:00,988.53,12.77,7.44,69.94,14.77,10.33,4.44,6.53,10.45,1199.61,2.29,7.29,223.8
01.02.2016 17:00:00,988.9,12.36,6.61,67.9,14.38,9.76,4.62,6.16,9.87,1202.04,4.01,9.41,236.5
01.02.2016 18:00:00,990.43,11.96,5.76,65.7,14.01,9.2,4.8,5.8,9.29,1205.86,3.77,6.53,242.1
01.02.2016 19:00:00,991.1,11.45,5.63,67.37,13.54,9.12,4.42,5.75,9.21,1208.88,0.56,1.44,177.9
01.02.2016 20:00:00,990.78,10.73,4.66,66.03,12.91,8.52,4.39,5.37,8.6,1211.83,2.43,3.72,194.6
01.02.2016 21:00:00,989.72,10.4,4.4,66.29,12.63,8.37,4.26,5.28,8.46,1212.01,9.57,13.61,211.5
01.02.2016 22:00:00,989.83,10.4,4.4,66.29,12.63,8.37,4.26,5.28,8.46,1212.14,6.32,9.03,209.4
01.02.2016 23:00:00,990.12,10.46,5.07,69.21,12.68,8.77,3.9,5.53,8.86,1212.06,4.66,7.09,203.2
02.02.2016 00:00:00,990.37,10.73,5.39,69.48,12.91,8.97,3.94,5.65,9.06,1211.12,3.25,6.69,195.8
02.02.2016 01:00:00,990.28,11.11,5.43,67.93,13.24,8.99,4.25,5.67,9.08,1209.38,3.91,6.49,201.1
02.02.2016 02:00:00,989.63,10.93,5.56,69.4,13.08,9.08,4.0,5.73,9.17,1209.31,2.87,4.36,180.2
02.02.2016 03:00:00,989.38,11.12,5.56,68.49,13.25,9.07,4.17,5.72,9.17,1208.2,3.46,7.39,191.6
02.02.2016 04:00:00,988.58,11.45,5.59,67.18,13.54,9.1,4.44,5.74,9.2,1205.81,3.5,6.85,214.7
02.02.2016 05:00:00,987.67,11.56,5.6,66.74,13.64,9.1,4.54,5.75,9.22,1204.22,5.21,8.93,205.9
02.02.2016 06:00:00,987.48,11.4,6.02,69.42,13.5,9.37,4.13,5.92,9.49,1204.54,8.82,12.41,209.0
02.02.2016 07:00:00,987.28,11.16,6.13,71.1,13.28,9.44,3.84,5.97,9.57,1205.28,6.72,10.65,206.7
02.02.2016 08:00:00,987.53,11.38,6.2,70.4,13.48,9.49,3.99,6.0,9.61,1204.64,7.52,10.05,207.5
02.02.2016 09:00:00,987.49,11.36,6.14,70.2,13.46,9.45,4.01,5.97,9.57,1204.69,6.78,10.25,209.7
02.02.2016 10:00:00,987.64,11.4,6.42,71.4,13.5,9.64,3.86,6.09,9.76,1204.62,7.1,10.63,211.8
02.02.2016 11:00:00,987.39,11.92,6.44,69.05,13.97,9.65,4.32,6.1,9.77,1202.11,4.47,10.29,214.9
02.02.2016 12:00:00,986.88,12.47,6.46,66.71,14.49,9.66,4.82,6.11,9.79,1199.17,6.93,10.97,211.3
02.02.2016 13:00:00,985.91,12.31,6.57,67.93,14.33,9.74,4.6,6.17,9.88,1198.62,9.31,13.93,214.5
02.02.2016 14:00:00,985.07,11.72,6.63,70.9,13.79,9.77,4.01,6.2,9.92,1200.06,8.32,11.45,210.9
02.02.2016 15:00:00,984.53,11.66,6.47,70.4,13.73,9.67,4.06,6.13,9.82,1199.7,7.55,12.53,217.6
02.02.2016 16:00:00,983.65,11.45,6.33,70.7,13.54,9.57,3.97,6.08,9.73,1199.55,7.9,13.03,214.0
02.02.2016 17:00:00,983.43,11.11,6.47,73.0,13.24,9.67,3.57,6.14,9.83,1200.67,6.93,10.81,211.1
02.02.2016 18:00:00,983.27,10.93,6.66,74.9,13.08,9.8,3.28,6.22,9.97,1201.18,5.97,9.49,212.7
02.02.2016 19:00:00,984.98,6.31,5.06,91.7,9.56,8.77,0.79,5.56,8.9,1223.65,1.31,2.72,241.1
02.02.2016 20:00:00,985.04,6.38,5.05,91.2,9.6,8.76,0.85,5.55,8.89,1223.44,2.23,5.73,257.9
02.02.2016 21:00:00,985.64,6.21,4.6,89.4,9.49,8.49,1.01,5.37,8.61,1225.05,2.01,5.49,233.1
02.02.2016 22:00:00,986.47,5.96,3.55,84.5,9.33,7.88,1.45,4.99,7.99,1227.47,2.51,4.53,227.8
02.02.2016 23:00:00,986.5,5.94,2.97,81.2,9.32,7.57,1.75,4.78,7.67,1227.76,2.41,4.05,216.9
03.02.2016 00:00:00,987.16,5.36,2.2,80.0,8.95,7.16,1.79,4.52,7.25,1231.32,2.32,4.21,228.6
03.02.2016 01:00:00,987.58,4.6,2.12,83.9,8.49,7.12,1.37,4.5,7.21,1235.23,2.34,4.33,300.9
03.02.2016 02:00:00,987.65,3.46,1.89,89.4,7.83,7.0,0.83,4.42,7.09,1240.47,2.67,4.59,225.8
03.02.2016 03:00:00,987.97,3.61,1.43,85.6,7.92,6.78,1.14,4.28,6.86,1240.29,1.0,2.44,201.1
03.02.2016 04:00:00,987.51,3.67,1.13,83.4,7.95,6.63,1.32,4.19,6.71,1239.52,3.34,6.41,216.6
03.02.2016 05:00:00,987.39,3.39,0.62,82.0,7.79,6.39,1.4,4.03,6.47,1240.75,1.93,3.61,242.6
03.02.2016 06:00:00,987.38,3.36,0.15,79.4,7.78,6.17,1.6,3.9,6.25,1240.97,1.34,2.52,224.0
03.02.2016 07:00:00,987.6,3.18,-0.13,78.8,7.68,6.05,1.63,3.82,6.13,1242.11,0.78,2.12,182.9
03.02.2016 08:00:00,987.65,3.31,-0.28,77.2,7.75,5.98,1.77,3.78,6.06,1241.6,1.6,3.04,205.7
03.02.2016 09:00:00,987.72,3.56,-0.66,73.8,7.89,5.82,2.07,3.67,5.89,1240.67,3.29,4.85,208.0
03.02.2016 10:00:00,987.6,4.31,-0.12,72.8,8.31,6.05,2.26,3.82,6.13,1237.07,1.72,3.69,217.8
03.02.2016 11:00:00,987.75,5.15,0.14,69.95,8.82,6.17,2.65,3.89,6.25,1233.45,4.13,6.33,214.0
03.02.2016 12:00:00,987.93,5.69,0.26,67.96,9.16,6.22,2.93,3.93,6.3,1231.27,3.49,6.33,242.2
03.02.2016 13:00:00,987.68,6.21,0.42,66.32,9.49,6.3,3.2,3.97,6.37,1228.63,5.57,8.05,231.2
03.02.2016 14:00:00,987.86,6.44,0.16,64.03,9.65,6.18,3.47,3.9,6.26,1227.87,3.34,5.89,221.0
03.02.2016 15:00:00,988.17,5.4,0.95,72.9,8.97,6.54,2.43,4.13,6.62,1232.7,2.69,5.71,286.2
03.02.2016 16:00:00,988.37,5.43,0.02,67.97,9.0,6.11,2.88,3.86,6.19,1233.0,2.29,4.33,243.2
03.02.2016 17:00:00,989.37,4.16,-0.16,73.4,8.23,6.04,2.19,3.81,6.1,1239.96,1.98,3.85,264.7
03.02.2016 18:00:00,990.01,3.24,-0.58,75.9,7.71,5.85,1.86,3.69,5.91,1244.97,2.33,3.24,257.7
03.02.2016 19:00:00,990.54,2.63,-0.93,77.3,7.38,5.71,1.68,3.59,5.76,1248.47,0.82,1.84,223.8
03.02.2016 20:00:00,991.09,2.18,-1.45,76.8,7.15,5.49,1.66,3.45,5.54,1251.31,2.36,4.05,234.7
03.02.2016 21:00:00,991.86,2.36,-1.74,74.2,7.24,5.37,1.87,3.38,5.42,1251.52,1.97,3.67,231.4
03.02.2016 22:00:00,992.88,2.13,-2.11,73.4,7.13,5.23,1.9,3.28,5.27,1253.91,2.0,4.25,248.1
03.02.2016 23:00:00,993.35,2.61,-1.67,73.3,7.37,5.4,1.97,3.39,5.44,1252.25,2.69,5.13,248.6
04.02.2016 00:00:00,993.59,2.88,-1.46,73.0,7.51,5.49,2.03,3.44,5.52,1251.31,2.99,5.17,248.8
04.02.2016 01:00:00,993.78,2.78,-1.05,75.8,7.46,5.65,1.81,3.55,5.69,1251.92,2.36,5.01,240.3
04.02.2016 02:00:00,994.31,3.07,-0.95,74.8,7.62,5.7,1.92,3.57,5.73,1251.24,1.22,2.68,269.7
04.02.2016 03:00:00,994.87,3.0,-0.89,75.5,7.58,5.72,1.86,3.59,5.75,1252.25,1.72,3.77,250.4
04.02.2016 04:00:00,994.92,2.8,-1.06,75.6,7.47,5.65,1.82,3.54,5.68,1253.25,2.2,3.61,223.9
04.02.2016 05:00:00,995.23,2.73,-1.07,75.9,7.44,5.65,1.79,3.54,5.67,1253.94,1.27,2.4,215.4
04.02.2016 06:00:00,995.02,2.67,-1.28,75.1,7.4,5.56,1.84,3.48,5.59,1254.03,2.36,4.73,236.5
04.02.2016 07:00:00,994.66,2.33,-1.28,76.9,7.23,5.56,1.67,3.48,5.59,1255.09,0.96,1.64,233.1
04.02.2016 08:00:00,994.94,2.59,-1.27,75.6,7.36,5.56,1.8,3.49,5.59,1254.28,2.37,4.57,238.2
04.02.2016 09:00:00,994.98,2.81,-0.65,77.9,7.48,5.83,1.65,3.65,5.86,1253.2,2.17,4.97,233.7
04.02.2016 10:00:00,994.66,3.36,-0.74,74.4,7.78,5.78,1.99,3.63,5.82,1250.33,3.01,5.81,235.1
04.02.2016 11:00:00,994.52,3.63,-1.44,69.31,7.93,5.49,2.43,3.44,5.52,1249.06,1.99,3.69,246.3
04.02.2016 12:00:00,994.06,3.99,-1.6,66.78,8.13,5.43,2.7,3.4,5.46,1246.89,2.73,5.81,221.7
04.02.2016 13:00:00,993.46,3.97,-1.08,69.49,8.12,5.64,2.48,3.54,5.68,1246.13,3.69,5.81,220.1
04.02.2016 14:00:00,992.97,2.93,-0.51,78.0,7.54,5.88,1.66,3.69,5.93,1250.07,4.61,7.89,217.2
04.02.2016 15:00:00,992.36,2.1,0.38,88.3,7.11,6.28,0.83,3.94,6.33,1252.88,3.21,5.65,201.0
04.02.2016 16:00:00,991.58,2.14,0.43,88.4,7.13,6.3,0.83,3.96,6.36,1251.7,3.27,4.97,197.5
04.02.2016 17:00:00,991.01,2.0,0.39,89.0,7.06,6.28,0.78,3.95,6.34,1251.62,2.78,3.49,196.3
04.02.2016 18:00:00,991.08,1.86,0.53,90.8,6.99,6.35,0.64,3.99,6.4,1252.33,0.82,1.48,203.6
04.02.2016 19:00:00,991.19,1.63,0.67,93.3,6.87,6.41,0.46,4.03,6.47,1253.51,0.86,1.52,182.0
04.02.2016 20:00:00,992.03,1.99,0.53,90.0,7.05,6.35,0.71,3.99,6.4,1252.96,0.44,0.96,5.48
04.02.2016 21:00:00,993.09,2.09,0.49,89.1,7.11,6.33,0.77,3.98,6.38,1253.82,1.69,3.08,270.6
04.02.2016 22:00:00,994.15,1.98,0.38,89.1,7.05,6.28,0.77,3.94,6.32,1255.73,2.62,4.21,257.5
04.02.2016 23:00:00,995.19,1.93,0.4,89.5,7.02,6.29,0.74,3.94,6.32,1257.25,2.62,4.21,253.3
05.02.2016 00:00:00,996.03,2.13,0.25,87.3,7.13,6.22,0.9,3.89,6.25,1257.42,2.21,3.69,258.5
05.02.2016 01:00:00,996.81,2.4,-0.07,83.7,7.26,6.08,1.18,3.8,6.1,1257.28,1.55,2.5,255.5
05.02.2016 02:00:00,997.21,2.14,0.04,85.9,7.13,6.12,1.01,3.83,6.14,1258.92,2.8,4.45,253.2
05.02.2016 03:00:00,997.58,1.83,0.06,88.0,6.97,6.13,0.84,3.83,6.15,1260.83,1.82,2.6,255.2
05.02.2016 04:00:00,998.29,2.09,0.15,86.9,7.1,6.17,0.93,3.86,6.18,1260.5,2.8,4.13,257.1
05.02.2016 05:00:00,998.7,2.14,0.07,86.1,7.13,6.14,0.99,3.83,6.15,1260.8,2.26,3.45,263.2
05.02.2016 06:00:00,998.81,1.85,-0.13,86.6,6.98,6.05,0.94,3.78,6.06,1262.3,1.83,2.88,245.1
05.02.2016 07:00:00,999.21,2.13,-0.22,84.4,7.12,6.01,1.11,3.75,6.02,1261.57,1.51,2.4,308.2
05.02.2016 08:00:00,999.5,2.21,-0.41,82.7,7.17,5.93,1.24,3.7,5.93,1261.59,1.94,3.0,240.9
05.02.2016 09:00:00,999.7,2.52,-0.63,79.6,7.33,5.83,1.49,3.64,5.83,1260.46,3.29,5.37,208.4
05.02.2016 10:00:00,999.68,2.95,-0.81,76.2,7.56,5.76,1.8,3.59,5.76,1258.51,3.2,4.69,209.7
05.02.2016 11:00:00,999.55,3.48,-0.85,73.2,7.84,5.74,2.1,3.58,5.74,1255.96,3.58,5.05,210.7
05.02.2016 12:00:00,998.76,4.0,-0.27,73.6,8.14,5.99,2.15,3.74,6.0,1252.48,5.97,8.17,210.7
05.02.2016 13:00:00,998.21,4.28,0.63,77.1,8.3,6.4,1.9,4.0,6.41,1250.36,5.6,7.69,218.2
05.02.2016 14:00:00,997.35,4.62,1.57,80.5,8.5,6.84,1.66,4.28,6.86,1247.52,1.79,3.36,185.7
05.02.2016 15:00:00,996.71,4.88,1.67,79.6,8.66,6.89,1.77,4.31,6.91,1245.52,2.13,4.31,181.7
05.02.2016 16:00:00,996.25,5.39,2.59,82.1,8.97,7.36,1.61,4.61,7.39,1242.48,2.57,4.33,187.0
05.02.2016 17:00:00,996.16,5.27,3.0,85.2,8.9,7.58,1.32,4.75,7.61,1242.77,4.52,6.65,209.5
05.02.2016 18:00:00,996.49,5.34,3.29,86.6,8.94,7.74,1.2,4.84,7.77,1242.81,1.1,3.12,205.0
05.02.2016 19:00:00,996.68,5.18,3.34,87.9,8.84,7.77,1.07,4.86,7.79,1243.74,2.44,4.49,149.4
05.02.2016 20:00:00,996.5,5.67,3.82,87.8,9.15,8.03,1.12,5.03,8.06,1241.18,1.92,2.96,174.7
05.02.2016 21:00:00,996.31,5.85,3.8,86.6,9.26,8.02,1.24,5.02,8.05,1240.14,1.45,3.85,150.4
05.02.2016 22:00:00,995.92,6.33,4.4,87.4,9.58,8.37,1.21,5.24,8.4,1237.38,2.87,6.41,191.1
05.02.2016 23:00:00,995.39,6.94,4.71,85.7,9.98,8.56,1.43,5.36,8.59,1233.97,2.97,4.47,203.8
06.02.2016 00:00:00,994.94,5.72,4.07,89.1,9.18,8.18,1.0,5.13,8.22,1238.94,0.71,1.64,255.6
06.02.2016 01:00:00,994.59,5.91,4.26,89.1,9.3,8.29,1.01,5.2,8.33,1237.61,1.27,2.4,183.0
06.02.2016 02:00:00,994.4,6.34,4.24,86.4,9.58,8.28,1.3,5.19,8.32,1235.49,1.92,3.61,167.6
06.02.2016 03:00:00,993.98,6.66,4.18,84.1,9.8,8.24,1.56,5.17,8.29,1233.57,1.81,3.16,177.9
06.02.2016 04:00:00,993.5,6.88,4.12,82.5,9.95,8.21,1.74,5.15,8.26,1232.01,3.45,4.29,199.4
06.02.2016 05:00:00,993.08,6.4,3.82,83.5,9.62,8.03,1.59,5.05,8.09,1233.7,2.59,3.73,186.8
06.02.2016 06:00:00,991.9,5.57,3.27,85.1,9.08,7.73,1.35,4.86,7.79,1236.06,4.04,7.01,190.2
06.02.2016 07:00:00,991.4,5.3,2.92,84.6,8.91,7.54,1.37,4.74,7.61,1236.71,3.01,4.73,181.1
06.02.2016 08:00:00,991.2,4.99,2.72,85.2,8.72,7.43,1.29,4.68,7.5,1237.89,2.66,3.57,185.2
06.02.2016 09:00:00,990.95,5.52,2.69,81.9,9.05,7.42,1.64,4.67,7.48,1235.2,2.62,4.61,173.5
06.02.2016 10:00:00,990.17,6.64,2.52,74.9,9.78,7.33,2.45,4.61,7.4,1229.36,4.09,5.83,176.9
06.02.2016 11:00:00,989.48,7.66,2.81,71.3,10.49,7.48,3.01,4.72,7.56,1223.95,3.94,6.21,178.9
06.02.2016 12:00:00,989.14,8.77,3.05,67.23,11.32,7.61,3.71,4.8,7.69,1218.66,3.54,4.99,181.9
06.02.2016 13:00:00,988.84,10.05,3.37,63.1,12.34,7.78,4.55,4.91,7.87,1212.7,2.64,4.24,158.0
06.02.2016 14:00:00,988.01,10.78,3.74,61.67,12.95,7.99,4.96,5.04,8.08,1208.47,2.53,4.24,147.7
06.02.2016 15:00:00,986.69,11.19,3.95,60.93,13.31,8.11,5.2,5.13,8.22,1205.05,5.4,7.37,166.4
06.02.2016 16:00:00,985.87,11.23,4.16,61.65,13.35,8.23,5.12,5.21,8.35,1203.82,4.27,6.77,181.9
06.02.2016 17:00:00,985.73,10.25,3.19,61.45,12.5,7.68,4.82,4.86,7.79,1208.07,3.81,6.01,200.8
06.02.2016 18:00:00,985.6,9.01,3.29,67.28,11.5,7.74,3.76,4.9,7.85,1213.19,2.12,3.6,143.1
06.02.2016 19:00:00,985.02,8.21,3.38,71.5,10.89,7.79,3.1,4.93,7.91,1215.9,2.74,4.37,157.0
06.02.2016 20:00:00,984.53,7.27,3.04,74.4,10.22,7.6,2.62,4.82,7.72,1219.45,2.59,3.68,176.8
06.02.2016 21:00:00,983.93,6.31,2.7,77.6,9.56,7.42,2.14,4.7,7.54,1222.98,2.74,4.13,179.1
06.02.2016 22:00:00,983.31,5.22,2.36,81.7,8.86,7.24,1.62,4.59,7.36,1227.08,2.46,3.2,207.5
06.02.2016 23:00:00,982.87,5.55,2.39,80.0,9.07,7.26,1.81,4.61,7.38,1225.06,1.84,2.72,199.5
07.02.2016 00:00:00,982.26,4.41,1.93,83.8,8.38,7.02,1.36,4.46,7.15,1229.42,1.55,2.36,236.4
07.02.2016 01:00:00,981.32,4.96,1.88,80.4,8.71,7.0,1.71,4.45,7.13,1225.83,1.08,2.0,174.4
07.02.2016 02:00:00,981.04,3.73,1.48,85.2,7.98,6.8,1.18,4.32,6.93,1231.05,2.09,3.0,170.8
07.02.2016 03:00:00,980.05,3.36,0.96,84.2,7.78,6.55,1.23,4.17,6.68,1231.54,1.66,4.21,155.7
07.02.2016 04:00:00,979.85,3.04,0.56,83.7,7.6,6.36,1.24,4.05,6.49,1232.81,0.83,1.56,203.0
07.02.2016 05:00:00,979.42,4.77,0.9,75.9,8.59,6.52,2.07,4.15,6.66,1224.54,1.54,2.56,144.2
07.02.2016 06:00:00,978.93,5.02,0.75,73.8,8.74,6.45,2.29,4.11,6.59,1222.84,2.75,4.01,156.7
07.02.2016 07:00:00,978.81,5.51,0.79,71.5,9.05,6.47,2.58,4.12,6.61,1220.53,1.94,3.04,174.3
07.02.2016 08:00:00,978.75,4.93,0.49,72.9,8.68,6.33,2.35,4.03,6.47,1223.09,1.65,2.58,180.0
07.02.2016 09:00:00,978.66,3.83,0.38,78.1,8.04,6.28,1.76,4.0,6.41,1227.86,1.31,2.88,170.9
07.02.2016 10:00:00,978.29,4.78,0.6,74.2,8.6,6.38,2.22,4.07,6.52,1223.13,2.43,4.31,160.7
07.02.2016 11:00:00,977.71,5.76,0.81,70.4,9.2,6.48,2.72,4.13,6.62,1218.09,3.52,5.01,154.2
07.02.2016 12:00:00,977.18,6.7,1.28,68.26,9.82,6.7,3.12,4.28,6.86,1213.23,2.29,3.59,166.0
07.02.2016 13:00:00,976.76,8.58,1.53,61.09,11.17,6.82,4.35,4.36,6.99,1204.54,3.39,5.17,165.2
07.02.2016 14:00:00,976.26,9.55,2.09,59.58,11.93,7.11,4.82,4.54,7.28,1199.66,2.49,3.76,171.3
07.02.2016 15:00:00,975.66,11.34,2.83,55.71,13.44,7.49,5.95,4.79,7.68,1191.2,2.77,4.81,162.5
07.02.2016 16:00:00,976.57,10.97,2.66,56.41,13.12,7.4,5.72,4.73,7.58,1193.9,2.82,4.53,197.8
07.02.2016 17:00:00,976.91,10.29,2.48,58.29,12.54,7.31,5.23,4.67,7.48,1197.23,3.25,5.81,223.0
07.02.2016 18:00:00,977.99,9.57,2.81,62.64,11.94,7.48,4.46,4.77,7.65,1201.53,1.51,2.2,206.2
07.02.2016 19:00:00,978.46,8.86,3.54,69.2,11.38,7.88,3.51,5.02,8.05,1204.95,3.75,4.97,211.9
07.02.2016 20:00:00,979.82,8.48,2.87,67.69,11.09,7.51,3.58,4.78,7.66,1208.43,4.2,6.01,209.3
07.02.2016 21:00:00,980.19,7.94,2.06,66.27,10.69,7.09,3.61,4.51,7.23,1211.41,3.4,4.73,213.8
07.02.2016 22:00:00,980.71,7.71,1.8,66.1,10.53,6.96,3.57,4.43,7.1,1213.1,3.1,5.09,206.8
07.02.2016 23:00:00,980.4,7.47,1.52,65.85,10.36,6.82,3.54,4.34,6.96,1213.82,6.32,9.13,207.2
08.02.2016 00:00:00,980.66,7.0,1.56,68.18,10.03,6.84,3.19,4.35,6.97,1216.17,6.8,9.69,210.0
08.02.2016 01:00:00,980.64,6.41,2.08,73.7,9.63,7.1,2.53,4.51,7.24,1218.57,5.8,9.33,203.3
08.02.2016 02:00:00,980.03,5.84,1.85,75.5,9.25,6.99,2.27,4.45,7.13,1220.39,3.69,5.93,200.6
08.02.2016 03:00:00,978.98,6.39,1.25,69.58,9.61,6.69,2.92,4.26,6.83,1216.82,4.71,7.05,188.1
08.02.2016 04:00:00,978.32,6.7,0.87,66.27,9.82,6.51,3.31,4.15,6.65,1214.74,6.0,10.09,197.9
08.02.2016 05:00:00,977.58,6.6,0.35,64.26,9.75,6.27,3.49,4.0,6.41,1214.36,6.75,12.7,204.0
08.02.2016 06:00:00,976.41,6.39,0.32,65.02,9.61,6.25,3.36,3.99,6.4,1213.82,7.18,11.26,200.0
08.02.2016 07:00:00,975.34,6.42,0.56,66.01,9.63,6.36,3.27,4.07,6.52,1212.29,8.07,12.82,192.0
08.02.2016 08:00:00,974.97,6.61,0.62,65.45,9.76,6.39,3.37,4.09,6.55,1210.98,6.19,9.09,189.5
08.02.2016 09:00:00,973.68,6.58,0.8,66.43,9.74,6.47,3.27,4.15,6.65,1209.46,6.18,9.85,175.1
08.02.2016 10:00:00,972.69,8.19,1.83,64.08,10.88,6.97,3.91,4.47,7.17,1201.1,7.0,11.26,205.4
08.02.2016 11:00:00,971.67,9.42,2.17,60.42,11.82,7.14,4.68,4.59,7.35,1194.53,10.06,13.78,210.0
08.02.2016 12:00:00,970.95,9.82,2.74,61.27,12.15,7.44,4.7,4.78,7.66,1191.82,8.41,12.78,203.8
08.02.2016 13:00:00,970.22,9.43,2.81,63.2,11.83,7.48,4.35,4.81,7.71,1192.55,10.53,15.46,193.1
08.02.2016 14:00:00,969.49,8.89,3.93,71.0,11.41,8.1,3.31,5.21,8.35,1193.64,10.42,16.38,200.4
08.02.2016 15:00:00,969.35,8.37,4.81,78.2,11.01,8.61,2.4,5.54,8.88,1195.43,6.88,11.13,195.1
08.02.2016 16:00:00,969.31,9.14,4.67,73.5,11.6,8.53,3.07,5.49,8.8,1192.16,9.24,13.24,207.9
08.02.2016 17:00:00,970.34,5.91,3.03,81.7,9.3,7.6,1.7,4.89,7.83,1207.68,4.85,9.41,224.0
08.02.2016 18:00:00,970.19,6.57,3.59,81.2,9.73,7.9,1.83,5.08,8.15,1204.52,6.36,10.69,203.9
08.02.2016 19:00:00,970.66,6.25,1.67,72.4,9.52,6.89,2.63,4.43,7.1,1206.93,7.77,10.49,207.9
08.02.2016 20:00:00,971.32,5.88,1.45,73.1,9.28,6.79,2.5,4.36,6.99,1209.41,7.31,11.46,210.1
08.02.2016 21:00:00,972.36,5.79,1.32,72.9,9.22,6.72,2.5,4.31,6.91,1211.15,3.77,7.21,222.8
08.02.2016 22:00:00,972.7,5.71,0.88,71.0,9.17,6.51,2.66,4.17,6.69,1212.03,6.27,9.45,207.1
08.02.2016 23:00:00,972.83,5.68,0.64,69.88,9.15,6.4,2.76,4.1,6.58,1212.35,5.21,9.61,211.9
09.02.2016 00:00:00,972.73,6.28,0.5,66.41,9.54,6.34,3.2,4.06,6.51,1209.66,8.96,12.62,211.3
09.02.2016 01:00:00,972.96,6.82,0.48,63.84,9.91,6.32,3.58,4.05,6.5,1207.61,9.25,14.34,214.0
09.02.2016 02:00:00,973.22,6.94,0.3,62.52,9.98,6.24,3.74,4.0,6.41,1207.47,7.57,10.65,209.6
09.02.2016 03:00:00,973.53,6.64,-0.05,62.24,9.78,6.09,3.69,3.9,6.25,1209.23,6.81,11.21,211.5
09.02.2016 04:00:00,973.48,6.67,-0.12,61.75,9.8,6.05,3.75,3.88,6.22,1209.04,8.13,12.18,210.1
09.02.2016 05:00:00,973.92,6.74,0.42,63.93,9.85,6.3,3.55,4.03,6.47,1209.16,6.19,9.77,213.5
09.02.2016 06:00:00,973.93,6.88,0.5,63.72,9.94,6.34,3.61,4.06,6.51,1208.57,6.5,11.58,213.8
09.02.2016 07:00:00,973.77,6.56,0.98,67.45,9.72,6.56,3.17,4.2,6.74,1209.66,7.55,10.17,203.8
09.02.2016 08:00:00,973.39,6.13,1.36,71.4,9.44,6.74,2.7,4.32,6.93,1210.94,7.6,11.26,206.8
09.02.2016 09:00:00,972.57,6.87,1.3,67.52,9.94,6.71,3.23,4.3,6.9,1206.72,6.83,9.69,205.3
09.02.2016 10:00:00,972.97,6.19,2.69,78.2,9.48,7.42,2.07,4.75,7.62,1209.83,5.22,6.89,201.5
09.02.2016 11:00:00,971.47,7.35,1.92,68.32,10.27,7.02,3.25,4.51,7.22,1203.16,7.21,12.06,210.4
09.02.2016 12:00:00,969.5,7.61,1.47,65.0,10.46,6.8,3.66,4.37,7.01,1199.7,6.38,7.85,204.3
09.02.2016 13:00:00,967.8,7.72,2.6,69.92,10.53,7.37,3.17,4.75,7.61,1196.86,7.37,12.06,187.6
09.02.2016 14:00:00,965.68,6.85,3.56,79.5,9.93,7.89,2.03,5.1,8.17,1197.69,6.17,9.13,177.3
09.02.2016 15:00:00,962.93,6.54,3.4,80.3,9.72,7.8,1.91,5.05,8.1,1195.63,5.94,8.15,168.8
09.02.2016 16:00:00,961.15,7.96,4.77,80.2,10.71,8.59,2.12,5.58,8.94,1187.02,6.26,8.77,185.0
09.02.2016 17:00:00,960.03,8.61,5.42,80.3,11.19,8.99,2.21,5.84,9.36,1182.71,7.47,13.42,188.1
09.02.2016 18:00:00,958.58,8.44,5.75,83.1,11.06,9.19,1.87,5.99,9.59,1181.54,6.16,9.17,185.0
09.02.2016 19:00:00,957.71,8.97,5.86,80.8,11.47,9.27,2.2,6.04,9.68,1178.21,6.24,10.03,188.0
09.02.2016 20:00:00,957.45,8.91,5.62,79.8,11.42,9.12,2.31,5.94,9.52,1178.21,6.73,10.57,195.6
09.02.2016 21:00:00,956.96,8.99,4.64,74.1,11.49,8.51,2.97,5.55,8.89,1177.55,7.04,10.81,200.9
09.02.2016 22:00:00,957.73,8.67,3.15,68.19,11.24,7.66,3.58,4.99,8.0,1180.24,9.33,13.26,207.9
09.02.2016 23:00:00,960.05,6.33,2.64,77.2,9.57,7.39,2.18,4.8,7.7,1193.15,4.41,9.29,240.5
10.02.2016 00:00:00,962.27,5.08,-0.28,68.17,8.78,5.98,2.79,3.88,6.22,1201.96,3.72,6.85,234.1
10.02.2016 01:00:00,963.69,4.72,-0.54,68.63,8.56,5.87,2.68,3.8,6.09,1205.35,4.49,9.19,245.3
10.02.2016 02:00:00,964.8,4.29,-0.76,69.55,8.31,5.78,2.53,3.73,5.99,1208.63,1.21,2.92,258.5
10.02.2016 03:00:00,965.25,2.6,0.25,84.4,7.37,6.22,1.15,4.02,6.44,1216.39,2.87,4.33,214.0
10.02.2016 04:00:00,964.98,2.94,-0.52,77.9,7.55,5.88,1.67,3.8,6.1,1214.72,2.2,4.25,230.1
10.02.2016 05:00:00,965.79,2.96,-1.18,74.1,7.56,5.6,1.96,3.62,5.8,1215.8,1.52,3.41,198.1
10.02.2016 06:00:00,966.17,2.29,-1.76,74.5,7.2,5.37,1.84,3.46,5.56,1219.36,1.65,3.0,208.8
10.02.2016 07:00:00,966.87,2.63,-1.89,72.0,7.38,5.32,2.07,3.43,5.5,1218.74,2.87,4.85,191.8
10.02.2016 08:00:00,967.14,1.87,-1.91,75.9,6.99,5.31,1.69,3.42,5.49,1222.47,2.25,3.28,203.6
10.02.2016 09:00:00,967.54,2.74,-1.8,71.9,7.44,5.35,2.09,3.45,5.53,1219.09,2.7,3.65,191.2
10.02.2016 10:00:00,967.53,3.55,-1.56,69.1,7.88,5.45,2.44,3.51,5.63,1215.48,7.13,9.33,206.4
10.02.2016 11:00:00,967.38,4.47,-1.76,63.81,8.41,5.37,3.04,3.46,5.55,1211.27,9.49,12.64,215.4
10.02.2016 12:00:00,967.68,4.8,-1.61,63.08,8.6,5.43,3.18,3.5,5.61,1210.22,7.99,11.34,212.9
10.02.2016 13:00:00,967.41,4.68,-1.19,65.61,8.53,5.6,2.93,3.61,5.79,1210.32,7.28,9.41,210.8
10.02.2016 14:00:00,967.52,5.11,-0.93,64.85,8.8,5.7,3.09,3.68,5.9,1208.52,5.83,9.53,216.0
10.02.2016 15:00:00,967.69,4.75,-0.64,67.96,8.58,5.83,2.75,3.76,6.02,1210.24,6.1,9.49,212.8
10.02.2016 16:00:00,968.16,4.24,-0.02,73.7,8.27,6.1,2.18,3.93,6.3,1212.94,4.46,6.61,215.0
10.02.2016 17:00:00,968.32,4.04,-0.04,74.6,8.16,6.09,2.07,3.92,6.29,1214.0,3.23,5.21,213.8
10.02.2016 18:00:00,968.87,3.19,0.41,81.9,7.68,6.29,1.39,4.05,6.49,1218.36,3.03,4.53,213.0
10.02.2016 19:00:00,969.49,3.32,0.01,78.8,7.75,6.11,1.64,3.93,6.3,1218.64,0.73,1.78,202.1
10.02.2016 20:00:00,969.88,3.35,-0.26,77.1,7.77,5.99,1.78,3.85,6.18,1219.05,2.45,4.73,227.8
10.02.2016 21:00:00,970.53,3.56,-0.06,77.1,7.89,6.08,1.81,3.91,6.27,1218.89,1.75,4.03,228.0
10.02.2016 22:00:00,970.95,3.58,-0.09,76.8,7.9,6.07,1.83,3.9,6.25,1219.34,1.95,3.53,197.8
10.02.2016 23:00:00,971.45,2.99,0.24,82.0,7.58,6.21,1.36,3.99,6.4,1222.49,2.52,4.61,230.0
11.02.2016 00:00:00,971.73,2.48,0.77,88.4,7.31,6.46,0.85,4.14,6.65,1225.0,1.7,3.28,222.1
11.02.2016 01:00:00,972.26,3.23,0.99,85.2,7.7,6.56,1.14,4.21,6.75,1222.31,2.78,6.15,254.3
11.02.2016 02:00:00,973.08,3.21,0.81,84.2,7.7,6.48,1.22,4.15,6.66,1223.45,0.81,2.68,191.2
11.02.2016 03:00:00,973.98,3.37,0.46,81.2,7.78,6.32,1.46,4.04,6.49,1223.99,2.16,3.93,261.0
11.02.2016 04:00:00,974.32,2.88,0.21,82.5,7.52,6.2,1.32,3.97,6.36,1226.64,0.64,1.64,227.7
11.02.2016 05:00:00,974.85,3.04,-0.21,79.1,7.6,6.01,1.59,3.85,6.17,1226.68,1.95,3.41,230.5
11.02.2016 06:00:00,975.31,2.67,-0.66,78.6,7.4,5.82,1.58,3.72,5.97,1229.01,1.47,3.53,237.9
11.02.2016 07:00:00,975.83,3.01,-0.47,77.8,7.59,5.9,1.68,3.77,6.05,1228.08,1.07,2.46,213.4
11.02.2016 08:00:00,976.51,2.99,-1.19,73.9,7.57,5.6,1.98,3.57,5.73,1229.21,1.11,1.96,232.8
11.02.2016 09:00:00,976.79,3.11,-1.52,71.5,7.64,5.46,2.18,3.49,5.59,1229.07,1.36,2.56,230.9
11.02.2016 10:00:00,977.33,4.76,-1.33,64.55,8.59,5.54,3.04,3.53,5.67,1222.4,3.19,5.57,226.1
11.02.2016 11:00:00,977.57,4.96,-1.04,65.02,8.7,5.66,3.04,3.61,5.79,1221.79,3.93,8.45,233.5
11.02.2016 12:00:00,977.43,6.73,-0.74,58.79,9.84,5.79,4.06,3.69,5.92,1213.83,3.92,6.33,234.0
11.02.2016 13:00:00,977.54,5.52,-0.96,62.93,9.05,5.69,3.35,3.63,5.83,1219.28,3.13,6.17,229.9
11.02.2016 14:00:00,977.43,5.71,-1.27,60.68,9.17,5.57,3.61,3.55,5.69,1218.36,4.4,8.49,236.2
11.02.2016 15:00:00,977.46,5.9,-1.45,59.08,9.3,5.49,3.8,3.5,5.62,1217.59,2.6,4.09,228.7
11.02.2016 16:00:00,977.65,5.68,-1.45,59.99,9.15,5.49,3.66,3.5,5.62,1218.8,2.27,4.33,241.3
11.02.2016 17:00:00,977.9,5.23,-1.53,61.56,8.87,5.46,3.41,3.48,5.58,1221.11,2.42,3.69,243.6
11.02.2016 18:00:00,978.32,4.08,-1.63,66.24,8.18,5.42,2.76,3.45,5.54,1226.72,0.68,1.24,244.5
11.02.2016 19:00:00,978.5,2.99,-1.54,72.0,7.57,5.45,2.12,3.47,5.57,1231.78,0.78,1.48,250.0
11.02.2016 20:00:00,978.44,2.33,-1.43,76.1,7.23,5.5,1.73,3.5,5.62,1234.61,1.26,2.32,225.7
11.02.2016 21:00:00,978.62,2.06,-1.44,77.5,7.09,5.5,1.6,3.5,5.62,1236.04,2.36,3.08,226.7
11.02.2016 22:00:00,978.81,1.47,-1.17,82.5,6.79,5.61,1.19,3.57,5.73,1238.91,2.53,3.08,224.1
11.02.2016 23:00:00,978.62,1.84,-1.09,80.8,6.98,5.64,1.34,3.59,5.76,1236.97,2.63,3.85,241.5
12.02.2016 00:00:00,978.61,2.1,-1.13,79.1,7.11,5.62,1.49,3.58,5.75,1235.82,2.56,3.53,240.6
12.02.2016 01:00:00,978.61,0.67,-1.3,86.6,6.41,5.55,0.86,3.54,5.68,1242.29,1.02,1.6,217.8
12.02.2016 02:00:00,978.67,0.46,-1.33,87.7,6.31,5.54,0.78,3.53,5.66,1243.34,0.79,1.6,176.8
12.02.2016 03:00:00,978.58,0.06,-1.38,90.0,6.13,5.52,0.61,3.52,5.64,1245.07,1.01,1.68,215.6
12.02.2016 04:00:00,978.57,-1.0,-2.15,91.9,5.67,5.22,0.46,3.32,5.33,1250.05,1.0,1.68,214.5
12.02.2016 05:00:00,978.42,-1.09,-2.03,93.3,5.64,5.26,0.38,3.35,5.38,1250.22,1.24,2.16,222.2
12.02.2016 06:00:00,978.45,-1.21,-1.95,94.7,5.59,5.29,0.3,3.37,5.41,1250.81,1.44,2.0,236.6
12.02.2016 07:00:00,978.23,-0.72,-1.71,93.0,5.79,5.39,0.41,3.43,5.51,1248.24,1.06,1.52,226.7
12.02.2016 08:00:00,978.2,-0.99,-2.05,92.5,5.68,5.25,0.43,3.35,5.37,1249.49,1.35,1.64,227.0
12.02.2016 09:00:00,978.05,-0.2,-1.5,90.9,6.02,5.47,0.55,3.49,5.59,1245.58,0.47,1.9,63.31
12.02.2016 10:00:00,977.61,2.72,-0.44,79.6,7.43,5.91,1.52,3.77,6.05,1231.64,0.9,1.84,149.1
12.02.2016 11:00:00,977.18,4.22,-0.02,73.8,8.26,6.1,2.16,3.89,6.24,1224.37,1.57,2.8,82.8
12.02.2016 12:00:00,976.34,4.27,-0.91,68.92,8.29,5.71,2.58,3.65,5.85,1223.26,2.05,3.28,215.6
12.02.2016 13:00:00,975.48,4.76,-1.19,65.25,8.58,5.6,2.98,3.58,5.74,1220.09,2.48,3.95,254.1
12.02.2016 14:00:00,974.88,4.78,-0.86,66.74,8.6,5.74,2.86,3.67,5.88,1219.16,2.69,3.81,153.5
12.02.2016 15:00:00,973.96,6.08,-1.71,57.28,9.41,5.39,4.02,3.45,5.53,1212.53,3.01,4.45,171.3
12.02.2016 16:00:00,973.53,6.04,-1.88,56.69,9.39,5.32,4.07,3.41,5.47,1212.16,1.63,2.76,167.3
12.02.2016 17:00:00,972.93,4.76,-3.15,56.36,8.58,4.84,3.75,3.1,4.97,1217.23,1.44,1.8,216.9
12.02.2016 18:00:00,972.69,4.53,-2.33,60.9,8.44,5.14,3.3,3.3,5.29,1217.81,0.31,0.64,336.1
12.02.2016 19:00:00,972.46,4.0,-2.0,64.77,8.14,5.27,2.87,3.38,5.42,1219.78,1.43,2.16,77.1
12.02.2016 20:00:00,972.28,2.79,-2.23,69.38,7.47,5.18,2.29,3.32,5.33,1224.94,1.19,1.74,220.2
12.02.2016 21:00:00,972.01,2.08,-2.51,71.5,7.1,5.08,2.02,3.26,5.22,1227.79,0.73,0.96,229.4
12.02.2016 22:00:00,971.83,0.73,-2.55,78.6,6.44,5.06,1.38,3.25,5.21,1233.64,0.38,0.64,50.8
12.02.2016 23:00:00,971.56,-0.02,-2.86,81.1,6.1,4.95,1.15,3.17,5.09,1236.74,0.27,0.58,31.84
13.02.2016 00:00:00,971.29,-0.85,-2.94,85.6,5.74,4.91,0.83,3.15,5.06,1240.16,0.21,0.36,7.25
13.02.2016 01:00:00,971.08,-1.26,-3.26,86.2,5.57,4.8,0.77,3.08,4.94,1241.85,0.35,0.76,180.9
13.02.2016 02:00:00,970.74,-1.4,-3.33,86.6,5.51,4.77,0.74,3.06,4.92,1242.05,0.31,0.66,192.2
13.02.2016 03:00:00,970.52,-2.12,-3.58,89.7,5.22,4.69,0.54,3.01,4.83,1245.12,0.23,0.48,106.7
13.02.2016 04:00:00,970.32,-2.93,-4.27,90.4,4.92,4.45,0.47,2.86,4.58,1248.69,0.75,1.48,201.1
13.02.2016 05:00:00,970.16,-3.02,-3.97,93.1,4.89,4.55,0.34,2.92,4.69,1248.85,0.22,0.48,2.33
13.02.2016 06:00:00,970.01,-3.75,-4.57,94.0,4.63,4.35,0.28,2.79,4.48,1252.14,0.37,0.76,181.1
13.02.2016 07:00:00,969.55,-4.42,-5.15,94.6,4.4,4.16,0.24,2.67,4.29,1254.75,0.56,1.32,101.3
13.02.2016 08:00:00,969.97,-4.84,-5.52,94.9,4.26,4.04,0.22,2.6,4.17,1257.31,0.82,1.48,206.0
13.02.2016 09:00:00,969.73,-3.26,-4.49,91.1,4.8,4.37,0.43,2.81,4.51,1249.5,0.57,1.12,163.7
13.02.2016 10:00:00,969.51,-1.69,-3.76,85.7,5.39,4.62,0.77,2.97,4.77,1241.87,1.12,2.56,171.1
13.02.2016 11:00:00,968.61,0.85,-2.65,77.3,6.5,5.02,1.47,3.23,5.18,1229.03,1.73,3.1,166.7
13.02.2016 12:00:00,967.86,2.74,-1.99,70.9,7.44,5.28,2.17,3.4,5.45,1219.52,2.85,4.03,168.1
13.02.2016 13:00:00,967.02,4.24,-1.66,65.33,8.27,5.41,2.87,3.48,5.59,1211.84,3.02,4.37,183.4
13.02.2016 14:00:00,966.11,4.39,-1.64,64.71,8.37,5.41,2.95,3.49,5.6,1210.01,4.12,6.57,192.0
13.02.2016 15:00:00,965.56,4.28,-1.27,67.03,8.3,5.56,2.74,3.59,5.76,1209.73,3.01,4.85,171.1
13.02.2016 16:00:00,965.44,3.84,-1.09,70.1,8.05,5.64,2.41,3.64,5.84,1211.48,3.22,5.49,185.5
13.02.2016 17:00:00,964.71,3.81,-0.76,72.0,8.03,5.78,2.25,3.73,5.99,1210.64,2.18,3.93,178.1
13.02.2016 18:00:00,964.15,3.53,-0.57,74.4,7.87,5.86,2.02,3.79,6.08,1211.09,1.89,2.88,164.9
13.02.2016 19:00:00,963.62,3.32,-0.58,75.5,7.75,5.85,1.9,3.79,6.07,1211.38,2.65,4.21,141.1
13.02.2016 20:00:00,963.01,2.68,-0.62,78.8,7.41,5.84,1.57,3.78,6.06,1213.41,1.61,3.36,153.6
13.02.2016 21:00:00,962.72,2.23,-0.54,81.8,7.18,5.87,1.31,3.8,6.1,1215.01,1.23,2.14,194.4
13.02.2016 22:00:00,962.22,1.89,-0.21,85.9,7.0,6.02,0.99,3.9,6.25,1215.81,1.48,2.16,204.5
13.02.2016 23:00:00,961.35,1.99,0.49,89.7,7.06,6.33,0.73,4.1,6.58,1214.1,0.7,1.12,350.7
14.02.2016 00:00:00,960.73,2.21,0.73,89.9,7.16,6.44,0.72,4.18,6.7,1212.33,1.26,1.68,216.6
14.02.2016 01:00:00,960.03,2.79,0.98,87.8,7.47,6.56,0.91,4.26,6.83,1208.8,1.8,2.44,200.4
14.02.2016 02:00:00,959.4,2.94,1.08,87.5,7.55,6.6,0.94,4.29,6.88,1207.34,1.85,2.6,209.8
14.02.2016 03:00:00,959.15,3.2,1.19,86.6,7.69,6.66,1.03,4.33,6.94,1205.88,2.08,2.76,204.0
14.02.2016 04:00:00,958.66,3.04,1.14,87.3,7.6,6.64,0.97,4.32,6.92,1205.96,2.67,3.45,206.7
14.02.2016 05:00:00,958.66,3.16,1.23,87.1,7.67,6.68,0.99,4.34,6.96,1205.43,1.62,2.4,208.0
14.02.2016 06:00:00,958.67,3.26,1.45,87.9,7.72,6.79,0.93,4.41,7.08,1204.96,1.9,2.64,209.3
14.02.2016 07:00:00,958.63,3.27,1.82,90.2,7.73,6.97,0.76,4.53,7.27,1204.78,1.51,2.08,212.9
14.02.2016 08:00:00,958.76,3.48,2.17,91.1,7.84,7.15,0.7,4.65,7.45,1203.92,1.18,1.64,217.8
14.02.2016 09:00:00,959.56,3.98,2.8,92.0,8.12,7.47,0.65,4.86,7.79,1202.62,1.28,1.76,222.3
14.02.2016 10:00:00,959.92,5.97,4.27,88.8,9.34,8.29,1.05,5.39,8.64,1194.08,1.27,2.24,154.2
14.02.2016 11:00:00,960.27,8.13,4.04,75.3,10.83,8.16,2.68,5.3,8.5,1185.42,4.51,7.49,201.1
14.02.2016 12:00:00,960.92,8.47,3.45,70.6,11.09,7.83,3.26,5.08,8.15,1184.94,4.99,7.63,206.8
14.02.2016 13:00:00,961.09,8.16,3.51,72.4,10.86,7.86,3.0,5.1,8.18,1186.45,3.57,5.49,209.2
14.02.2016 14:00:00,961.88,8.03,3.01,70.5,10.76,7.59,3.17,4.92,7.89,1188.1,4.2,6.49,208.5
14.02.2016 15:00:00,962.69,7.77,2.65,69.95,10.57,7.39,3.18,4.79,7.68,1190.3,6.36,8.61,210.7
14.02.2016 16:00:00,963.37,8.02,2.75,69.24,10.75,7.45,3.31,4.82,7.73,1190.06,5.31,7.95,207.0
14.02.2016 17:00:00,964.48,7.15,2.79,73.7,10.13,7.47,2.66,4.83,7.74,1195.12,2.53,3.4,209.2
14.02.2016 18:00:00,965.35,6.78,2.41,73.6,9.88,7.27,2.61,4.7,7.53,1197.87,2.67,4.13,236.0
14.02.2016 19:00:00,966.64,5.95,2.58,78.9,9.32,7.36,1.97,4.75,7.61,1203.01,1.71,2.84,268.5
14.02.2016 20:00:00,967.52,5.19,2.3,81.5,8.85,7.21,1.64,4.65,7.45,1207.45,1.07,1.32,215.6
14.02.2016 21:00:00,968.48,5.27,2.31,81.1,8.9,7.21,1.68,4.65,7.45,1208.3,1.7,2.28,247.7
14.02.2016 22:00:00,969.32,4.79,2.81,86.9,8.6,7.48,1.13,4.81,7.71,1211.31,2.87,3.89,249.9
14.02.2016 23:00:00,970.31,4.55,2.56,86.9,8.46,7.35,1.11,4.72,7.57,1213.69,2.09,2.64,250.1
15.02.2016 00:00:00,971.54,4.68,1.75,81.2,8.53,6.93,1.6,4.45,7.13,1214.85,2.41,3.53,243.2
15.02.2016 01:00:00,972.26,4.47,1.53,81.1,8.41,6.82,1.59,4.38,7.02,1216.71,0.81,1.68,224.0
15.02.2016 02:00:00,973.07,4.41,1.17,79.4,8.37,6.65,1.72,4.26,6.83,1218.11,1.82,3.24,253.1
15.02.2016 03:00:00,974.06,4.32,1.25,80.4,8.32,6.69,1.63,4.28,6.87,1219.72,1.11,1.72,234.4
15.02.2016 04:00:00,974.96,3.97,1.56,84.2,8.12,6.84,1.28,4.37,7.01,1222.31,0.39,1.12,159.6
15.02.2016 05:00:00,975.71,3.83,1.98,87.7,8.04,7.05,0.99,4.51,7.23,1223.77,0.9,1.88,249.4
15.02.2016 06:00:00,976.68,3.86,2.08,88.1,8.06,7.1,0.96,4.53,7.27,1224.84,0.36,0.6,257.3
15.02.2016 07:00:00,977.83,3.88,2.13,88.3,8.07,7.12,0.94,4.54,7.29,1226.18,0.56,1.12,216.9
15.02.2016 08:00:00,978.91,3.56,1.53,86.5,7.89,6.82,1.06,4.35,6.97,1229.1,0.59,0.98,227.9
15.02.2016 09:00:00,980.13,3.81,1.73,86.2,8.03,6.92,1.11,4.4,7.06,1229.46,0.85,1.36,232.9
15.02.2016 10:00:00,981.24,4.49,1.9,83.2,8.42,7.01,1.42,4.46,7.14,1227.8,0.74,2.12,295.3
15.02.2016 11:00:00,982.56,4.27,1.44,81.8,8.29,6.78,1.51,4.3,6.9,1230.57,1.28,2.76,7.79
15.02.2016 12:00:00,983.77,4.29,1.36,81.2,8.3,6.74,1.56,4.27,6.85,1232.02,0.65,1.64,294.9
15.02.2016 13:00:00,984.7,4.58,1.67,81.3,8.48,6.89,1.59,4.36,7.0,1231.81,1.12,2.32,264.2
15.02.2016 14:00:00,985.55,4.53,1.22,79.0,8.45,6.67,1.77,4.22,6.77,1233.19,2.12,3.59,279.1
15.02.2016 15:00:00,986.74,4.32,0.82,77.9,8.32,6.48,1.84,4.1,6.57,1235.74,1.87,3.41,262.0
15.02.2016 16:00:00,988.24,3.51,0.64,81.4,7.86,6.4,1.46,4.04,6.47,1241.27,2.2,3.89,277.1
15.02.2016 17:00:00,989.62,2.7,0.26,83.9,7.42,6.22,1.19,3.92,6.29,1246.76,0.94,2.6,339.9
15.02.2016 18:00:00,991.33,2.38,0.0,84.2,7.25,6.11,1.15,3.84,6.16,1250.4,1.11,3.24,61.4
15.02.2016 19:00:00,993.14,1.55,-0.06,89.0,6.83,6.08,0.75,3.82,6.12,1256.5,1.23,3.49,192.4
15.02.2016 20:00:00,994.2,1.03,-0.27,91.0,6.58,5.99,0.59,3.76,6.02,1260.28,1.15,2.24,197.4
15.02.2016 21:00:00,995.34,0.84,-0.33,91.8,6.49,5.96,0.53,3.73,5.99,1262.6,1.7,3.41,260.7
15.02.2016 22:00:00,996.46,0.81,-0.32,92.1,6.48,5.97,0.51,3.73,5.99,1264.18,1.09,3.53,140.0
15.02.2016 23:00:00,997.37,0.31,-0.59,93.6,6.25,5.85,0.4,3.66,5.86,1267.68,1.35,3.45,3.77
16.02.2016 00:00:00,998.94,-0.01,-0.87,93.9,6.1,5.73,0.37,3.58,5.74,1271.24,3.55,6.01,20.21
16.02.2016 01:00:00,1000.25,-0.2,-1.06,93.9,6.02,5.65,0.37,3.52,5.65,1273.85,1.75,5.13,28.11
16.02.2016 02:00:00,1001.17,-0.47,-1.54,92.4,5.9,5.45,0.45,3.39,5.45,1276.36,2.02,3.77,17.86
16.02.2016 03:00:00,1002.36,-0.44,-1.81,90.4,5.92,5.35,0.57,3.33,5.33,1277.78,2.33,3.33,18.7
16.02.2016 04:00:00,1002.94,-0.67,-1.98,90.8,5.82,5.28,0.54,3.28,5.27,1279.63,3.24,5.09,27.8
16.02.2016 05:00:00,1003.86,-0.88,-2.53,88.5,5.73,5.07,0.66,3.15,5.05,1281.88,2.74,4.29,20.17
16.02.2016 06:00:00,1004.7,-1.13,-3.91,81.3,5.62,4.57,1.05,2.84,4.55,1284.4,2.92,4.97,21.46
16.02.2016 07:00:00,1005.45,-1.46,-4.55,79.4,5.49,4.36,1.13,2.7,4.33,1287.05,3.09,4.69,22.38
16.02.2016 08:00:00,1006.3,-1.66,-4.95,78.1,5.41,4.22,1.18,2.61,4.2,1289.12,1.62,3.97,13.35
16.02.2016 09:00:00,1007.43,-1.89,-5.64,75.4,5.32,4.01,1.31,2.48,3.98,1291.78,1.69,2.48,19.88
16.02.2016 10:00:00,1008.27,-1.73,-5.31,76.4,5.38,4.11,1.27,2.54,4.08,1292.03,1.75,3.15,22.99
16.02.2016 11:00:00,1008.87,-1.36,-5.43,73.7,5.53,4.07,1.45,2.52,4.04,1291.09,1.7,3.81,18.73
16.02.2016 12:00:00,1009.34,-1.47,-5.92,71.5,5.48,3.92,1.56,2.42,3.88,1292.27,1.49,2.97,333.1
16.02.2016 13:00:00,1009.35,-1.5,-6.07,70.9,5.47,3.88,1.59,2.39,3.84,1292.47,3.5,4.45,43.66
16.02.2016 14:00:00,1009.24,-1.46,-5.88,71.7,5.49,3.93,1.55,2.43,3.9,1292.1,2.55,4.05,24.02
16.02.2016 15:00:00,1009.24,-1.75,-5.75,74.0,5.37,3.97,1.4,2.45,3.94,1293.47,1.91,4.55,41.75
16.02.2016 16:00:00,1009.51,-1.86,-6.1,72.6,5.33,3.87,1.46,2.39,3.83,1294.36,1.74,3.93,47.37
16.02.2016 17:00:00,1009.79,-1.8,-6.17,71.9,5.35,3.85,1.5,2.37,3.81,1294.45,2.85,3.69,60.14
16.02.2016 18:00:00,1009.76,-1.73,-5.91,73.0,5.38,3.93,1.45,2.42,3.89,1294.06,2.14,3.61,72.2
16.02.2016 19:00:00,1009.94,-1.68,-5.33,76.0,5.4,4.1,1.3,2.53,4.06,1293.96,3.17,5.29,77.0
16.02.2016 20:00:00,1009.67,-1.63,-5.04,77.4,5.42,4.19,1.22,2.59,4.15,1293.34,2.27,3.45,61.88
16.02.2016 21:00:00,1009.12,-1.58,-4.74,78.9,5.44,4.29,1.15,2.65,4.25,1292.33,1.01,1.52,61.7
16.02.2016 22:00:00,1008.52,-1.26,-4.17,80.5,5.57,4.48,1.09,2.77,4.44,1289.97,1.2,2.08,52.07
16.02.2016 23:00:00,1008.18,-1.21,-3.79,82.5,5.59,4.61,0.98,2.85,4.57,1289.21,4.0,5.17,46.81
17.02.2016 00:00:00,1007.73,-1.33,-3.72,83.7,5.54,4.64,0.9,2.87,4.6,1289.22,3.51,4.73,43.75
17.02.2016 01:00:00,1006.79,-1.19,-3.58,83.7,5.6,4.69,0.91,2.9,4.65,1287.29,2.85,3.73,27.22
17.02.2016 02:00:00,1006.26,-1.66,-3.61,86.5,5.41,4.68,0.73,2.9,4.65,1288.88,2.1,3.57,40.36
17.02.2016 03:00:00,1005.09,-1.63,-3.55,86.7,5.42,4.7,0.72,2.91,4.67,1287.23,2.0,3.21,33.87
17.02.2016 04:00:00,1004.34,-1.6,-3.34,87.8,5.43,4.77,0.66,2.96,4.75,1286.05,1.55,3.01,36.53
17.02.2016 05:00:00,1003.33,-1.45,-3.06,88.7,5.49,4.87,0.62,3.03,4.86,1283.99,3.03,4.37,53.04
17.02.2016 06:00:00,1001.98,-1.22,-2.97,87.8,5.58,4.9,0.68,3.05,4.89,1281.19,3.28,5.61,54.61
17.02.2016 07:00:00,1001.46,-1.23,-3.01,87.6,5.58,4.89,0.69,3.04,4.88,1280.56,3.62,5.33,45.26
17.02.2016 08:00:00,1000.42,-1.33,-3.03,88.1,5.54,4.88,0.66,3.04,4.88,1279.69,3.18,4.05,32.48
17.02.2016 09:00:00,999.25,-1.0,-3.03,86.0,5.68,4.88,0.79,3.04,4.89,1276.66,3.61,4.93,44.01
17.02.2016 10:00:00,997.77,-0.84,-3.05,84.9,5.74,4.88,0.87,3.04,4.89,1274.03,4.27,5.69,41.31
17.02.2016 11:00:00,996.11,-0.23,-3.4,79.1,6.01,4.75,1.26,2.97,4.77,1269.12,5.37,7.21,40.32
17.02.2016 12:00:00,994.43,-0.11,-3.01,80.7,6.06,4.89,1.17,3.06,4.92,1266.36,4.29,6.89,41.43
17.02.2016 13:00:00,993.03,-0.08,-3.21,79.3,6.07,4.82,1.26,3.02,4.85,1264.45,3.18,4.85,54.26
17.02.2016 14:00:00,991.89,-0.49,-3.17,82.0,5.89,4.83,1.06,3.04,4.87,1264.9,3.28,4.43,44.64
17.02.2016 15:00:00,990.89,-0.82,-2.74,86.8,5.75,4.99,0.76,3.14,5.04,1265.09,2.98,3.89,43.2
17.02.2016 16:00:00,990.09,-1.0,-2.32,90.7,5.68,5.15,0.53,3.24,5.2,1264.8,1.54,2.08,43.43
17.02.2016 17:00:00,989.32,-1.27,-2.05,94.4,5.57,5.25,0.31,3.31,5.31,1265.02,1.4,1.88,9.68
17.02.2016 18:00:00,989.04,-1.08,-1.92,94.0,5.64,5.3,0.34,3.34,5.36,1263.78,0.87,1.32,245.8
17.02.2016 19:00:00,988.71,-0.98,-2.21,91.3,5.68,5.19,0.49,3.27,5.25,1262.95,0.85,1.2,219.3
17.02.2016 20:00:00,988.47,-0.85,-1.72,93.8,5.74,5.38,0.36,3.39,5.45,1261.92,0.67,1.08,181.8
17.02.2016 21:00:00,988.31,-1.14,-2.08,93.3,5.62,5.24,0.38,3.31,5.3,1263.13,1.08,1.4,222.0
17.02.2016 22:00:00,988.08,-1.01,-1.75,94.7,5.67,5.37,0.3,3.39,5.43,1262.19,1.1,1.76,202.5
17.02.2016 23:00:00,988.38,-1.12,-1.77,95.3,5.63,5.36,0.26,3.38,5.43,1263.07,1.28,1.96,205.0
18.02.2016 00:00:00,988.31,-0.52,-1.51,93.0,5.88,5.47,0.41,3.45,5.53,1260.16,1.22,1.84,201.6
18.02.2016 01:00:00,988.88,-0.47,-1.39,93.5,5.9,5.52,0.38,3.48,5.58,1260.64,1.63,2.52,186.6
18.02.2016 02:00:00,989.14,0.3,-1.38,88.4,6.24,5.52,0.72,3.48,5.58,1257.39,1.84,2.04,209.1
18.02.2016 03:00:00,989.23,-0.06,-1.14,92.4,6.08,5.62,0.46,3.54,5.68,1259.13,1.03,1.76,228.1
18.02.2016 04:00:00,989.25,0.0,-1.11,92.2,6.11,5.63,0.48,3.55,5.69,1258.89,1.33,2.04,176.1
18.02.2016 05:00:00,989.08,0.27,-1.11,90.4,6.23,5.63,0.6,3.55,5.69,1257.4,0.8,1.08,213.4
18.02.2016 06:00:00,989.26,0.29,-1.0,91.0,6.24,5.68,0.56,3.58,5.74,1257.55,0.59,1.08,211.8
18.02.2016 07:00:00,989.46,0.53,-0.75,91.1,6.35,5.78,0.56,3.64,5.84,1256.65,0.26,0.74,37.77
18.02.2016 08:00:00,989.94,0.37,-0.9,91.1,6.28,5.72,0.56,3.6,5.78,1257.99,0.74,1.24,191.2
18.02.2016 09:00:00,990.11,2.12,-0.32,83.8,7.12,5.97,1.15,3.76,6.02,1250.12,0.76,1.16,202.1
18.02.2016 10:00:00,990.06,3.16,-0.07,79.3,7.67,6.08,1.59,3.83,6.14,1245.3,1.33,2.0,138.2
18.02.2016 11:00:00,990.34,3.87,-0.34,73.9,8.06,5.96,2.1,3.75,6.02,1242.49,3.37,4.65,160.5
18.02.2016 12:00:00,990.15,4.43,-0.73,69.03,8.39,5.79,2.6,3.65,5.85,1239.83,3.05,4.53,168.3
18.02.2016 13:00:00,989.61,4.66,-0.85,67.35,8.52,5.74,2.78,3.62,5.8,1238.17,1.28,2.44,200.5
18.02.2016 14:00:00,989.37,4.7,-0.85,67.16,8.55,5.74,2.81,3.62,5.8,1237.68,2.32,3.6,171.8
18.02.2016 15:00:00,989.16,5.13,-0.97,64.57,8.81,5.69,3.12,3.58,5.75,1235.52,1.86,3.52,195.4
18.02.2016 16:00:00,988.87,5.4,-1.47,61.12,8.97,5.48,3.49,3.46,5.55,1234.09,1.01,1.64,203.7
18.02.2016 17:00:00,988.81,5.04,-1.78,61.22,8.76,5.36,3.4,3.38,5.42,1235.63,0.58,1.14,340.3
18.02.2016 18:00:00,989.26,4.38,-2.56,60.5,8.36,5.06,3.3,3.19,5.11,1239.29,0.33,0.76,307.7
18.02.2016 19:00:00,989.75,3.52,-1.39,70.1,7.87,5.51,2.35,3.47,5.57,1243.54,0.19,0.52,10.24
18.02.2016 20:00:00,989.86,2.55,-1.52,74.4,7.34,5.46,1.88,3.44,5.52,1248.07,0.49,0.84,182.3
18.02.2016 21:00:00,989.87,2.11,-1.17,78.8,7.12,5.61,1.51,3.53,5.66,1250.01,0.77,1.08,215.1
18.02.2016 22:00:00,989.85,1.3,-1.21,83.3,6.71,5.59,1.12,3.52,5.65,1253.69,0.93,1.68,223.2
18.02.2016 23:00:00,989.88,0.83,-1.38,85.1,6.49,5.52,0.97,3.48,5.58,1255.94,0.99,1.38,245.3
19.02.2016 00:00:00,989.75,0.06,-1.82,87.1,6.13,5.34,0.79,3.36,5.4,1259.39,1.29,1.72,228.1
19.02.2016 01:00:00,989.75,-0.55,-2.36,87.5,5.87,5.13,0.73,3.23,5.19,1262.31,1.72,2.52,236.3
19.02.2016 02:00:00,990.23,-1.35,-2.5,91.8,5.53,5.08,0.45,3.2,5.13,1266.66,0.47,0.88,199.0
19.02.2016 03:00:00,990.17,-1.65,-2.99,90.5,5.41,4.9,0.51,3.08,4.95,1268.04,1.42,1.88,214.8
19.02.2016 04:00:00,990.26,-2.02,-3.34,90.6,5.26,4.77,0.49,3.0,4.82,1269.97,1.04,1.32,220.4
19.02.2016 05:00:00,990.55,-2.89,-3.88,92.8,4.93,4.58,0.36,2.88,4.62,1274.52,1.3,1.54,211.9
19.02.2016 06:00:00,990.85,-3.0,-3.93,93.3,4.89,4.56,0.33,2.87,4.61,1275.45,0.91,1.52,213.6
19.02.2016 07:00:00,991.1,-3.27,-4.2,93.2,4.8,4.47,0.33,2.81,4.51,1277.08,1.05,1.68,154.0
19.02.2016 08:00:00,991.77,-3.14,-3.82,95.0,4.84,4.6,0.24,2.89,4.64,1277.25,0.47,1.04,94.2
19.02.2016 09:00:00,992.14,-2.1,-3.76,88.3,5.23,4.62,0.61,2.9,4.66,1272.84,1.16,1.96,158.4
19.02.2016 10:00:00,992.36,-0.93,-3.05,85.4,5.71,4.87,0.83,3.06,4.91,1267.5,0.9,1.44,147.2
19.02.2016 11:00:00,992.44,0.26,-2.45,81.9,6.22,5.1,1.13,3.2,5.14,1262.01,0.66,1.12,190.3
19.02.2016 12:00:00,992.55,2.96,-1.48,72.5,7.56,5.48,2.08,3.44,5.52,1249.63,1.38,2.48,140.0
19.02.2016 13:00:00,992.61,3.69,-3.14,60.82,7.96,4.84,3.12,3.04,4.88,1246.7,1.09,2.68,279.1
19.02.2016 14:00:00,992.7,3.91,-2.62,62.26,8.08,5.03,3.05,3.16,5.07,1245.74,1.26,2.84,293.1
19.02.2016 15:00:00,992.83,4.46,-2.87,58.79,8.41,4.94,3.46,3.1,4.98,1243.47,2.12,3.41,317.7
19.02.2016 16:00:00,993.05,4.03,-3.06,59.72,8.15,4.87,3.28,3.06,4.9,1245.71,0.8,2.04,352.2
19.02.2016 17:00:00,993.31,3.25,-3.06,63.15,7.72,4.87,2.84,3.06,4.91,1249.56,0.81,1.88,302.7
19.02.2016 18:00:00,993.65,2.52,-2.95,67.03,7.33,4.91,2.42,3.08,4.94,1253.28,0.96,1.48,250.6
19.02.2016 19:00:00,994.03,2.33,-3.05,67.43,7.23,4.87,2.35,3.06,4.9,1254.62,1.29,1.56,247.7
19.02.2016 20:00:00,994.29,1.83,-2.73,71.6,6.97,4.99,1.98,3.13,5.02,1257.18,2.59,3.49,244.5
19.02.2016 21:00:00,994.54,1.91,-1.85,76.0,7.01,5.33,1.68,3.34,5.36,1256.97,2.82,4.33,226.0
19.02.2016 22:00:00,994.77,1.56,-1.84,78.0,6.84,5.33,1.5,3.34,5.36,1258.86,1.56,2.48,223.1
19.02.2016 23:00:00,994.51,0.79,-2.1,80.9,6.47,5.23,1.24,3.28,5.26,1262.11,1.75,2.28,221.5
20.02.2016 00:00:00,993.91,0.52,-2.26,81.5,6.34,5.17,1.17,3.24,5.2,1262.64,2.07,2.62,227.2
20.02.2016 01:00:00,994.16,0.17,-2.36,83.0,6.19,5.13,1.05,3.22,5.16,1264.57,2.41,3.04,219.9
20.02.2016 02:00:00,993.88,0.35,-2.45,81.4,6.27,5.1,1.17,3.2,5.13,1263.42,3.15,4.13,208.0
20.02.2016 03:00:00,993.38,0.41,-2.44,81.1,6.29,5.1,1.19,3.2,5.14,1262.49,4.02,4.93,213.3
20.02.2016 04:00:00,992.85,0.81,-2.11,80.7,6.48,5.23,1.25,3.28,5.27,1259.91,3.93,5.07,216.3
20.02.2016 05:00:00,992.47,1.06,-2.02,79.8,6.6,5.26,1.33,3.31,5.3,1258.28,4.77,6.65,208.5
20.02.2016 06:00:00,991.71,1.89,-1.59,77.6,7.0,5.43,1.57,3.42,5.48,1253.43,3.33,6.69,209.5
20.02.2016 07:00:00,990.32,2.27,-1.42,76.5,7.2,5.51,1.69,3.46,5.56,1249.91,4.27,7.83,195.7
20.02.2016 08:00:00,989.75,2.5,-1.48,74.9,7.31,5.48,1.84,3.45,5.53,1248.18,2.17,4.69,182.1
20.02.2016 09:00:00,988.86,3.16,-1.3,72.4,7.67,5.55,2.12,3.5,5.61,1244.03,4.94,7.69,198.3
20.02.2016 10:00:00,987.89,3.87,-0.98,70.5,8.06,5.68,2.38,3.59,5.75,1239.55,9.23,13.46,211.6
20.02.2016 11:00:00,987.23,3.85,-0.4,73.7,8.05,5.93,2.12,3.75,6.01,1238.71,7.6,10.95,210.5
20.02.2016 12:00:00,986.15,4.25,-0.56,70.8,8.28,5.86,2.42,3.71,5.95,1235.57,11.65,15.14,209.9
20.02.2016 13:00:00,985.75,4.29,-0.48,71.0,8.31,5.9,2.41,3.73,5.98,1234.88,8.58,14.78,209.6
20.02.2016 14:00:00,985.45,4.4,-0.09,72.5,8.37,6.07,2.3,3.84,6.16,1233.93,9.49,14.5,210.7
20.02.2016 15:00:00,984.69,4.13,0.23,75.6,8.21,6.21,2.0,3.93,6.31,1234.11,8.9,12.52,212.7
20.02.2016 16:00:00,984.61,4.07,0.77,79.0,8.18,6.46,1.72,4.09,6.56,1234.18,8.11,10.85,208.9
20.02.2016 17:00:00,984.54,4.53,0.7,76.1,8.45,6.43,2.02,4.07,6.53,1232.05,7.87,11.94,210.5
20.02.2016 18:00:00,983.97,4.61,1.19,78.4,8.49,6.66,1.83,4.22,6.77,1230.89,8.32,11.74,207.4
20.02.2016 19:00:00,983.8,4.97,1.58,78.6,8.71,6.85,1.86,4.34,6.96,1228.98,6.19,8.43,204.9
20.02.2016 20:00:00,983.56,4.8,2.34,84.0,8.61,7.23,1.38,4.59,7.35,1229.23,5.82,8.49,207.7
20.02.2016 21:00:00,983.02,5.39,2.48,81.4,8.97,7.3,1.67,4.63,7.43,1225.92,4.38,6.21,202.4
20.02.2016 22:00:00,982.81,5.84,2.88,81.2,9.26,7.52,1.74,4.77,7.65,1223.58,5.27,7.13,201.0
20.02.2016 23:00:00,981.97,6.68,3.73,81.4,9.81,7.98,1.82,5.07,8.13,1218.66,4.02,6.01,198.8
21.02.2016 00:00:00,981.27,7.18,4.38,82.3,10.15,8.36,1.8,5.31,8.51,1215.44,5.25,7.21,199.7
21.02.2016 01:00:00,980.87,8.03,5.08,81.6,10.76,8.78,1.98,5.59,8.95,1211.07,7.39,9.41,206.1
21.02.2016 02:00:00,980.7,8.63,5.72,81.9,11.21,9.18,2.03,5.84,9.36,1208.09,6.32,9.45,207.3
21.02.2016 03:00:00,980.26,9.91,6.59,79.8,12.22,9.75,2.47,6.21,9.95,1201.82,5.22,8.29,210.9
21.02.2016 04:00:00,980.7,10.19,7.3,82.2,12.45,10.24,2.22,6.52,10.44,1200.95,1.61,3.84,202.5
21.02.2016 05:00:00,981.26,10.71,7.61,81.1,12.89,10.46,2.44,6.65,10.65,1199.34,2.85,5.61,249.8
21.02.2016 06:00:00,981.53,11.05,7.5,78.7,13.19,10.38,2.81,6.6,10.57,1198.27,2.28,4.4,229.2
21.02.2016 07:00:00,981.98,11.06,7.44,78.3,13.2,10.33,2.86,6.57,10.52,1198.8,2.71,6.57,231.7
21.02.2016 08:00:00,983.94,8.01,6.79,92.0,10.75,9.89,0.86,6.27,10.05,1214.44,1.31,2.64,288.5
21.02.2016 09:00:00,984.47,7.39,6.34,93.0,10.3,9.58,0.72,6.07,9.73,1217.93,1.72,3.52,257.4
21.02.2016 10:00:00,984.71,7.49,6.48,93.3,10.37,9.68,0.69,6.13,9.83,1217.74,0.94,2.12,230.2
21.02.2016 11:00:00,984.39,7.86,7.14,95.2,10.64,10.13,0.51,6.42,10.29,1215.53,1.75,2.88,161.4
21.02.2016 12:00:00,984.09,9.1,8.47,95.8,11.57,11.08,0.49,7.04,11.26,1209.38,1.52,4.04,238.0
21.02.2016 13:00:00,983.63,10.77,8.3,84.7,12.94,10.96,1.98,6.96,11.15,1201.75,1.82,5.89,219.6
21.02.2016 14:00:00,982.93,11.2,8.07,81.0,13.32,10.79,2.53,6.86,10.98,1199.16,2.4,5.17,218.3
21.02.2016 15:00:00,982.35,11.7,8.21,79.1,13.77,10.89,2.88,6.92,11.09,1196.3,3.26,6.37,204.1
21.02.2016 16:00:00,982.11,11.83,8.2,78.4,13.89,10.89,3.0,6.92,11.09,1195.46,3.02,5.69,206.9
21.02.2016 17:00:00,981.69,12.74,8.47,75.2,14.74,11.09,3.66,7.06,11.29,1191.05,6.61,11.37,213.2
21.02.2016 18:00:00,981.47,12.73,8.54,75.6,14.74,11.14,3.6,7.09,11.35,1190.8,5.35,8.77,214.6
21.02.2016 19:00:00,981.54,12.57,8.33,75.3,14.58,10.98,3.6,6.99,11.19,1191.63,5.68,8.45,211.6
21.02.2016 20:00:00,981.64,12.44,8.24,75.5,14.46,10.92,3.54,6.95,11.12,1192.32,6.74,8.81,208.1
21.02.2016 21:00:00,981.59,12.15,8.09,76.2,14.18,10.81,3.38,6.88,11.01,1193.52,5.51,10.29,232.8
21.02.2016 22:00:00,981.29,11.86,7.89,76.6,13.91,10.66,3.26,6.78,10.86,1194.44,5.79,10.21,219.5
21.02.2016 23:00:00,981.26,11.6,7.58,76.3,13.68,10.44,3.24,6.64,10.64,1195.6,5.3,9.05,215.6
22.02.2016 00:00:00,980.34,11.37,7.42,76.6,13.47,10.32,3.15,6.57,10.53,1195.49,10.34,13.49,213.2
22.02.2016 01:00:00,980.46,11.04,7.25,77.4,13.18,10.2,2.98,6.5,10.4,1197.08,8.32,10.57,214.9
22.02.2016 02:00:00,980.44,10.42,6.78,78.1,12.64,9.88,2.77,6.29,10.07,1199.82,6.76,9.45,216.2
22.02.2016 03:00:00,980.34,10.5,5.56,71.4,12.71,9.08,3.64,5.78,9.26,1199.73,6.19,9.69,216.3
22.02.2016 04:00:00,979.4,10.17,4.67,68.6,12.43,8.53,3.9,5.44,8.71,1200.23,7.03,9.85,214.5
22.02.2016 05:00:00,978.85,9.67,4.37,69.48,12.02,8.35,3.67,5.33,8.54,1201.76,9.55,13.17,214.1
22.02.2016 06:00:00,979.01,9.66,4.49,70.1,12.02,8.42,3.59,5.37,8.6,1201.96,7.85,10.49,212.1
22.02.2016 07:00:00,979.69,9.72,4.67,70.7,12.06,8.53,3.53,5.43,8.71,1202.5,5.09,6.97,207.3
22.02.2016 08:00:00,979.65,9.8,4.87,71.3,12.13,8.65,3.48,5.51,8.83,1202.05,3.28,6.57,209.2
22.02.2016 09:00:00,979.67,10.24,5.05,70.1,12.49,8.76,3.74,5.58,8.94,1200.16,2.47,5.57,236.5
22.02.2016 10:00:00,979.79,10.56,5.28,69.75,12.76,8.9,3.86,5.67,9.09,1198.89,2.9,6.71,215.9
22.02.2016 11:00:00,979.66,10.6,5.35,69.91,12.8,8.95,3.85,5.7,9.13,1198.54,6.21,10.29,216.2
22.02.2016 12:00:00,979.54,10.66,5.23,69.04,12.85,8.87,3.98,5.65,9.06,1198.17,7.14,12.85,210.7
22.02.2016 13:00:00,979.13,10.93,5.37,68.47,13.08,8.96,4.12,5.71,9.15,1196.49,5.76,10.21,211.8
22.02.2016 14:00:00,979.06,10.72,5.34,69.31,12.9,8.94,3.96,5.7,9.13,1197.3,6.02,8.61,211.5
22.02.2016 15:00:00,978.71,10.51,5.41,70.6,12.72,8.98,3.74,5.73,9.18,1197.73,6.21,9.41,208.9
22.02.2016 16:00:00,978.71,10.73,5.7,71.0,12.91,9.17,3.74,5.85,9.36,1196.72,4.99,8.41,205.3
22.02.2016 17:00:00,978.77,9.99,5.97,76.0,12.29,9.34,2.95,5.96,9.54,1199.84,5.7,8.53,210.2
22.02.2016 18:00:00,978.75,9.81,5.77,75.9,12.14,9.21,2.93,5.88,9.41,1200.64,7.44,10.93,211.6
22.02.2016 19:00:00,979.15,9.32,5.54,77.2,11.74,9.07,2.68,5.78,9.26,1203.28,2.1,5.93,286.9
22.02.2016 20:00:00,979.76,4.58,3.77,94.5,8.47,8.01,0.47,5.1,8.17,1225.1,1.94,3.48,24.32
22.02.2016 21:00:00,980.26,4.75,4.22,96.4,8.58,8.27,0.31,5.26,8.43,1224.85,0.55,1.04,254.1
22.02.2016 22:00:00,981.1,3.99,3.18,94.4,8.13,7.68,0.46,4.88,7.83,1229.52,1.63,4.65,266.8
22.02.2016 23:00:00,981.74,2.64,1.57,92.6,7.39,6.84,0.55,4.35,6.97,1236.77,1.4,3.34,262.5
23.02.2016 00:00:00,982.34,1.64,0.68,93.3,6.88,6.42,0.46,4.07,6.53,1242.22,1.39,2.44,264.0
23.02.2016 01:00:00,982.74,0.8,-0.01,94.3,6.47,6.1,0.37,3.87,6.21,1246.69,2.11,3.08,261.2
23.02.2016 02:00:00,982.87,0.79,-0.02,94.3,6.47,6.1,0.37,3.87,6.21,1246.92,2.42,4.05,254.2
23.02.2016 03:00:00,982.75,0.67,-0.05,94.9,6.41,6.08,0.33,3.86,6.19,1247.33,1.47,2.16,236.3
23.02.2016 04:00:00,982.74,0.77,0.13,95.5,6.46,6.17,0.29,3.91,6.28,1246.81,1.58,2.08,147.1
23.02.2016 05:00:00,982.93,0.2,-0.29,96.5,6.2,5.98,0.22,3.79,6.08,1249.75,0.77,1.44,183.1
23.02.2016 06:00:00,983.07,0.0,-0.4,97.1,6.11,5.93,0.18,3.76,6.03,1250.83,0.68,1.24,141.8
23.02.2016 07:00:00,983.1,0.04,-0.32,97.4,6.13,5.97,0.16,3.78,6.07,1250.69,0.51,0.96,183.5
23.02.2016 08:00:00,983.35,0.26,-0.06,97.7,6.22,6.08,0.14,3.86,6.18,1249.94,0.26,0.48,198.4
23.02.2016 09:00:00,983.6,0.5,0.18,97.7,6.34,6.19,0.15,3.92,6.29,1249.1,0.4,0.76,220.0
23.02.2016 10:00:00,983.75,1.18,0.8,97.3,6.65,6.48,0.18,4.1,6.58,1246.06,0.42,0.68,187.6
23.02.2016 11:00:00,984.06,1.65,1.17,96.6,6.88,6.65,0.23,4.21,6.76,1244.25,0.73,1.48,217.3
23.02.2016 12:00:00,984.08,2.24,1.39,94.1,7.18,6.76,0.42,4.28,6.87,1241.57,1.15,2.0,255.4
23.02.2016 13:00:00,983.62,3.4,1.73,88.8,7.8,6.92,0.87,4.39,7.04,1235.71,1.57,3.14,271.5
23.02.2016 14:00:00,983.35,3.47,1.23,85.2,7.84,6.68,1.16,4.23,6.79,1235.16,1.77,2.52,218.0
23.02.2016 15:00:00,983.35,3.63,1.28,84.5,7.93,6.7,1.23,4.25,6.81,1234.41,2.14,2.96,226.1
23.02.2016 16:00:00,983.62,4.65,1.19,78.2,8.52,6.66,1.86,4.22,6.77,1230.27,1.55,3.04,231.7
23.02.2016 17:00:00,984.01,3.82,0.44,78.5,8.04,6.31,1.73,4.0,6.41,1234.59,1.69,2.28,246.8
23.02.2016 18:00:00,984.59,2.77,-0.12,81.2,7.46,6.05,1.4,3.83,6.15,1240.16,2.72,3.41,249.5
23.02.2016 19:00:00,985.42,2.23,-0.44,82.4,7.18,5.91,1.26,3.74,6.0,1243.69,2.5,3.16,251.4
23.02.2016 20:00:00,986.18,2.12,-0.47,82.9,7.12,5.9,1.22,3.73,5.99,1245.15,3.04,4.45,256.3
23.02.2016 21:00:00,987.12,2.37,-0.13,83.5,7.25,6.05,1.2,3.82,6.13,1245.16,2.52,4.37,253.8
23.02.2016 22:00:00,987.76,2.11,0.36,88.1,7.11,6.27,0.85,3.96,6.35,1247.03,2.36,4.57,262.8
23.02.2016 23:00:00,988.52,1.99,0.24,88.1,7.05,6.21,0.84,3.92,6.29,1248.57,1.22,2.04,254.1
24.02.2016 00:00:00,988.76,2.02,0.1,87.0,7.07,6.15,0.92,3.88,6.22,1248.75,1.86,3.57,248.4
24.02.2016 01:00:00,988.98,2.23,-0.36,82.9,7.18,5.95,1.23,3.75,6.02,1248.17,1.15,2.88,220.3
24.02.2016 02:00:00,989.31,2.27,-0.59,81.3,7.19,5.85,1.35,3.69,5.91,1248.49,1.24,2.7,234.6
24.02.2016 03:00:00,989.51,1.23,-0.22,90.0,6.68,6.01,0.67,3.79,6.08,1253.36,1.47,2.76,248.2
24.02.2016 04:00:00,989.54,1.73,-0.42,85.6,6.92,5.92,1.0,3.73,5.99,1251.2,1.7,3.45,256.4
24.02.2016 05:00:00,989.94,1.81,-0.45,84.9,6.96,5.91,1.05,3.72,5.97,1251.32,2.07,3.61,266.0
24.02.2016 06:00:00,990.12,1.51,-0.73,85.0,6.81,5.79,1.02,3.65,5.85,1252.98,1.74,2.76,263.5
24.02.2016 07:00:00,990.12,1.37,-1.09,83.6,6.75,5.64,1.11,3.55,5.7,1253.69,2.27,4.25,262.0
24.02.2016 08:00:00,990.77,1.02,-1.4,83.8,6.58,5.51,1.07,3.47,5.56,1256.17,1.05,1.72,244.9
24.02.2016 09:00:00,991.05,1.85,-1.08,80.8,6.98,5.64,1.34,3.55,5.69,1252.66,1.94,3.16,238.1
24.02.2016 10:00:00,990.98,1.85,-0.3,85.6,6.98,5.98,1.01,3.76,6.03,1252.45,0.69,1.28,174.3
24.02.2016 11:00:00,990.96,3.69,-0.83,72.2,7.96,5.75,2.21,3.62,5.8,1244.19,2.61,5.01,258.5
24.02.2016 12:00:00,990.78,2.29,-0.67,80.7,7.21,5.82,1.39,3.66,5.87,1250.24,1.51,2.66,227.3
24.02.2016 13:00:00,990.21,3.05,-1.07,74.2,7.61,5.65,1.96,3.55,5.7,1246.16,1.82,4.39,259.3
24.02.2016 14:00:00,989.59,1.55,-0.31,87.4,6.83,5.97,0.86,3.76,6.03,1252.06,1.29,1.92,222.1
24.02.2016 15:00:00,988.97,3.44,1.04,84.2,7.82,6.59,1.24,4.15,6.66,1242.41,0.48,1.28,177.2
24.02.2016 16:00:00,988.95,1.64,-0.1,88.2,6.88,6.07,0.81,3.82,6.13,1250.79,1.1,2.32,274.5
24.02.2016 17:00:00,988.51,1.82,-0.52,84.4,6.97,5.88,1.09,3.71,5.95,1249.5,1.07,1.64,318.5
24.02.2016 18:00:00,988.38,0.96,-0.56,89.5,6.55,5.86,0.69,3.7,5.93,1253.24,0.74,1.72,168.1
24.02.2016 19:00:00,988.39,0.5,-0.91,90.2,6.34,5.72,0.62,3.6,5.78,1255.42,1.99,2.28,242.8
24.02.2016 20:00:00,987.99,0.65,-0.85,89.6,6.41,5.74,0.67,3.62,5.81,1254.21,1.68,2.04,226.1
24.02.2016 21:00:00,987.64,0.08,-1.04,92.1,6.14,5.66,0.49,3.57,5.73,1256.44,1.87,2.36,233.7
24.02.2016 22:00:00,987.48,-0.14,-1.0,93.9,6.04,5.68,0.37,3.58,5.75,1257.25,0.86,1.64,195.3
24.02.2016 23:00:00,986.92,-0.49,-1.21,94.8,5.89,5.59,0.31,3.53,5.66,1258.16,1.58,2.04,225.6
25.02.2016 00:00:00,986.7,-1.09,-1.7,95.6,5.64,5.39,0.25,3.41,5.47,1260.75,0.73,1.12,209.9
25.02.2016 01:00:00,986.53,-2.28,-2.76,96.5,5.16,4.98,0.18,3.15,5.05,1266.27,1.15,1.72,210.8
25.02.2016 02:00:00,986.3,-2.58,-3.0,96.9,5.05,4.89,0.16,3.09,4.96,1267.43,1.04,1.64,213.7
25.02.2016 03:00:00,985.5,-2.73,-3.11,97.2,4.99,4.85,0.14,3.07,4.92,1267.15,1.58,2.24,225.8
25.02.2016 04:00:00,985.11,-2.85,-3.24,97.1,4.95,4.81,0.14,3.04,4.88,1267.22,1.03,1.76,219.7
25.02.2016 05:00:00,985.0,-3.29,-3.68,97.1,4.79,4.65,0.14,2.94,4.72,1269.22,1.68,3.13,198.6
25.02.2016 06:00:00,984.91,-3.57,-3.98,96.9,4.69,4.54,0.15,2.88,4.61,1270.44,1.51,2.4,195.5
25.02.2016 07:00:00,985.0,-3.16,-3.57,97.0,4.83,4.69,0.15,2.97,4.76,1268.6,0.56,1.08,263.4
25.02.2016 08:00:00,985.02,-3.51,-3.95,96.7,4.71,4.56,0.16,2.88,4.63,1270.3,1.02,1.4,226.9
25.02.2016 09:00:00,985.11,-2.82,-3.22,97.1,4.96,4.82,0.14,3.05,4.89,1267.08,1.04,2.08,195.2
25.02.2016 10:00:00,985.17,-1.69,-2.08,97.1,5.4,5.24,0.16,3.31,5.32,1261.65,1.2,2.0,160.2
25.02.2016 11:00:00,985.19,0.16,-0.26,97.0,6.18,5.99,0.19,3.79,6.08,1252.81,2.06,5.69,263.9
25.02.2016 12:00:00,985.47,0.58,0.13,96.8,6.37,6.17,0.2,3.9,6.26,1251.14,2.82,5.13,281.9
25.02.2016 13:00:00,985.47,1.42,-0.04,90.0,6.77,6.09,0.68,3.85,6.18,1247.37,2.3,5.13,270.0
25.02.2016 14:00:00,985.29,2.45,-2.48,69.79,7.29,5.09,2.2,3.22,5.16,1242.92,2.63,4.45,286.5
25.02.2016 15:00:00,985.3,1.84,-2.99,70.2,6.98,4.9,2.08,3.1,4.97,1245.8,1.63,3.16,299.1
25.02.2016 16:00:00,985.55,2.41,-3.03,67.18,7.27,4.88,2.38,3.09,4.95,1243.57,1.34,2.48,269.3
25.02.2016 17:00:00,985.54,1.73,-3.6,67.58,6.92,4.68,2.24,2.96,4.75,1246.73,1.59,2.48,264.4
25.02.2016 18:00:00,985.96,0.7,-2.62,78.3,6.43,5.03,1.4,3.18,5.11,1251.74,2.38,4.13,257.2
25.02.2016 19:00:00,986.43,-0.17,-2.48,84.3,6.03,5.09,0.95,3.21,5.16,1256.32,2.44,3.12,245.1
25.02.2016 20:00:00,986.68,-0.34,-2.49,85.3,5.96,5.08,0.88,3.21,5.15,1257.42,2.0,2.6,241.6
25.02.2016 21:00:00,986.83,-0.2,-2.63,83.6,6.02,5.03,0.99,3.18,5.1,1256.99,2.34,3.29,251.0
25.02.2016 22:00:00,987.22,-0.8,-2.74,86.6,5.76,4.99,0.77,3.15,5.05,1260.28,0.55,1.02,178.9
25.02.2016 23:00:00,987.28,-1.18,-2.84,88.4,5.6,4.95,0.65,3.13,5.02,1262.12,0.6,1.12,135.2
26.02.2016 00:00:00,987.27,-1.7,-3.07,90.3,5.39,4.87,0.52,3.07,4.93,1264.56,0.61,1.7,147.4
26.02.2016 01:00:00,987.42,-1.81,-3.25,89.8,5.35,4.8,0.55,3.03,4.86,1265.32,1.05,1.84,206.6
26.02.2016 02:00:00,987.59,-1.15,-3.17,86.1,5.61,4.83,0.78,3.05,4.89,1262.47,0.73,1.44,145.8
26.02.2016 03:00:00,987.47,-1.06,-3.02,86.5,5.65,4.89,0.76,3.08,4.95,1261.87,0.61,1.24,127.8
26.02.2016 04:00:00,987.17,-1.11,-3.14,86.0,5.63,4.84,0.79,3.06,4.91,1261.71,0.73,1.28,170.8
26.02.2016 05:00:00,987.28,-1.23,-2.94,88.1,5.58,4.92,0.66,3.1,4.98,1262.41,1.02,1.58,179.8
26.02.2016 06:00:00,987.19,-1.38,-3.13,87.8,5.52,4.85,0.67,3.06,4.91,1263.0,1.13,1.76,207.0
26.02.2016 07:00:00,987.1,-1.51,-3.06,89.1,5.47,4.87,0.6,3.08,4.94,1263.47,1.28,2.44,180.6
26.02.2016 08:00:00,987.5,-1.28,-2.99,88.1,5.56,4.9,0.66,3.09,4.96,1262.93,0.56,1.06,213.1
26.02.2016 09:00:00,987.61,-0.61,-2.7,85.7,5.84,5.01,0.84,3.16,5.07,1259.9,0.81,1.44,204.5
26.02.2016 10:00:00,987.5,0.79,-2.41,79.1,6.47,5.12,1.35,3.23,5.18,1253.29,1.96,3.22,150.1
26.02.2016 11:00:00,987.41,2.23,-2.6,70.3,7.17,5.04,2.13,3.18,5.11,1246.65,1.97,2.9,124.0
26.02.2016 12:00:00,987.47,2.04,-3.45,66.8,7.08,4.73,2.35,2.98,4.79,1247.71,0.83,1.84,226.5
26.02.2016 13:00:00,987.15,2.73,-4.44,59.01,7.44,4.39,3.05,2.77,4.45,1244.35,1.34,2.44,292.3
26.02.2016 14:00:00,986.78,2.93,-3.81,61.04,7.54,4.61,2.94,2.91,4.67,1242.87,0.95,2.28,168.2
26.02.2016 15:00:00,986.4,2.69,-4.22,60.2,7.42,4.46,2.95,2.82,4.53,1243.55,1.3,1.96,192.1
26.02.2016 16:00:00,986.04,2.64,-4.33,59.94,7.39,4.43,2.96,2.8,4.49,1243.35,0.94,1.56,178.5
26.02.2016 17:00:00,985.7,2.5,-4.0,62.04,7.32,4.54,2.78,2.87,4.61,1243.48,1.04,1.84,89.4
26.02.2016 18:00:00,985.47,2.07,-3.86,64.68,7.09,4.59,2.5,2.9,4.65,1245.15,0.6,1.14,165.1
26.02.2016 19:00:00,985.55,1.06,-4.11,68.24,6.6,4.5,2.1,2.85,4.57,1249.85,0.33,0.56,265.8
26.02.2016 20:00:00,985.58,0.22,-3.91,73.6,6.21,4.57,1.64,2.89,4.64,1253.68,0.92,1.6,69.8
26.02.2016 21:00:00,985.45,-0.75,-3.76,79.9,5.78,4.62,1.16,2.92,4.69,1257.95,0.46,0.92,34.77
26.02.2016 22:00:00,985.61,-1.25,-3.94,81.8,5.57,4.56,1.01,2.88,4.63,1260.51,0.27,0.56,250.8
26.02.2016 23:00:00,985.54,-1.59,-4.1,82.9,5.44,4.51,0.93,2.85,4.57,1262.02,0.63,1.24,111.1
27.02.2016 00:00:00,985.31,-2.27,-4.25,86.2,5.17,4.45,0.71,2.82,4.52,1264.93,0.97,1.2,39.86
27.02.2016 01:00:00,985.18,-2.39,-4.18,87.4,5.12,4.48,0.65,2.83,4.54,1265.3,0.24,0.54,57.6
27.02.2016 02:00:00,985.03,-2.92,-4.57,88.3,4.92,4.35,0.58,2.75,4.41,1267.65,0.31,0.64,22.18
27.02.2016 03:00:00,984.45,-2.96,-4.61,88.3,4.91,4.33,0.57,2.74,4.4,1267.1,0.24,0.64,25.28
27.02.2016 04:00:00,984.18,-3.5,-5.0,89.3,4.71,4.21,0.5,2.66,4.28,1269.37,0.28,0.56,187.4
27.02.2016 05:00:00,983.81,-3.68,-5.19,89.2,4.65,4.15,0.5,2.63,4.22,1269.76,0.51,1.24,88.1
27.02.2016 06:00:00,983.87,-3.68,-5.29,88.5,4.65,4.12,0.53,2.61,4.18,1269.85,0.39,1.04,13.78
27.02.2016 07:00:00,983.7,-2.93,-5.25,83.9,4.92,4.13,0.79,2.61,4.2,1266.1,1.56,2.75,3.02
27.02.2016 08:00:00,983.91,-2.4,-5.16,81.2,5.12,4.16,0.96,2.63,4.22,1263.88,2.12,3.03,13.75
27.02.2016 09:00:00,984.15,-1.68,-5.16,77.0,5.4,4.16,1.24,2.63,4.22,1260.82,2.57,3.49,7.32
27.02.2016 10:00:00,983.8,-0.28,-4.65,72.2,5.99,4.32,1.66,2.74,4.39,1253.83,2.42,3.53,11.47
27.02.2016 11:00:00,983.71,1.22,-4.3,66.47,6.67,4.44,2.24,2.81,4.51,1246.81,3.22,4.45,35.64
27.02.2016 12:00:00,983.73,2.89,-3.84,61.05,7.52,4.59,2.93,2.91,4.67,1239.21,2.76,5.33,78.3
27.02.2016 13:00:00,983.34,3.25,-4.0,58.82,7.72,4.54,3.18,2.88,4.62,1237.13,3.97,5.69,45.59
27.02.2016 14:00:00,983.14,4.16,-3.62,56.75,8.23,4.67,3.56,2.96,4.75,1232.78,3.64,5.89,59.63
27.02.2016 15:00:00,983.07,4.69,-3.74,54.18,8.54,4.63,3.91,2.93,4.71,1230.35,4.8,6.65,52.71
27.02.2016 16:00:00,983.07,4.84,-3.31,55.42,8.63,4.78,3.85,3.03,4.86,1229.64,4.68,7.33,48.32
27.02.2016 17:00:00,983.04,4.3,-3.65,56.09,8.31,4.66,3.65,2.95,4.74,1232.04,3.32,4.89,59.48
27.02.2016 18:00:00,983.37,3.57,-3.8,58.38,7.89,4.61,3.29,2.92,4.69,1235.71,2.05,3.14,48.86
27.02.2016 19:00:00,984.16,2.49,-3.26,65.61,7.31,4.8,2.51,3.04,4.87,1241.46,3.02,3.69,21.65
27.02.2016 20:00:00,984.46,1.42,-3.31,70.6,6.77,4.78,1.99,3.03,4.86,1246.7,1.05,2.04,5.16
27.02.2016 21:00:00,984.63,0.96,-3.39,72.6,6.55,4.75,1.79,3.01,4.83,1249.04,0.13,0.32,8.42
27.02.2016 22:00:00,984.97,0.15,-3.59,75.8,6.17,4.68,1.49,2.96,4.75,1253.2,1.12,2.04,7.35
27.02.2016 23:00:00,985.21,-0.57,-3.71,79.2,5.86,4.64,1.22,2.93,4.71,1256.84,0.29,0.56,112.8
28.02.2016 00:00:00,985.47,-0.74,-3.84,79.4,5.78,4.59,1.19,2.9,4.66,1257.98,1.36,1.84,356.7
28.02.2016 01:00:00,985.89,-1.16,-3.95,81.2,5.61,4.56,1.05,2.88,4.62,1260.45,0.54,0.84,347.0
28.02.2016 02:00:00,986.02,-1.85,-4.24,83.6,5.33,4.46,0.87,2.82,4.52,1263.87,0.37,0.68,22.34
28.02.2016 03:00:00,986.23,-3.08,-4.82,87.7,4.86,4.27,0.6,2.7,4.33,1269.99,1.75,2.52,34.1
28.02.2016 04:00:00,986.49,-3.13,-4.48,90.3,4.85,4.38,0.47,2.76,4.44,1270.5,1.02,1.68,340.2
28.02.2016 05:00:00,986.95,-3.34,-4.84,89.3,4.77,4.26,0.51,2.69,4.32,1272.15,0.2,0.4,153.7
28.02.2016 06:00:00,987.29,-4.07,-5.05,92.8,4.52,4.19,0.33,2.65,4.25,1276.06,0.2,0.64,23.06
28.02.2016 07:00:00,987.94,-4.86,-5.86,92.6,4.25,3.94,0.31,2.48,3.99,1280.79,0.36,0.68,121.0
28.02.2016 08:00:00,988.1,-4.15,-5.09,93.1,4.49,4.18,0.31,2.63,4.23,1277.52,1.36,2.52,21.65
28.02.2016 09:00:00,988.92,-3.47,-4.9,89.8,4.72,4.24,0.48,2.67,4.29,1275.34,0.67,1.28,250.8
28.02.2016 10:00:00,989.09,-1.35,-3.28,86.6,5.53,4.79,0.74,3.02,4.84,1265.33,2.75,4.33,26.72
28.02.2016 11:00:00,989.1,-0.25,-2.49,84.8,6.0,5.09,0.91,3.2,5.14,1260.1,3.62,5.21,28.3
28.02.2016 12:00:00,989.55,0.84,-2.0,81.2,6.49,5.27,1.22,3.32,5.33,1255.57,4.24,6.41,25.27
28.02.2016 13:00:00,989.35,1.82,-1.78,76.9,6.97,5.36,1.61,3.38,5.42,1250.81,4.4,5.57,26.39
28.02.2016 14:00:00,989.28,2.6,-1.44,74.6,7.37,5.49,1.87,3.46,5.55,1247.13,5.07,6.91,41.13
28.02.2016 15:00:00,990.07,2.81,-1.34,74.0,7.48,5.54,1.95,3.49,5.59,1247.12,4.39,6.17,42.09
28.02.2016 16:00:00,990.75,3.14,-1.08,73.7,7.66,5.64,2.01,3.55,5.7,1246.45,3.07,5.23,39.77
28.02.2016 17:00:00,990.71,3.18,-1.32,72.2,7.68,5.54,2.13,3.49,5.6,1246.27,4.15,6.41,31.49
28.02.2016 18:00:00,991.31,2.78,-1.45,73.6,7.46,5.49,1.97,3.45,5.54,1248.88,2.62,4.49,33.77
28.02.2016 19:00:00,991.91,2.45,-1.59,74.6,7.29,5.44,1.85,3.42,5.48,1251.16,2.61,4.41,14.05
28.02.2016 20:00:00,992.22,2.19,-1.47,76.6,7.16,5.48,1.67,3.44,5.52,1252.68,3.04,4.13,18.76
28.02.2016 21:00:00,992.09,1.92,-1.67,77.0,7.02,5.4,1.61,3.4,5.45,1253.79,3.71,5.05,21.81
28.02.2016 22:00:00,992.29,1.59,-1.83,77.9,6.85,5.34,1.51,3.35,5.38,1255.58,3.53,5.17,21.93
28.02.2016 23:00:00,992.67,1.47,-2.2,76.5,6.79,5.2,1.6,3.26,5.23,1256.71,3.79,5.45,8.45
29.02.2016 00:00:00,992.22,1.25,-1.99,78.9,6.69,5.28,1.41,3.31,5.32,1257.07,3.62,4.57,27.08
29.02.2016 01:00:00,992.23,0.93,-1.96,80.9,6.54,5.29,1.25,3.32,5.33,1258.54,3.93,5.61,24.37
29.02.2016 02:00:00,992.18,0.73,-1.96,82.1,6.44,5.29,1.15,3.32,5.33,1259.39,4.07,5.43,21.65
29.02.2016 03:00:00,991.84,0.54,-2.03,82.8,6.35,5.26,1.09,3.31,5.3,1259.86,4.54,5.81,20.63
29.02.2016 04:00:00,991.48,0.37,-2.32,82.1,6.27,5.15,1.12,3.24,5.19,1260.26,5.12,8.09,27.41
29.02.2016 05:00:00,991.78,0.33,-2.35,82.1,6.26,5.14,1.12,3.23,5.18,1260.8,5.82,7.93,26.41
29.02.2016 06:00:00,991.79,0.34,-2.66,80.2,6.26,5.02,1.24,3.15,5.06,1260.84,6.09,8.53,27.26
29.02.2016 07:00:00,991.71,0.47,-3.42,75.0,6.32,4.74,1.58,2.98,4.78,1260.26,6.1,8.21,26.3
29.02.2016 08:00:00,991.83,0.41,-3.46,75.1,6.29,4.73,1.57,2.97,4.77,1260.7,5.01,7.29,33.92
29.02.2016 09:00:00,992.01,0.38,-3.65,74.2,6.28,4.66,1.62,2.93,4.7,1261.11,5.66,7.39,30.61
29.02.2016 10:00:00,992.56,-0.58,-3.09,83.0,5.86,4.86,1.0,3.05,4.9,1266.13,6.01,8.69,27.83
29.02.2016 11:00:00,992.57,-1.28,-2.81,89.3,5.56,4.96,0.59,3.12,5.0,1269.39,5.45,7.99,30.38
29.02.2016 12:00:00,992.91,-1.48,-2.7,91.3,5.48,5.0,0.48,3.14,5.04,1270.71,5.45,8.29,26.86
29.02.2016 13:00:00,992.38,-1.66,-2.65,92.9,5.41,5.02,0.38,3.15,5.06,1270.87,6.51,10.5,28.24
29.02.2016 14:00:00,992.14,-1.34,-2.5,91.7,5.54,5.08,0.46,3.19,5.12,1269.03,4.93,6.69,29.97
29.02.2016 15:00:00,992.08,-1.0,-2.41,90.1,5.68,5.12,0.56,3.21,5.16,1267.36,6.03,9.18,28.95
29.02.2016 16:00:00,992.16,-0.86,-2.29,90.0,5.73,5.16,0.57,3.24,5.2,1266.81,5.12,8.57,28.63
29.02.2016 17:00:00,992.26,-0.6,-1.74,91.9,5.85,5.37,0.47,3.38,5.42,1265.6,5.28,7.41,30.55
29.02.2016 18:00:00,992.64,-0.6,-1.68,92.3,5.85,5.4,0.45,3.39,5.44,1266.07,6.62,10.66,28.35
29.02.2016 19:00:00,993.43,-0.61,-1.67,92.5,5.84,5.4,0.44,3.39,5.44,1267.15,4.92,6.69,26.17
29.02.2016 20:00:00,993.54,-0.6,-1.85,91.2,5.85,5.33,0.51,3.34,5.37,1267.28,3.18,4.57,24.43
29.02.2016 21:00:00,993.52,-0.75,-1.81,92.5,5.78,5.35,0.43,3.35,5.38,1267.95,4.52,7.05,25.08
29.02.2016 22:00:00,993.59,-0.73,-1.96,91.3,5.79,5.29,0.5,3.32,5.32,1267.95,3.5,5.47,31.42
29.02.2016 23:00:00,993.37,-0.84,-2.17,90.7,5.74,5.21,0.53,3.27,5.24,1268.25,3.41,4.97,25.59
01.03.2016 00:00:00,993.2,-0.93,-2.34,90.1,5.71,5.14,0.56,3.23,5.18,1268.47,3.03,5.69,17.38
01.03.2016 01:00:00,992.96,-1.01,-2.42,90.1,5.67,5.11,0.56,3.21,5.15,1268.56,3.06,4.85,16.98
01.03.2016 02:00:00,992.68,-1.34,-2.75,90.1,5.53,4.99,0.55,3.13,5.02,1269.81,1.53,3.57,30.19
01.03.2016 03:00:00,992.43,-1.6,-2.96,90.4,5.43,4.91,0.52,3.08,4.95,1270.73,1.05,2.28,201.2
01.03.2016 04:00:00,992.52,-1.57,-3.03,89.7,5.44,4.88,0.56,3.07,4.92,1270.69,0.93,1.84,154.8
01.03.2016 05:00:00,993.06,-1.69,-3.16,89.6,5.39,4.83,0.56,3.03,4.87,1271.98,1.63,2.66,264.9
01.03.2016 06:00:00,993.36,-1.94,-3.38,89.8,5.3,4.76,0.54,2.98,4.79,1273.56,1.6,3.81,254.7
01.03.2016 07:00:00,992.99,-2.06,-3.42,90.4,5.25,4.74,0.5,2.98,4.78,1273.7,1.07,3.0,248.3
01.03.2016 08:00:00,993.4,-1.96,-3.35,90.1,5.29,4.77,0.52,2.99,4.8,1273.72,1.06,2.52,256.3
01.03.2016 09:00:00,993.0,-1.37,-3.29,86.7,5.52,4.79,0.73,3.01,4.82,1270.44,0.91,1.68,275.4
01.03.2016 10:00:00,993.02,-0.92,-3.37,83.4,5.71,4.76,0.95,2.99,4.79,1268.38,1.7,3.39,258.4
01.03.2016 11:00:00,993.05,-0.13,-3.39,78.5,6.05,4.75,1.3,2.98,4.78,1264.73,1.5,3.08,260.8
01.03.2016 12:00:00,992.47,-0.06,-3.63,76.8,6.08,4.67,1.41,2.93,4.7,1263.74,3.16,4.85,219.4
01.03.2016 13:00:00,991.59,0.59,-4.0,71.2,6.38,4.54,1.84,2.85,4.58,1259.66,3.5,5.21,208.2
01.03.2016 14:00:00,990.54,1.65,-3.5,68.49,6.88,4.71,2.17,2.97,4.76,1253.38,3.65,5.81,219.3
01.03.2016 15:00:00,989.75,2.76,-2.77,66.79,7.45,4.98,2.48,3.13,5.03,1247.21,2.61,3.4,218.9
01.03.2016 16:00:00,989.17,3.51,-2.12,66.47,7.86,5.22,2.63,3.29,5.28,1243.01,1.06,2.32,185.0
01.03.2016 17:00:00,988.58,2.72,-1.97,71.1,7.43,5.28,2.15,3.33,5.34,1245.8,1.0,1.38,231.1
01.03.2016 18:00:00,988.11,1.69,-1.98,76.5,6.9,5.28,1.62,3.33,5.34,1249.87,1.81,2.52,211.1
01.03.2016 19:00:00,987.89,0.74,-2.47,79.0,6.45,5.09,1.35,3.21,5.15,1254.0,2.35,3.2,198.5
01.03.2016 20:00:00,986.95,0.49,-2.7,79.1,6.33,5.01,1.32,3.16,5.07,1254.01,1.42,2.08,188.5
01.03.2016 21:00:00,986.06,0.44,-2.55,80.2,6.31,5.06,1.25,3.2,5.13,1253.05,1.56,2.52,185.0
01.03.2016 22:00:00,985.41,1.5,-1.83,78.4,6.81,5.34,1.47,3.38,5.42,1247.26,1.78,3.08,184.5
01.03.2016 23:00:00,984.81,1.26,-0.57,87.5,6.69,5.86,0.84,3.71,5.95,1247.34,2.4,3.81,172.2
02.03.2016 00:00:00,983.67,1.73,-0.43,85.5,6.92,5.92,1.0,3.75,6.02,1243.74,3.64,5.29,182.9
02.03.2016 01:00:00,982.5,1.96,-0.49,83.7,7.04,5.89,1.15,3.74,6.0,1241.22,2.76,5.17,185.6
02.03.2016 02:00:00,981.76,2.6,-0.69,78.8,7.37,5.81,1.56,3.69,5.91,1237.47,4.29,8.29,205.5
02.03.2016 03:00:00,980.73,2.53,-0.52,80.2,7.33,5.88,1.45,3.74,6.0,1236.43,6.15,8.21,208.9
02.03.2016 04:00:00,979.98,2.64,-0.43,80.1,7.39,5.92,1.47,3.77,6.04,1234.96,5.49,8.13,208.8
02.03.2016 05:00:00,979.31,2.96,-0.34,78.8,7.56,5.96,1.6,3.79,6.08,1232.67,7.74,11.13,215.2
02.03.2016 06:00:00,978.74,3.03,-0.24,79.0,7.6,6.0,1.6,3.82,6.13,1231.64,2.7,4.37,171.8
02.03.2016 07:00:00,977.7,3.18,-0.12,78.9,7.68,6.06,1.62,3.86,6.19,1229.65,3.24,5.05,181.5
02.03.2016 08:00:00,977.34,3.73,0.51,79.4,7.99,6.34,1.65,4.05,6.49,1226.58,3.08,4.37,185.9
02.03.2016 09:00:00,976.89,3.75,0.87,81.4,7.99,6.51,1.49,4.15,6.66,1225.88,4.55,5.83,183.8
02.03.2016 10:00:00,975.88,4.74,1.37,78.7,8.57,6.74,1.83,4.31,6.91,1220.14,4.39,6.05,184.8
02.03.2016 11:00:00,974.92,5.0,2.25,82.3,8.73,7.19,1.55,4.6,7.37,1217.55,5.66,7.89,187.4
02.03.2016 12:00:00,974.13,5.58,2.59,81.0,9.09,7.36,1.73,4.72,7.56,1213.95,6.03,9.05,198.6
02.03.2016 13:00:00,973.32,5.28,3.16,86.1,8.9,7.67,1.24,4.91,7.88,1214.1,4.97,6.49,210.1
02.03.2016 14:00:00,972.12,6.38,2.9,78.3,9.61,7.53,2.09,4.83,7.74,1207.89,4.94,6.59,211.8
02.03.2016 15:00:00,971.78,6.56,3.28,79.5,9.73,7.73,1.99,4.97,7.96,1206.6,3.5,4.53,206.4
02.03.2016 16:00:00,972.12,5.46,2.61,81.8,9.01,7.37,1.64,4.73,7.58,1211.98,1.61,4.21,258.8
02.03.2016 17:00:00,972.27,5.43,2.8,83.1,8.99,7.47,1.52,4.79,7.69,1212.25,0.99,2.64,242.4
02.03.2016 18:00:00,972.55,4.75,1.32,78.4,8.58,6.72,1.85,4.31,6.91,1215.92,0.87,1.52,270.2
02.03.2016 19:00:00,973.42,4.03,0.36,76.9,8.15,6.27,1.88,4.02,6.44,1220.38,0.42,0.88,230.7
02.03.2016 20:00:00,973.53,3.64,0.31,78.8,7.93,6.25,1.68,4.0,6.42,1222.26,1.35,1.72,235.0
02.03.2016 21:00:00,974.31,2.94,-0.02,80.8,7.55,6.1,1.45,3.9,6.26,1226.38,2.2,3.0,247.0
02.03.2016 22:00:00,974.5,2.47,-0.52,80.6,7.3,5.88,1.42,3.76,6.04,1228.85,1.53,2.32,223.1
02.03.2016 23:00:00,974.07,1.95,0.1,87.5,7.03,6.15,0.88,3.94,6.32,1230.49,1.56,2.54,198.0
03.03.2016 00:00:00,974.01,1.74,-0.03,88.0,6.93,6.1,0.83,3.9,6.26,1231.37,1.23,2.16,173.0
03.03.2016 01:00:00,974.06,1.48,-0.3,87.9,6.8,5.97,0.82,3.82,6.13,1232.68,1.46,2.16,179.0
03.03.2016 02:00:00,973.9,1.2,-0.43,88.8,6.66,5.92,0.75,3.79,6.08,1233.74,1.93,2.72,198.4
03.03.2016 03:00:00,973.6,1.58,-0.39,86.7,6.85,5.94,0.91,3.8,6.1,1231.64,1.6,2.16,201.7
03.03.2016 04:00:00,973.97,2.66,-0.64,78.8,7.4,5.83,1.57,3.73,5.99,1227.35,4.68,6.33,207.1
03.03.2016 05:00:00,974.31,2.84,-0.8,76.9,7.49,5.76,1.73,3.69,5.91,1227.02,1.8,2.66,193.9
03.03.2016 06:00:00,974.61,2.59,-0.89,77.7,7.36,5.72,1.64,3.66,5.87,1228.49,2.28,3.41,215.8
03.03.2016 07:00:00,974.87,2.63,-1.56,73.8,7.38,5.45,1.93,3.48,5.59,1228.81,1.88,3.81,210.3
03.03.2016 08:00:00,974.94,2.54,-1.47,74.7,7.34,5.48,1.86,3.5,5.62,1229.25,1.13,1.76,178.4
03.03.2016 09:00:00,975.47,2.8,-1.59,72.7,7.47,5.43,2.04,3.47,5.57,1228.79,3.45,4.77,211.6
03.03.2016 10:00:00,975.38,3.42,-1.87,68.12,7.81,5.32,2.49,3.4,5.46,1225.97,3.78,5.65,208.7
03.03.2016 11:00:00,975.46,4.07,-2.3,63.04,8.18,5.16,3.02,3.29,5.29,1223.28,3.93,5.77,201.8
03.03.2016 12:00:00,975.49,4.39,-2.62,60.21,8.36,5.03,3.33,3.22,5.16,1221.99,3.16,4.15,202.5
03.03.2016 13:00:00,975.62,4.33,-2.54,60.78,8.33,5.06,3.27,3.23,5.19,1222.38,2.75,3.81,215.2
03.03.2016 14:00:00,975.38,4.93,-2.71,57.55,8.69,5.0,3.69,3.19,5.13,1219.47,4.11,5.57,214.0
03.03.2016 15:00:00,975.45,4.76,-3.02,56.93,8.58,4.89,3.7,3.12,5.01,1220.39,4.24,6.01,217.2
03.03.2016 16:00:00,975.82,5.12,-3.42,53.88,8.8,4.74,4.06,3.03,4.86,1219.34,1.97,3.57,220.8
03.03.2016 17:00:00,976.07,4.86,-3.01,56.56,8.65,4.89,3.76,3.12,5.01,1220.69,1.25,1.84,229.7
03.03.2016 18:00:00,976.63,3.53,-2.82,63.0,7.87,4.96,2.91,3.16,5.08,1227.25,1.84,2.64,235.9
03.03.2016 19:00:00,977.62,2.66,-2.93,66.51,7.4,4.92,2.48,3.14,5.03,1232.4,1.59,2.08,236.8
03.03.2016 20:00:00,978.34,1.56,-2.68,73.3,6.84,5.01,1.83,3.19,5.12,1238.18,1.32,1.72,220.0
03.03.2016 21:00:00,978.67,0.59,-2.71,78.4,6.38,5.0,1.38,3.18,5.11,1242.99,0.99,1.88,64.92
03.03.2016 22:00:00,978.97,-0.5,-2.82,84.2,5.89,4.96,0.93,3.16,5.06,1248.37,0.72,1.2,124.6
03.03.2016 23:00:00,979.22,-0.73,-2.84,85.5,5.79,4.95,0.84,3.15,5.06,1249.75,0.84,1.36,194.5
04.03.2016 00:00:00,979.58,-1.34,-3.04,88.1,5.54,4.88,0.66,3.1,4.98,1253.04,0.52,0.72,200.7
04.03.2016 01:00:00,979.88,-1.52,-3.21,88.2,5.46,4.82,0.64,3.06,4.92,1254.3,1.03,2.16,171.5
04.03.2016 02:00:00,980.31,-2.4,-3.37,93.0,5.12,4.76,0.36,3.03,4.85,1258.96,0.48,1.0,296.4
04.03.2016 03:00:00,980.11,-1.81,-3.04,91.3,5.35,4.88,0.47,3.1,4.98,1255.92,0.9,1.96,182.5
04.03.2016 04:00:00,980.16,-1.45,-2.69,91.2,5.49,5.01,0.48,3.18,5.11,1254.24,0.48,0.96,227.8
04.03.2016 05:00:00,979.94,-1.74,-2.88,91.9,5.37,4.94,0.44,3.14,5.04,1255.35,0.79,1.2,219.7
04.03.2016 06:00:00,979.66,-1.73,-2.82,92.2,5.38,4.96,0.42,3.15,5.06,1254.93,0.24,0.48,176.3
04.03.2016 07:00:00,979.9,-1.92,-3.03,92.0,5.31,4.88,0.42,3.1,4.98,1256.12,1.53,2.88,177.2
04.03.2016 08:00:00,979.71,-1.15,-2.38,91.3,5.61,5.13,0.49,3.26,5.23,1252.22,1.57,2.84,153.0
04.03.2016 09:00:00,979.18,1.56,-1.53,79.8,6.84,5.46,1.38,3.47,5.57,1239.04,1.32,2.18,126.2
04.03.2016 10:00:00,978.43,3.18,-0.41,77.2,7.68,5.93,1.75,3.78,6.06,1230.59,2.17,3.93,164.4
04.03.2016 11:00:00,977.62,4.99,-0.43,67.86,8.72,5.92,2.8,3.77,6.05,1221.59,4.07,6.61,181.0
04.03.2016 12:00:00,976.47,5.31,-2.29,57.85,8.92,5.16,3.76,3.29,5.28,1219.11,5.56,9.17,189.5
04.03.2016 13:00:00,975.34,6.42,-1.82,55.44,9.64,5.34,4.29,3.41,5.48,1212.77,5.63,8.45,165.6
04.03.2016 14:00:00,974.38,6.56,-2.34,52.83,9.73,5.14,4.59,3.29,5.28,1211.06,5.79,8.17,165.8
04.03.2016 15:00:00,973.52,6.77,-1.64,54.89,9.87,5.42,4.45,3.47,5.56,1208.98,5.02,9.45,175.2
04.03.2016 16:00:00,972.93,6.31,-1.86,55.73,9.56,5.33,4.23,3.41,5.47,1210.27,6.81,10.33,166.3
04.03.2016 17:00:00,972.21,5.86,-1.73,58.02,9.27,5.38,3.89,3.45,5.53,1211.28,6.59,11.57,163.3
04.03.2016 18:00:00,971.84,5.34,-1.59,60.83,8.94,5.44,3.5,3.49,5.59,1213.07,5.66,8.05,167.1
04.03.2016 19:00:00,971.81,5.12,-1.4,62.63,8.8,5.51,3.29,3.54,5.67,1213.93,3.59,6.11,168.9
04.03.2016 20:00:00,971.42,4.94,-1.2,64.37,8.69,5.59,3.1,3.59,5.76,1214.2,3.49,6.21,177.5
04.03.2016 21:00:00,971.27,4.8,-1.39,64.07,8.61,5.52,3.09,3.54,5.68,1214.65,4.04,6.89,178.6
04.03.2016 22:00:00,970.87,4.7,-1.47,64.12,8.55,5.48,3.07,3.52,5.65,1214.6,3.46,5.17,189.0
04.03.2016 23:00:00,970.71,4.24,-1.55,65.86,8.27,5.45,2.82,3.5,5.61,1216.45,2.15,3.41,188.6
05.03.2016 00:00:00,970.39,3.8,-1.52,68.08,8.02,5.46,2.56,3.51,5.63,1217.97,2.25,2.92,199.7
05.03.2016 01:00:00,970.19,3.46,-1.33,70.7,7.83,5.54,2.3,3.56,5.71,1219.16,1.2,1.68,192.9
05.03.2016 02:00:00,970.23,3.58,-1.09,71.4,7.9,5.64,2.26,3.62,5.81,1218.65,2.71,3.65,187.5
05.03.2016 03:00:00,969.91,3.6,-1.13,71.1,7.91,5.62,2.29,3.61,5.8,1218.16,1.61,2.6,175.1
05.03.2016 04:00:00,969.11,3.73,-1.12,70.5,7.98,5.63,2.36,3.62,5.81,1216.58,1.74,2.56,194.8
05.03.2016 05:00:00,969.15,3.55,-1.14,71.3,7.88,5.62,2.26,3.61,5.8,1217.44,2.13,3.06,190.4
05.03.2016 06:00:00,969.14,3.66,-0.94,71.8,7.94,5.7,2.24,3.67,5.88,1216.91,0.95,1.92,208.6
05.03.2016 07:00:00,969.23,3.63,-0.89,72.2,7.93,5.72,2.2,3.68,5.91,1217.12,0.95,1.92,207.8
05.03.2016 08:00:00,969.14,3.87,-0.89,71.0,8.06,5.72,2.34,3.68,5.91,1215.97,1.28,2.2,88.1
05.03.2016 09:00:00,968.96,4.15,-0.95,69.25,8.22,5.7,2.53,3.66,5.88,1214.51,1.84,3.45,153.6
05.03.2016 10:00:00,969.11,5.64,-0.77,63.25,9.13,5.77,3.35,3.71,5.96,1208.18,1.0,1.8,139.5
05.03.2016 11:00:00,969.26,6.23,-0.87,60.28,9.51,5.73,3.78,3.69,5.91,1205.85,1.62,2.64,141.1
05.03.2016 12:00:00,968.95,8.15,-0.15,55.67,10.85,6.04,4.81,3.89,6.23,1197.07,1.8,3.18,135.2
05.03.2016 13:00:00,968.49,8.52,0.16,55.54,11.13,6.18,4.95,3.98,6.38,1194.87,1.37,2.0,83.7
05.03.2016 14:00:00,968.49,9.0,0.25,54.12,11.49,6.22,5.27,4.0,6.42,1192.82,0.96,1.92,58.1
05.03.2016 15:00:00,968.25,9.21,0.68,55.06,11.66,6.42,5.24,4.13,6.63,1191.54,1.91,4.04,42.36
05.03.2016 16:00:00,968.86,8.19,1.65,63.27,10.88,6.88,4.0,4.43,7.1,1196.4,0.69,1.16,301.4
05.03.2016 17:00:00,969.21,6.67,3.6,80.7,9.8,7.91,1.89,5.09,8.16,1202.83,1.34,2.24,268.5
05.03.2016 18:00:00,969.27,5.91,3.79,86.2,9.3,8.02,1.28,5.16,8.27,1206.16,2.19,3.08,251.0
05.03.2016 19:00:00,969.61,5.63,3.87,88.4,9.12,8.06,1.06,5.19,8.31,1207.77,0.74,1.16,191.0
05.03.2016 20:00:00,970.09,5.51,3.69,88.0,9.05,7.96,1.09,5.12,8.21,1208.91,0.52,0.68,287.2
05.03.2016 21:00:00,970.19,5.18,3.77,90.6,8.84,8.01,0.83,5.15,8.25,1210.49,1.4,1.72,247.9
05.03.2016 22:00:00,970.22,4.72,3.45,91.5,8.56,7.83,0.73,5.03,8.07,1212.62,1.11,1.76,228.3
05.03.2016 23:00:00,970.16,4.86,2.93,87.3,8.64,7.55,1.1,4.85,7.78,1212.05,1.73,2.28,250.7
06.03.2016 00:00:00,970.09,4.48,2.86,89.2,8.42,7.51,0.91,4.83,7.74,1213.63,1.13,1.48,243.3
06.03.2016 01:00:00,969.97,4.39,2.61,88.2,8.36,7.38,0.99,4.74,7.6,1213.95,1.32,1.96,255.5
06.03.2016 02:00:00,970.04,4.17,2.67,89.9,8.23,7.4,0.83,4.76,7.63,1214.98,0.44,1.36,324.3
06.03.2016 03:00:00,970.1,3.54,1.99,89.6,7.87,7.06,0.82,4.54,7.27,1218.0,1.33,2.48,252.1
06.03.2016 04:00:00,970.17,3.07,1.58,89.9,7.62,6.85,0.77,4.4,7.06,1220.23,1.63,2.36,256.4
06.03.2016 05:00:00,970.75,2.72,1.1,89.0,7.43,6.61,0.82,4.25,6.81,1222.63,2.23,2.92,252.7
06.03.2016 06:00:00,971.02,2.34,0.76,89.3,7.23,6.46,0.77,4.15,6.65,1224.75,1.79,2.12,258.2
06.03.2016 07:00:00,970.94,2.06,0.16,87.2,7.09,6.18,0.91,3.97,6.36,1226.04,1.8,2.84,257.0
06.03.2016 08:00:00,971.41,1.85,-0.28,85.7,6.98,5.98,1.0,3.84,6.16,1227.64,1.1,1.56,238.4
06.03.2016 09:00:00,971.81,2.84,0.26,83.0,7.5,6.22,1.27,3.99,6.4,1223.61,2.07,3.61,234.6
06.03.2016 10:00:00,972.12,4.91,0.29,71.9,8.67,6.24,2.44,4.0,6.42,1214.9,3.16,6.89,227.8
06.03.2016 11:00:00,972.29,5.64,-0.18,66.05,9.13,6.03,3.1,3.87,6.2,1212.03,3.01,4.67,217.1
06.03.2016 12:00:00,972.58,5.27,-0.73,65.06,8.9,5.79,3.11,3.71,5.95,1214.1,4.9,6.93,237.8
06.03.2016 13:00:00,972.59,5.39,-0.85,63.96,8.97,5.74,3.23,3.68,5.9,1213.61,2.23,3.76,245.2
06.03.2016 14:00:00,972.72,5.27,-0.57,65.87,8.89,5.86,3.04,3.75,6.02,1214.27,1.64,4.73,236.0
06.03.2016 15:00:00,972.9,4.21,-0.46,71.5,8.26,5.91,2.35,3.78,6.07,1219.1,2.12,3.59,242.7
06.03.2016 16:00:00,973.03,4.52,-0.66,68.94,8.44,5.82,2.62,3.73,5.98,1217.95,3.21,5.01,222.2
06.03.2016 17:00:00,973.11,5.02,-1.47,62.71,8.74,5.48,3.26,3.51,5.63,1216.0,3.71,6.45,227.5
06.03.2016 18:00:00,973.32,4.36,-1.1,67.55,8.34,5.64,2.71,3.61,5.79,1219.12,4.48,6.17,199.8
06.03.2016 19:00:00,973.65,2.6,-0.32,81.0,7.37,5.97,1.4,3.82,6.13,1227.14,2.65,3.16,234.0
06.03.2016 20:00:00,973.66,2.78,-0.35,79.8,7.46,5.95,1.51,3.81,6.12,1226.37,2.17,2.64,194.5
06.03.2016 21:00:00,973.99,1.82,0.17,88.8,6.97,6.19,0.78,3.96,6.35,1230.97,3.29,4.77,193.8
06.03.2016 22:00:00,974.18,1.49,-0.09,89.2,6.8,6.07,0.73,3.88,6.23,1232.72,2.0,2.56,209.8
06.03.2016 23:00:00,974.39,1.44,-0.18,88.9,6.78,6.03,0.75,3.86,6.18,1233.24,1.07,1.84,220.8
07.03.2016 00:00:00,974.5,1.31,-0.39,88.4,6.72,5.94,0.78,3.8,6.09,1233.99,2.23,3.02,207.2
07.03.2016 01:00:00,974.69,1.62,-0.26,87.3,6.87,5.99,0.87,3.83,6.15,1232.84,4.22,5.93,205.5
07.03.2016 02:00:00,974.88,1.53,-0.23,88.0,6.83,6.01,0.82,3.84,6.16,1233.45,0.77,1.6,194.3
07.03.2016 03:00:00,974.84,1.38,0.1,91.1,6.75,6.15,0.6,3.93,6.31,1234.01,0.91,2.16,252.2
07.03.2016 04:00:00,975.28,1.47,0.01,90.0,6.79,6.11,0.68,3.91,6.27,1234.2,1.39,1.68,252.3
07.03.2016 05:00:00,975.51,1.03,-0.38,90.3,6.58,5.94,0.64,3.8,6.09,1236.55,1.32,2.14,211.7
07.03.2016 06:00:00,975.92,0.67,-0.43,92.3,6.41,5.92,0.49,3.78,6.06,1238.72,0.6,0.88,210.9
07.03.2016 07:00:00,976.63,0.56,-0.52,92.4,6.36,5.88,0.48,3.75,6.02,1240.12,1.05,1.76,210.7
07.03.2016 08:00:00,977.09,1.0,0.08,93.5,6.57,6.14,0.43,3.92,6.29,1238.58,0.39,0.76,210.8
07.03.2016 09:00:00,977.44,1.7,0.59,92.3,6.91,6.38,0.53,4.07,6.52,1235.75,0.49,1.34,145.3
07.03.2016 10:00:00,977.47,3.12,0.76,84.4,7.65,6.45,1.19,4.12,6.6,1229.41,2.03,2.76,144.0
07.03.2016 11:00:00,977.59,3.71,-0.18,75.6,7.97,6.03,1.95,3.84,6.17,1227.13,1.1,2.96,63.78
07.03.2016 12:00:00,977.77,3.3,-0.49,76.1,7.74,5.89,1.85,3.76,6.03,1229.28,1.92,2.8,31.46
07.03.2016 13:00:00,977.87,2.51,0.1,84.0,7.32,6.15,1.17,3.92,6.29,1232.78,0.8,1.52,1.98
07.03.2016 14:00:00,977.83,3.8,0.89,81.2,8.03,6.52,1.51,4.16,6.66,1226.8,1.52,2.84,180.6
07.03.2016 15:00:00,977.93,4.05,-0.3,73.2,8.17,5.98,2.19,3.81,6.11,1226.09,1.81,3.4,243.3
07.03.2016 16:00:00,978.22,3.17,0.25,81.1,7.67,6.22,1.45,3.97,6.36,1230.26,1.93,2.68,10.28
07.03.2016 17:00:00,978.56,3.33,0.17,79.7,7.76,6.19,1.58,3.94,6.32,1229.98,1.89,2.86,27.15
07.03.2016 18:00:00,979.23,2.55,-0.12,82.5,7.34,6.06,1.28,3.86,6.18,1234.38,1.41,2.0,1.34
07.03.2016 19:00:00,979.88,1.89,0.02,87.4,7.0,6.12,0.88,3.89,6.24,1238.15,2.21,2.84,357.0
07.03.2016 20:00:00,980.42,1.25,-0.5,88.1,6.69,5.89,0.8,3.75,6.01,1241.82,1.12,3.0,279.5
07.03.2016 21:00:00,981.0,0.49,-0.8,91.0,6.33,5.76,0.57,3.66,5.87,1246.07,0.58,0.92,6.92
07.03.2016 22:00:00,981.13,0.12,-1.02,92.0,6.16,5.67,0.49,3.6,5.78,1247.98,0.43,0.72,14.97
07.03.2016 23:00:00,981.64,-0.51,-1.41,93.6,5.88,5.51,0.38,3.5,5.61,1251.56,0.67,1.32,353.7
08.03.2016 00:00:00,981.94,-0.67,-1.45,94.4,5.82,5.49,0.33,3.48,5.59,1252.7,0.57,1.24,97.1
08.03.2016 01:00:00,982.53,-0.97,-1.65,95.1,5.69,5.41,0.28,3.43,5.51,1254.86,1.29,1.48,235.9
08.03.2016 02:00:00,983.04,-1.18,-1.9,94.8,5.6,5.31,0.29,3.37,5.4,1256.52,0.57,0.84,52.82
08.03.2016 03:00:00,983.32,-1.56,-2.08,96.2,5.45,5.24,0.21,3.32,5.33,1258.67,0.71,1.08,198.8
08.03.2016 04:00:00,983.5,-1.29,-1.66,97.3,5.56,5.41,0.15,3.43,5.5,1257.6,1.23,1.64,233.9
08.03.2016 05:00:00,983.86,-1.03,-1.33,97.8,5.67,5.54,0.12,3.51,5.63,1256.77,0.58,1.0,235.1
08.03.2016 06:00:00,984.54,-1.49,-1.79,97.8,5.48,5.36,0.12,3.39,5.44,1259.85,0.65,0.92,259.1
08.03.2016 07:00:00,985.29,-1.87,-2.16,97.9,5.32,5.21,0.11,3.3,5.29,1262.69,0.92,1.32,237.2
08.03.2016 08:00:00,986.14,-1.44,-1.7,98.1,5.5,5.39,0.1,3.41,5.47,1261.67,0.77,1.0,249.8
08.03.2016 09:00:00,986.94,-1.16,-1.44,97.9,5.61,5.49,0.12,3.47,5.57,1261.34,0.82,1.12,219.8
08.03.2016 10:00:00,987.16,0.01,-0.29,97.8,6.11,5.98,0.13,3.78,6.06,1255.98,0.84,1.44,197.5
08.03.2016 11:00:00,987.5,2.25,1.72,96.3,7.18,6.92,0.27,4.37,7.01,1245.77,1.17,1.96,123.8
08.03.2016 12:00:00,987.79,3.73,1.22,83.6,7.98,6.67,1.31,4.21,6.76,1239.59,1.24,2.94,307.7
08.03.2016 13:00:00,987.79,4.58,0.03,72.2,8.48,6.12,2.36,3.86,6.2,1236.05,1.84,3.0,272.4
08.03.2016 14:00:00,987.92,5.47,-0.63,64.68,9.02,5.83,3.19,3.68,5.9,1232.42,1.33,3.62,277.0
08.03.2016 15:00:00,988.14,4.78,-1.07,65.71,8.59,5.65,2.95,3.56,5.72,1235.83,1.61,2.6,18.7
08.03.2016 16:00:00,988.32,5.37,-1.12,62.83,8.95,5.63,3.33,3.55,5.69,1233.47,1.11,2.88,344.9
08.03.2016 17:00:00,988.62,4.89,-2.36,59.26,8.66,5.13,3.53,3.23,5.19,1236.2,0.44,0.9,306.8
08.03.2016 18:00:00,989.17,4.45,-2.31,61.34,8.4,5.15,3.25,3.25,5.21,1238.83,1.0,1.6,290.2
08.03.2016 19:00:00,989.77,3.96,-2.91,60.71,8.11,4.93,3.19,3.1,4.98,1241.87,1.58,1.8,266.2
08.03.2016 20:00:00,990.2,1.9,-2.46,72.7,7.01,5.1,1.91,3.21,5.15,1251.63,0.86,1.74,59.93
08.03.2016 21:00:00,990.6,1.13,-2.84,74.7,6.63,4.95,1.68,3.12,5.0,1255.73,1.55,2.18,232.2
08.03.2016 22:00:00,990.74,0.04,-2.68,81.8,6.13,5.01,1.11,3.15,5.06,1260.89,1.2,2.32,191.1
08.03.2016 23:00:00,990.64,-0.99,-3.01,86.1,5.68,4.89,0.79,3.08,4.94,1265.59,0.45,0.88,229.6
09.03.2016 00:00:00,990.45,-1.54,-3.27,87.9,5.46,4.8,0.66,3.02,4.84,1267.95,1.02,1.52,203.3
09.03.2016 01:00:00,990.52,-2.39,-3.48,92.2,5.12,4.72,0.4,2.97,4.77,1272.08,1.04,1.96,175.1
09.03.2016 02:00:00,990.36,-2.65,-3.69,92.5,5.03,4.65,0.38,2.92,4.69,1273.09,0.69,1.04,203.1
09.03.2016 03:00:00,989.67,-2.56,-3.37,94.1,5.06,4.76,0.3,3.0,4.81,1271.75,1.85,3.37,196.6
09.03.2016 04:00:00,989.16,-2.52,-3.29,94.4,5.07,4.79,0.28,3.02,4.84,1270.87,1.66,2.52,211.0
09.03.2016 05:00:00,988.91,-2.99,-3.73,94.6,4.9,4.63,0.26,2.92,4.69,1272.85,1.91,2.97,192.9
09.03.2016 06:00:00,988.65,-3.39,-3.98,95.7,4.75,4.55,0.2,2.87,4.6,1274.46,1.23,2.14,217.1
09.03.2016 07:00:00,988.4,-3.05,-3.59,96.0,4.88,4.68,0.2,2.95,4.74,1272.46,1.7,2.4,202.1
09.03.2016 08:00:00,988.06,-1.49,-2.73,91.2,5.47,4.99,0.48,3.15,5.05,1264.56,1.33,1.84,203.1
09.03.2016 09:00:00,987.67,0.38,-2.35,81.8,6.28,5.14,1.14,3.24,5.2,1255.37,2.37,3.53,161.5
09.03.2016 10:00:00,986.89,2.15,-1.46,76.9,7.14,5.49,1.65,3.47,5.56,1246.12,1.87,3.28,145.4
09.03.2016 11:00:00,986.27,3.67,-1.23,70.2,7.95,5.58,2.37,3.53,5.66,1238.46,2.82,4.17,172.9
09.03.2016 12:00:00,985.35,5.87,-1.58,58.63,9.28,5.44,3.84,3.44,5.52,1227.61,2.65,4.61,174.4
09.03.2016 13:00:00,984.43,7.05,-2.94,48.84,10.06,4.91,5.15,3.11,4.99,1221.55,4.23,6.89,120.2
09.03.2016 14:00:00,983.65,7.11,-3.07,48.18,10.1,4.87,5.24,3.08,4.95,1220.34,3.87,6.25,114.3
09.03.2016 15:00:00,983.06,7.5,-2.93,47.41,10.38,4.92,5.46,3.12,5.0,1217.89,4.04,8.09,82.2
09.03.2016 16:00:00,982.6,7.43,-3.32,46.27,10.33,4.78,5.55,3.03,4.86,1217.68,4.23,6.41,87.8
09.03.2016 17:00:00,982.37,6.69,-3.05,49.67,9.82,4.88,4.94,3.09,4.96,1220.56,3.92,6.77,89.3
09.03.2016 18:00:00,982.92,5.45,-3.21,53.49,9.01,4.82,4.19,3.05,4.9,1226.73,2.8,4.65,82.2
09.03.2016 19:00:00,983.6,3.84,-3.26,59.65,8.05,4.8,3.25,3.04,4.88,1234.72,2.36,4.79,136.8
09.03.2016 20:00:00,984.1,2.21,-2.91,68.73,7.17,4.93,2.24,3.12,5.01,1242.59,2.31,2.96,145.0
09.03.2016 21:00:00,984.34,1.31,-2.86,73.6,6.72,4.94,1.77,3.13,5.02,1246.95,1.98,3.16,92.7
09.03.2016 22:00:00,984.57,0.6,-2.97,76.9,6.38,4.91,1.47,3.1,4.98,1250.53,0.39,0.92,356.4
09.03.2016 23:00:00,984.58,0.56,-2.92,77.4,6.36,4.92,1.44,3.12,5.0,1250.72,2.57,3.28,349.7
10.03.2016 00:00:00,984.85,0.56,-2.8,78.1,6.36,4.97,1.39,3.14,5.04,1251.04,1.92,2.64,352.8
10.03.2016 01:00:00,985.23,-0.34,-3.12,81.4,5.96,4.85,1.11,3.07,4.92,1255.67,0.25,0.44,0.51
10.03.2016 02:00:00,985.97,-0.96,-3.07,85.5,5.7,4.87,0.83,3.08,4.94,1259.46,0.16,0.32,46.51
10.03.2016 03:00:00,986.36,-1.28,-3.44,85.2,5.56,4.74,0.82,2.99,4.8,1261.55,0.25,0.46,120.8
10.03.2016 04:00:00,986.95,-1.82,-3.53,88.0,5.34,4.7,0.64,2.97,4.76,1264.81,0.27,0.76,88.1
10.03.2016 05:00:00,987.71,-2.31,-3.96,88.4,5.15,4.55,0.6,2.87,4.61,1268.17,0.31,0.56,58.4
10.03.2016 06:00:00,988.39,-2.93,-4.28,90.3,4.92,4.44,0.48,2.8,4.5,1271.98,0.56,1.04,217.6
10.03.2016 07:00:00,989.06,-2.35,-3.67,90.6,5.14,4.65,0.48,2.93,4.7,1270.04,0.28,0.6,209.4
10.03.2016 08:00:00,989.81,-1.88,-3.59,88.0,5.32,4.68,0.64,2.95,4.73,1268.78,0.67,1.48,177.0
10.03.2016 09:00:00,990.53,-0.91,-2.82,86.8,5.71,4.96,0.75,3.12,5.01,1265.06,0.44,0.78,219.7
10.03.2016 10:00:00,991.17,0.2,-1.9,85.7,6.2,5.31,0.89,3.34,5.36,1260.56,0.23,0.52,44.28
10.03.2016 11:00:00,991.8,1.16,-1.12,84.7,6.64,5.63,1.02,3.54,5.67,1256.8,0.37,0.72,174.1
10.03.2016 12:00:00,992.1,2.12,0.01,85.9,7.12,6.11,1.0,3.84,6.16,1252.57,0.98,2.28,35.24
10.03.2016 13:00:00,992.43,2.3,0.76,89.5,7.21,6.45,0.76,4.05,6.5,1252.01,0.91,1.74,11.34
10.03.2016 14:00:00,992.68,2.7,1.26,90.2,7.42,6.69,0.73,4.21,6.74,1250.37,1.35,2.6,11.02
10.03.2016 15:00:00,993.07,3.0,1.86,92.2,7.58,6.99,0.59,4.39,7.04,1249.37,0.51,1.36,202.3
10.03.2016 16:00:00,993.42,3.16,2.04,92.3,7.67,7.08,0.59,4.44,7.12,1249.04,0.67,1.36,235.2
10.03.2016 17:00:00,993.77,3.33,2.1,91.6,7.76,7.11,0.65,4.46,7.15,1248.69,1.97,2.92,12.69
10.03.2016 18:00:00,994.2,3.4,2.06,90.9,7.8,7.09,0.71,4.45,7.13,1248.95,1.61,2.96,13.63
10.03.2016 19:00:00,994.78,3.13,2.19,93.5,7.65,7.16,0.5,4.49,7.19,1250.84,2.44,3.93,16.55
10.03.2016 20:00:00,995.58,3.27,2.32,93.5,7.73,7.22,0.5,4.53,7.26,1251.21,1.64,2.2,31.81
10.03.2016 21:00:00,996.01,3.13,2.47,95.4,7.65,7.3,0.35,4.57,7.33,1252.32,2.68,3.53,13.37
10.03.2016 22:00:00,996.31,3.2,2.63,96.0,7.69,7.38,0.31,4.62,7.41,1252.36,2.71,4.11,24.18
10.03.2016 23:00:00,996.52,3.28,2.62,95.4,7.73,7.38,0.36,4.62,7.4,1252.27,2.19,2.88,25.5
11.03.2016 00:00:00,996.73,3.41,2.82,95.9,7.8,7.48,0.32,4.68,7.51,1251.89,0.55,1.36,27.66
11.03.2016 01:00:00,997.0,3.47,2.74,95.0,7.84,7.44,0.39,4.66,7.47,1252.01,1.66,3.04,14.72
11.03.2016 02:00:00,997.23,3.47,2.54,93.6,7.84,7.33,0.5,4.59,7.36,1252.34,2.27,3.49,23.32
11.03.2016 03:00:00,997.29,3.43,2.5,93.6,7.81,7.31,0.5,4.57,7.33,1252.61,1.27,2.52,26.04
11.03.2016 04:00:00,997.5,3.4,2.5,93.8,7.8,7.31,0.48,4.57,7.33,1253.0,1.36,2.6,14.9
11.03.2016 05:00:00,997.82,3.33,2.45,93.9,7.76,7.29,0.47,4.56,7.3,1253.71,2.88,4.13,24.44
11.03.2016 06:00:00,998.18,3.13,2.34,94.5,7.65,7.23,0.42,4.52,7.25,1255.1,2.92,4.17,26.23
11.03.2016 07:00:00,998.65,2.96,2.1,94.0,7.56,7.11,0.45,4.44,7.12,1256.52,5.07,6.17,22.0
11.03.2016 08:00:00,999.36,2.93,1.8,92.2,7.54,6.96,0.59,4.34,6.96,1257.63,3.84,6.01,26.98
11.03.2016 09:00:00,999.87,2.97,1.76,91.7,7.57,6.94,0.63,4.33,6.94,1258.09,4.26,5.75,34.97
11.03.2016 10:00:00,1000.18,3.29,1.96,90.9,7.74,7.04,0.7,4.39,7.04,1256.97,4.31,5.77,34.49
11.03.2016 11:00:00,1000.4,2.98,1.64,90.9,7.57,6.88,0.69,4.29,6.88,1258.78,4.47,5.81,37.5
11.03.2016 12:00:00,1000.55,2.89,1.53,90.7,7.52,6.82,0.7,4.25,6.82,1259.38,4.47,5.63,38.4
11.03.2016 13:00:00,1000.54,3.43,1.56,87.5,7.81,6.84,0.98,4.26,6.83,1256.93,3.39,4.61,25.25
11.03.2016 14:00:00,1000.41,3.39,1.33,86.3,7.79,6.72,1.07,4.19,6.72,1256.99,4.73,6.09,35.0
11.03.2016 15:00:00,1000.67,2.98,0.81,85.6,7.57,6.48,1.09,4.04,6.48,1259.29,3.88,5.65,29.51
11.03.2016 16:00:00,1000.67,2.93,1.14,88.0,7.54,6.64,0.9,4.13,6.63,1259.47,3.14,5.33,27.15
11.03.2016 17:00:00,1000.91,2.29,1.02,91.3,7.21,6.58,0.63,4.1,6.57,1262.71,4.25,5.61,41.94
11.03.2016 18:00:00,1001.13,2.48,1.19,91.1,7.31,6.66,0.65,4.15,6.65,1262.05,3.49,4.49,28.55
11.03.2016 19:00:00,1001.52,2.77,1.33,90.2,7.46,6.73,0.73,4.19,6.72,1261.22,2.44,3.45,42.99
11.03.2016 20:00:00,1001.93,2.8,1.25,89.5,7.47,6.69,0.78,4.16,6.68,1261.61,2.99,4.37,26.56
11.03.2016 21:00:00,1002.38,2.75,0.67,86.1,7.45,6.41,1.04,3.99,6.4,1262.54,2.99,5.21,18.41
11.03.2016 22:00:00,1002.63,2.46,0.46,86.6,7.29,6.32,0.98,3.93,6.3,1264.24,3.04,3.93,25.28
11.03.2016 23:00:00,1002.48,1.93,0.82,92.3,7.03,6.48,0.54,4.03,6.47,1266.37,2.44,3.81,51.86
12.03.2016 00:00:00,1002.42,1.87,0.76,92.3,6.99,6.45,0.54,4.01,6.44,1266.63,3.44,5.17,27.99
12.03.2016 01:00:00,1002.4,1.93,0.64,91.1,7.02,6.4,0.63,3.98,6.38,1266.33,3.13,4.49,38.53
12.03.2016 02:00:00,1002.2,1.86,0.54,90.9,6.99,6.35,0.64,3.95,6.34,1266.42,3.92,4.89,37.64
12.03.2016 03:00:00,1002.03,1.72,0.52,91.7,6.92,6.34,0.57,3.95,6.33,1266.84,3.35,4.39,33.47
12.03.2016 04:00:00,1002.01,1.6,0.43,91.9,6.86,6.3,0.56,3.92,6.29,1267.4,3.25,3.89,28.99
12.03.2016 05:00:00,1002.24,1.62,0.44,91.8,6.87,6.31,0.56,3.92,6.29,1267.59,3.29,4.33,42.54
12.03.2016 06:00:00,1002.4,1.58,0.33,91.4,6.85,6.26,0.59,3.89,6.24,1268.03,2.85,3.89,30.53
12.03.2016 07:00:00,1002.64,1.51,0.42,92.4,6.81,6.3,0.52,3.92,6.28,1268.62,3.15,3.77,37.54
12.03.2016 08:00:00,1002.78,1.46,0.71,94.7,6.79,6.43,0.36,4.0,6.41,1268.94,2.3,2.96,33.79
12.03.2016 09:00:00,1003.24,1.68,0.95,94.9,6.9,6.55,0.35,4.07,6.52,1268.48,2.59,3.97,43.02
12.03.2016 10:00:00,1003.38,1.55,0.9,95.4,6.83,6.52,0.31,4.05,6.5,1269.26,3.28,5.13,37.07
12.03.2016 11:00:00,1003.4,1.55,0.89,95.4,6.83,6.52,0.31,4.05,6.5,1269.31,4.06,5.97,32.56
12.03.2016 12:00:00,1003.54,1.54,0.78,94.7,6.83,6.46,0.36,4.02,6.44,1269.56,5.06,6.97,28.59
12.03.2016 13:00:00,1003.38,1.5,0.79,95.0,6.81,6.47,0.34,4.02,6.45,1269.53,4.78,6.97,30.19
12.03.2016 14:00:00,1003.15,1.41,0.35,92.6,6.76,6.26,0.5,3.89,6.24,1269.76,5.73,7.73,30.56
12.03.2016 15:00:00,1003.08,1.3,0.12,91.8,6.71,6.16,0.55,3.83,6.14,1270.21,6.07,8.57,25.97
12.03.2016 16:00:00,1003.26,1.08,0.07,92.9,6.61,6.14,0.47,3.81,6.12,1271.45,5.57,8.17,31.52
12.03.2016 17:00:00,1003.64,1.16,-0.26,90.2,6.64,5.99,0.65,3.72,5.97,1271.64,4.0,5.25,35.67
12.03.2016 18:00:00,1004.06,1.06,-0.61,88.6,6.59,5.84,0.75,3.63,5.82,1272.74,3.99,5.73,31.73
12.03.2016 19:00:00,1004.53,1.0,-0.84,87.4,6.57,5.74,0.83,3.56,5.72,1273.63,3.1,4.01,28.41
12.03.2016 20:00:00,1004.93,1.02,-1.07,85.9,6.58,5.65,0.93,3.5,5.62,1274.12,3.49,5.55,35.95
12.03.2016 21:00:00,1005.36,0.87,-0.9,87.9,6.5,5.72,0.79,3.54,5.69,1275.34,3.4,4.37,38.47
12.03.2016 22:00:00,1005.42,0.88,-0.74,88.9,6.51,5.79,0.72,3.59,5.76,1275.32,3.51,5.07,41.26
12.03.2016 23:00:00,1005.28,0.93,-0.62,89.3,6.54,5.84,0.7,3.62,5.81,1274.86,4.02,5.93,31.76
13.03.2016 00:00:00,1005.4,1.07,-0.55,88.9,6.6,5.87,0.73,3.64,5.84,1274.38,3.63,5.09,24.51
13.03.2016 01:00:00,1005.44,1.07,-0.44,89.6,6.6,5.91,0.69,3.67,5.88,1274.41,2.07,2.8,20.78
13.03.2016 02:00:00,1005.47,1.15,-0.24,90.4,6.64,6.0,0.64,3.72,5.97,1274.02,2.78,4.27,34.12
13.03.2016 03:00:00,1005.29,1.26,0.26,93.0,6.69,6.23,0.47,3.86,6.19,1273.16,1.36,2.12,27.91
13.03.2016 04:00:00,1005.36,1.46,0.17,91.1,6.79,6.19,0.6,3.84,6.15,1272.35,2.52,4.81,38.09
13.03.2016 05:00:00,1005.71,1.4,0.08,90.9,6.76,6.14,0.62,3.81,6.11,1273.11,4.25,5.97,34.25
13.03.2016 06:00:00,1005.84,1.26,0.05,91.6,6.69,6.13,0.56,3.8,6.1,1273.89,4.87,6.77,27.13
13.03.2016 07:00:00,1006.3,1.27,-0.03,91.0,6.7,6.09,0.6,3.78,6.06,1274.47,3.39,4.73,24.96
13.03.2016 08:00:00,1006.76,1.02,-0.2,91.5,6.58,6.02,0.56,3.73,5.98,1276.26,3.88,5.57,24.36
13.03.2016 09:00:00,1007.38,1.06,-0.28,90.7,6.6,5.98,0.61,3.7,5.94,1276.88,3.65,5.25,27.36
13.03.2016 10:00:00,1007.97,0.79,-0.55,90.7,6.47,5.87,0.6,3.63,5.82,1278.93,4.22,6.53,28.34
13.03.2016 11:00:00,1008.26,0.86,-0.71,89.2,6.5,5.8,0.7,3.59,5.75,1279.02,3.75,5.77,28.9
13.03.2016 12:00:00,1008.36,0.87,-1.24,85.7,6.51,5.58,0.93,3.45,5.53,1279.18,5.5,7.33,27.76
13.03.2016 13:00:00,1008.27,0.83,-1.5,84.3,6.49,5.47,1.02,3.38,5.42,1279.31,4.89,7.77,33.91
13.03.2016 14:00:00,1007.97,0.71,-2.0,82.0,6.43,5.27,1.16,3.26,5.23,1279.6,4.94,6.97,27.36
13.03.2016 15:00:00,1007.77,0.61,-2.38,80.3,6.38,5.13,1.26,3.17,5.09,1279.89,4.77,6.45,26.39
13.03.2016 16:00:00,1007.63,0.83,-2.51,78.2,6.49,5.07,1.41,3.14,5.04,1278.68,4.84,7.49,37.49
13.03.2016 17:00:00,1007.74,1.01,-2.53,77.1,6.57,5.07,1.51,3.13,5.03,1277.99,2.43,5.93,60.17
13.03.2016 18:00:00,1007.96,1.03,-2.71,76.0,6.58,5.0,1.58,3.09,4.96,1278.23,3.62,6.77,43.93
13.03.2016 19:00:00,1008.34,0.87,-2.9,75.8,6.51,4.93,1.57,3.05,4.89,1279.49,2.82,4.45,48.96
13.03.2016 20:00:00,1008.68,0.49,-2.91,77.8,6.33,4.92,1.41,3.04,4.88,1281.69,3.19,5.45,54.09
13.03.2016 21:00:00,1008.84,0.07,-3.09,79.2,6.14,4.86,1.28,3.0,4.82,1283.91,3.12,5.49,71.4
13.03.2016 22:00:00,1008.72,-0.38,-2.75,83.9,5.94,4.99,0.96,3.08,4.94,1285.78,3.41,6.05,48.39
13.03.2016 23:00:00,1008.78,-0.57,-2.08,89.5,5.86,5.24,0.61,3.24,5.2,1286.67,3.4,4.85,70.7
14.03.2016 00:00:00,1008.54,-0.86,-1.77,93.5,5.73,5.36,0.37,3.31,5.32,1287.66,3.37,4.53,41.24
14.03.2016 01:00:00,1008.29,-0.72,-1.75,92.7,5.79,5.37,0.42,3.32,5.33,1286.69,3.48,4.65,28.25
14.03.2016 02:00:00,1008.21,-0.67,-2.05,90.3,5.82,5.25,0.56,3.25,5.21,1286.38,4.85,6.33,33.2
14.03.2016 03:00:00,1008.07,-0.6,-2.37,87.7,5.85,5.13,0.72,3.17,5.09,1285.92,4.15,5.05,29.56
14.03.2016 04:00:00,1007.8,-0.6,-2.68,85.7,5.85,5.01,0.84,3.1,4.97,1285.64,4.7,6.89,28.3
14.03.2016 05:00:00,1007.57,-0.5,-2.71,84.9,5.89,5.0,0.89,3.09,4.96,1284.89,3.87,4.81,29.19
14.03.2016 06:00:00,1007.86,-0.58,-2.67,85.7,5.85,5.02,0.84,3.1,4.98,1285.64,1.05,1.86,69.71
14.03.2016 07:00:00,1008.15,-0.86,-2.71,87.2,5.74,5.0,0.73,3.09,4.96,1287.34,2.04,2.73,37.3
14.03.2016 08:00:00,1008.32,-0.72,-2.57,87.2,5.8,5.05,0.74,3.12,5.01,1286.84,3.32,6.65,58.6
14.03.2016 09:00:00,1008.0,-0.07,-2.53,83.4,6.08,5.07,1.01,3.13,5.03,1283.4,1.9,3.59,87.6
14.03.2016 10:00:00,1007.81,0.45,-2.56,80.1,6.31,5.06,1.26,3.13,5.02,1280.69,2.39,3.45,35.41
14.03.2016 11:00:00,1007.84,1.31,-2.4,76.2,6.72,5.12,1.6,3.16,5.08,1276.7,2.62,4.01,60.18
14.03.2016 12:00:00,1007.39,1.89,-2.43,72.9,7.0,5.11,1.9,3.16,5.07,1273.45,2.28,3.49,66.04
14.03.2016 13:00:00,1006.31,3.16,-2.17,67.87,7.67,5.2,2.46,3.22,5.17,1266.19,4.06,5.47,45.69
14.03.2016 14:00:00,1005.63,4.49,-1.99,62.64,8.42,5.28,3.15,3.27,5.25,1259.23,2.96,5.49,36.66
14.03.2016 15:00:00,1005.09,4.87,-1.85,61.63,8.65,5.33,3.32,3.31,5.31,1256.8,3.75,5.57,25.91
14.03.2016 16:00:00,1004.29,5.39,-2.02,58.68,8.97,5.26,3.71,3.27,5.24,1253.49,2.77,4.2,41.86
14.03.2016 17:00:00,1004.14,5.38,-1.88,59.34,8.96,5.32,3.64,3.3,5.3,1253.34,3.36,4.41,30.08
14.03.2016 18:00:00,1003.82,4.81,-2.09,60.8,8.61,5.24,3.38,3.25,5.22,1255.53,1.78,3.28,9.84
14.03.2016 19:00:00,1003.73,4.08,-2.59,61.66,8.18,5.04,3.14,3.13,5.03,1258.84,2.04,2.6,10.24
14.03.2016 20:00:00,1003.3,3.38,-2.57,64.88,7.79,5.05,2.74,3.14,5.04,1261.45,0.51,0.92,83.0
14.03.2016 21:00:00,1002.64,2.38,-2.3,71.1,7.25,5.16,2.1,3.21,5.14,1265.16,0.42,0.8,54.37
14.03.2016 22:00:00,1002.3,1.52,-2.47,74.7,6.82,5.09,1.72,3.17,5.08,1268.75,0.37,0.94,217.2
14.03.2016 23:00:00,1002.09,1.01,-2.81,75.5,6.57,4.96,1.61,3.09,4.95,1270.87,0.98,2.04,261.9
15.03.2016 00:00:00,1001.61,0.62,-2.72,78.2,6.39,5.0,1.39,3.11,4.99,1272.04,1.01,1.4,222.2
15.03.2016 01:00:00,1000.96,0.04,-2.46,83.2,6.12,5.1,1.03,3.17,5.09,1273.9,0.66,1.28,174.4
15.03.2016 02:00:00,1000.61,-0.08,-2.31,84.8,6.07,5.15,0.92,3.21,5.15,1273.95,0.81,1.2,144.8
15.03.2016 03:00:00,999.7,0.05,-2.07,85.6,6.13,5.25,0.88,3.27,5.25,1272.17,0.72,0.94,212.0
15.03.2016 04:00:00,999.07,0.32,-1.96,84.6,6.25,5.29,0.96,3.3,5.29,1270.09,0.65,0.9,208.1
15.03.2016 05:00:00,998.54,0.7,-1.7,83.9,6.43,5.39,1.03,3.37,5.4,1267.6,0.26,0.62,188.6
15.03.2016 06:00:00,998.56,1.83,-1.72,77.2,6.97,5.38,1.59,3.36,5.39,1262.43,0.58,1.36,188.3
15.03.2016 07:00:00,998.06,1.81,-1.07,81.1,6.96,5.65,1.32,3.53,5.66,1261.77,1.28,3.36,240.8
15.03.2016 08:00:00,997.99,1.7,0.39,91.0,6.91,6.29,0.62,3.93,6.3,1261.85,1.08,2.56,190.7
15.03.2016 09:00:00,998.09,1.59,0.71,93.8,6.86,6.43,0.43,4.02,6.44,1262.4,2.42,4.73,24.04
15.03.2016 10:00:00,998.1,1.72,0.79,93.5,6.92,6.47,0.45,4.04,6.48,1261.79,1.95,3.0,25.05
15.03.2016 11:00:00,998.5,2.39,1.47,93.6,7.26,6.8,0.46,4.24,6.81,1259.08,2.14,3.97,57.02
15.03.2016 12:00:00,998.15,3.32,1.6,88.4,7.76,6.86,0.9,4.28,6.87,1254.36,3.78,5.77,43.61
15.03.2016 13:00:00,998.17,3.67,1.03,82.8,7.95,6.58,1.37,4.11,6.6,1252.94,4.43,6.51,31.83
15.03.2016 14:00:00,998.19,3.7,1.11,83.1,7.97,6.62,1.35,4.14,6.63,1252.82,3.5,6.05,49.47
15.03.2016 15:00:00,998.22,3.66,1.51,85.8,7.94,6.81,1.13,4.26,6.83,1252.98,2.89,4.53,41.51
15.03.2016 16:00:00,998.34,2.88,1.91,93.3,7.52,7.01,0.5,4.38,7.03,1256.53,2.94,3.93,45.32
15.03.2016 17:00:00,998.45,3.0,1.85,92.1,7.58,6.98,0.6,4.36,6.99,1256.15,3.72,4.81,40.72
15.03.2016 18:00:00,998.72,2.61,1.22,90.5,7.37,6.67,0.7,4.17,6.68,1258.44,3.21,4.25,37.14
15.03.2016 19:00:00,999.31,2.2,0.57,88.9,7.16,6.37,0.79,3.97,6.37,1261.19,4.1,7.49,37.93
15.03.2016 20:00:00,999.9,2.34,0.49,87.5,7.23,6.33,0.9,3.95,6.33,1261.31,3.59,4.55,36.66
15.03.2016 21:00:00,1000.05,2.17,0.75,90.3,7.14,6.45,0.69,4.02,6.45,1262.24,3.37,4.71,38.51
15.03.2016 22:00:00,1000.25,2.07,0.62,90.1,7.09,6.39,0.7,3.98,6.39,1262.98,4.36,5.61,46.49
15.03.2016 23:00:00,1000.45,2.13,0.2,87.0,7.13,6.2,0.93,3.86,6.2,1263.03,2.91,4.55,48.13
16.03.2016 00:00:00,1000.56,2.15,-0.06,85.2,7.14,6.08,1.06,3.79,6.08,1263.13,4.59,7.01,52.16
16.03.2016 01:00:00,1000.64,2.13,-0.98,79.8,7.12,5.68,1.44,3.54,5.68,1263.53,4.24,6.89,45.44
16.03.2016 02:00:00,1000.87,1.74,-0.86,82.8,6.93,5.74,1.19,3.57,5.73,1265.58,5.1,7.17,44.44
16.03.2016 03:00:00,1000.9,1.57,-0.6,85.4,6.84,5.84,1.0,3.64,5.84,1266.36,5.17,6.41,38.09
16.03.2016 04:00:00,1001.24,1.66,-0.57,85.0,6.89,5.86,1.03,3.65,5.85,1266.34,5.15,10.58,58.85
16.03.2016 05:00:00,1001.36,1.61,-0.6,85.2,6.86,5.85,1.02,3.64,5.84,1266.75,4.68,6.89,56.12
16.03.2016 06:00:00,1001.91,1.6,-0.68,84.7,6.86,5.81,1.05,3.61,5.8,1267.5,5.7,8.25,59.97
16.03.2016 07:00:00,1002.07,1.47,-0.85,84.5,6.79,5.74,1.05,3.57,5.73,1268.34,4.66,7.57,50.77
16.03.2016 08:00:00,1002.49,1.62,-1.04,82.4,6.87,5.66,1.21,3.52,5.65,1268.2,5.12,7.85,60.96
16.03.2016 09:00:00,1002.77,2.69,-0.74,78.0,7.42,5.78,1.63,3.6,5.77,1263.59,5.68,8.45,52.86
16.03.2016 10:00:00,1003.25,2.32,-1.26,77.1,7.22,5.57,1.65,3.46,5.55,1266.01,4.94,7.09,57.09
16.03.2016 11:00:00,1003.37,3.31,-1.14,72.5,7.75,5.62,2.13,3.49,5.6,1261.61,5.33,7.93,52.34
16.03.2016 12:00:00,1003.49,4.17,-1.77,65.14,8.24,5.36,2.87,3.33,5.35,1257.97,4.26,7.45,62.08
16.03.2016 13:00:00,1003.6,4.77,-1.84,62.12,8.59,5.34,3.25,3.31,5.32,1255.4,4.0,8.19,89.6
16.03.2016 14:00:00,1003.26,6.04,-1.31,59.1,9.39,5.55,3.84,3.45,5.53,1249.14,5.37,8.45,62.14
16.03.2016 15:00:00,1002.92,6.88,-1.17,56.34,9.95,5.6,4.34,3.48,5.59,1244.95,5.18,8.85,61.62
16.03.2016 16:00:00,1002.76,7.02,-1.06,56.29,10.04,5.65,4.39,3.51,5.64,1244.12,3.03,7.45,78.7
16.03.2016 17:00:00,1002.88,6.3,-0.51,61.61,9.55,5.89,3.67,3.66,5.87,1247.38,4.6,6.77,60.08
16.03.2016 18:00:00,1002.88,6.19,-0.22,63.37,9.48,6.01,3.47,3.74,5.99,1247.79,3.54,4.97,61.98
16.03.2016 19:00:00,1003.21,5.89,0.0,65.73,9.29,6.11,3.18,3.79,6.09,1249.49,3.99,5.49,58.32
16.03.2016 20:00:00,1003.37,5.72,-0.08,66.16,9.18,6.07,3.11,3.77,6.05,1250.47,3.65,5.69,55.1
16.03.2016 21:00:00,1003.54,5.59,-0.37,65.33,9.1,5.94,3.15,3.69,5.92,1251.33,2.68,5.13,88.3
16.03.2016 22:00:00,1003.53,4.86,-1.39,63.84,8.64,5.52,3.13,3.43,5.5,1254.83,2.69,4.37,106.3
16.03.2016 23:00:00,1003.5,3.72,-1.55,68.3,7.98,5.45,2.53,3.38,5.43,1259.97,1.13,1.8,135.6
17.03.2016 00:00:00,1003.33,3.06,-1.78,70.4,7.61,5.36,2.25,3.33,5.34,1262.81,1.11,2.96,57.71
17.03.2016 01:00:00,1003.25,2.23,-1.4,76.8,7.18,5.51,1.66,3.42,5.49,1266.45,1.32,2.12,335.4
17.03.2016 02:00:00,1002.94,1.43,-1.64,79.9,6.77,5.41,1.36,3.36,5.4,1269.79,0.43,1.04,14.28
17.03.2016 03:00:00,1002.65,0.29,-1.99,84.6,6.24,5.28,0.96,3.28,5.26,1274.78,0.57,0.96,38.52
17.03.2016 04:00:00,1002.7,-0.52,-2.27,87.9,5.88,5.17,0.71,3.21,5.15,1278.7,0.41,0.76,47.62
17.03.2016 05:00:00,1002.4,-1.1,-2.5,90.1,5.64,5.08,0.56,3.16,5.07,1281.04,0.47,1.0,210.6
17.03.2016 06:00:00,1002.46,-1.47,-2.84,90.3,5.48,4.95,0.53,3.08,4.94,1282.96,0.55,1.08,44.73
17.03.2016 07:00:00,1002.47,-1.84,-3.09,91.1,5.33,4.86,0.47,3.02,4.85,1284.77,0.58,1.32,179.4
17.03.2016 08:00:00,1002.77,0.71,-2.3,80.2,6.43,5.16,1.27,3.2,5.14,1273.05,0.42,0.8,166.3
17.03.2016 09:00:00,1002.84,2.97,-1.21,73.9,7.56,5.59,1.97,3.47,5.57,1262.5,0.61,1.24,168.5
17.03.2016 10:00:00,1002.72,4.53,-0.17,71.4,8.45,6.03,2.42,3.75,6.02,1255.03,0.78,1.44,125.8
17.03.2016 11:00:00,1002.22,5.89,0.28,67.13,9.28,6.23,3.05,3.88,6.22,1248.23,1.39,2.36,58.55
17.03.2016 12:00:00,1001.72,7.49,1.06,63.59,10.37,6.59,3.78,4.1,6.58,1240.31,1.09,2.86,42.99
17.03.2016 13:00:00,1000.89,8.77,1.02,58.14,11.32,6.58,4.74,4.1,6.57,1233.65,1.57,3.76,359.1
17.03.2016 14:00:00,999.89,10.3,0.61,50.91,12.54,6.39,6.16,3.98,6.39,1225.85,1.93,3.52,133.3
17.03.2016 15:00:00,998.9,10.91,0.59,48.79,13.06,6.37,6.69,3.98,6.38,1222.01,3.24,6.29,10.99
17.03.2016 16:00:00,998.37,11.0,0.83,49.36,13.14,6.49,6.66,4.05,6.5,1220.92,2.37,5.73,30.34
17.03.2016 17:00:00,997.74,10.48,1.45,53.45,12.7,6.79,5.91,4.24,6.8,1222.26,3.24,4.24,44.38
17.03.2016 18:00:00,997.57,9.39,1.1,56.06,11.8,6.61,5.18,4.13,6.63,1226.84,2.89,4.08,11.87
17.03.2016 19:00:00,997.57,8.51,1.07,59.39,11.12,6.6,4.51,4.13,6.62,1230.67,1.76,2.54,356.6
17.03.2016 20:00:00,997.52,7.32,0.67,62.57,10.25,6.41,3.84,4.01,6.43,1235.92,0.67,1.08,41.6
17.03.2016 21:00:00,997.34,4.99,0.58,73.0,8.72,6.37,2.36,3.98,6.39,1246.05,0.4,0.88,141.8
17.03.2016 22:00:00,997.13,3.94,0.17,76.3,8.1,6.18,1.92,3.87,6.2,1250.61,1.59,1.96,227.3
17.03.2016 23:00:00,996.95,2.53,-0.32,81.4,7.33,5.97,1.36,3.73,5.99,1256.9,0.49,1.64,187.8
18.03.2016 00:00:00,996.5,1.21,-0.94,85.5,6.67,5.7,0.97,3.57,5.72,1262.5,0.67,1.22,178.1
18.03.2016 01:00:00,996.09,0.5,-1.21,88.2,6.34,5.59,0.75,3.5,5.61,1265.29,0.32,0.84,152.8
18.03.2016 02:00:00,995.69,0.29,-1.1,90.3,6.24,5.63,0.61,3.53,5.66,1265.74,1.13,1.68,219.0
18.03.2016 03:00:00,995.05,-0.87,-1.89,92.7,5.73,5.31,0.42,3.33,5.34,1270.44,0.45,0.88,103.2
18.03.2016 04:00:00,994.39,-1.59,-2.38,94.3,5.44,5.13,0.31,3.21,5.16,1273.06,0.33,0.76,119.2
18.03.2016 05:00:00,993.77,-2.17,-2.83,95.2,5.21,4.96,0.25,3.11,4.99,1275.09,0.92,1.78,180.9
18.03.2016 06:00:00,993.5,-2.0,-2.59,95.7,5.27,5.04,0.23,3.16,5.08,1273.93,0.3,1.2,359.7
18.03.2016 07:00:00,993.37,-1.92,-2.68,94.5,5.3,5.01,0.29,3.14,5.04,1273.39,0.82,1.56,194.9
18.03.2016 08:00:00,993.32,-0.07,-2.1,86.1,6.08,5.23,0.84,3.28,5.27,1264.58,0.86,1.48,188.0
18.03.2016 09:00:00,992.97,2.34,-0.9,79.1,7.23,5.72,1.51,3.59,5.76,1252.87,1.0,1.52,175.4
18.03.2016 10:00:00,992.53,7.07,1.13,65.79,10.08,6.63,3.45,4.16,6.68,1230.72,1.57,5.29,73.8
18.03.2016 11:00:00,992.13,9.57,0.05,51.31,11.94,6.13,5.82,3.85,6.18,1219.58,2.28,4.97,253.2
18.03.2016 12:00:00,991.96,10.34,1.09,52.57,12.58,6.61,5.97,4.16,6.67,1215.83,1.71,4.2,270.5
18.03.2016 13:00:00,991.47,11.4,1.4,50.07,13.5,6.76,6.74,4.25,6.82,1210.64,1.48,3.0,293.0
18.03.2016 14:00:00,990.98,12.07,1.71,48.99,14.11,6.91,7.2,4.35,6.97,1207.13,2.43,5.05,307.7
18.03.2016 15:00:00,990.6,12.89,2.57,49.38,14.89,7.35,7.54,4.63,7.42,1203.0,1.47,3.6,301.8
18.03.2016 16:00:00,990.41,10.24,3.73,63.88,12.49,7.98,4.51,5.03,8.06,1213.72,4.18,5.73,36.14
18.03.2016 17:00:00,990.27,9.26,3.47,67.0,11.7,7.84,3.86,4.94,7.91,1217.83,4.27,5.89,36.93
18.03.2016 18:00:00,990.71,8.29,3.34,70.9,10.95,7.77,3.19,4.89,7.84,1222.6,4.27,5.77,28.65
18.03.2016 19:00:00,991.6,5.67,2.47,79.8,9.15,7.3,1.85,4.59,7.36,1235.43,4.77,6.77,22.63
18.03.2016 20:00:00,992.21,4.46,2.37,86.2,8.41,7.25,1.16,4.55,7.3,1241.59,3.18,4.45,49.31
18.03.2016 21:00:00,993.0,4.47,2.45,86.7,8.41,7.29,1.12,4.58,7.34,1242.53,2.49,3.77,44.11
18.03.2016 22:00:00,993.11,4.52,2.49,86.6,8.44,7.31,1.13,4.59,7.36,1242.43,1.7,2.44,31.82
18.03.2016 23:00:00,993.21,4.54,2.6,87.2,8.45,7.37,1.08,4.63,7.42,1242.44,0.53,0.98,3.4
19.03.2016 00:00:00,993.18,3.67,1.84,87.8,7.95,6.98,0.97,4.38,7.03,1246.51,2.0,3.81,276.8
19.03.2016 01:00:00,993.26,3.37,1.94,90.3,7.78,7.03,0.75,4.41,7.07,1247.93,1.68,2.56,254.6
19.03.2016 02:00:00,993.2,3.44,2.26,91.9,7.82,7.19,0.63,4.51,7.24,1247.44,1.01,1.76,50.71
19.03.2016 03:00:00,992.68,3.52,2.06,90.1,7.87,7.09,0.78,4.45,7.14,1246.47,1.47,2.36,74.0
19.03.2016 04:00:00,992.4,3.47,2.08,90.6,7.84,7.1,0.74,4.46,7.15,1246.37,0.96,1.92,261.5
19.03.2016 05:00:00,992.33,3.24,2.09,92.1,7.71,7.1,0.61,4.46,7.16,1247.3,1.31,1.86,259.3
19.03.2016 06:00:00,992.51,3.11,2.17,93.5,7.64,7.14,0.5,4.49,7.2,1248.1,1.17,1.92,247.8
19.03.2016 07:00:00,992.69,3.03,2.21,94.3,7.6,7.17,0.43,4.5,7.22,1248.65,0.94,1.32,238.4
19.03.2016 08:00:00,993.17,3.18,2.47,95.1,7.68,7.3,0.38,4.58,7.35,1248.55,0.74,1.04,229.3
19.03.2016 09:00:00,993.35,4.08,3.46,95.7,8.19,7.83,0.35,4.92,7.89,1244.44,0.19,0.58,122.1
19.03.2016 10:00:00,993.55,3.77,2.82,93.5,8.01,7.49,0.52,4.7,7.53,1246.27,0.48,1.2,76.8
19.03.2016 11:00:00,993.67,4.28,2.48,88.0,8.3,7.31,1.0,4.59,7.35,1244.19,0.96,2.0,18.73
19.03.2016 12:00:00,993.66,4.8,2.55,85.3,8.61,7.34,1.27,4.61,7.39,1241.85,0.43,1.0,276.2
19.03.2016 13:00:00,993.4,5.42,2.34,80.5,8.99,7.23,1.75,4.54,7.28,1238.83,0.55,1.32,56.86
19.03.2016 14:00:00,993.07,4.9,2.2,82.6,8.67,7.16,1.51,4.5,7.21,1240.75,1.54,2.86,25.25
19.03.2016 15:00:00,993.04,5.45,1.88,77.7,9.0,7.0,2.01,4.39,7.05,1238.37,0.6,2.08,16.42
19.03.2016 16:00:00,992.87,5.65,1.58,75.0,9.13,6.85,2.28,4.3,6.9,1237.32,0.85,2.92,342.1
19.03.2016 17:00:00,992.73,5.29,1.58,76.9,8.91,6.85,2.06,4.3,6.9,1238.75,0.59,1.48,293.4
19.03.2016 18:00:00,992.78,5.13,1.87,79.4,8.81,6.99,1.81,4.39,7.05,1239.44,0.75,1.04,237.3
19.03.2016 19:00:00,992.63,4.95,1.74,79.6,8.7,6.93,1.77,4.35,6.98,1240.08,1.02,1.52,246.3
19.03.2016 20:00:00,992.79,4.83,1.33,78.0,8.63,6.73,1.9,4.23,6.78,1240.91,1.17,1.48,244.5
19.03.2016 21:00:00,992.97,4.81,0.55,73.8,8.61,6.36,2.26,3.99,6.4,1241.41,1.0,1.36,247.6
19.03.2016 22:00:00,992.82,4.56,0.44,74.5,8.46,6.31,2.16,3.96,6.35,1242.36,1.47,1.92,245.5
19.03.2016 23:00:00,992.53,4.4,0.32,74.7,8.37,6.25,2.12,3.93,6.3,1242.76,1.7,2.48,242.1
20.03.2016 00:00:00,992.33,4.27,0.25,75.0,8.29,6.22,2.07,3.91,6.27,1243.1,0.75,1.72,243.1
20.03.2016 01:00:00,992.06,4.19,0.17,75.0,8.25,6.19,2.06,3.89,6.23,1243.12,1.02,2.12,261.9
20.03.2016 02:00:00,991.97,3.74,0.17,77.4,7.99,6.18,1.81,3.89,6.23,1245.05,1.82,3.28,273.1
20.03.2016 03:00:00,991.6,3.47,-0.02,77.8,7.84,6.1,1.74,3.83,6.15,1245.82,0.68,1.76,233.5
20.03.2016 04:00:00,991.26,3.42,-0.29,76.6,7.81,5.98,1.83,3.76,6.03,1245.69,1.13,2.48,246.9
20.03.2016 05:00:00,990.77,3.32,-0.06,78.4,7.76,6.08,1.68,3.83,6.14,1245.45,0.84,1.76,236.7
20.03.2016 06:00:00,990.89,3.22,-0.04,79.1,7.7,6.09,1.61,3.83,6.15,1246.07,1.52,3.28,256.4
20.03.2016 07:00:00,991.03,3.25,-0.04,78.9,7.72,6.09,1.63,3.83,6.14,1246.09,0.95,1.76,252.6
20.03.2016 08:00:00,991.21,3.6,-0.04,77.0,7.91,6.09,1.82,3.83,6.15,1244.74,1.55,3.24,249.7
20.03.2016 09:00:00,991.24,3.83,0.2,77.1,8.04,6.2,1.84,3.9,6.25,1243.72,2.0,3.95,264.6
20.03.2016 10:00:00,991.16,4.1,0.04,74.8,8.19,6.13,2.06,3.85,6.18,1242.44,2.58,4.89,271.6
20.03.2016 11:00:00,991.16,4.36,0.32,74.9,8.35,6.25,2.1,3.93,6.31,1241.19,2.23,4.65,264.9
20.03.2016 12:00:00,991.04,4.9,0.2,71.5,8.67,6.2,2.47,3.9,6.25,1238.66,2.24,4.65,271.6
20.03.2016 13:00:00,990.63,5.3,0.16,69.3,8.92,6.18,2.74,3.89,6.24,1236.36,1.77,3.65,281.2
20.03.2016 14:00:00,990.25,5.27,0.63,71.9,8.9,6.4,2.5,4.03,6.46,1235.93,2.12,4.21,272.5
20.03.2016 15:00:00,989.6,5.74,0.5,68.93,9.19,6.33,2.85,3.99,6.4,1233.09,2.82,4.45,247.0
20.03.2016 16:00:00,989.3,6.23,0.62,67.22,9.51,6.39,3.12,4.03,6.46,1230.52,1.38,2.58,243.4
20.03.2016 17:00:00,989.14,6.19,0.75,68.02,9.48,6.45,3.03,4.07,6.52,1230.45,1.46,2.78,252.5
20.03.2016 18:00:00,989.08,5.93,1.06,70.8,9.31,6.59,2.72,4.16,6.67,1231.46,1.16,2.04,235.8
20.03.2016 19:00:00,988.97,5.73,1.17,72.4,9.19,6.65,2.54,4.19,6.72,1232.17,1.55,2.8,244.4
20.03.2016 20:00:00,989.19,5.87,1.4,72.9,9.27,6.76,2.51,4.26,6.83,1231.78,2.0,3.65,256.8
20.03.2016 21:00:00,989.47,5.84,1.7,74.6,9.26,6.91,2.35,4.35,6.98,1232.18,1.6,2.64,255.6
20.03.2016 22:00:00,989.13,5.69,2.29,78.7,9.16,7.21,1.95,4.55,7.29,1232.29,1.79,3.02,254.3
20.03.2016 23:00:00,989.33,5.61,2.38,79.6,9.11,7.25,1.86,4.57,7.33,1232.86,2.31,4.37,264.9
21.03.2016 00:00:00,989.27,5.02,2.27,82.3,8.74,7.19,1.55,4.54,7.27,1235.43,2.55,4.13,256.7
21.03.2016 01:00:00,989.38,4.35,1.83,83.6,8.34,6.97,1.37,4.39,7.05,1238.68,2.59,3.75,264.4
21.03.2016 02:00:00,989.24,4.44,1.9,83.5,8.39,7.01,1.38,4.42,7.08,1238.1,2.64,4.13,257.6
21.03.2016 03:00:00,989.0,4.49,1.83,82.8,8.42,6.97,1.45,4.4,7.05,1237.58,2.43,4.21,256.9
21.03.2016 04:00:00,988.9,4.8,2.03,82.2,8.61,7.08,1.53,4.46,7.16,1236.01,2.19,3.45,253.3
21.03.2016 05:00:00,988.98,4.67,1.92,82.3,8.53,7.02,1.51,4.43,7.1,1236.74,1.79,2.44,245.8
21.03.2016 06:00:00,989.03,4.8,2.27,83.6,8.61,7.2,1.41,4.54,7.28,1236.11,1.83,2.68,237.2
21.03.2016 07:00:00,989.38,4.82,2.77,86.5,8.62,7.46,1.16,4.7,7.54,1236.33,1.72,2.6,250.0
21.03.2016 08:00:00,989.3,5.4,2.94,84.1,8.98,7.55,1.43,4.76,7.63,1233.63,2.46,3.85,243.1
21.03.2016 09:00:00,989.55,6.39,2.61,76.7,9.61,7.37,2.24,4.65,7.45,1229.67,2.05,4.97,263.2
21.03.2016 10:00:00,989.47,6.87,2.53,73.8,9.94,7.33,2.6,4.62,7.41,1227.47,2.79,4.97,269.5
21.03.2016 11:00:00,989.4,7.33,1.69,67.29,10.26,6.9,3.36,4.35,6.98,1225.57,2.87,6.25,266.0
21.03.2016 12:00:00,989.23,7.55,1.4,64.94,10.41,6.76,3.65,4.26,6.84,1224.46,2.35,4.37,266.8
21.03.2016 13:00:00,989.05,7.21,2.36,71.2,10.17,7.24,2.93,4.57,7.32,1225.5,2.54,5.57,253.3
21.03.2016 14:00:00,988.4,8.28,1.68,63.02,10.95,6.9,4.05,4.35,6.98,1220.19,2.53,6.21,278.6
21.03.2016 15:00:00,988.05,8.39,0.28,56.55,11.03,6.24,4.79,3.94,6.31,1219.59,2.29,6.45,282.9
21.03.2016 16:00:00,988.04,6.26,2.32,75.8,9.53,7.22,2.31,4.56,7.31,1228.42,2.83,5.65,267.1
21.03.2016 17:00:00,987.87,6.0,2.07,75.8,9.36,7.1,2.27,4.48,7.18,1229.39,1.82,3.46,257.3
21.03.2016 18:00:00,987.77,6.06,1.22,71.0,9.4,6.67,2.73,4.21,6.76,1229.2,1.98,3.6,258.9
21.03.2016 19:00:00,987.85,5.59,1.42,74.4,9.1,6.77,2.33,4.27,6.85,1231.33,0.93,1.48,249.0
21.03.2016 20:00:00,988.02,5.68,1.7,75.5,9.15,6.91,2.24,4.36,6.99,1231.1,0.99,1.92,264.9
21.03.2016 21:00:00,988.12,4.69,2.79,87.4,8.54,7.47,1.08,4.71,7.56,1235.33,2.26,3.45,266.0
21.03.2016 22:00:00,987.65,4.56,3.13,90.4,8.46,7.65,0.81,4.83,7.75,1235.24,0.6,1.8,266.6
21.03.2016 23:00:00,987.43,4.83,2.87,87.1,8.62,7.51,1.11,4.75,7.61,1233.84,1.16,2.64,284.1
22.03.2016 00:00:00,987.44,4.6,3.01,89.4,8.49,7.59,0.9,4.79,7.69,1234.82,0.5,1.56,308.0
22.03.2016 01:00:00,986.91,4.27,2.81,90.2,8.29,7.48,0.81,4.73,7.58,1235.69,1.81,3.08,275.7
22.03.2016 02:00:00,986.6,4.47,2.71,88.3,8.41,7.43,0.98,4.7,7.53,1234.43,2.94,4.25,261.1
22.03.2016 03:00:00,986.23,4.5,2.54,87.0,8.43,7.33,1.1,4.64,7.44,1233.86,2.34,3.57,261.3
22.03.2016 04:00:00,986.1,4.4,2.44,87.0,8.37,7.28,1.09,4.61,7.39,1234.17,2.64,4.37,257.9
22.03.2016 05:00:00,986.05,4.17,2.37,88.0,8.23,7.25,0.99,4.58,7.35,1235.16,2.32,4.09,256.6
22.03.2016 06:00:00,985.71,4.13,2.12,86.7,8.21,7.12,1.09,4.51,7.23,1234.95,2.36,3.2,259.1
22.03.2016 07:00:00,985.66,4.06,2.03,86.6,8.17,7.08,1.09,4.48,7.18,1235.24,1.68,2.44,260.0
22.03.2016 08:00:00,985.35,4.55,2.06,83.8,8.46,7.09,1.37,4.49,7.2,1232.65,1.8,3.57,261.4
22.03.2016 09:00:00,985.44,5.28,1.67,77.4,8.9,6.89,2.01,4.36,6.99,1229.62,2.33,5.65,266.4
22.03.2016 10:00:00,985.61,5.52,1.68,76.2,9.05,6.9,2.15,4.37,7.0,1228.78,2.78,4.53,256.4
22.03.2016 11:00:00,985.42,6.02,1.75,74.0,9.37,6.93,2.44,4.39,7.04,1226.34,2.9,5.77,271.2
22.03.2016 12:00:00,985.35,5.95,1.29,71.9,9.33,6.71,2.62,4.24,6.81,1226.65,2.68,6.07,262.4
22.03.2016 13:00:00,985.16,6.66,1.71,70.6,9.79,6.91,2.88,4.38,7.02,1223.23,2.5,6.17,268.1
22.03.2016 14:00:00,984.81,6.14,2.24,76.0,9.45,7.18,2.27,4.55,7.29,1224.92,2.02,4.53,257.1
22.03.2016 15:00:00,984.57,6.19,2.41,76.7,9.48,7.27,2.21,4.61,7.38,1224.39,1.2,3.38,267.2
22.03.2016 16:00:00,984.33,6.1,2.06,75.2,9.43,7.09,2.34,4.49,7.2,1224.54,1.99,3.64,275.2
22.03.2016 17:00:00,984.13,6.03,1.72,73.8,9.38,6.92,2.46,4.39,7.03,1224.7,2.1,4.31,269.9
22.03.2016 18:00:00,984.14,5.92,1.95,75.6,9.3,7.03,2.27,4.46,7.15,1225.15,1.52,3.58,247.9
22.03.2016 19:00:00,984.27,5.65,2.0,77.3,9.13,7.06,2.07,4.47,7.17,1226.47,0.59,1.76,237.8
22.03.2016 20:00:00,984.43,5.47,1.95,78.0,9.02,7.03,1.98,4.46,7.15,1227.48,1.43,2.12,251.7
22.03.2016 21:00:00,984.21,5.4,1.94,78.3,8.98,7.03,1.95,4.45,7.14,1227.5,2.42,3.81,249.1
22.03.2016 22:00:00,984.09,5.11,2.13,81.0,8.8,7.13,1.67,4.52,7.24,1228.58,1.01,2.04,235.0
22.03.2016 23:00:00,983.84,4.55,2.33,85.5,8.46,7.23,1.23,4.58,7.35,1230.72,0.92,1.56,209.2
23.03.2016 00:00:00,983.84,4.27,2.16,86.1,8.29,7.14,1.15,4.53,7.26,1232.0,0.53,1.08,197.1
23.03.2016 01:00:00,983.62,4.48,2.29,85.6,8.42,7.21,1.21,4.57,7.33,1230.74,0.43,0.8,50.73
23.03.2016 02:00:00,983.3,4.04,2.07,86.9,8.16,7.09,1.07,4.5,7.21,1232.34,0.48,0.92,186.0
23.03.2016 03:00:00,983.07,3.33,1.68,88.9,7.76,6.9,0.86,4.38,7.02,1235.33,1.08,1.48,235.4
23.03.2016 04:00:00,982.74,3.15,1.62,89.7,7.66,6.87,0.79,4.36,6.99,1235.75,0.57,0.8,169.6
23.03.2016 05:00:00,982.5,2.84,1.6,91.5,7.5,6.86,0.64,4.35,6.98,1236.81,0.41,0.92,213.3
23.03.2016 06:00:00,982.36,2.88,2.08,94.4,7.52,7.1,0.42,4.51,7.22,1236.34,0.59,0.88,172.5
23.03.2016 07:00:00,982.54,3.03,2.23,94.5,7.6,7.18,0.42,4.56,7.31,1235.87,0.68,1.04,192.2
23.03.2016 08:00:00,982.62,3.48,2.55,93.6,7.84,7.34,0.5,4.66,7.47,1233.89,0.78,1.36,213.4
23.03.2016 09:00:00,982.49,5.03,3.31,88.6,8.75,7.75,1.0,4.92,7.89,1226.64,0.46,1.12,164.1
23.03.2016 10:00:00,982.42,5.6,2.31,79.3,9.1,7.22,1.88,4.58,7.35,1224.31,1.93,3.68,276.0
23.03.2016 11:00:00,982.34,5.22,3.17,86.6,8.86,7.67,1.19,4.87,7.81,1225.67,0.75,1.74,269.8
23.03.2016 12:00:00,982.09,5.89,3.31,83.5,9.28,7.75,1.53,4.92,7.89,1222.39,1.65,2.96,254.0
23.03.2016 13:00:00,981.81,7.27,4.03,79.8,10.22,8.15,2.06,5.18,8.3,1215.81,1.86,3.38,267.8
23.03.2016 14:00:00,981.89,5.5,2.35,80.1,9.04,7.24,1.8,4.6,7.37,1224.07,1.26,3.0,219.7
23.03.2016 15:00:00,981.58,6.17,3.3,81.8,9.47,7.74,1.72,4.92,7.89,1220.52,1.11,2.32,19.51
23.03.2016 16:00:00,981.86,6.87,2.69,74.6,9.94,7.41,2.52,4.71,7.55,1217.96,1.64,3.5,6.99
23.03.2016 17:00:00,982.02,6.44,1.42,70.2,9.65,6.77,2.87,4.3,6.89,1220.35,1.85,4.69,9.45
23.03.2016 18:00:00,982.28,6.33,1.27,69.92,9.58,6.7,2.88,4.25,6.82,1221.16,0.53,1.32,270.8
23.03.2016 19:00:00,982.79,5.74,1.13,72.1,9.19,6.63,2.56,4.21,6.74,1224.42,1.71,2.2,248.7
23.03.2016 20:00:00,983.15,5.8,0.85,70.4,9.23,6.5,2.73,4.12,6.61,1224.67,1.52,2.36,263.1
23.03.2016 21:00:00,983.42,5.6,1.2,73.2,9.1,6.66,2.44,4.23,6.78,1225.8,1.7,2.88,251.9
23.03.2016 22:00:00,983.79,5.6,1.33,73.9,9.1,6.73,2.38,4.26,6.84,1226.25,2.0,3.36,263.3
23.03.2016 23:00:00,983.83,5.27,0.77,72.6,8.9,6.46,2.44,4.09,6.57,1227.86,1.97,2.78,255.8
24.03.2016 00:00:00,983.97,4.87,0.19,71.6,8.65,6.19,2.46,3.92,6.29,1229.95,2.62,3.73,250.6
24.03.2016 01:00:00,984.32,4.66,-0.09,71.2,8.52,6.07,2.45,3.84,6.16,1231.39,0.52,1.14,172.8
24.03.2016 02:00:00,984.46,3.98,-0.49,72.5,8.13,5.89,2.24,3.73,5.99,1234.63,2.1,3.36,252.8
24.03.2016 03:00:00,984.44,3.55,-0.85,72.8,7.88,5.74,2.14,3.63,5.83,1236.6,3.52,5.17,253.7
24.03.2016 04:00:00,984.59,3.2,-0.89,74.4,7.69,5.72,1.97,3.62,5.81,1238.39,1.73,4.23,245.8
24.03.2016 05:00:00,985.02,2.99,-0.95,75.2,7.57,5.7,1.88,3.6,5.78,1239.88,1.19,2.2,210.0
24.03.2016 06:00:00,985.65,2.67,-1.1,76.1,7.4,5.64,1.77,3.56,5.72,1242.14,0.98,2.08,233.5
24.03.2016 07:00:00,986.23,2.63,-1.26,75.4,7.39,5.57,1.82,3.52,5.65,1243.07,1.34,3.14,236.3
24.03.2016 08:00:00,986.72,4.26,-0.78,69.63,8.29,5.77,2.52,3.65,5.85,1236.3,1.5,3.97,250.6
24.03.2016 09:00:00,987.16,5.06,-0.88,65.32,8.77,5.73,3.04,3.62,5.8,1233.32,2.11,5.01,300.7
24.03.2016 10:00:00,987.15,5.66,-1.35,60.56,9.14,5.53,3.6,3.49,5.61,1230.76,1.53,4.28,297.4
24.03.2016 11:00:00,987.25,6.03,-0.72,61.78,9.38,5.79,3.58,3.66,5.87,1229.11,3.16,5.53,14.87
24.03.2016 12:00:00,987.17,7.85,-1.06,53.18,10.63,5.65,4.98,3.57,5.73,1221.12,1.69,3.48,209.3
24.03.2016 13:00:00,987.13,7.28,-1.44,53.75,10.22,5.49,4.73,3.47,5.57,1223.63,1.86,4.04,329.3
24.03.2016 14:00:00,987.07,7.46,-2.02,50.87,10.35,5.26,5.08,3.32,5.33,1222.88,3.38,5.97,234.3
24.03.2016 15:00:00,987.17,8.55,-1.92,47.57,11.15,5.3,5.84,3.35,5.37,1218.25,2.98,6.29,224.3
24.03.2016 16:00:00,986.91,8.59,-2.05,46.98,11.18,5.25,5.93,3.32,5.32,1217.78,0.97,2.32,259.8
24.03.2016 17:00:00,986.8,8.29,-1.99,48.18,10.95,5.28,5.68,3.33,5.35,1218.93,0.97,2.08,259.9
24.03.2016 18:00:00,986.93,7.66,-1.77,51.11,10.49,5.36,5.13,3.39,5.43,1221.78,0.68,1.28,218.3
24.03.2016 19:00:00,987.22,6.59,-1.51,56.06,9.75,5.47,4.28,3.45,5.54,1226.76,2.38,2.64,241.2
24.03.2016 20:00:00,987.63,6.48,-1.12,58.17,9.67,5.63,4.05,3.55,5.7,1227.7,1.09,1.58,232.1
24.03.2016 21:00:00,987.8,6.01,0.08,65.59,9.36,6.14,3.22,3.88,6.22,1229.73,0.33,0.76,194.0
24.03.2016 22:00:00,987.62,6.33,1.46,70.9,9.57,6.79,2.79,4.29,6.87,1227.79,0.89,1.32,254.2
24.03.2016 23:00:00,987.67,6.25,1.4,71.0,9.52,6.76,2.76,4.27,6.84,1228.22,0.24,0.64,111.4
25.03.2016 00:00:00,987.3,5.51,1.28,74.1,9.05,6.7,2.34,4.23,6.79,1231.04,0.71,1.56,91.2
25.03.2016 01:00:00,987.31,5.93,1.78,74.6,9.31,6.95,2.37,4.39,7.04,1229.09,1.13,1.74,256.2
25.03.2016 02:00:00,987.21,5.97,1.85,74.8,9.34,6.99,2.35,4.41,7.08,1228.77,1.33,2.08,234.7
25.03.2016 03:00:00,986.88,5.29,2.08,79.7,8.91,7.1,1.81,4.49,7.19,1231.29,0.4,0.9,182.1
25.03.2016 04:00:00,986.67,5.07,2.13,81.2,8.77,7.12,1.65,4.5,7.22,1232.0,0.78,1.68,133.7
25.03.2016 05:00:00,986.56,5.03,2.4,83.0,8.75,7.26,1.49,4.59,7.36,1231.96,0.52,1.4,186.0
25.03.2016 06:00:00,986.33,4.76,2.53,85.4,8.58,7.33,1.25,4.64,7.43,1232.84,1.68,2.16,225.3
25.03.2016 07:00:00,986.05,4.69,2.72,87.0,8.54,7.43,1.11,4.7,7.54,1232.77,1.61,2.1,148.6
25.03.2016 08:00:00,985.92,5.13,3.2,87.3,8.81,7.69,1.12,4.86,7.8,1230.54,0.86,1.72,169.9
25.03.2016 09:00:00,985.5,6.61,2.78,76.5,9.76,7.47,2.29,4.73,7.57,1223.62,3.72,4.97,205.3
25.03.2016 10:00:00,985.21,7.53,2.65,71.1,10.4,7.39,3.01,4.68,7.5,1219.26,4.98,7.61,213.2
25.03.2016 11:00:00,984.95,7.95,2.58,68.73,10.7,7.36,3.35,4.66,7.47,1217.14,5.25,7.33,215.6
25.03.2016 12:00:00,985.07,7.91,3.01,71.1,10.67,7.59,3.08,4.81,7.7,1217.35,3.63,6.61,231.5
25.03.2016 13:00:00,985.0,7.35,3.39,75.9,10.27,7.8,2.48,4.94,7.91,1219.59,4.57,6.29,216.7
25.03.2016 14:00:00,984.84,7.15,3.6,78.1,10.13,7.91,2.22,5.01,8.03,1220.21,4.27,6.45,211.6
25.03.2016 15:00:00,984.65,6.81,3.72,80.6,9.9,7.98,1.92,5.06,8.1,1221.42,4.34,6.13,216.2
25.03.2016 16:00:00,984.56,6.59,3.97,83.3,9.75,8.12,1.63,5.15,8.25,1222.2,3.88,5.57,209.1
25.03.2016 17:00:00,984.95,5.92,4.07,87.9,9.3,8.18,1.13,5.18,8.3,1225.61,2.94,4.13,215.2
25.03.2016 18:00:00,985.54,5.47,4.06,90.6,9.02,8.17,0.85,5.17,8.29,1228.33,0.84,2.0,226.1
25.03.2016 19:00:00,986.21,5.16,3.77,90.7,8.82,8.0,0.82,5.06,8.12,1230.63,0.66,1.04,223.2
25.03.2016 20:00:00,986.96,5.09,3.86,91.7,8.79,8.06,0.73,5.09,8.16,1231.82,0.5,0.92,212.2
25.03.2016 21:00:00,987.55,4.9,3.59,91.2,8.67,7.91,0.76,4.99,8.0,1233.48,1.29,2.56,246.7
25.03.2016 22:00:00,988.14,4.7,3.48,91.8,8.54,7.84,0.7,4.95,7.94,1235.16,1.68,2.36,247.9
25.03.2016 23:00:00,988.6,4.67,3.44,91.7,8.53,7.82,0.71,4.94,7.91,1235.87,1.49,2.36,237.2
26.03.2016 00:00:00,989.12,4.77,3.71,92.8,8.59,7.97,0.62,5.03,8.06,1236.01,1.64,2.68,236.4
26.03.2016 01:00:00,989.91,5.19,4.03,92.2,8.85,8.16,0.69,5.14,8.24,1235.03,0.56,1.36,255.5
26.03.2016 02:00:00,990.35,5.27,4.08,92.0,8.89,8.18,0.71,5.16,8.26,1235.22,2.02,3.57,245.8
26.03.2016 03:00:00,990.71,5.25,4.38,94.1,8.88,8.36,0.52,5.26,8.44,1235.67,1.91,3.28,242.7
26.03.2016 04:00:00,990.96,5.4,4.72,95.4,8.97,8.56,0.41,5.39,8.64,1235.24,0.6,1.72,156.6
26.03.2016 05:00:00,991.43,5.22,4.31,93.8,8.87,8.32,0.55,5.23,8.39,1236.71,1.37,2.2,235.8
26.03.2016 06:00:00,992.09,5.74,4.45,91.4,9.19,8.4,0.79,5.28,8.47,1235.22,2.59,3.93,247.6
26.03.2016 07:00:00,992.53,5.74,4.48,91.6,9.19,8.42,0.77,5.29,8.48,1235.76,2.63,3.77,236.6
26.03.2016 08:00:00,992.96,6.15,4.86,91.4,9.45,8.64,0.81,5.43,8.7,1234.37,1.33,2.24,205.1
26.03.2016 09:00:00,993.39,6.86,5.02,88.0,9.93,8.74,1.19,5.49,8.8,1231.71,1.29,2.04,148.9
26.03.2016 10:00:00,993.67,8.0,5.56,84.5,10.74,9.07,1.66,5.7,9.13,1226.92,0.99,2.32,152.7
26.03.2016 11:00:00,993.58,9.05,2.87,65.11,11.53,7.51,4.02,4.71,7.56,1222.98,2.17,4.32,236.5
26.03.2016 12:00:00,993.25,9.17,2.73,63.97,11.63,7.44,4.19,4.67,7.49,1222.07,1.83,2.78,194.7
26.03.2016 13:00:00,992.9,10.54,2.88,58.95,12.75,7.51,5.23,4.72,7.57,1215.71,4.41,6.13,196.3
26.03.2016 14:00:00,992.17,11.45,3.56,58.25,13.54,7.89,5.65,4.96,7.95,1210.76,4.3,7.81,185.9
26.03.2016 15:00:00,991.6,11.6,4.03,59.61,13.68,8.15,5.52,5.13,8.22,1209.3,4.99,7.73,194.7
26.03.2016 16:00:00,991.18,11.52,4.07,60.11,13.61,8.18,5.43,5.15,8.25,1209.12,4.01,6.25,158.8
26.03.2016 17:00:00,990.77,11.29,3.84,60.06,13.4,8.05,5.35,5.07,8.12,1209.65,3.41,4.79,181.6
26.03.2016 18:00:00,990.6,10.18,3.9,64.94,12.44,8.08,4.36,5.09,8.16,1214.17,2.71,4.08,183.4
26.03.2016 19:00:00,990.72,8.87,3.73,70.1,11.39,7.99,3.41,5.03,8.06,1220.0,3.82,5.25,191.1
26.03.2016 20:00:00,990.6,7.72,3.41,74.1,10.53,7.81,2.73,4.92,7.88,1224.93,2.1,2.92,197.6
26.03.2016 21:00:00,990.3,6.46,3.25,79.9,9.66,7.72,1.94,4.86,7.79,1230.12,2.51,3.68,164.6
26.03.2016 22:00:00,989.73,5.97,2.99,81.1,9.34,7.58,1.77,4.77,7.65,1231.61,2.78,3.73,144.6
26.03.2016 23:00:00,988.75,5.19,2.63,83.5,8.85,7.39,1.46,4.66,7.47,1233.95,0.8,2.56,133.2
27.03.2016 00:00:00,987.88,4.91,2.41,83.8,8.67,7.27,1.4,4.59,7.36,1234.17,0.68,1.6,29.4
27.03.2016 01:00:00,986.98,4.03,1.97,86.4,8.15,7.04,1.11,4.45,7.14,1237.07,2.64,3.49,208.6
27.03.2016 02:00:00,986.25,3.86,1.82,86.5,8.06,6.97,1.09,4.41,7.07,1236.93,3.72,4.61,197.3
27.03.2016 03:00:00,985.64,3.4,1.42,86.8,7.8,6.77,1.03,4.28,6.87,1238.31,2.98,4.53,193.6
27.03.2016 04:00:00,984.96,3.7,1.29,84.2,7.97,6.71,1.26,4.25,6.81,1236.15,3.5,4.89,184.3
27.03.2016 05:00:00,984.29,3.65,0.96,82.5,7.94,6.55,1.39,4.15,6.66,1235.58,3.35,4.53,186.1
27.03.2016 06:00:00,983.65,3.27,0.8,83.8,7.73,6.48,1.25,4.1,6.58,1236.53,2.99,4.53,186.6
27.03.2016 07:00:00,983.46,5.04,1.07,75.4,8.75,6.6,2.15,4.19,6.71,1228.35,2.92,4.85,185.4
27.03.2016 08:00:00,983.41,6.61,1.61,70.3,9.76,6.86,2.9,4.35,6.98,1221.29,3.0,4.21,178.7
27.03.2016 09:00:00,982.84,8.98,2.32,62.93,11.48,7.22,4.25,4.58,7.35,1210.15,4.16,6.21,155.7
27.03.2016 10:00:00,983.1,11.05,2.47,55.36,13.19,7.3,5.89,4.63,7.43,1201.62,4.12,6.89,166.2
27.03.2016 11:00:00,983.39,12.39,2.02,49.05,14.41,7.07,7.34,4.48,7.19,1196.44,4.65,6.65,201.5
27.03.2016 12:00:00,984.13,13.09,3.75,52.98,15.09,7.99,7.09,5.07,8.12,1193.99,5.31,9.33,217.6
27.03.2016 13:00:00,984.98,11.6,4.45,61.41,13.68,8.4,5.28,5.32,8.53,1201.09,5.17,8.85,213.4
27.03.2016 14:00:00,985.36,11.18,4.31,62.51,13.3,8.31,4.99,5.27,8.44,1203.37,3.28,6.11,226.2
27.03.2016 15:00:00,985.85,10.33,4.05,64.97,12.57,8.17,4.4,5.17,8.28,1207.65,2.58,4.16,260.0
27.03.2016 16:00:00,985.83,9.69,3.53,65.37,12.04,7.87,4.17,4.98,7.98,1210.49,3.82,6.25,214.6
27.03.2016 17:00:00,985.76,9.51,3.24,64.84,11.9,7.71,4.18,4.88,7.82,1211.25,3.82,5.45,204.0
27.03.2016 18:00:00,985.93,9.5,4.2,69.4,11.89,8.25,3.64,5.22,8.37,1211.25,2.04,2.76,187.6
27.03.2016 19:00:00,986.06,9.2,4.31,71.4,11.65,8.32,3.33,5.26,8.44,1212.67,2.04,3.22,185.6
27.03.2016 20:00:00,986.39,8.72,4.32,73.8,11.28,8.32,2.95,5.26,8.44,1215.14,2.38,3.44,188.4
27.03.2016 21:00:00,986.42,7.29,3.97,79.4,10.23,8.12,2.11,5.14,8.23,1221.47,2.54,3.6,240.5
27.03.2016 22:00:00,986.29,7.62,3.67,76.0,10.46,7.95,2.51,5.03,8.06,1219.95,1.73,2.64,224.4
27.03.2016 23:00:00,986.31,6.3,3.43,81.8,9.55,7.82,1.74,4.94,7.92,1225.81,1.24,2.32,217.7
28.03.2016 00:00:00,986.3,6.3,3.23,80.6,9.56,7.7,1.85,4.87,7.81,1225.82,1.94,2.86,183.3
28.03.2016 01:00:00,985.94,5.61,3.01,83.3,9.11,7.58,1.52,4.8,7.69,1228.5,1.91,3.73,180.4
28.03.2016 02:00:00,985.59,4.75,2.55,85.6,8.58,7.34,1.24,4.65,7.45,1231.96,1.22,1.88,210.1
28.03.2016 03:00:00,985.2,4.27,2.3,87.0,8.29,7.21,1.08,4.57,7.32,1233.68,0.89,2.16,170.3
28.03.2016 04:00:00,984.7,3.75,2.0,88.3,7.99,7.06,0.94,4.47,7.17,1235.45,0.78,3.04,172.4
28.03.2016 05:00:00,984.06,3.76,1.99,88.2,8.0,7.06,0.94,4.47,7.17,1234.58,1.99,2.88,198.2
28.03.2016 06:00:00,983.59,2.9,1.73,92.0,7.53,6.92,0.6,4.39,7.04,1237.89,1.78,2.6,200.6
28.03.2016 07:00:00,982.93,4.03,1.86,85.7,8.15,6.99,1.17,4.43,7.11,1232.0,2.14,3.36,190.1
28.03.2016 08:00:00,982.18,5.99,2.31,77.2,9.35,7.22,2.13,4.58,7.35,1222.31,2.43,3.93,170.0
28.03.2016 09:00:00,981.21,8.36,3.39,70.8,11.0,7.79,3.21,4.95,7.94,1210.53,4.04,5.89,158.3
28.03.2016 10:00:00,979.98,10.9,3.8,61.44,13.06,8.02,5.03,5.11,8.19,1198.09,5.44,8.25,185.4
28.03.2016 11:00:00,979.24,11.08,2.96,57.21,13.21,7.56,5.65,4.82,7.72,1196.64,7.92,11.81,198.0
28.03.2016 12:00:00,978.83,11.0,2.69,56.41,13.14,7.41,5.73,4.72,7.57,1196.54,5.95,9.25,185.3
28.03.2016 13:00:00,978.11,11.26,2.88,56.19,13.37,7.51,5.86,4.79,7.68,1194.52,3.08,5.45,184.7
28.03.2016 14:00:00,976.93,12.98,1.18,44.41,14.98,6.65,8.33,4.25,6.81,1186.3,6.57,11.09,190.6
28.03.2016 15:00:00,976.56,12.84,2.11,47.92,14.84,7.11,7.73,4.54,7.28,1186.22,7.67,11.53,203.5
28.03.2016 16:00:00,975.93,12.33,3.65,55.29,14.35,7.94,6.42,5.07,8.13,1187.19,7.39,11.41,179.5
28.03.2016 17:00:00,975.74,12.2,3.8,56.36,14.23,8.02,6.21,5.13,8.22,1187.46,5.44,8.55,192.1
28.03.2016 18:00:00,975.03,11.93,4.07,58.49,13.98,8.18,5.8,5.23,8.39,1187.64,3.64,5.29,175.4
28.03.2016 19:00:00,974.73,11.78,3.77,57.86,13.84,8.01,5.83,5.13,8.22,1187.98,3.4,4.81,191.7
28.03.2016 20:00:00,976.05,8.07,5.74,85.2,10.79,9.19,1.6,5.88,9.42,1204.73,1.61,3.32,247.5
28.03.2016 21:00:00,976.04,7.77,5.77,87.1,10.57,9.21,1.36,5.89,9.43,1206.0,2.71,4.4,193.7
28.03.2016 22:00:00,976.8,7.76,4.99,82.6,10.56,8.73,1.84,5.58,8.93,1207.21,3.23,4.69,190.0
28.03.2016 23:00:00,976.87,7.24,4.4,82.1,10.19,8.37,1.82,5.35,8.57,1209.7,2.64,3.2,205.3
29.03.2016 00:00:00,976.91,6.74,4.42,85.1,9.85,8.38,1.47,5.35,8.58,1211.92,1.73,2.76,179.1
29.03.2016 01:00:00,976.67,6.66,4.48,85.9,9.8,8.42,1.38,5.38,8.62,1211.92,1.98,3.2,129.8
29.03.2016 02:00:00,976.16,7.01,4.5,84.0,10.03,8.43,1.61,5.39,8.63,1209.79,2.21,3.41,178.2
29.03.2016 03:00:00,976.66,5.66,3.52,86.1,9.14,7.87,1.27,5.03,8.06,1216.55,5.08,8.21,205.3
29.03.2016 04:00:00,977.7,5.45,3.03,84.4,9.0,7.6,1.4,4.85,7.77,1218.9,2.84,4.33,197.5
29.03.2016 05:00:00,978.45,4.74,2.85,87.5,8.57,7.5,1.07,4.78,7.67,1222.97,2.58,3.87,195.8
29.03.2016 06:00:00,979.02,4.94,2.56,84.5,8.69,7.35,1.35,4.68,7.5,1222.88,2.82,4.57,225.5
29.03.2016 07:00:00,979.44,5.78,2.43,79.0,9.21,7.28,1.93,4.64,7.43,1219.78,4.79,7.45,209.8
29.03.2016 08:00:00,980.33,6.81,1.95,71.1,9.89,7.03,2.86,4.48,7.18,1216.51,6.03,9.45,206.9
29.03.2016 09:00:00,981.15,7.54,1.27,64.34,10.41,6.7,3.71,4.26,6.82,1214.51,4.35,7.53,221.9
29.03.2016 10:00:00,981.81,7.94,0.31,58.41,10.69,6.25,4.45,3.97,6.36,1213.81,6.67,11.29,218.2
29.03.2016 11:00:00,982.22,8.07,0.99,60.82,10.79,6.56,4.23,4.17,6.68,1213.61,7.54,14.06,215.0
29.03.2016 12:00:00,982.51,9.34,0.75,54.84,11.76,6.45,5.31,4.09,6.56,1208.56,6.99,11.69,227.1
29.03.2016 13:00:00,982.63,10.05,0.83,52.6,12.34,6.49,5.85,4.12,6.6,1205.66,3.98,8.81,234.2
29.03.2016 14:00:00,982.85,11.13,0.53,47.88,13.26,6.35,6.91,4.03,6.46,1201.42,4.65,7.49,239.4
29.03.2016 15:00:00,982.84,10.93,0.1,47.04,13.08,6.15,6.93,3.9,6.26,1202.34,7.64,15.82,215.6
29.03.2016 16:00:00,983.02,11.32,-0.67,43.33,13.43,5.82,7.61,3.69,5.92,1201.07,4.97,9.53,220.5
29.03.2016 17:00:00,983.29,11.26,-0.42,44.3,13.37,5.92,7.45,3.76,6.02,1201.6,3.34,6.93,220.6
29.03.2016 18:00:00,983.74,10.14,0.35,50.47,12.41,6.26,6.15,3.97,6.37,1206.75,5.15,8.01,217.4
29.03.2016 19:00:00,984.18,8.29,1.53,62.3,10.95,6.82,4.13,4.32,6.93,1214.96,3.25,5.77,234.2
29.03.2016 20:00:00,984.47,7.3,1.87,68.31,10.24,6.99,3.24,4.43,7.1,1219.53,4.46,5.89,216.0
29.03.2016 21:00:00,985.17,6.47,1.98,72.9,9.67,7.05,2.62,4.46,7.15,1223.99,1.39,2.36,237.5
29.03.2016 22:00:00,985.49,6.0,2.7,79.3,9.36,7.42,1.94,4.7,7.53,1226.27,2.8,3.97,244.6
29.03.2016 23:00:00,985.73,5.23,2.43,82.1,8.87,7.28,1.59,4.61,7.39,1230.05,1.47,2.12,234.4
30.03.2016 00:00:00,985.51,4.37,2.6,88.2,8.35,7.37,0.99,4.66,7.47,1233.53,1.52,2.1,214.5
30.03.2016 01:00:00,985.22,3.86,2.73,92.3,8.06,7.44,0.62,4.71,7.55,1235.42,1.65,2.88,180.2
30.03.2016 02:00:00,984.68,3.48,2.47,93.1,7.84,7.3,0.54,4.63,7.42,1236.49,1.3,2.76,179.8
30.03.2016 03:00:00,984.18,3.54,2.7,94.2,7.88,7.42,0.46,4.7,7.54,1235.53,0.88,1.94,171.0
30.03.2016 04:00:00,983.83,4.42,2.74,88.8,8.38,7.44,0.94,4.72,7.56,1231.17,1.58,2.24,189.0
30.03.2016 05:00:00,983.41,4.6,3.29,91.2,8.49,7.74,0.75,4.91,7.87,1229.71,1.65,2.64,184.0
30.03.2016 06:00:00,982.67,4.98,4.04,93.6,8.72,8.16,0.56,5.18,8.3,1226.91,1.87,2.88,189.9
30.03.2016 07:00:00,982.31,5.59,4.54,92.9,9.1,8.45,0.65,5.37,8.6,1223.61,1.43,2.4,204.5
30.03.2016 08:00:00,982.6,6.97,4.85,86.3,10.01,8.64,1.37,5.48,8.79,1217.87,1.98,3.12,183.7
30.03.2016 09:00:00,982.88,9.33,5.65,77.7,11.75,9.13,2.62,5.8,9.29,1207.81,2.92,5.49,200.6
30.03.2016 10:00:00,983.16,10.39,5.15,69.89,12.62,8.82,3.8,5.6,8.97,1203.78,4.78,8.01,212.6
30.03.2016 11:00:00,983.47,11.58,4.94,63.63,13.66,8.69,4.97,5.52,8.84,1199.19,5.62,8.81,219.6
30.03.2016 12:00:00,984.1,10.86,5.31,68.49,13.02,8.92,4.1,5.66,9.06,1202.9,3.12,5.53,254.0
30.03.2016 13:00:00,984.83,8.39,6.07,85.3,11.03,9.41,1.62,5.96,9.55,1214.13,2.69,6.21,244.5
30.03.2016 14:00:00,984.96,8.81,6.25,83.9,11.35,9.52,1.83,6.03,9.66,1212.43,1.9,3.64,227.0
30.03.2016 15:00:00,984.76,9.86,5.78,75.7,12.18,9.22,2.96,5.84,9.36,1207.82,3.48,5.25,211.3
30.03.2016 16:00:00,984.58,9.93,5.66,74.7,12.24,9.14,3.1,5.79,9.28,1207.34,1.92,3.16,237.4
30.03.2016 17:00:00,984.66,10.01,5.45,73.2,12.3,9.01,3.3,5.71,9.15,1207.16,3.1,4.73,210.0
30.03.2016 18:00:00,984.95,9.69,4.76,71.3,12.04,8.58,3.46,5.44,8.72,1209.08,2.11,4.89,237.5
30.03.2016 19:00:00,985.19,9.19,4.52,72.5,11.64,8.44,3.2,5.35,8.57,1211.58,2.91,4.53,209.1
30.03.2016 20:00:00,985.46,8.66,4.98,77.6,11.23,8.72,2.52,5.52,8.84,1214.06,2.66,3.6,231.7
30.03.2016 21:00:00,985.39,7.64,4.7,81.6,10.48,8.55,1.93,5.41,8.68,1218.47,1.03,2.2,206.2
30.03.2016 22:00:00,985.6,8.0,4.88,80.6,10.74,8.66,2.08,5.48,8.78,1217.12,0.45,1.24,314.8
30.03.2016 23:00:00,986.0,8.02,5.16,82.1,10.75,8.83,1.92,5.59,8.95,1217.44,1.07,1.6,194.3
31.03.2016 00:00:00,985.56,8.08,5.38,83.0,10.8,8.96,1.84,5.68,9.09,1216.58,1.29,1.8,190.1
31.03.2016 01:00:00,985.61,7.67,5.55,86.4,10.5,9.07,1.43,5.74,9.2,1218.36,1.51,3.2,180.3
31.03.2016 02:00:00,985.62,7.65,5.51,86.3,10.48,9.05,1.44,5.73,9.18,1218.47,0.58,1.22,165.8
31.03.2016 03:00:00,985.78,7.27,5.55,88.8,10.22,9.07,1.14,5.74,9.2,1220.31,1.07,1.66,225.6
31.03.2016 04:00:00,985.41,7.26,5.8,90.4,10.21,9.23,0.98,5.85,9.36,1219.82,0.44,1.04,6.74
31.03.2016 05:00:00,985.46,7.25,6.06,92.1,10.2,9.4,0.81,5.95,9.53,1219.85,0.23,0.56,2.23
31.03.2016 06:00:00,985.67,6.86,5.95,93.9,9.93,9.33,0.61,5.91,9.46,1221.84,0.79,1.68,342.2
31.03.2016 07:00:00,985.59,6.82,5.95,94.2,9.9,9.33,0.57,5.91,9.46,1221.93,1.03,2.68,343.8
31.03.2016 08:00:00,985.93,6.86,5.69,92.2,9.93,9.16,0.77,5.8,9.29,1222.23,2.69,3.76,17.1
31.03.2016 09:00:00,985.93,6.95,5.14,88.2,10.0,8.82,1.18,5.58,8.94,1222.0,3.25,4.29,38.49
31.03.2016 10:00:00,986.35,7.2,4.31,81.8,10.17,8.32,1.85,5.26,8.43,1221.68,2.98,4.13,23.48
31.03.2016 11:00:00,986.43,7.06,4.38,83.0,10.07,8.36,1.71,5.29,8.47,1222.37,4.0,5.53,43.98
31.03.2016 12:00:00,986.06,6.85,4.48,84.8,9.92,8.42,1.51,5.33,8.53,1222.8,4.6,7.47,31.26
31.03.2016 13:00:00,985.92,6.77,3.82,81.4,9.87,8.03,1.84,5.08,8.15,1223.16,4.73,6.17,23.62
31.03.2016 14:00:00,986.17,7.05,3.7,79.2,10.06,7.97,2.09,5.04,8.08,1222.27,4.9,6.65,35.2
31.03.2016 15:00:00,986.07,6.78,3.63,80.3,9.88,7.93,1.95,5.02,8.04,1223.36,4.26,6.19,33.06
31.03.2016 16:00:00,985.76,6.07,4.03,86.7,9.4,8.15,1.25,5.16,8.27,1225.97,4.73,6.65,31.07
31.03.2016 17:00:00,985.84,5.73,3.58,86.0,9.19,7.9,1.29,5.0,8.01,1227.67,4.41,5.71,26.75
31.03.2016 18:00:00,985.32,5.28,4.03,91.6,8.9,8.15,0.75,5.16,8.28,1228.89,3.34,5.13,36.4
31.03.2016 19:00:00,985.7,5.07,3.91,92.2,8.77,8.09,0.68,5.12,8.21,1230.32,3.06,7.65,24.45
31.03.2016 20:00:00,985.86,4.13,3.11,93.0,8.21,7.64,0.57,4.83,7.75,1234.9,4.69,6.77,24.43
31.03.2016 21:00:00,986.35,3.47,2.55,93.7,7.84,7.34,0.49,4.64,7.44,1238.64,5.92,7.97,26.79
31.03.2016 22:00:00,986.44,3.17,2.25,93.6,7.68,7.18,0.49,4.54,7.28,1240.13,5.75,8.33,41.24
31.03.2016 23:00:00,986.51,2.57,1.77,94.4,7.35,6.94,0.41,4.39,7.04,1243.05,4.58,6.89,25.01
01.04.2016 00:00:00,987.38,1.88,1.08,94.4,7.0,6.6,0.39,4.17,6.69,1247.45,4.86,6.49,25.13
01.04.2016 01:00:00,987.11,1.16,0.49,95.3,6.64,6.33,0.31,4.0,6.41,1250.52,2.7,4.45,35.09
01.04.2016 02:00:00,987.64,0.77,0.1,95.2,6.46,6.15,0.31,3.88,6.23,1253.03,2.41,4.21,19.7
01.04.2016 03:00:00,988.34,0.37,-0.17,96.2,6.27,6.03,0.24,3.81,6.11,1255.84,2.76,4.05,26.24
01.04.2016 04:00:00,988.94,0.11,-0.35,96.7,6.16,5.95,0.2,3.75,6.02,1257.83,1.6,2.84,15.89
01.04.2016 05:00:00,989.84,0.2,-0.26,96.7,6.2,5.99,0.2,3.77,6.05,1258.53,1.77,2.48,30.62
01.04.2016 06:00:00,990.39,0.19,-0.16,97.5,6.19,6.04,0.15,3.8,6.1,1259.27,0.85,1.56,342.6
01.04.2016 07:00:00,991.06,0.83,0.4,96.9,6.49,6.29,0.2,3.96,6.35,1257.03,1.36,1.92,354.5
01.04.2016 08:00:00,991.78,1.33,0.49,94.1,6.72,6.33,0.4,3.98,6.38,1255.67,1.92,3.2,31.29
01.04.2016 09:00:00,992.84,2.23,1.17,92.7,7.17,6.65,0.52,4.18,6.7,1252.76,0.92,1.84,355.0
01.04.2016 10:00:00,993.99,2.8,1.51,91.2,7.47,6.81,0.66,4.28,6.86,1251.54,0.8,1.28,356.1
01.04.2016 11:00:00,994.43,4.09,2.11,86.9,8.19,7.12,1.07,4.46,7.16,1246.1,0.64,1.44,217.6
01.04.2016 12:00:00,995.4,4.77,2.57,85.6,8.59,7.35,1.24,4.61,7.39,1244.17,0.94,1.88,138.9
01.04.2016 13:00:00,995.92,5.91,3.26,83.0,9.3,7.72,1.58,4.84,7.75,1239.53,1.44,2.56,189.1
01.04.2016 14:00:00,995.83,7.74,3.47,74.3,10.55,7.84,2.71,4.91,7.87,1231.31,1.12,2.44,154.8
01.04.2016 15:00:00,995.69,7.59,3.31,74.2,10.44,7.75,2.69,4.85,7.78,1231.84,1.81,3.3,210.5
01.04.2016 16:00:00,995.61,8.24,3.11,69.99,10.92,7.64,3.28,4.79,7.67,1228.95,2.95,4.95,175.6
01.04.2016 17:00:00,995.5,8.4,2.84,67.91,11.03,7.49,3.54,4.7,7.53,1228.18,2.29,3.68,170.7
01.04.2016 18:00:00,995.64,7.78,2.73,70.3,10.58,7.44,3.14,4.66,7.47,1231.09,1.51,3.2,179.5
01.04.2016 19:00:00,995.81,6.06,2.27,76.6,9.4,7.2,2.2,4.51,7.23,1239.01,1.96,3.2,199.1
01.04.2016 20:00:00,996.59,5.38,2.06,79.1,8.96,7.09,1.87,4.44,7.11,1243.05,0.79,1.16,230.0
01.04.2016 21:00:00,997.13,4.11,1.59,83.6,8.2,6.85,1.34,4.29,6.87,1249.55,0.46,0.76,161.0
01.04.2016 22:00:00,996.75,2.4,1.18,91.6,7.26,6.65,0.61,4.16,6.67,1256.9,0.75,1.76,255.5
01.04.2016 23:00:00,996.63,1.6,0.63,93.2,6.86,6.39,0.47,4.0,6.41,1260.54,1.22,1.58,207.0
02.04.2016 00:00:00,996.5,1.5,0.67,94.2,6.81,6.41,0.39,4.01,6.44,1260.82,0.42,0.9,222.8
02.04.2016 01:00:00,996.25,-0.16,-0.89,94.8,6.04,5.72,0.31,3.58,5.74,1268.49,0.79,1.4,211.4
02.04.2016 02:00:00,996.06,-1.23,-1.66,96.9,5.58,5.41,0.17,3.38,5.43,1273.4,1.48,2.48,223.2
02.04.2016 03:00:00,995.84,-1.01,-1.31,97.8,5.67,5.55,0.12,3.47,5.57,1272.03,0.47,1.08,185.2
02.04.2016 04:00:00,995.37,-0.64,-0.91,98.0,5.83,5.71,0.12,3.58,5.74,1269.58,0.45,0.72,59.62
02.04.2016 05:00:00,994.93,0.06,-0.2,98.1,6.14,6.02,0.12,3.77,6.05,1265.65,0.28,0.8,151.1
02.04.2016 06:00:00,994.43,0.5,0.22,98.0,6.34,6.21,0.13,3.89,6.24,1262.88,0.28,0.8,224.0
02.04.2016 07:00:00,994.48,1.35,0.9,96.8,6.73,6.52,0.22,4.09,6.55,1258.91,0.64,1.06,198.7
02.04.2016 08:00:00,994.65,3.33,1.31,86.6,7.76,6.72,1.04,4.21,6.75,1250.02,0.74,1.2,190.2
02.04.2016 09:00:00,994.53,4.93,1.58,78.8,8.69,6.85,1.84,4.29,6.88,1242.58,1.43,2.44,165.6
02.04.2016 10:00:00,994.03,7.51,1.75,66.77,10.38,6.93,3.45,4.35,6.98,1230.51,2.2,3.24,154.0
02.04.2016 11:00:00,993.81,9.91,2.97,61.89,12.22,7.56,4.66,4.75,7.61,1219.52,1.69,2.94,120.0
02.04.2016 12:00:00,993.06,12.44,3.96,56.11,14.46,8.11,6.35,5.1,8.17,1207.54,1.9,3.76,178.8
02.04.2016 13:00:00,992.35,14.45,4.22,50.14,16.48,8.26,8.22,5.2,8.33,1198.18,2.22,5.29,155.9
02.04.2016 14:00:00,991.61,15.2,3.83,46.47,17.3,8.04,9.26,5.06,8.11,1194.27,2.03,4.0,106.0
02.04.2016 15:00:00,990.82,16.25,4.62,45.93,18.5,8.5,10.0,5.35,8.58,1188.78,2.18,5.1,152.0
02.04.2016 16:00:00,990.13,16.4,4.85,46.23,18.68,8.64,10.04,5.44,8.72,1187.27,2.41,3.88,145.0
02.04.2016 17:00:00,990.21,16.14,4.55,46.02,18.37,8.46,9.92,5.33,8.54,1188.51,2.59,4.12,126.0
02.04.2016 18:00:00,990.09,15.14,4.98,50.58,17.23,8.72,8.52,5.49,8.8,1192.37,1.34,2.66,180.9
02.04.2016 19:00:00,989.86,14.04,4.88,53.92,16.05,8.65,7.4,5.46,8.74,1196.69,1.37,2.4,173.7
02.04.2016 20:00:00,990.23,12.91,4.83,57.84,14.91,8.62,6.29,5.43,8.71,1201.88,1.34,2.52,195.8
02.04.2016 21:00:00,989.79,12.36,4.14,57.14,14.38,8.22,6.16,5.18,8.3,1203.84,2.41,3.24,205.1
02.04.2016 22:00:00,989.39,11.6,3.55,57.63,13.68,7.88,5.8,4.97,7.97,1206.72,2.11,2.8,203.7
02.04.2016 23:00:00,989.25,10.97,3.13,58.31,13.12,7.65,5.47,4.82,7.73,1209.34,1.61,2.44,193.3
03.04.2016 00:00:00,988.9,9.64,3.39,64.95,12.0,7.79,4.21,4.92,7.88,1214.52,1.08,1.56,175.8
03.04.2016 01:00:00,988.57,8.98,3.25,67.23,11.48,7.72,3.76,4.87,7.81,1216.99,1.34,2.2,193.7
03.04.2016 02:00:00,988.26,8.52,3.17,68.98,11.13,7.67,3.45,4.84,7.77,1218.62,1.36,2.04,203.2
03.04.2016 03:00:00,987.6,6.44,2.91,78.1,9.65,7.53,2.11,4.76,7.63,1226.93,0.74,2.04,197.4
03.04.2016 04:00:00,987.47,6.46,2.85,77.6,9.66,7.5,2.16,4.74,7.59,1226.69,0.7,1.28,209.5
03.04.2016 05:00:00,987.16,5.42,3.22,85.7,8.99,7.7,1.29,4.87,7.8,1230.8,1.08,2.48,203.0
03.04.2016 06:00:00,987.12,5.67,2.8,81.7,9.15,7.47,1.67,4.72,7.57,1229.74,0.97,1.52,197.7
03.04.2016 07:00:00,987.29,5.27,3.13,86.0,8.9,7.65,1.25,4.83,7.75,1231.64,0.31,0.76,186.8
03.04.2016 08:00:00,987.21,7.71,3.74,75.9,10.53,7.99,2.54,5.05,8.09,1220.68,1.43,3.12,206.4
03.04.2016 09:00:00,986.85,11.63,4.28,60.56,13.7,8.3,5.41,5.25,8.41,1203.3,2.33,3.4,153.9
03.04.2016 10:00:00,986.38,13.98,5.19,55.31,15.99,8.84,7.14,5.6,8.96,1192.63,3.6,5.13,155.0
03.04.2016 11:00:00,986.47,16.17,6.28,51.84,18.41,9.54,8.87,6.04,9.67,1183.39,2.46,3.68,145.8
03.04.2016 12:00:00,986.11,17.56,7.17,50.44,20.11,10.14,9.96,6.42,10.28,1177.03,1.85,3.04,187.8
03.04.2016 13:00:00,985.82,19.03,9.4,53.56,22.05,11.81,10.24,7.49,11.98,1170.01,1.98,4.0,297.2
03.04.2016 14:00:00,985.68,18.63,7.66,48.79,21.51,10.49,11.01,6.65,10.64,1172.04,1.53,2.96,338.6
03.04.2016 15:00:00,985.19,19.91,8.79,48.66,23.29,11.33,11.96,7.19,11.5,1165.96,1.35,3.2,347.0
03.04.2016 16:00:00,985.04,19.79,9.23,50.49,23.12,11.67,11.45,7.4,11.85,1166.11,1.42,2.68,294.8
03.04.2016 17:00:00,984.7,19.16,9.08,51.98,22.23,11.55,10.67,7.33,11.73,1168.27,1.56,2.78,6.7
03.04.2016 18:00:00,984.33,18.58,9.03,53.72,21.44,11.52,9.92,7.31,11.7,1170.17,1.39,2.12,66.87
03.04.2016 19:00:00,984.55,17.76,8.92,56.12,20.36,11.43,8.93,7.25,11.61,1173.77,0.88,1.54,258.8
03.04.2016 20:00:00,984.56,16.53,9.28,62.16,18.84,11.71,7.13,7.43,11.89,1178.64,0.91,1.42,32.37
03.04.2016 21:00:00,984.25,15.52,9.12,65.61,17.66,11.59,6.07,7.35,11.77,1182.44,0.78,1.72,348.7
03.04.2016 22:00:00,984.31,14.25,9.26,71.9,16.27,11.7,4.57,7.43,11.88,1187.69,0.6,1.2,143.9
03.04.2016 23:00:00,983.89,13.69,9.09,73.7,15.69,11.56,4.13,7.34,11.75,1189.56,0.23,0.44,98.9
04.04.2016 00:00:00,983.49,12.46,8.87,78.7,14.48,11.39,3.08,7.24,11.58,1194.27,0.32,0.52,211.2
04.04.2016 01:00:00,982.99,11.41,8.72,83.5,13.51,11.28,2.23,7.17,11.47,1198.12,0.4,0.9,163.4
04.04.2016 02:00:00,982.41,9.93,8.14,88.6,12.24,10.84,1.39,6.89,11.04,1203.88,0.57,1.04,39.76
04.04.2016 03:00:00,982.08,9.57,7.64,87.7,11.94,10.47,1.47,6.66,10.67,1205.17,1.07,1.92,225.2
04.04.2016 04:00:00,981.79,8.79,7.42,91.1,11.33,10.32,1.01,6.57,10.51,1208.22,0.32,0.72,70.3
04.04.2016 05:00:00,981.49,8.8,7.43,91.1,11.34,10.33,1.01,6.57,10.52,1207.8,0.22,0.52,222.9
04.04.2016 06:00:00,981.43,8.49,7.03,90.5,11.1,10.05,1.05,6.39,10.24,1209.19,0.75,1.2,201.9
04.04.2016 07:00:00,981.67,9.12,7.55,89.9,11.59,10.42,1.17,6.63,10.61,1206.62,0.81,1.96,118.4
04.04.2016 08:00:00,981.47,10.1,7.97,86.6,12.38,10.72,1.66,6.82,10.92,1202.05,0.34,0.8,66.5
04.04.2016 09:00:00,981.92,11.21,8.56,83.7,13.33,11.16,2.17,7.1,11.36,1197.71,1.14,2.04,174.9
04.04.2016 10:00:00,982.01,15.43,9.95,69.77,17.56,12.25,5.31,7.8,12.47,1179.81,2.17,4.32,263.2
04.04.2016 11:00:00,982.0,16.03,9.86,66.74,18.25,12.18,6.07,7.75,12.4,1177.38,1.73,2.82,228.3
04.04.2016 12:00:00,981.58,18.44,10.05,58.05,21.25,12.34,8.91,7.85,12.57,1167.08,0.89,3.04,304.4
04.04.2016 13:00:00,981.27,19.23,9.15,51.99,22.33,11.61,10.72,7.39,11.83,1163.88,2.56,5.04,265.2
04.04.2016 14:00:00,980.84,19.36,9.75,53.72,22.51,12.09,10.42,7.7,12.33,1162.63,1.97,3.74,14.57
04.04.2016 15:00:00,980.77,19.99,9.08,49.38,23.41,11.56,11.85,7.36,11.78,1160.29,1.35,3.28,287.4
04.04.2016 16:00:00,980.51,20.77,9.21,47.47,24.56,11.66,12.9,7.43,11.89,1156.86,1.72,3.84,319.0
04.04.2016 17:00:00,980.31,20.72,9.14,47.4,24.48,11.61,12.88,7.4,11.84,1156.84,1.04,2.2,323.5
04.04.2016 18:00:00,980.48,19.44,8.47,49.01,22.62,11.09,11.53,7.06,11.31,1162.34,0.79,1.44,278.8
04.04.2016 19:00:00,980.96,18.56,8.36,51.39,21.41,11.0,10.41,7.01,11.22,1166.46,1.37,2.72,278.2
04.04.2016 20:00:00,981.44,17.45,7.72,52.77,19.97,10.54,9.43,6.71,10.74,1171.7,2.29,3.84,258.7
04.04.2016 21:00:00,981.51,16.14,7.98,58.36,18.37,10.72,7.65,6.82,10.92,1177.0,1.37,2.04,72.6
04.04.2016 22:00:00,981.49,15.24,7.78,61.0,17.34,10.58,6.76,6.73,10.78,1180.72,0.51,0.88,283.8
04.04.2016 23:00:00,981.35,13.91,7.65,65.87,15.92,10.48,5.43,6.67,10.68,1186.06,1.18,1.68,227.7
05.04.2016 00:00:00,981.21,12.3,7.69,73.4,14.32,10.51,3.81,6.69,10.72,1192.57,0.43,0.88,230.4
05.04.2016 01:00:00,980.79,11.42,7.6,77.3,13.52,10.45,3.07,6.65,10.65,1195.77,0.72,1.28,25.4
05.04.2016 02:00:00,981.68,10.34,7.67,83.5,12.58,10.5,2.08,6.68,10.7,1201.4,1.3,1.92,193.4
05.04.2016 03:00:00,981.04,10.46,8.56,88.0,12.68,11.16,1.52,7.1,11.37,1199.8,0.48,1.04,10.7
05.04.2016 04:00:00,980.41,10.63,8.7,87.8,12.82,11.26,1.56,7.17,11.48,1198.26,0.85,1.88,236.8
05.04.2016 05:00:00,980.34,10.01,8.69,91.5,12.3,11.26,1.05,7.17,11.48,1200.8,0.34,0.88,165.6
05.04.2016 06:00:00,980.12,9.4,8.44,93.7,11.81,11.06,0.74,7.05,11.29,1203.21,0.53,0.92,233.0
05.04.2016 07:00:00,980.38,9.26,8.36,94.1,11.7,11.01,0.69,7.01,11.23,1204.15,0.98,1.96,189.0
05.04.2016 08:00:00,980.32,11.25,9.19,87.1,13.36,11.64,1.72,7.42,11.87,1195.36,0.82,1.36,119.6
05.04.2016 09:00:00,980.25,13.96,10.08,77.4,15.97,12.36,3.61,7.88,12.61,1183.66,0.79,1.56,139.1
05.04.2016 10:00:00,980.03,14.84,9.64,71.0,16.9,12.0,4.9,7.65,12.25,1179.94,1.39,2.5,146.5
05.04.2016 11:00:00,979.89,17.08,9.9,62.59,19.51,12.21,7.3,7.79,12.46,1170.57,0.66,1.56,136.0
05.04.2016 12:00:00,979.56,17.48,10.68,64.3,20.01,12.86,7.14,8.21,13.13,1168.27,1.81,3.68,98.7
05.04.2016 13:00:00,979.3,19.18,10.96,58.91,22.26,13.11,9.15,8.37,13.39,1161.05,2.32,4.72,203.9
05.04.2016 14:00:00,979.28,19.09,11.81,62.68,22.13,13.87,8.26,8.86,14.17,1161.05,1.35,3.04,334.1
05.04.2016 15:00:00,979.37,18.1,11.25,64.22,20.8,13.36,7.44,8.53,13.64,1165.33,2.1,3.78,285.6
05.04.2016 16:00:00,979.47,18.26,10.06,58.76,21.01,12.35,8.67,7.88,12.61,1165.27,2.13,4.6,288.7
05.04.2016 17:00:00,979.32,17.94,8.97,55.71,20.59,11.47,9.12,7.32,11.72,1166.77,2.7,5.64,247.3
05.04.2016 18:00:00,979.57,17.67,9.08,57.06,20.25,11.55,8.69,7.37,11.79,1168.11,1.91,3.56,233.0
05.04.2016 19:00:00,980.39,16.04,8.4,60.43,18.26,11.03,7.22,7.03,11.25,1175.92,3.85,6.17,224.4
05.04.2016 20:00:00,981.11,15.71,7.49,58.0,17.88,10.37,7.51,6.6,10.57,1178.44,3.6,5.49,215.8
05.04.2016 21:00:00,981.71,14.77,7.73,62.64,16.83,10.54,6.29,6.71,10.74,1182.93,2.39,4.65,259.8
05.04.2016 22:00:00,982.85,11.79,8.46,80.0,13.85,11.08,2.77,7.04,11.27,1196.44,1.73,3.7,271.4
05.04.2016 23:00:00,983.6,10.03,7.27,82.9,12.32,10.21,2.11,6.48,10.38,1205.21,1.35,2.2,255.2
06.04.2016 00:00:00,983.92,9.4,7.03,85.1,11.81,10.05,1.76,6.38,10.21,1208.37,1.46,2.08,240.9
06.04.2016 01:00:00,983.98,9.48,7.06,84.8,11.87,10.07,1.8,6.39,10.23,1208.09,1.71,2.32,243.5
06.04.2016 02:00:00,984.04,9.57,7.02,84.1,11.94,10.04,1.9,6.37,10.21,1207.79,0.33,0.6,202.2
06.04.2016 03:00:00,983.93,9.46,6.6,82.3,11.86,9.76,2.1,6.19,9.92,1208.26,0.55,1.08,232.9
06.04.2016 04:00:00,984.29,9.27,5.97,79.8,11.7,9.34,2.36,5.92,9.49,1209.71,0.75,2.62,235.4
06.04.2016 05:00:00,984.58,8.78,5.57,80.2,11.32,9.08,2.24,5.76,9.22,1212.29,0.69,1.84,245.6
06.04.2016 06:00:00,984.82,7.62,5.06,83.8,10.46,8.77,1.7,5.56,8.9,1217.74,1.92,2.96,214.2
06.04.2016 07:00:00,985.01,9.01,5.72,79.8,11.5,9.18,2.32,5.82,9.32,1211.79,2.49,3.46,213.0
06.04.2016 08:00:00,985.08,10.32,5.78,73.4,12.56,9.22,3.34,5.84,9.36,1206.25,4.05,5.23,208.4
06.04.2016 09:00:00,985.33,11.51,5.07,64.51,13.6,8.77,4.83,5.56,8.9,1201.73,6.47,9.05,213.4
06.04.2016 10:00:00,985.51,12.39,4.25,57.47,14.41,8.28,6.13,5.24,8.4,1198.47,4.43,9.63,242.4
06.04.2016 11:00:00,985.15,13.74,3.4,49.56,15.74,7.8,7.94,4.94,7.92,1192.61,4.15,9.33,230.3
06.04.2016 12:00:00,984.96,13.04,1.92,46.66,15.04,7.02,8.02,4.44,7.12,1195.66,5.1,8.85,221.2
06.04.2016 13:00:00,984.63,14.0,1.65,42.99,16.01,6.88,9.13,4.36,6.99,1191.32,4.11,7.03,244.2
06.04.2016 14:00:00,984.01,14.69,1.09,39.49,16.74,6.61,10.13,4.19,6.72,1187.84,7.34,9.69,209.4
06.04.2016 15:00:00,983.5,14.71,0.85,38.76,16.76,6.5,10.26,4.12,6.61,1187.19,6.09,9.01,216.6
06.04.2016 16:00:00,982.93,14.52,1.88,42.26,16.56,7.0,9.56,4.44,7.12,1187.06,5.96,8.89,208.3
06.04.2016 17:00:00,982.68,14.21,2.84,46.19,16.23,7.5,8.73,4.76,7.63,1187.81,4.44,7.37,204.4
06.04.2016 18:00:00,982.42,13.48,3.07,49.24,15.48,7.62,7.86,4.84,7.76,1190.46,3.94,6.61,212.2
06.04.2016 19:00:00,982.34,12.91,2.88,50.41,14.91,7.52,7.39,4.77,7.65,1192.78,3.19,5.21,208.9
06.04.2016 20:00:00,982.25,11.84,2.98,54.49,13.9,7.57,6.32,4.81,7.71,1197.12,1.97,3.32,193.6
06.04.2016 21:00:00,981.74,11.52,3.95,59.59,13.61,8.11,5.5,5.15,8.26,1197.6,2.59,3.76,222.1
06.04.2016 22:00:00,981.27,10.94,3.97,62.04,13.09,8.12,4.97,5.16,8.28,1199.46,1.85,3.22,189.4
06.04.2016 23:00:00,981.47,11.13,3.59,59.61,13.26,7.9,5.35,5.02,8.05,1199.0,3.47,4.65,214.3
07.04.2016 00:00:00,981.22,11.11,3.47,59.21,13.24,7.84,5.4,4.98,7.99,1198.81,3.27,4.53,207.0
07.04.2016 01:00:00,981.2,11.46,3.36,57.39,13.55,7.78,5.77,4.94,7.93,1197.34,2.38,3.74,192.4
07.04.2016 02:00:00,980.97,11.56,3.66,58.24,13.64,7.94,5.7,5.05,8.1,1196.56,1.5,3.24,179.8
07.04.2016 03:00:00,981.46,9.7,4.03,67.66,12.05,8.15,3.9,5.18,8.31,1204.94,2.85,5.97,284.8
07.04.2016 04:00:00,981.8,7.81,4.73,80.8,10.6,8.56,2.04,5.44,8.72,1213.27,2.87,4.2,262.5
07.04.2016 05:00:00,982.2,7.11,3.66,78.6,10.1,7.94,2.16,5.04,8.09,1217.09,3.36,5.21,258.8
07.04.2016 06:00:00,982.56,6.71,3.73,81.2,9.83,7.98,1.85,5.07,8.13,1219.24,2.86,4.05,238.8
07.04.2016 07:00:00,982.74,6.94,4.11,82.1,9.98,8.2,1.79,5.2,8.34,1218.39,1.29,2.56,187.4
07.04.2016 08:00:00,982.87,6.84,4.78,86.7,9.92,8.6,1.32,5.46,8.75,1218.79,3.03,3.89,119.3
07.04.2016 09:00:00,982.97,8.46,3.76,72.2,11.08,8.0,3.08,5.08,8.14,1212.18,1.6,2.88,185.0
07.04.2016 10:00:00,983.17,8.74,4.49,74.6,11.29,8.42,2.87,5.35,8.57,1211.03,1.87,3.12,198.6
07.04.2016 11:00:00,983.47,8.68,4.83,76.7,11.25,8.63,2.62,5.47,8.77,1211.56,5.14,8.69,211.7
07.04.2016 12:00:00,983.94,6.83,4.07,82.5,9.91,8.18,1.73,5.18,8.31,1220.37,2.51,4.57,267.6
07.04.2016 13:00:00,983.72,9.5,3.19,64.62,11.89,7.68,4.21,4.87,7.81,1208.79,4.43,6.97,220.3
07.04.2016 14:00:00,983.35,10.65,1.54,53.2,12.84,6.83,6.01,4.33,6.95,1203.84,5.61,8.09,201.2
07.04.2016 15:00:00,983.34,11.27,1.94,52.53,13.38,7.03,6.35,4.46,7.15,1201.11,3.45,8.55,232.5
07.04.2016 16:00:00,983.44,10.64,1.6,53.43,12.83,6.86,5.98,4.35,6.97,1203.98,2.37,5.33,213.6
07.04.2016 17:00:00,983.6,10.49,-0.28,47.12,12.7,5.99,6.72,3.79,6.09,1205.22,3.14,4.89,245.6
07.04.2016 18:00:00,983.48,10.65,0.24,48.42,12.84,6.22,6.62,3.94,6.32,1204.28,3.2,5.51,217.1
07.04.2016 19:00:00,983.97,9.17,0.82,55.78,11.63,6.48,5.14,4.11,6.59,1211.07,1.87,2.16,224.7
07.04.2016 20:00:00,984.78,8.43,-0.52,53.17,11.06,5.88,5.18,3.72,5.97,1215.54,2.22,2.7,251.5
07.04.2016 21:00:00,985.33,7.67,-1.03,53.95,10.5,5.66,4.83,3.58,5.75,1219.61,1.62,2.08,248.3
07.04.2016 22:00:00,985.52,5.87,-0.86,61.85,9.27,5.74,3.54,3.63,5.82,1227.69,1.31,2.0,173.0
07.04.2016 23:00:00,985.92,4.36,0.37,75.2,8.34,6.27,2.07,3.97,6.36,1234.63,1.08,1.68,208.6
08.04.2016 00:00:00,986.0,3.97,0.43,77.6,8.12,6.3,1.82,3.99,6.39,1236.43,1.89,2.6,198.6
08.04.2016 01:00:00,985.9,3.74,0.38,78.6,7.99,6.28,1.71,3.97,6.37,1237.36,1.19,2.64,193.5
08.04.2016 02:00:00,985.93,3.84,0.43,78.3,8.05,6.3,1.75,3.98,6.39,1236.92,0.99,2.0,205.9
08.04.2016 03:00:00,985.77,3.48,0.45,80.5,7.84,6.31,1.53,3.99,6.4,1238.36,0.38,0.92,164.1
08.04.2016 04:00:00,985.69,3.12,-0.19,78.8,7.65,6.03,1.62,3.81,6.11,1239.97,1.14,1.72,202.5
08.04.2016 05:00:00,985.69,3.28,0.43,81.5,7.73,6.3,1.43,3.99,6.39,1239.14,0.34,0.88,171.8
08.04.2016 06:00:00,986.05,2.75,-0.27,80.4,7.45,5.99,1.46,3.79,6.07,1242.12,0.92,1.24,227.1
08.04.2016 07:00:00,986.23,3.01,0.1,81.1,7.59,6.15,1.43,3.89,6.24,1241.11,1.18,1.46,208.2
08.04.2016 08:00:00,986.54,6.58,1.07,67.79,9.74,6.6,3.14,4.17,6.69,1225.44,1.11,1.88,146.3
08.04.2016 09:00:00,986.2,7.97,1.41,63.15,10.72,6.77,3.95,4.28,6.86,1218.87,1.7,2.76,104.7
08.04.2016 10:00:00,986.04,9.67,0.39,52.26,12.02,6.28,5.74,3.97,6.37,1211.58,1.74,4.77,294.0
08.04.2016 11:00:00,985.56,11.06,-0.04,46.14,13.2,6.09,7.11,3.85,6.18,1205.15,1.59,2.96,172.5
08.04.2016 12:00:00,985.3,10.84,-0.01,46.95,13.0,6.11,6.9,3.86,6.2,1205.76,2.19,4.08,251.5
08.04.2016 13:00:00,984.65,11.68,-0.59,42.53,13.75,5.85,7.9,3.7,5.94,1201.53,2.13,3.8,21.64
08.04.2016 14:00:00,984.34,11.26,-0.4,44.36,13.37,5.93,7.44,3.76,6.03,1202.88,2.02,4.2,24.35
08.04.2016 15:00:00,983.72,12.0,-0.27,42.64,14.04,5.99,8.06,3.8,6.09,1198.98,2.28,4.53,43.57
08.04.2016 16:00:00,983.59,11.91,0.05,43.92,13.96,6.13,7.83,3.89,6.23,1199.13,0.97,1.76,343.0
08.04.2016 17:00:00,983.23,12.62,0.07,41.96,14.63,6.14,8.49,3.89,6.24,1195.71,1.08,3.24,329.6
08.04.2016 18:00:00,983.2,11.81,-0.54,42.33,13.87,5.87,8.0,3.72,5.97,1199.2,1.57,2.84,20.91
08.04.2016 19:00:00,983.65,10.95,-0.79,44.02,13.1,5.77,7.33,3.65,5.86,1203.43,0.67,1.32,351.8
08.04.2016 20:00:00,983.96,10.36,-1.54,43.31,12.59,5.45,7.14,3.46,5.54,1206.46,1.1,1.56,322.0
08.04.2016 21:00:00,983.84,9.38,-0.52,49.85,11.79,5.88,5.91,3.72,5.97,1210.3,0.2,0.46,167.2
08.04.2016 22:00:00,983.73,8.36,-0.19,54.72,11.0,6.02,4.98,3.82,6.12,1214.48,0.49,0.76,219.0
08.04.2016 23:00:00,983.82,7.55,0.33,60.1,10.41,6.26,4.15,3.97,6.36,1217.98,0.94,1.64,15.0
09.04.2016 00:00:00,983.87,7.0,0.09,61.33,10.02,6.15,3.88,3.9,6.25,1220.51,1.66,2.48,9.83
09.04.2016 01:00:00,983.77,5.98,0.59,68.23,9.34,6.37,2.97,4.04,6.48,1224.74,0.58,0.88,80.2
09.04.2016 02:00:00,983.62,4.92,0.67,73.9,8.68,6.41,2.26,4.07,6.52,1229.2,0.58,1.12,24.31
09.04.2016 03:00:00,983.37,3.74,0.64,80.1,7.99,6.4,1.59,4.06,6.51,1234.1,0.55,0.96,34.18
09.04.2016 04:00:00,983.31,2.1,-0.41,83.4,7.11,5.93,1.18,3.76,6.03,1241.62,0.68,1.04,194.6
09.04.2016 05:00:00,983.46,1.66,-0.34,86.5,6.89,5.96,0.93,3.78,6.06,1243.8,0.13,0.32,6.87
09.04.2016 06:00:00,983.45,1.58,-0.49,86.1,6.85,5.89,0.95,3.74,5.99,1244.17,0.32,0.62,74.4
09.04.2016 07:00:00,983.74,2.39,-0.14,83.3,7.26,6.04,1.21,3.83,6.14,1240.82,0.52,0.92,140.8
09.04.2016 08:00:00,983.72,5.34,0.85,72.7,8.94,6.5,2.44,4.12,6.61,1227.41,0.92,1.36,149.9
09.04.2016 09:00:00,983.68,8.14,1.69,63.68,10.84,6.9,3.94,4.38,7.02,1214.95,0.98,1.64,125.4
09.04.2016 10:00:00,983.35,10.33,2.0,56.16,12.57,7.06,5.51,4.48,7.18,1205.09,1.25,2.2,173.5
09.04.2016 11:00:00,983.12,10.32,1.04,52.46,12.56,6.59,5.97,4.18,6.7,1205.07,2.15,3.64,39.38
09.04.2016 12:00:00,982.78,11.38,0.28,46.25,13.48,6.23,7.25,3.96,6.34,1200.33,3.38,5.29,60.02
09.04.2016 13:00:00,982.46,12.23,0.19,43.43,14.26,6.19,8.07,3.93,6.3,1196.38,3.03,5.57,118.5
09.04.2016 14:00:00,982.21,12.46,0.21,42.83,14.48,6.2,8.28,3.94,6.31,1195.11,3.77,5.33,55.35
09.04.2016 15:00:00,982.15,12.12,0.58,45.0,14.16,6.37,7.79,4.04,6.49,1196.38,3.31,5.93,52.26
09.04.2016 16:00:00,982.04,11.87,0.3,44.82,13.92,6.24,7.68,3.96,6.35,1197.36,2.3,4.26,62.77
09.04.2016 17:00:00,982.26,11.49,0.87,47.93,13.58,6.51,7.07,4.13,6.63,1199.1,2.92,4.24,67.96
09.04.2016 18:00:00,982.36,11.54,0.33,45.92,13.62,6.26,7.37,3.97,6.37,1199.13,3.46,5.33,66.89
09.04.2016 19:00:00,982.93,10.31,1.36,53.71,12.55,6.74,5.81,4.28,6.86,1204.81,2.19,4.0,61.9
09.04.2016 20:00:00,983.59,9.52,1.07,55.46,11.9,6.6,5.3,4.19,6.71,1209.05,0.9,2.66,75.2
09.04.2016 21:00:00,983.84,8.33,0.79,58.91,10.98,6.47,4.51,4.1,6.58,1214.53,0.77,1.32,226.6
09.04.2016 22:00:00,983.94,6.94,1.14,66.44,9.98,6.63,3.35,4.2,6.74,1220.62,0.18,0.44,48.51
09.04.2016 23:00:00,984.2,5.87,0.78,69.69,9.28,6.46,2.81,4.1,6.57,1225.68,0.22,0.52,16.85
10.04.2016 00:00:00,984.46,5.31,0.86,72.9,8.92,6.5,2.42,4.12,6.6,1228.47,0.23,0.48,46.46
10.04.2016 01:00:00,984.63,4.43,0.42,75.1,8.39,6.3,2.09,3.99,6.4,1232.68,1.14,1.4,226.7
10.04.2016 02:00:00,984.68,3.19,0.28,81.1,7.69,6.23,1.45,3.95,6.33,1238.28,0.85,1.46,182.8
10.04.2016 03:00:00,984.99,2.86,0.51,84.5,7.5,6.34,1.16,4.01,6.44,1240.13,0.44,0.64,48.69
10.04.2016 04:00:00,985.3,1.61,-0.47,86.0,6.86,5.9,0.96,3.73,5.99,1246.38,0.4,0.68,214.9
10.04.2016 05:00:00,985.59,1.53,-0.39,87.0,6.82,5.94,0.89,3.75,6.02,1247.08,0.34,0.72,166.0
10.04.2016 06:00:00,985.91,0.61,-1.03,88.7,6.39,5.66,0.72,3.58,5.74,1251.8,0.69,1.28,171.3
10.04.2016 07:00:00,986.21,1.97,-0.16,85.7,7.04,6.04,1.01,3.82,6.12,1245.81,0.54,1.24,176.2
10.04.2016 08:00:00,986.63,5.54,0.86,71.7,9.07,6.5,2.57,4.11,6.59,1230.15,0.94,1.48,158.1
10.04.2016 09:00:00,987.05,7.98,1.71,64.45,10.72,6.91,3.81,4.37,7.0,1219.82,1.25,2.16,199.0
10.04.2016 10:00:00,987.2,10.37,2.55,58.25,12.6,7.34,5.26,4.64,7.44,1209.52,2.05,3.08,134.9
10.04.2016 11:00:00,987.01,11.57,2.02,51.77,13.65,7.07,6.58,4.47,7.16,1204.32,2.9,7.25,114.8
10.04.2016 12:00:00,987.27,12.48,2.65,51.0,14.5,7.39,7.1,4.67,7.49,1200.65,4.1,7.15,118.2
10.04.2016 13:00:00,987.51,10.81,2.67,57.06,12.98,7.41,5.57,4.68,7.5,1208.0,5.9,8.21,60.48
10.04.2016 14:00:00,987.29,11.21,2.74,55.84,13.33,7.44,5.89,4.7,7.54,1206.01,6.09,8.45,57.69
10.04.2016 15:00:00,987.65,10.62,2.71,57.93,12.81,7.42,5.39,4.69,7.52,1208.97,4.26,6.65,73.7
10.04.2016 16:00:00,987.98,10.4,2.91,59.67,12.63,7.53,5.09,4.76,7.63,1210.26,4.43,7.29,78.8
10.04.2016 17:00:00,988.25,9.24,2.91,64.47,11.68,7.53,4.15,4.75,7.62,1215.57,4.83,7.37,68.52
10.04.2016 18:00:00,988.38,8.97,2.5,63.76,11.47,7.31,4.16,4.62,7.4,1216.99,4.86,7.41,64.32
10.04.2016 19:00:00,988.49,8.31,2.59,67.11,10.97,7.36,3.61,4.64,7.45,1219.96,3.68,5.77,92.2
10.04.2016 20:00:00,989.14,7.63,2.84,71.6,10.47,7.5,2.97,4.73,7.58,1223.66,2.07,3.0,105.0
10.04.2016 21:00:00,989.29,7.21,2.26,70.7,10.17,7.19,2.98,4.53,7.27,1225.82,1.98,3.57,89.9
10.04.2016 22:00:00,989.41,5.87,2.56,79.2,9.28,7.35,1.93,4.63,7.42,1231.77,1.64,2.92,57.95
10.04.2016 23:00:00,989.63,5.46,2.75,82.6,9.02,7.45,1.57,4.69,7.53,1233.8,1.08,2.06,342.1
11.04.2016 00:00:00,989.47,5.2,2.95,85.3,8.85,7.55,1.3,4.76,7.63,1234.72,1.12,1.98,15.98
11.04.2016 01:00:00,989.41,5.19,3.06,86.1,8.84,7.61,1.23,4.8,7.7,1234.67,0.86,1.32,31.43
11.04.2016 02:00:00,989.29,5.07,3.16,87.4,8.77,7.67,1.11,4.83,7.75,1235.03,1.15,1.72,4.71
11.04.2016 03:00:00,989.25,4.49,3.09,90.6,8.42,7.63,0.79,4.81,7.71,1237.57,2.01,2.88,18.62
11.04.2016 04:00:00,989.5,4.14,2.94,91.9,8.22,7.55,0.67,4.76,7.63,1239.5,0.99,1.68,0.25
11.04.2016 05:00:00,989.39,3.5,2.48,93.0,7.85,7.3,0.55,4.6,7.38,1242.35,1.32,2.32,8.97
11.04.2016 06:00:00,989.62,3.82,2.72,92.5,8.04,7.43,0.6,4.69,7.51,1241.11,1.89,2.8,17.61
11.04.2016 07:00:00,989.73,4.2,3.08,92.4,8.25,7.62,0.63,4.81,7.7,1239.48,1.82,2.72,357.3
11.04.2016 08:00:00,989.73,4.85,3.22,89.1,8.64,7.7,0.94,4.85,7.78,1236.52,1.9,2.4,21.34
11.04.2016 09:00:00,989.73,5.64,3.52,86.2,9.13,7.87,1.26,4.96,7.95,1232.97,2.35,3.32,23.4
11.04.2016 10:00:00,989.61,6.72,3.72,81.1,9.83,7.98,1.86,5.03,8.06,1228.01,2.7,4.05,36.71
11.04.2016 11:00:00,989.18,7.92,3.66,74.4,10.68,7.95,2.73,5.01,8.03,1222.23,3.85,4.73,52.59
11.04.2016 12:00:00,988.56,9.03,3.95,70.4,11.52,8.11,3.41,5.12,8.2,1216.58,2.78,4.2,32.96
11.04.2016 13:00:00,988.1,9.85,4.28,68.2,12.17,8.3,3.87,5.24,8.4,1212.4,3.49,5.93,59.37
11.04.2016 14:00:00,987.7,9.82,4.5,69.39,12.15,8.43,3.72,5.32,8.53,1211.98,3.99,5.51,47.22
11.04.2016 15:00:00,987.16,10.33,4.91,69.03,12.57,8.68,3.89,5.48,8.79,1209.02,3.4,4.81,63.12
11.04.2016 16:00:00,986.64,11.04,5.35,67.88,13.18,8.95,4.23,5.66,9.07,1205.24,3.65,5.61,40.74
11.04.2016 17:00:00,986.54,10.83,5.51,69.62,13.0,9.05,3.95,5.72,9.17,1205.96,3.03,4.97,68.3
11.04.2016 18:00:00,986.54,10.56,5.86,72.6,12.76,9.27,3.5,5.86,9.39,1207.0,3.39,5.27,48.73
11.04.2016 19:00:00,986.51,10.18,6.06,75.5,12.44,9.39,3.05,5.94,9.52,1208.53,2.43,4.0,58.39
11.04.2016 20:00:00,986.9,9.84,6.23,78.2,12.16,9.51,2.65,6.02,9.64,1210.4,2.3,3.94,37.49
11.04.2016 21:00:00,986.33,9.58,6.26,79.7,11.95,9.53,2.43,6.03,9.66,1210.81,2.73,3.44,40.4
11.04.2016 22:00:00,986.58,9.4,6.22,80.5,11.81,9.51,2.3,6.01,9.63,1211.9,1.27,1.7,19.19
11.04.2016 23:00:00,986.26,9.29,6.28,81.4,11.72,9.54,2.18,6.04,9.67,1211.96,1.68,1.88,40.34
12.04.2016 00:00:00,986.1,8.52,6.15,85.0,11.13,9.46,1.67,5.99,9.59,1215.11,0.65,1.24,33.5
12.04.2016 01:00:00,986.03,7.11,5.21,87.7,10.1,8.86,1.24,5.61,8.99,1221.42,0.64,1.2,71.3
12.04.2016 02:00:00,985.59,5.9,4.65,91.7,9.29,8.52,0.77,5.39,8.64,1226.35,1.47,1.88,211.5
12.04.2016 03:00:00,985.36,4.86,3.99,94.1,8.64,8.13,0.51,5.15,8.25,1230.81,1.46,2.28,221.1
12.04.2016 04:00:00,985.13,3.74,3.13,95.8,7.99,7.65,0.34,4.85,7.77,1235.73,0.51,1.12,153.3
12.04.2016 05:00:00,985.01,3.42,2.81,95.8,7.81,7.48,0.33,4.74,7.6,1237.09,0.96,1.68,191.9
12.04.2016 06:00:00,985.17,3.34,2.99,97.5,7.77,7.57,0.19,4.8,7.69,1237.59,1.4,2.4,229.6
12.04.2016 07:00:00,985.63,3.36,3.05,97.8,7.78,7.61,0.17,4.82,7.72,1238.06,2.24,3.45,151.1
12.04.2016 08:00:00,985.62,4.25,3.98,98.1,8.28,8.13,0.16,5.14,8.24,1233.83,1.5,2.4,144.0
12.04.2016 09:00:00,985.52,5.64,5.35,98.0,9.13,8.94,0.18,5.66,9.08,1227.18,0.88,1.64,166.2
12.04.2016 10:00:00,985.29,10.23,8.12,86.7,12.48,10.82,1.66,6.86,10.99,1206.15,1.18,2.24,101.8
12.04.2016 11:00:00,984.87,13.55,6.89,64.01,15.55,9.95,5.6,6.31,10.1,1192.07,1.62,2.84,83.8
12.04.2016 12:00:00,984.34,15.95,7.38,56.69,18.15,10.29,7.86,6.53,10.45,1181.38,1.15,2.92,177.7
12.04.2016 13:00:00,984.08,16.75,7.28,53.5,19.1,10.22,8.88,6.48,10.38,1177.84,2.61,5.92,346.7
12.04.2016 14:00:00,983.92,16.63,6.81,52.2,18.96,9.9,9.06,6.28,10.06,1178.29,0.82,1.48,312.3
12.04.2016 15:00:00,984.07,12.49,8.35,75.8,14.5,10.99,3.51,6.98,11.17,1195.04,4.17,6.81,254.0
12.04.2016 16:00:00,983.79,13.43,9.24,75.7,15.43,11.68,3.75,7.42,11.87,1190.47,1.3,1.92,232.3
12.04.2016 17:00:00,983.54,14.65,8.27,65.49,16.7,10.93,5.76,6.94,11.12,1185.46,0.91,2.32,277.9
12.04.2016 18:00:00,983.03,14.23,7.42,63.5,16.25,10.32,5.93,6.55,10.5,1186.85,0.6,1.52,329.6
12.04.2016 19:00:00,982.85,13.33,6.82,64.61,15.33,9.9,5.42,6.29,10.07,1190.56,0.28,0.72,257.3
12.04.2016 20:00:00,982.98,11.69,6.94,72.6,13.76,9.99,3.77,6.35,10.16,1197.53,0.57,1.12,88.6
12.04.2016 21:00:00,982.89,10.25,6.71,78.6,12.5,9.83,2.68,6.24,10.0,1203.58,0.98,1.92,226.0
12.04.2016 22:00:00,982.77,8.92,6.3,83.6,11.43,9.56,1.87,6.07,9.72,1209.23,0.58,1.12,238.5
12.04.2016 23:00:00,982.63,8.85,6.74,86.6,11.38,9.85,1.52,6.26,10.03,1209.22,0.74,1.24,200.2
13.04.2016 00:00:00,982.54,7.31,5.96,91.1,10.24,9.33,0.91,5.93,9.5,1215.99,1.13,1.92,206.1
13.04.2016 01:00:00,982.47,6.64,5.62,93.2,9.78,9.11,0.66,5.79,9.28,1218.94,0.8,1.32,226.6
13.04.2016 02:00:00,981.77,6.62,5.59,93.1,9.77,9.09,0.67,5.78,9.26,1218.15,0.63,0.96,190.5
13.04.2016 03:00:00,981.98,6.29,5.46,94.4,9.55,9.01,0.53,5.73,9.18,1219.88,1.41,2.0,171.9
13.04.2016 04:00:00,982.0,6.39,5.56,94.4,9.62,9.08,0.54,5.77,9.25,1219.42,1.44,2.36,168.6
13.04.2016 05:00:00,981.96,6.07,5.37,95.3,9.4,8.96,0.44,5.7,9.12,1220.86,0.95,1.4,189.4
13.04.2016 06:00:00,982.12,6.27,5.54,95.1,9.53,9.07,0.47,5.76,9.23,1220.13,1.29,1.8,195.2
13.04.2016 07:00:00,981.95,7.13,5.35,88.4,10.12,8.94,1.17,5.68,9.11,1216.22,1.03,2.36,122.7
13.04.2016 08:00:00,981.81,9.72,6.63,81.0,12.06,9.77,2.29,6.21,9.95,1204.53,0.77,1.64,181.8
13.04.2016 09:00:00,981.39,12.37,7.27,71.0,14.39,10.22,4.17,6.5,10.41,1192.63,1.34,2.24,126.2
13.04.2016 10:00:00,981.59,12.75,7.06,68.24,14.75,10.07,4.69,6.4,10.26,1191.36,2.74,3.6,165.8
13.04.2016 11:00:00,981.11,14.05,7.2,63.31,16.06,10.17,5.89,6.47,10.36,1185.34,1.43,3.16,108.4
13.04.2016 12:00:00,980.68,14.76,7.32,60.97,16.82,10.25,6.56,6.53,10.45,1181.86,0.92,2.2,188.5
13.04.2016 13:00:00,980.12,15.95,6.08,51.83,18.15,9.41,8.74,5.99,9.6,1176.7,0.77,1.8,291.1
13.04.2016 14:00:00,979.56,15.77,6.43,53.74,17.94,9.64,8.3,6.15,9.84,1176.65,2.33,4.4,14.99
13.04.2016 15:00:00,979.12,15.46,7.19,57.76,17.59,10.16,7.43,6.48,10.38,1177.15,2.59,5.06,11.89
13.04.2016 16:00:00,979.19,14.29,7.48,63.54,16.31,10.37,5.95,6.61,10.59,1181.93,2.91,5.21,247.2
13.04.2016 17:00:00,979.97,10.09,8.51,89.9,12.37,11.12,1.25,7.09,11.35,1200.07,2.24,4.08,255.8
13.04.2016 18:00:00,980.16,9.54,8.32,92.1,11.92,10.98,0.94,7.0,11.2,1202.7,2.03,3.8,244.7
13.04.2016 19:00:00,980.19,9.68,8.38,91.6,12.03,11.02,1.01,7.02,11.24,1202.12,1.21,2.08,63.25
13.04.2016 20:00:00,980.69,9.61,8.52,92.9,11.98,11.13,0.85,7.09,11.34,1202.99,1.03,1.64,198.0
13.04.2016 21:00:00,981.04,9.29,8.33,93.7,11.72,10.98,0.74,6.99,11.19,1204.85,0.38,0.84,300.4
13.04.2016 22:00:00,981.27,9.38,8.5,94.2,11.79,11.11,0.68,7.07,11.32,1204.69,0.37,1.52,27.78
13.04.2016 23:00:00,981.46,9.08,7.92,92.4,11.56,10.68,0.88,6.79,10.88,1206.41,1.46,1.92,246.2
14.04.2016 00:00:00,981.64,8.72,7.54,92.3,11.28,10.41,0.87,6.62,10.6,1208.29,1.34,2.08,247.9
14.04.2016 01:00:00,981.56,8.57,7.52,93.1,11.16,10.39,0.77,6.61,10.59,1208.85,2.05,3.48,249.0
14.04.2016 02:00:00,981.74,8.16,6.54,89.5,10.86,9.72,1.14,6.18,9.9,1211.15,2.34,3.28,245.1
14.04.2016 03:00:00,981.68,7.99,5.83,86.2,10.73,9.25,1.48,5.88,9.42,1212.02,1.96,2.92,255.9
14.04.2016 04:00:00,982.27,7.78,5.41,84.9,10.58,8.98,1.6,5.71,9.14,1213.79,1.73,2.4,244.4
14.04.2016 05:00:00,982.68,7.65,5.18,84.3,10.48,8.84,1.65,5.61,8.99,1214.92,1.31,2.0,246.9
14.04.2016 06:00:00,983.06,7.53,5.08,84.4,10.4,8.78,1.62,5.57,8.93,1215.94,2.99,4.49,256.9
14.04.2016 07:00:00,983.51,7.64,5.24,84.7,10.48,8.87,1.6,5.63,9.02,1215.98,1.38,2.84,255.4
14.04.2016 08:00:00,983.97,8.3,5.45,82.2,10.96,9.01,1.95,5.71,9.16,1213.64,1.76,4.04,268.4
14.04.2016 09:00:00,984.4,9.13,5.71,79.1,11.59,9.17,2.42,5.82,9.32,1210.52,1.72,4.93,274.9
14.04.2016 10:00:00,984.96,9.68,5.99,77.7,12.03,9.35,2.68,5.93,9.49,1208.78,2.06,3.88,278.0
14.04.2016 11:00:00,985.25,10.43,5.87,73.3,12.65,9.27,3.38,5.88,9.41,1205.97,2.0,4.32,273.9
14.04.2016 12:00:00,985.43,11.28,6.02,69.99,13.39,9.37,4.02,5.94,9.51,1202.54,1.77,4.61,282.3
14.04.2016 13:00:00,985.44,10.95,5.49,68.95,13.1,9.03,4.07,5.72,9.17,1204.11,3.46,5.85,36.25
14.04.2016 14:00:00,985.48,13.93,4.37,52.39,15.94,8.35,7.59,5.29,8.47,1191.97,2.4,5.97,273.9
14.04.2016 15:00:00,985.27,13.76,4.32,52.82,15.76,8.32,7.44,5.27,8.45,1192.43,2.78,6.11,358.4
14.04.2016 16:00:00,985.34,13.28,4.8,56.34,15.28,8.61,6.67,5.45,8.73,1194.39,4.82,8.13,22.25
14.04.2016 17:00:00,985.36,13.05,5.24,58.99,15.05,8.88,6.17,5.62,9.01,1195.25,2.91,4.57,37.27
14.04.2016 18:00:00,985.57,13.14,4.87,57.15,15.14,8.65,6.49,5.48,8.78,1195.23,2.41,3.32,25.95
14.04.2016 19:00:00,985.72,11.7,4.9,62.95,13.77,8.67,5.1,5.49,8.79,1201.45,2.37,3.62,39.08
14.04.2016 20:00:00,985.92,10.02,4.96,70.7,12.31,8.7,3.61,5.51,8.83,1208.81,0.59,1.36,261.6
14.04.2016 21:00:00,985.93,9.28,5.36,76.4,11.71,8.95,2.76,5.66,9.08,1211.87,1.9,2.56,201.2
14.04.2016 22:00:00,985.77,8.89,5.42,78.8,11.41,8.99,2.42,5.69,9.12,1213.33,0.92,1.44,208.0
14.04.2016 23:00:00,985.77,8.19,5.26,81.7,10.88,8.89,1.99,5.63,9.02,1216.4,1.44,2.04,215.0
15.04.2016 00:00:00,985.11,7.26,5.07,85.9,10.21,8.77,1.44,5.56,8.9,1219.67,0.82,1.28,220.2
15.04.2016 01:00:00,984.6,6.77,4.87,87.6,9.87,8.65,1.22,5.48,8.78,1221.21,0.9,1.48,223.0
15.04.2016 02:00:00,984.23,5.95,4.31,89.2,9.33,8.32,1.01,5.27,8.45,1224.51,1.1,1.96,207.4
15.04.2016 03:00:00,983.65,4.42,3.49,93.6,8.38,7.85,0.54,4.98,7.98,1230.73,2.04,3.41,181.2
15.04.2016 04:00:00,982.7,4.07,3.38,95.2,8.18,7.79,0.39,4.94,7.92,1231.12,1.55,2.66,166.2
15.04.2016 05:00:00,981.87,4.77,3.74,93.0,8.59,7.99,0.6,5.08,8.14,1226.9,0.82,1.14,204.1
15.04.2016 06:00:00,981.77,4.91,3.63,91.4,8.68,7.93,0.75,5.04,8.08,1226.17,0.54,1.68,170.4
15.04.2016 07:00:00,981.26,5.64,4.11,89.8,9.13,8.2,0.93,5.21,8.35,1222.2,1.24,2.56,171.7
15.04.2016 08:00:00,980.85,6.48,4.48,87.0,9.68,8.42,1.26,5.36,8.58,1217.92,1.24,2.44,175.4
15.04.2016 09:00:00,980.08,6.58,5.16,90.6,9.74,8.83,0.92,5.62,9.01,1216.34,1.97,2.72,178.4
15.04.2016 10:00:00,979.86,7.54,6.31,91.9,10.41,9.56,0.84,6.09,9.76,1211.56,2.21,3.08,175.6
15.04.2016 11:00:00,979.39,10.14,7.3,82.5,12.41,10.24,2.17,6.53,10.45,1199.55,4.59,6.97,193.1
15.04.2016 12:00:00,979.17,11.04,6.54,73.7,13.18,9.71,3.47,6.19,9.92,1195.73,6.19,8.85,205.7
15.04.2016 13:00:00,978.8,11.81,6.24,68.59,13.87,9.51,4.36,6.07,9.72,1192.13,7.06,9.45,211.5
15.04.2016 14:00:00,978.39,12.76,6.68,66.44,14.76,9.81,4.95,6.26,10.03,1187.54,6.48,9.85,208.7
15.04.2016 15:00:00,977.7,13.65,6.11,60.28,15.65,9.43,6.22,6.02,9.65,1183.19,8.12,12.35,212.7
15.04.2016 16:00:00,977.88,13.58,6.2,60.9,15.58,9.49,6.09,6.06,9.7,1183.67,4.69,8.07,227.3
15.04.2016 17:00:00,977.97,11.0,7.06,76.6,13.14,10.07,3.08,6.43,10.29,1194.26,3.77,5.73,207.0
15.04.2016 18:00:00,977.69,12.58,7.33,70.3,14.59,10.26,4.33,6.55,10.49,1187.23,4.8,6.97,210.1
15.04.2016 19:00:00,977.58,11.52,7.2,74.7,13.61,10.16,3.44,6.49,10.4,1191.56,3.83,4.28,220.3
15.04.2016 20:00:00,978.01,10.32,7.05,80.1,12.56,10.06,2.5,6.42,10.29,1197.18,4.47,5.01,233.6
15.04.2016 21:00:00,978.21,10.8,5.79,71.1,12.97,9.22,3.75,5.88,9.43,1195.79,3.74,4.16,218.0
15.04.2016 22:00:00,978.21,10.44,5.96,73.7,12.66,9.33,3.33,5.95,9.54,1197.25,3.45,4.37,228.4
15.04.2016 23:00:00,978.32,10.55,6.28,74.8,12.75,9.54,3.21,6.09,9.75,1196.83,3.15,4.2,221.0
16.04.2016 00:00:00,978.11,10.51,6.34,75.3,12.72,9.58,3.14,6.11,9.79,1196.72,2.75,3.32,217.7
16.04.2016 01:00:00,977.88,10.52,6.42,75.7,12.73,9.64,3.09,6.15,9.85,1196.37,2.27,2.96,219.6
16.04.2016 02:00:00,977.4,10.44,6.31,75.5,12.66,9.56,3.1,6.11,9.78,1196.15,3.54,4.28,212.0
16.04.2016 03:00:00,976.97,10.34,6.27,75.8,12.58,9.53,3.04,6.09,9.76,1196.06,3.42,4.04,203.6
16.04.2016 04:00:00,976.75,10.42,6.53,76.8,12.64,9.71,2.93,6.21,9.94,1195.37,2.98,3.6,197.2
16.04.2016 05:00:00,976.09,10.03,6.57,79.0,12.32,9.73,2.59,6.22,9.97,1196.19,1.88,2.76,200.3
16.04.2016 06:00:00,976.08,10.23,6.65,78.4,12.48,9.79,2.7,6.26,10.03,1195.31,3.76,4.97,204.3
16.04.2016 07:00:00,976.17,10.54,6.88,78.0,12.75,9.94,2.8,6.36,10.18,1194.04,3.13,4.37,193.3
16.04.2016 08:00:00,976.12,11.04,7.14,76.8,13.18,10.12,3.06,6.47,10.37,1191.8,1.95,4.24,183.0
16.04.2016 09:00:00,976.22,11.06,7.93,81.0,13.2,10.69,2.51,6.84,10.95,1191.57,2.44,3.76,193.9
16.04.2016 10:00:00,976.63,10.4,8.2,86.2,12.63,10.89,1.74,6.96,11.15,1194.76,3.38,4.81,206.6
16.04.2016 11:00:00,977.04,10.58,7.52,81.3,12.78,10.39,2.39,6.64,10.63,1194.73,3.95,5.17,211.8
16.04.2016 12:00:00,977.33,10.59,7.33,80.2,12.79,10.26,2.53,6.55,10.49,1195.11,3.33,4.65,215.6
16.04.2016 13:00:00,977.64,12.1,6.44,68.25,14.14,9.65,4.49,6.16,9.87,1189.44,3.91,6.73,244.1
16.04.2016 14:00:00,977.66,12.74,6.42,65.35,14.74,9.64,5.11,6.15,9.86,1186.81,5.15,7.97,187.9
16.04.2016 15:00:00,977.59,13.05,5.93,61.9,15.05,9.31,5.73,5.95,9.53,1185.59,5.35,8.01,204.3
16.04.2016 16:00:00,977.45,13.63,5.98,59.81,15.63,9.35,6.28,5.97,9.56,1183.01,5.57,8.17,205.8
16.04.2016 17:00:00,977.36,13.53,5.32,57.51,15.53,8.93,6.6,5.7,9.14,1183.5,7.04,10.73,219.3
16.04.2016 18:00:00,977.64,13.13,5.14,58.29,15.13,8.82,6.31,5.63,9.02,1185.55,7.39,10.37,217.1
16.04.2016 19:00:00,977.86,12.43,5.2,61.27,14.45,8.85,5.6,5.65,9.05,1188.7,3.39,5.73,202.6
16.04.2016 20:00:00,978.25,11.56,5.26,65.15,13.64,8.89,4.75,5.67,9.08,1192.8,2.5,3.28,207.0
16.04.2016 21:00:00,978.51,10.84,5.55,69.73,13.0,9.07,3.94,5.78,9.27,1196.06,2.06,2.56,209.2
16.04.2016 22:00:00,977.98,10.5,5.76,72.4,12.71,9.2,3.51,5.87,9.41,1196.78,3.23,3.8,211.2
16.04.2016 23:00:00,977.53,9.33,5.66,77.8,11.75,9.14,2.61,5.84,9.35,1201.21,3.22,3.56,236.1
17.04.2016 00:00:00,977.5,9.77,6.0,77.3,12.11,9.36,2.75,5.98,9.57,1199.2,1.84,2.6,237.9
17.04.2016 01:00:00,977.37,9.37,6.23,80.7,11.78,9.51,2.27,6.07,9.73,1200.67,0.2,0.62,249.4
17.04.2016 02:00:00,977.34,8.41,6.33,86.7,11.04,9.57,1.47,6.12,9.8,1204.69,1.99,2.84,236.0
17.04.2016 03:00:00,977.54,7.91,6.74,92.3,10.67,9.85,0.82,6.29,10.08,1206.96,0.62,1.64,133.4
17.04.2016 04:00:00,977.87,7.53,6.21,91.3,10.4,9.49,0.9,6.06,9.71,1209.17,0.74,1.96,249.3
17.04.2016 05:00:00,978.55,6.91,5.64,91.6,9.97,9.13,0.84,5.82,9.33,1212.85,1.41,2.8,258.6
17.04.2016 06:00:00,979.15,6.59,5.45,92.4,9.75,9.01,0.74,5.74,9.2,1215.05,0.79,1.56,274.7
17.04.2016 07:00:00,980.01,6.5,5.25,91.7,9.69,8.88,0.8,5.66,9.06,1216.58,0.8,1.08,235.8
17.04.2016 08:00:00,980.29,7.21,5.81,90.8,10.17,9.24,0.94,5.88,9.42,1213.67,0.48,0.98,220.8
17.04.2016 09:00:00,981.02,7.25,5.37,87.8,10.2,8.96,1.24,5.7,9.13,1214.54,2.37,3.28,36.39
17.04.2016 10:00:00,982.0,7.9,4.51,79.1,10.67,8.44,2.23,5.36,8.59,1213.19,1.37,3.2,347.2
17.04.2016 11:00:00,983.13,8.13,4.99,80.5,10.83,8.72,2.11,5.54,8.87,1213.46,2.0,3.72,271.0
17.04.2016 12:00:00,983.86,7.71,4.74,81.4,10.53,8.57,1.96,5.44,8.71,1216.26,1.71,4.61,254.9
17.04.2016 13:00:00,984.59,6.44,4.06,84.7,9.65,8.17,1.48,5.18,8.3,1222.87,2.65,4.12,30.31
17.04.2016 14:00:00,985.18,7.87,2.62,69.3,10.64,7.38,3.27,4.67,7.49,1217.76,2.44,4.26,257.7
17.04.2016 15:00:00,985.03,8.72,2.34,64.12,11.28,7.23,4.05,4.58,7.34,1213.97,1.84,3.12,231.3
17.04.2016 16:00:00,985.68,9.04,2.51,63.53,11.52,7.32,4.2,4.63,7.43,1213.35,1.24,2.36,213.8
17.04.2016 17:00:00,985.39,9.41,2.32,61.11,11.82,7.22,4.6,4.57,7.33,1211.45,1.75,3.0,278.5
17.04.2016 18:00:00,986.65,9.08,2.7,64.22,11.56,7.42,4.13,4.69,7.52,1214.33,1.2,2.0,241.8
17.04.2016 19:00:00,987.19,7.88,3.91,75.9,10.65,8.08,2.57,5.11,8.19,1219.87,2.17,3.16,238.9
17.04.2016 20:00:00,987.87,7.66,3.86,76.8,10.49,8.06,2.43,5.09,8.16,1221.69,0.56,1.04,223.3
17.04.2016 21:00:00,988.56,7.4,2.7,72.0,10.31,7.42,2.89,4.68,7.51,1223.97,2.07,3.04,243.2
17.04.2016 22:00:00,989.62,6.64,3.38,79.6,9.78,7.79,2.0,4.91,7.87,1228.45,0.45,0.8,90.8
17.04.2016 23:00:00,990.13,5.9,2.19,77.0,9.3,7.16,2.14,4.51,7.23,1232.62,0.94,1.88,221.1
18.04.2016 00:00:00,990.84,5.0,2.89,86.2,8.73,7.52,1.2,4.74,7.59,1237.36,1.23,1.6,216.9
18.04.2016 01:00:00,991.06,4.22,2.62,89.3,8.26,7.38,0.88,4.64,7.45,1241.17,0.63,1.16,202.4
18.04.2016 02:00:00,991.48,3.47,1.71,88.2,7.84,6.91,0.92,4.35,6.97,1245.31,1.59,2.2,230.5
18.04.2016 03:00:00,991.83,2.84,1.25,89.2,7.49,6.69,0.81,4.2,6.74,1248.67,1.22,1.88,224.8
18.04.2016 04:00:00,992.42,2.3,1.34,93.3,7.21,6.73,0.48,4.23,6.78,1251.84,0.83,1.24,211.8
18.04.2016 05:00:00,992.38,1.18,0.0,91.8,6.65,6.11,0.55,3.84,6.16,1257.2,0.51,1.04,212.8
18.04.2016 06:00:00,992.73,0.66,-0.13,94.4,6.41,6.05,0.36,3.8,6.09,1260.08,1.02,1.52,194.8
18.04.2016 07:00:00,993.32,1.13,0.75,97.3,6.63,6.45,0.18,4.05,6.49,1258.46,1.06,1.92,201.9
18.04.2016 08:00:00,993.84,2.46,2.02,96.9,7.29,7.07,0.23,4.44,7.11,1252.76,0.83,1.56,184.2
18.04.2016 09:00:00,994.08,6.91,5.13,88.4,9.96,8.81,1.16,5.53,8.86,1232.35,1.14,1.8,145.6
18.04.2016 10:00:00,993.67,9.33,2.24,61.1,11.75,7.18,4.57,4.51,7.23,1222.02,1.76,3.38,155.1
18.04.2016 11:00:00,993.28,10.5,1.5,53.57,12.71,6.81,5.9,4.28,6.86,1216.67,1.07,2.64,274.9
18.04.2016 12:00:00,993.22,10.61,0.89,50.89,12.81,6.52,6.29,4.09,6.56,1216.27,1.96,4.73,28.76
18.04.2016 13:00:00,993.31,11.01,0.07,46.68,13.15,6.14,7.01,3.85,6.18,1214.84,2.4,5.17,220.4
18.04.2016 14:00:00,993.1,11.87,-0.09,43.59,13.92,6.07,7.85,3.81,6.11,1210.95,2.05,3.58,303.2
18.04.2016 15:00:00,992.76,11.67,0.06,44.66,13.74,6.14,7.6,3.85,6.18,1211.36,1.32,2.68,287.0
18.04.2016 16:00:00,992.51,11.64,-0.67,42.42,13.71,5.82,7.9,3.65,5.86,1211.33,1.82,3.16,255.8
18.04.2016 17:00:00,992.56,11.83,-0.36,42.84,13.89,5.95,7.94,3.74,5.99,1210.52,2.45,4.2,17.08
18.04.2016 18:00:00,992.67,12.13,-0.19,42.52,14.16,6.02,8.14,3.78,6.07,1209.35,1.19,3.16,351.1
18.04.2016 19:00:00,993.01,10.39,-0.11,48.01,12.62,6.06,6.56,3.8,6.1,1217.17,0.77,1.16,260.9
18.04.2016 20:00:00,993.64,9.75,-0.72,47.94,12.09,5.8,6.29,3.64,5.83,1220.82,1.32,1.68,259.9
18.04.2016 21:00:00,994.19,7.94,-0.04,56.93,10.69,6.09,4.61,3.82,6.12,1229.22,2.97,3.74,232.3
18.04.2016 22:00:00,994.78,6.64,1.09,67.56,9.78,6.61,3.17,4.14,6.64,1235.41,0.86,1.76,144.5
18.04.2016 23:00:00,995.18,6.61,1.3,68.75,9.76,6.71,3.05,4.21,6.74,1236.01,0.68,1.0,200.8
19.04.2016 00:00:00,995.39,5.87,1.52,73.5,9.28,6.82,2.46,4.27,6.85,1239.49,0.39,0.88,159.5
19.04.2016 01:00:00,995.38,4.86,0.91,75.5,8.64,6.52,2.12,4.09,6.55,1244.15,1.68,2.72,185.5
19.04.2016 02:00:00,995.39,3.57,0.65,81.1,7.89,6.4,1.49,4.01,6.43,1249.99,1.38,2.04,187.3
19.04.2016 03:00:00,995.34,3.3,0.62,82.5,7.74,6.39,1.36,4.0,6.42,1251.16,1.07,1.66,202.4
19.04.2016 04:00:00,995.6,3.71,0.63,80.2,7.97,6.39,1.58,4.0,6.42,1249.63,0.5,0.8,175.6
19.04.2016 05:00:00,995.74,4.79,0.61,74.2,8.6,6.38,2.22,4.0,6.41,1244.95,0.71,1.12,150.1
19.04.2016 06:00:00,996.05,6.47,0.43,65.18,9.67,6.3,3.37,3.94,6.33,1237.91,1.05,2.14,229.1
19.04.2016 07:00:00,996.38,7.34,0.78,62.97,10.26,6.46,3.8,4.04,6.49,1234.39,1.81,2.8,233.5
19.04.2016 08:00:00,996.45,8.64,1.48,60.64,11.22,6.8,4.41,4.26,6.83,1228.63,1.95,3.92,250.3
19.04.2016 09:00:00,996.42,9.02,1.03,57.18,11.51,6.58,4.93,4.12,6.6,1227.04,2.45,4.34,259.8
19.04.2016 10:00:00,996.64,9.81,1.92,57.82,12.14,7.02,5.12,4.39,7.04,1223.69,3.4,6.09,247.9
19.04.2016 11:00:00,996.63,11.08,2.17,54.07,13.21,7.14,6.07,4.47,7.17,1218.14,2.61,5.01,281.9
19.04.2016 12:00:00,996.73,10.89,2.18,54.81,13.05,7.15,5.9,4.47,7.17,1219.08,2.66,5.93,291.8
19.04.2016 13:00:00,996.86,10.99,2.34,55.06,13.13,7.23,5.9,4.52,7.25,1218.78,2.34,4.93,249.3
19.04.2016 14:00:00,996.73,10.8,1.9,54.03,12.97,7.01,5.96,4.38,7.03,1219.54,1.84,4.4,280.5
19.04.2016 15:00:00,996.69,11.17,1.84,52.51,13.29,6.98,6.31,4.37,7.0,1217.91,3.29,7.13,249.9
19.04.2016 16:00:00,996.79,11.22,1.51,51.11,13.34,6.82,6.52,4.26,6.84,1217.89,2.92,6.65,264.8
19.04.2016 17:00:00,996.74,11.13,1.91,52.9,13.26,7.01,6.24,4.39,7.04,1218.13,1.28,3.2,254.9
19.04.2016 18:00:00,996.86,10.95,2.06,54.12,13.1,7.09,6.01,4.44,7.11,1219.01,2.16,4.2,270.1
19.04.2016 19:00:00,997.0,9.95,2.07,57.89,12.25,7.09,5.16,4.44,7.11,1223.48,1.93,2.88,265.8
19.04.2016 20:00:00,997.53,9.09,1.79,60.13,11.56,6.95,4.61,4.35,6.97,1227.93,2.3,2.88,249.7
19.04.2016 21:00:00,998.17,8.89,2.04,62.06,11.41,7.08,4.33,4.42,7.09,1229.54,2.12,3.36,262.1
19.04.2016 22:00:00,998.95,7.82,1.33,63.43,10.61,6.73,3.88,4.2,6.74,1235.35,1.13,2.4,265.5
19.04.2016 23:00:00,999.68,7.12,0.54,62.85,10.11,6.35,3.76,3.96,6.36,1239.52,1.5,2.44,269.0
20.04.2016 00:00:00,1000.14,6.42,-0.46,61.29,9.64,5.91,3.73,3.68,5.9,1243.4,1.52,2.64,258.6
20.04.2016 01:00:00,1000.59,5.39,-0.32,66.54,8.97,5.97,3.0,3.72,5.96,1248.54,2.53,3.32,257.0
20.04.2016 02:00:00,1001.01,4.91,-0.14,69.71,8.67,6.05,2.63,3.77,6.04,1251.19,2.91,3.61,256.0
20.04.2016 03:00:00,1001.26,4.16,-0.03,74.1,8.23,6.1,2.13,3.8,6.09,1254.88,2.49,3.43,249.8
20.04.2016 04:00:00,1001.41,3.73,0.18,77.5,7.98,6.19,1.8,3.85,6.18,1256.95,2.09,3.81,252.5
20.04.2016 05:00:00,1001.53,3.24,0.07,79.6,7.71,6.14,1.57,3.82,6.13,1259.34,2.3,3.0,248.4
20.04.2016 06:00:00,1002.03,3.78,0.07,76.6,8.01,6.14,1.88,3.82,6.13,1257.52,1.3,2.48,227.4
20.04.2016 07:00:00,1002.68,3.55,0.38,79.7,7.88,6.28,1.6,3.91,6.26,1259.34,0.81,1.3,158.0
20.04.2016 08:00:00,1003.0,4.71,0.89,76.2,8.55,6.52,2.04,4.05,6.5,1254.38,1.26,2.5,133.0
20.04.2016 09:00:00,1003.36,6.71,0.12,62.67,9.83,6.16,3.67,3.83,6.14,1246.01,1.67,2.96,261.8
20.04.2016 10:00:00,1003.49,7.56,-0.14,58.03,10.42,6.05,4.37,3.76,6.03,1242.45,0.91,2.24,350.6
20.04.2016 11:00:00,1003.37,8.22,0.06,56.28,10.9,6.13,4.77,3.81,6.11,1239.35,1.88,4.44,332.7
20.04.2016 12:00:00,1003.11,9.69,0.05,50.92,12.04,6.13,5.91,3.81,6.11,1232.58,1.33,3.76,256.7
20.04.2016 13:00:00,1002.87,10.18,0.68,51.58,12.44,6.42,6.02,3.99,6.4,1230.02,1.97,4.12,274.9
20.04.2016 14:00:00,1002.52,11.07,0.81,49.05,13.2,6.48,6.73,4.03,6.46,1225.72,2.21,4.73,319.5
20.04.2016 15:00:00,1002.19,11.46,-0.24,44.28,13.55,6.0,7.55,3.73,5.99,1223.86,2.51,5.23,14.95
20.04.2016 16:00:00,1002.0,12.06,0.62,45.32,14.1,6.39,7.71,3.98,6.38,1220.87,1.73,2.92,29.5
20.04.2016 17:00:00,1001.76,12.01,0.17,44.01,14.05,6.18,7.87,3.85,6.17,1220.88,1.04,1.8,330.7
20.04.2016 18:00:00,1001.5,12.61,0.78,44.23,14.62,6.47,8.15,4.03,6.46,1217.87,1.12,2.92,291.4
20.04.2016 19:00:00,1001.28,10.83,0.52,48.82,13.0,6.34,6.65,3.95,6.34,1225.29,0.61,1.14,318.9
20.04.2016 20:00:00,1001.38,10.39,0.58,50.47,12.62,6.37,6.25,3.97,6.36,1227.3,0.83,1.04,298.8
20.04.2016 21:00:00,1001.95,7.96,1.27,62.55,10.71,6.7,4.01,4.17,6.69,1238.47,1.58,2.84,6.7
20.04.2016 22:00:00,1001.9,7.21,1.57,67.28,10.17,6.84,3.33,4.26,6.83,1241.65,0.92,1.36,88.4
20.04.2016 23:00:00,1001.81,5.59,1.27,73.6,9.1,6.7,2.4,4.17,6.68,1248.81,1.4,2.78,203.2
21.04.2016 00:00:00,1001.76,4.5,0.82,76.9,8.43,6.48,1.95,4.03,6.47,1253.76,1.2,1.66,239.9
21.04.2016 01:00:00,1001.54,3.04,0.17,81.4,7.6,6.19,1.41,3.85,6.18,1260.27,1.15,1.84,214.8
21.04.2016 02:00:00,1001.3,2.27,0.26,86.5,7.19,6.22,0.97,3.87,6.21,1263.48,0.2,0.56,356.3
21.04.2016 03:00:00,1001.0,1.51,-0.28,87.8,6.81,5.98,0.83,3.73,5.98,1266.68,0.7,1.48,204.9
21.04.2016 04:00:00,1000.84,1.01,-0.43,90.1,6.57,5.92,0.65,3.69,5.91,1268.85,0.63,1.2,193.1
21.04.2016 05:00:00,1000.35,0.57,-0.65,91.5,6.37,5.83,0.54,3.63,5.82,1270.28,0.37,0.88,142.8
21.04.2016 06:00:00,1000.16,1.36,-0.57,86.9,6.74,5.86,0.88,3.65,5.86,1266.36,0.41,0.84,186.1
21.04.2016 07:00:00,1000.43,2.7,-0.12,81.6,7.42,6.06,1.37,3.77,6.05,1260.45,0.85,1.28,150.3
21.04.2016 08:00:00,1000.39,5.49,0.9,72.2,9.03,6.52,2.51,4.06,6.52,1247.6,1.06,1.8,142.5
21.04.2016 09:00:00,1000.05,9.02,1.94,61.05,11.51,7.03,4.48,4.38,7.03,1231.31,1.06,1.74,135.6
21.04.2016 10:00:00,999.74,11.38,2.42,53.95,13.48,7.27,6.21,4.54,7.27,1220.6,0.77,2.24,164.3
21.04.2016 11:00:00,998.98,12.62,2.5,50.0,14.63,7.31,7.31,4.57,7.32,1214.37,1.11,2.2,120.9
21.04.2016 12:00:00,998.17,13.86,0.57,40.12,15.86,6.36,9.5,3.98,6.38,1208.57,1.31,2.64,44.07
21.04.2016 13:00:00,997.26,15.34,0.64,36.66,17.46,6.4,11.06,4.0,6.42,1201.26,2.16,4.14,193.7
21.04.2016 14:00:00,996.35,15.86,0.43,34.92,18.05,6.3,11.75,3.94,6.33,1198.05,2.11,3.0,6.09
21.04.2016 15:00:00,995.5,16.36,1.88,37.55,18.63,7.0,11.64,4.38,7.03,1194.63,2.64,4.6,28.79
21.04.2016 16:00:00,994.62,16.9,1.94,36.45,19.28,7.03,12.26,4.41,7.07,1191.35,2.22,3.6,49.6
21.04.2016 17:00:00,993.76,16.71,2.42,38.19,19.05,7.28,11.78,4.57,7.32,1190.98,2.22,3.38,35.63
21.04.2016 18:00:00,993.09,16.32,2.66,39.8,18.59,7.4,11.19,4.65,7.45,1191.72,2.42,3.36,24.58
21.04.2016 19:00:00,992.77,14.61,2.23,43.09,16.65,7.18,9.48,4.51,7.23,1198.52,0.74,1.36,353.0
21.04.2016 20:00:00,992.82,13.6,2.37,46.46,15.6,7.25,8.35,4.55,7.3,1202.77,0.19,0.52,42.29
21.04.2016 21:00:00,992.78,10.99,2.98,57.62,13.13,7.57,5.57,4.76,7.62,1213.62,0.37,0.66,249.3
21.04.2016 22:00:00,992.81,9.76,3.11,63.15,12.1,7.64,4.46,4.8,7.69,1218.9,0.22,0.64,124.6
21.04.2016 23:00:00,992.93,8.47,2.63,66.58,11.09,7.38,3.71,4.64,7.43,1224.75,0.49,0.84,79.3
22.04.2016 00:00:00,992.92,7.19,2.71,73.1,10.16,7.43,2.73,4.67,7.48,1230.31,0.29,0.48,79.7
22.04.2016 01:00:00,992.75,5.84,2.36,78.3,9.25,7.24,2.01,4.55,7.3,1236.15,0.26,0.56,93.9
22.04.2016 02:00:00,992.94,4.89,2.17,82.5,8.66,7.14,1.52,4.49,7.2,1240.65,0.41,1.52,26.23
22.04.2016 03:00:00,992.94,5.7,1.54,74.5,9.17,6.83,2.34,4.29,6.88,1237.17,0.46,1.56,65.52
22.04.2016 04:00:00,992.93,5.59,0.94,71.9,9.1,6.54,2.56,4.11,6.59,1237.79,0.95,1.84,40.24
22.04.2016 05:00:00,993.06,3.79,1.24,83.4,8.02,6.69,1.33,4.2,6.73,1245.95,0.19,0.44,326.8
22.04.2016 06:00:00,993.23,3.46,1.02,84.0,7.83,6.58,1.25,4.13,6.62,1247.69,0.52,1.02,145.6
22.04.2016 07:00:00,993.52,6.21,2.07,74.7,9.49,7.09,2.4,4.45,7.14,1235.54,0.59,1.04,141.9
22.04.2016 08:00:00,993.68,7.46,2.18,69.08,10.35,7.15,3.2,4.49,7.19,1230.2,1.48,2.52,65.0
22.04.2016 09:00:00,993.38,7.77,1.99,66.72,10.57,7.05,3.52,4.43,7.1,1228.51,2.77,4.2,67.73
22.04.2016 10:00:00,993.16,9.0,1.99,61.35,11.49,7.05,4.44,4.43,7.1,1222.89,2.84,4.44,70.3
22.04.2016 11:00:00,992.77,9.9,2.21,58.67,12.21,7.16,5.05,4.5,7.22,1218.46,3.2,4.81,73.5
22.04.2016 12:00:00,992.06,10.99,2.56,55.95,13.13,7.35,5.79,4.62,7.41,1212.83,1.61,3.84,113.6
22.04.2016 13:00:00,991.44,11.53,2.36,53.19,13.61,7.24,6.37,4.56,7.3,1209.83,1.45,4.12,38.46
22.04.2016 14:00:00,990.56,11.98,2.08,50.63,14.03,7.1,6.92,4.47,7.17,1206.91,1.82,2.88,55.84
22.04.2016 15:00:00,989.62,13.13,2.09,46.96,15.13,7.1,8.02,4.48,7.18,1200.91,2.51,4.81,32.19
22.04.2016 16:00:00,988.93,13.08,1.92,46.56,15.08,7.02,8.06,4.43,7.1,1200.32,2.62,5.05,40.07
22.04.2016 17:00:00,988.5,13.08,1.26,44.4,15.08,6.69,8.38,4.22,6.77,1199.95,2.53,3.96,20.2
22.04.2016 18:00:00,988.33,12.41,-0.23,41.64,14.43,6.01,8.42,3.79,6.08,1202.87,1.67,2.76,18.12
22.04.2016 19:00:00,987.95,11.52,-0.46,43.42,13.61,5.91,7.7,3.73,5.98,1206.21,1.33,2.52,63.12
22.04.2016 20:00:00,987.89,10.73,-1.5,42.37,12.91,5.47,7.44,3.45,5.54,1209.7,1.15,1.88,142.3
22.04.2016 21:00:00,987.65,10.08,-1.01,45.9,12.36,5.67,6.69,3.58,5.74,1212.09,1.15,1.72,15.23
22.04.2016 22:00:00,987.59,9.13,0.12,53.15,11.59,6.16,5.43,3.89,6.24,1215.86,0.71,1.76,325.3
22.04.2016 23:00:00,987.29,8.27,0.74,58.94,10.94,6.45,4.49,4.07,6.53,1219.07,0.29,0.96,272.7
23.04.2016 00:00:00,987.03,7.5,0.98,63.21,10.38,6.56,3.82,4.14,6.65,1222.04,0.34,0.76,45.15
23.04.2016 01:00:00,986.46,7.03,0.13,61.35,10.05,6.16,3.88,3.9,6.25,1223.57,0.73,1.0,3.42
23.04.2016 02:00:00,986.12,6.7,0.42,64.14,9.82,6.3,3.52,3.98,6.39,1224.54,2.62,3.8,26.52
23.04.2016 03:00:00,985.93,5.94,0.81,69.52,9.32,6.48,2.84,4.1,6.57,1227.56,2.75,4.01,15.89
23.04.2016 04:00:00,985.4,5.36,0.85,72.6,8.95,6.5,2.45,4.11,6.59,1229.42,2.72,4.25,18.42
23.04.2016 05:00:00,985.42,4.9,0.81,74.7,8.67,6.48,2.19,4.1,6.57,1231.47,1.54,3.32,13.26
23.04.2016 06:00:00,985.35,4.5,0.71,76.3,8.43,6.43,2.0,4.07,6.53,1233.18,1.53,2.82,23.9
23.04.2016 07:00:00,985.32,4.6,0.62,75.3,8.49,6.39,2.1,4.04,6.49,1232.75,3.95,5.49,30.87
23.04.2016 08:00:00,985.1,4.73,0.75,75.3,8.57,6.45,2.12,4.08,6.55,1231.86,3.24,5.13,38.5
23.04.2016 09:00:00,984.83,4.54,1.26,79.2,8.45,6.69,1.76,4.24,6.79,1232.27,3.83,5.45,42.35
23.04.2016 10:00:00,984.7,4.24,1.68,83.4,8.27,6.9,1.37,4.37,7.01,1233.33,2.56,3.81,51.73
23.04.2016 11:00:00,984.46,4.76,1.87,81.5,8.58,6.99,1.59,4.43,7.1,1230.69,2.47,3.77,48.89
23.04.2016 12:00:00,984.02,5.25,1.52,76.8,8.88,6.82,2.06,4.32,6.93,1228.05,1.93,3.57,13.9
23.04.2016 13:00:00,983.6,5.12,1.72,78.6,8.8,6.92,1.88,4.39,7.03,1228.04,2.89,4.49,25.1
23.04.2016 14:00:00,983.51,4.22,1.72,83.7,8.27,6.92,1.35,4.39,7.03,1231.89,2.05,3.59,23.62
23.04.2016 15:00:00,983.02,5.27,1.76,78.0,8.9,6.94,1.96,4.4,7.06,1226.63,0.84,1.72,20.52
23.04.2016 16:00:00,982.65,5.59,1.13,72.9,9.09,6.63,2.46,4.21,6.75,1224.92,1.45,3.12,13.23
23.04.2016 17:00:00,982.61,5.09,1.66,78.4,8.79,6.89,1.9,4.37,7.01,1226.93,1.18,1.88,246.0
23.04.2016 18:00:00,982.61,5.35,1.66,77.0,8.94,6.89,2.06,4.37,7.01,1225.8,1.13,1.88,250.7
23.04.2016 19:00:00,982.69,5.23,1.47,76.6,8.87,6.79,2.08,4.31,6.91,1226.48,1.22,2.28,262.4
23.04.2016 20:00:00,983.15,4.93,0.36,72.2,8.69,6.27,2.41,3.98,6.38,1228.62,0.95,1.44,260.4
23.04.2016 21:00:00,983.54,4.03,-2.28,63.31,8.15,5.16,2.99,3.27,5.25,1233.63,2.01,3.0,258.4
23.04.2016 22:00:00,983.72,3.21,-2.82,64.46,7.69,4.96,2.73,3.14,5.04,1237.62,2.13,3.36,263.4
23.04.2016 23:00:00,984.22,2.64,-1.93,71.7,7.39,5.3,2.09,3.36,5.38,1240.63,3.11,4.69,256.0
24.04.2016 00:00:00,984.66,1.97,-1.9,75.4,7.04,5.31,1.73,3.36,5.39,1244.21,2.56,3.77,253.5
24.04.2016 01:00:00,984.82,1.82,-2.08,75.2,6.97,5.24,1.73,3.32,5.32,1245.12,2.81,4.57,257.1
24.04.2016 02:00:00,984.84,1.42,-2.6,74.5,6.77,5.04,1.73,3.19,5.12,1247.05,3.02,4.13,253.2
24.04.2016 03:00:00,985.12,1.17,-2.23,78.0,6.65,5.18,1.46,3.28,5.26,1248.5,2.9,4.33,259.6
24.04.2016 04:00:00,985.09,0.9,-2.16,79.9,6.52,5.21,1.31,3.3,5.29,1249.67,2.82,4.61,253.4
24.04.2016 05:00:00,985.02,0.77,-2.24,80.2,6.46,5.18,1.28,3.28,5.26,1250.17,2.7,4.45,251.4
24.04.2016 06:00:00,985.14,1.03,-2.05,79.8,6.58,5.25,1.33,3.32,5.33,1249.11,1.97,3.73,244.0
24.04.2016 07:00:00,985.23,2.54,-1.83,72.8,7.33,5.34,2.0,3.38,5.42,1242.35,1.51,2.64,97.0
24.04.2016 08:00:00,985.02,3.74,-1.79,67.04,7.99,5.36,2.63,3.39,5.44,1236.68,1.72,3.53,222.0
24.04.2016 09:00:00,984.69,4.27,-3.11,58.53,8.29,4.85,3.44,3.07,4.93,1234.14,2.21,3.89,267.3
24.04.2016 10:00:00,984.63,4.58,-2.62,59.43,8.47,5.04,3.44,3.19,5.11,1232.62,2.56,5.61,244.1
24.04.2016 11:00:00,984.51,5.55,-1.44,60.58,9.07,5.49,3.57,3.48,5.58,1227.97,3.98,6.59,221.1
24.04.2016 12:00:00,984.13,3.68,-0.71,72.9,7.96,5.8,2.16,3.67,5.89,1235.62,1.65,3.8,275.1
24.04.2016 13:00:00,984.13,3.97,-1.19,68.91,8.12,5.6,2.52,3.54,5.69,1234.42,4.04,7.57,237.2
24.04.2016 14:00:00,983.22,5.34,-0.28,66.93,8.94,5.98,2.96,3.79,6.09,1227.01,4.63,7.31,204.2
24.04.2016 15:00:00,982.75,6.38,-2.77,51.81,9.61,4.98,4.63,3.16,5.06,1222.36,3.18,6.17,248.5
24.04.2016 16:00:00,982.28,7.68,-2.33,48.96,10.51,5.14,5.36,3.26,5.24,1216.03,3.61,6.85,233.1
24.04.2016 17:00:00,982.22,7.34,-3.07,47.43,10.26,4.87,5.4,3.09,4.96,1217.56,2.91,4.81,266.1
24.04.2016 18:00:00,982.71,5.51,-2.01,58.24,9.05,5.27,3.78,3.34,5.36,1225.98,2.56,5.33,243.5
24.04.2016 19:00:00,982.85,4.73,-2.19,60.68,8.57,5.2,3.37,3.3,5.29,1229.63,2.42,4.34,268.5
24.04.2016 20:00:00,983.56,3.12,-2.31,67.38,7.65,5.15,2.49,3.26,5.24,1237.71,2.0,3.2,256.2
24.04.2016 21:00:00,983.84,2.16,-1.97,74.0,7.14,5.28,1.86,3.35,5.37,1242.33,2.49,3.45,255.6
24.04.2016 22:00:00,983.84,1.87,-1.91,75.9,6.99,5.31,1.68,3.36,5.39,1243.64,1.78,2.18,242.0
24.04.2016 23:00:00,983.86,1.66,-1.85,77.4,6.89,5.33,1.56,3.38,5.42,1244.58,1.61,2.8,260.4
25.04.2016 00:00:00,984.2,1.04,-2.08,79.6,6.59,5.24,1.34,3.32,5.33,1247.88,2.26,3.57,261.0
25.04.2016 01:00:00,984.04,1.04,-1.9,80.6,6.59,5.31,1.28,3.36,5.4,1247.62,2.71,4.49,265.2
25.04.2016 02:00:00,983.99,0.63,-2.22,81.1,6.39,5.18,1.21,3.28,5.27,1249.51,3.31,4.65,257.0
25.04.2016 03:00:00,984.0,0.76,-2.06,81.3,6.46,5.25,1.21,3.32,5.33,1248.89,2.07,2.96,260.2
25.04.2016 04:00:00,983.85,0.78,-1.77,83.0,6.46,5.36,1.1,3.4,5.45,1248.57,2.24,3.97,259.4
25.04.2016 05:00:00,983.86,1.14,-1.54,82.2,6.63,5.45,1.18,3.45,5.54,1246.89,1.4,2.84,263.3
25.04.2016 06:00:00,984.1,1.49,-1.93,77.9,6.81,5.3,1.5,3.36,5.39,1245.66,0.8,1.64,222.1
25.04.2016 07:00:00,984.19,1.96,-1.64,76.9,7.04,5.41,1.63,3.43,5.5,1243.6,1.3,2.56,259.0
25.04.2016 08:00:00,984.04,3.63,-1.83,67.38,7.92,5.34,2.58,3.38,5.43,1235.97,2.25,5.57,284.8
25.04.2016 09:00:00,983.82,3.95,-2.28,63.7,8.11,5.16,2.94,3.27,5.25,1234.34,1.74,3.81,236.1
25.04.2016 10:00:00,983.42,4.02,-2.67,61.52,8.15,5.01,3.14,3.18,5.1,1233.57,4.49,6.01,212.9
25.04.2016 11:00:00,983.2,5.05,-3.15,55.21,8.76,4.84,3.92,3.07,4.92,1228.81,2.41,4.05,249.8
25.04.2016 12:00:00,982.78,4.32,-3.03,58.68,8.32,4.88,3.44,3.1,4.97,1231.5,3.17,6.13,202.5
25.04.2016 13:00:00,982.0,6.39,-3.9,47.57,9.62,4.57,5.04,2.9,4.66,1221.55,5.34,7.63,228.8
25.04.2016 14:00:00,981.46,6.71,-4.4,44.8,9.83,4.4,5.43,2.8,4.49,1219.58,2.81,6.17,231.2
25.04.2016 15:00:00,980.74,7.32,-3.99,44.3,10.25,4.54,5.71,2.88,4.63,1215.96,3.11,6.61,241.8
25.04.2016 16:00:00,980.12,7.37,-2.52,49.31,10.29,5.07,5.21,3.22,5.17,1214.73,7.11,9.17,205.8
25.04.2016 17:00:00,979.67,7.08,-2.48,50.45,10.08,5.09,5.0,3.24,5.19,1215.42,5.46,8.01,216.9
25.04.2016 18:00:00,979.14,6.35,-2.07,54.71,9.58,5.24,4.34,3.34,5.36,1217.88,6.06,9.93,211.7
25.04.2016 19:00:00,978.76,5.52,-1.43,60.76,9.05,5.5,3.55,3.5,5.62,1220.88,4.47,7.13,193.6
25.04.2016 20:00:00,978.12,4.94,-0.62,67.14,8.69,5.84,2.86,3.72,5.97,1222.47,3.92,5.53,183.9
25.04.2016 21:00:00,977.2,4.67,-0.43,69.39,8.53,5.92,2.61,3.78,6.06,1222.46,4.31,6.21,183.8
25.04.2016 22:00:00,976.13,4.34,0.17,74.2,8.34,6.19,2.15,3.95,6.34,1222.44,4.49,6.65,182.5
25.04.2016 23:00:00,974.94,4.2,0.46,76.5,8.25,6.31,1.94,4.04,6.48,1221.51,5.54,8.61,179.9
26.04.2016 00:00:00,974.03,4.07,0.59,78.0,8.18,6.38,1.8,4.08,6.55,1220.92,5.16,8.33,186.0
26.04.2016 01:00:00,973.37,3.67,1.14,83.5,7.95,6.64,1.31,4.25,6.82,1221.74,3.68,5.41,186.9
26.04.2016 02:00:00,972.8,3.65,1.16,83.7,7.94,6.64,1.29,4.26,6.83,1221.09,2.77,4.09,193.2
26.04.2016 03:00:00,972.58,3.24,1.53,88.5,7.71,6.82,0.89,4.38,7.02,1222.54,2.19,3.28,196.8
26.04.2016 04:00:00,972.37,3.22,1.88,90.9,7.7,7.0,0.7,4.49,7.2,1222.28,1.03,1.8,202.4
26.04.2016 05:00:00,972.67,2.0,0.73,91.3,7.06,6.44,0.61,4.13,6.62,1228.36,1.3,3.08,246.2
26.04.2016 06:00:00,972.59,2.1,0.97,92.2,7.11,6.55,0.55,4.2,6.74,1227.77,0.8,1.98,187.8
26.04.2016 07:00:00,972.82,2.36,1.12,91.5,7.24,6.63,0.62,4.25,6.81,1226.85,1.6,2.48,139.3
26.04.2016 08:00:00,973.35,1.99,-0.18,85.5,7.05,6.03,1.02,3.86,6.19,1229.47,1.06,3.04,253.0
26.04.2016 09:00:00,973.91,1.42,-0.75,85.4,6.77,5.78,0.99,3.7,5.94,1232.84,1.85,3.87,264.8
26.04.2016 10:00:00,974.01,3.68,0.15,77.6,7.96,6.17,1.78,3.95,6.34,1222.69,3.68,6.11,240.1
26.04.2016 11:00:00,973.82,5.0,-0.7,66.45,8.73,5.8,2.93,3.71,5.96,1216.83,3.75,6.09,216.0
26.04.2016 12:00:00,973.71,5.22,-1.91,59.89,8.86,5.31,3.55,3.4,5.45,1216.0,3.07,6.13,215.2
26.04.2016 13:00:00,973.73,5.64,-1.84,58.48,9.13,5.34,3.79,3.42,5.48,1214.17,5.01,6.81,217.8
26.04.2016 14:00:00,973.61,6.81,-3.95,46.03,9.9,4.56,5.34,2.92,4.68,1209.31,7.89,12.23,211.0
26.04.2016 15:00:00,973.43,7.17,-3.2,47.5,10.15,4.82,5.33,3.09,4.95,1207.4,5.82,9.25,214.2
26.04.2016 16:00:00,973.4,7.14,-2.79,49.1,10.12,4.97,5.15,3.18,5.11,1207.42,6.26,9.57,209.3
26.04.2016 17:00:00,973.76,6.98,-2.03,52.51,10.02,5.26,4.76,3.37,5.4,1208.4,6.47,9.93,211.3
26.04.2016 18:00:00,973.88,6.95,-2.0,52.75,9.99,5.27,4.72,3.37,5.41,1208.7,7.13,10.37,207.2
26.04.2016 19:00:00,974.45,5.55,-1.64,59.71,9.07,5.42,3.65,3.46,5.56,1215.41,3.84,5.67,214.3
26.04.2016 20:00:00,974.73,4.3,-0.23,72.3,8.31,6.01,2.3,3.84,6.16,1220.96,2.85,4.49,219.1
26.04.2016 21:00:00,974.83,3.78,-0.61,72.9,8.01,5.84,2.17,3.73,5.99,1223.46,3.53,5.93,208.5
26.04.2016 22:00:00,974.62,3.16,-0.84,74.9,7.67,5.74,1.92,3.67,5.89,1226.0,4.78,6.61,214.7
26.04.2016 23:00:00,974.64,2.68,-1.16,75.7,7.41,5.61,1.8,3.59,5.75,1228.22,5.18,7.13,210.4
27.04.2016 00:00:00,974.88,2.39,-1.52,75.3,7.26,5.46,1.79,3.49,5.6,1229.89,5.34,6.61,215.8
27.04.2016 01:00:00,974.89,2.61,-1.39,74.8,7.37,5.52,1.86,3.53,5.66,1228.88,4.53,6.57,207.6
27.04.2016 02:00:00,975.16,2.98,-1.95,69.93,7.57,5.29,2.28,3.38,5.43,1227.7,3.97,5.17,199.3
27.04.2016 03:00:00,975.72,2.63,-2.15,70.6,7.38,5.21,2.17,3.33,5.34,1229.98,2.78,3.45,199.1
27.04.2016 04:00:00,975.81,2.85,-2.1,69.79,7.5,5.23,2.27,3.34,5.36,1229.1,4.51,7.21,204.6
27.04.2016 05:00:00,975.86,2.77,-1.85,71.5,7.46,5.33,2.13,3.41,5.46,1229.48,5.4,7.41,209.9
27.04.2016 06:00:00,976.0,3.07,-1.64,71.1,7.62,5.42,2.2,3.46,5.55,1228.29,6.57,9.81,211.9
27.04.2016 07:00:00,976.67,2.93,-1.67,71.6,7.55,5.4,2.14,3.45,5.53,1229.73,6.64,9.99,210.8
27.04.2016 08:00:00,976.93,3.1,-1.74,70.4,7.64,5.38,2.26,3.43,5.5,1229.33,8.32,10.93,207.9
27.04.2016 09:00:00,977.21,3.9,-1.78,66.29,8.08,5.36,2.72,3.42,5.48,1226.13,8.86,14.46,216.4
27.04.2016 10:00:00,977.46,4.66,-1.96,62.04,8.52,5.29,3.24,3.37,5.41,1223.14,10.2,14.7,219.0
27.04.2016 11:00:00,977.77,5.3,-1.76,60.19,8.91,5.36,3.55,3.42,5.49,1220.68,8.84,15.34,210.6
27.04.2016 12:00:00,978.07,6.0,-1.93,56.64,9.36,5.3,4.06,3.38,5.42,1218.03,9.46,13.84,217.2
27.04.2016 13:00:00,978.74,6.08,-1.4,58.54,9.41,5.51,3.9,3.51,5.63,1218.39,6.56,10.85,215.0
27.04.2016 14:00:00,978.91,6.85,-1.13,56.64,9.93,5.62,4.3,3.58,5.74,1215.2,9.07,13.66,214.5
27.04.2016 15:00:00,979.33,6.61,-1.02,58.06,9.76,5.67,4.1,3.61,5.79,1216.74,7.31,10.41,208.2
27.04.2016 16:00:00,980.03,6.3,-0.45,61.84,9.55,5.91,3.65,3.76,6.03,1218.87,6.73,9.09,207.3
27.04.2016 17:00:00,980.31,6.32,-0.78,60.28,9.57,5.77,3.8,3.67,5.88,1219.19,7.57,11.42,211.4
27.04.2016 18:00:00,981.29,4.88,0.5,73.2,8.66,6.34,2.32,4.03,6.46,1226.48,4.55,6.71,227.8
27.04.2016 19:00:00,981.81,3.22,1.17,86.3,7.7,6.65,1.06,4.22,6.77,1234.33,3.43,7.33,210.2
27.04.2016 20:00:00,982.27,3.33,1.18,85.7,7.76,6.65,1.11,4.22,6.77,1234.42,2.69,4.27,212.6
27.04.2016 21:00:00,982.74,3.08,0.83,85.1,7.62,6.49,1.14,4.12,6.6,1236.22,2.81,4.25,213.6
27.04.2016 22:00:00,983.23,3.33,1.11,85.3,7.76,6.62,1.14,4.2,6.73,1235.66,2.84,4.17,216.4
27.04.2016 23:00:00,983.78,2.58,0.57,86.5,7.36,6.37,0.99,4.03,6.47,1239.83,1.52,2.66,240.3
28.04.2016 00:00:00,983.73,2.65,0.5,85.7,7.39,6.33,1.06,4.02,6.44,1239.49,2.43,3.3,214.3
28.04.2016 01:00:00,984.09,2.36,0.21,85.6,7.24,6.2,1.04,3.93,6.3,1241.28,2.36,3.24,218.0
28.04.2016 02:00:00,984.21,2.3,-0.1,84.1,7.21,6.06,1.15,3.84,6.16,1241.81,2.54,3.57,206.1
28.04.2016 03:00:00,984.57,1.99,-0.46,83.7,7.05,5.9,1.15,3.74,6.0,1243.71,3.39,4.25,220.1
28.04.2016 04:00:00,984.87,2.82,-0.36,79.5,7.48,5.95,1.53,3.77,6.04,1240.33,4.19,5.53,218.3
28.04.2016 05:00:00,985.06,2.6,-0.5,79.9,7.37,5.89,1.48,3.73,5.98,1241.6,2.9,4.21,211.4
28.04.2016 06:00:00,985.47,2.82,-0.43,79.1,7.48,5.92,1.56,3.74,6.01,1241.11,1.72,2.96,144.6
28.04.2016 07:00:00,986.16,4.41,-0.08,72.5,8.38,6.07,2.3,3.84,6.16,1234.79,2.68,5.61,197.3
28.04.2016 08:00:00,986.66,4.9,-0.79,66.48,8.67,5.76,2.91,3.64,5.84,1233.37,4.66,9.13,207.8
28.04.2016 09:00:00,986.84,5.17,-1.15,63.53,8.83,5.61,3.22,3.55,5.69,1232.48,4.96,6.55,214.7
28.04.2016 10:00:00,987.36,5.6,-0.84,63.12,9.1,5.74,3.36,3.63,5.82,1231.18,3.38,6.89,234.0
28.04.2016 11:00:00,987.87,5.53,0.02,67.5,9.06,6.12,2.94,3.86,6.19,1231.92,4.1,5.89,248.4
28.04.2016 12:00:00,987.67,7.36,-0.21,58.5,10.28,6.01,4.27,3.8,6.09,1223.7,3.54,5.89,251.0
28.04.2016 13:00:00,987.62,7.35,-0.45,57.53,10.27,5.91,4.36,3.73,5.98,1223.73,4.23,9.23,224.7
28.04.2016 14:00:00,987.39,8.6,-1.35,49.46,11.19,5.53,5.65,3.49,5.6,1218.2,6.47,9.87,209.9
28.04.2016 15:00:00,987.87,9.11,0.44,54.48,11.58,6.31,5.27,3.98,6.39,1216.23,3.12,5.55,257.9
28.04.2016 16:00:00,987.9,9.18,-0.77,49.64,11.63,5.77,5.86,3.64,5.85,1216.21,3.28,6.65,272.2
28.04.2016 17:00:00,988.12,8.92,-1.01,49.63,11.43,5.67,5.76,3.58,5.74,1217.65,1.71,3.44,289.6
28.04.2016 18:00:00,988.45,9.41,-1.92,44.87,11.82,5.3,6.51,3.34,5.36,1216.12,1.78,3.76,271.1
28.04.2016 19:00:00,988.92,7.88,-1.55,51.18,10.65,5.45,5.2,3.44,5.51,1223.25,0.88,1.96,317.8
28.04.2016 20:00:00,989.58,7.13,-1.08,55.76,10.12,5.64,4.48,3.55,5.7,1227.26,1.03,1.76,292.8
28.04.2016 21:00:00,990.0,4.78,-1.41,64.09,8.59,5.51,3.09,3.47,5.56,1238.23,1.07,1.66,244.8
28.04.2016 22:00:00,990.35,3.81,-1.42,68.57,8.03,5.5,2.52,3.46,5.56,1243.01,1.17,1.88,233.0
28.04.2016 23:00:00,990.55,2.24,-0.85,79.9,7.18,5.74,1.44,3.61,5.79,1250.21,0.88,1.54,196.4
29.04.2016 00:00:00,990.84,1.62,-0.94,83.0,6.87,5.7,1.17,3.59,5.75,1253.43,0.7,1.74,187.5
29.04.2016 01:00:00,990.86,0.27,-1.69,86.6,6.23,5.4,0.83,3.39,5.45,1259.78,1.03,2.3,182.8
29.04.2016 02:00:00,990.97,0.12,-1.92,86.1,6.16,5.3,0.86,3.34,5.35,1260.68,1.56,3.0,161.9
29.04.2016 03:00:00,991.0,-0.7,-2.4,88.2,5.8,5.12,0.68,3.22,5.17,1264.59,1.96,3.97,165.5
29.04.2016 04:00:00,991.2,-1.23,-2.61,90.3,5.58,5.04,0.54,3.17,5.08,1267.37,1.09,3.12,190.9
29.04.2016 05:00:00,991.54,-1.39,-2.98,88.9,5.51,4.9,0.61,3.08,4.94,1268.62,1.7,3.05,172.1
29.04.2016 06:00:00,991.76,-0.13,-2.41,84.5,6.05,5.11,0.94,3.21,5.16,1262.91,0.91,1.92,166.3
29.04.2016 07:00:00,991.84,2.18,-1.5,76.5,7.15,5.47,1.68,3.44,5.52,1252.26,1.72,3.16,157.6
29.04.2016 08:00:00,992.04,5.16,0.09,69.68,8.83,6.15,2.68,3.86,6.2,1238.8,2.26,3.57,155.9
29.04.2016 09:00:00,991.85,8.7,0.57,56.55,11.26,6.37,4.89,4.0,6.42,1222.89,3.11,6.69,158.9
29.04.2016 10:00:00,991.53,10.49,-1.18,44.1,12.7,5.6,7.1,3.52,5.65,1215.13,5.75,9.13,201.7
29.04.2016 11:00:00,991.53,10.83,-1.97,40.67,13.0,5.29,7.71,3.32,5.33,1213.82,5.94,11.53,194.2
29.04.2016 12:00:00,991.41,11.54,-1.64,39.75,13.62,5.42,8.21,3.4,5.46,1210.59,5.07,7.73,191.0
29.04.2016 13:00:00,991.22,11.7,-1.37,40.12,13.77,5.52,8.24,3.47,5.57,1209.63,5.47,8.29,183.8
29.04.2016 14:00:00,991.3,11.56,-1.01,41.57,13.64,5.67,7.97,3.57,5.72,1210.25,5.07,7.61,194.2
29.04.2016 15:00:00,991.03,12.37,-0.26,41.66,14.39,6.0,8.4,3.77,6.05,1206.34,4.11,6.37,186.8
29.04.2016 16:00:00,990.71,12.96,-0.48,39.43,14.96,5.9,9.06,3.71,5.95,1203.51,3.25,6.77,177.7
29.04.2016 17:00:00,990.48,13.24,-0.08,39.85,15.24,6.07,9.16,3.82,6.13,1201.97,3.95,6.41,182.5
29.04.2016 18:00:00,990.25,12.46,-0.51,40.64,14.48,5.88,8.59,3.7,5.94,1205.06,4.15,5.61,205.3
29.04.2016 19:00:00,990.59,11.62,-0.05,44.42,13.7,6.08,7.61,3.83,6.14,1208.94,1.85,2.64,225.9
29.04.2016 20:00:00,990.84,10.83,0.24,47.84,13.0,6.22,6.78,3.91,6.27,1212.55,1.17,1.88,219.1
29.04.2016 21:00:00,991.07,9.32,0.3,53.16,11.74,6.24,5.5,3.93,6.3,1219.3,1.16,1.76,229.5
29.04.2016 22:00:00,991.01,7.53,0.67,61.66,10.4,6.41,3.99,4.03,6.47,1226.92,0.58,1.16,192.8
29.04.2016 23:00:00,991.11,5.51,0.4,69.53,9.04,6.29,2.76,3.96,6.34,1236.02,1.55,2.88,213.5
30.04.2016 00:00:00,991.3,4.11,0.17,75.4,8.2,6.18,2.02,3.89,6.24,1242.51,0.69,1.08,167.1
30.04.2016 01:00:00,991.11,3.65,0.27,78.5,7.94,6.23,1.71,3.92,6.29,1244.34,0.55,0.84,185.4
30.04.2016 02:00:00,990.96,2.99,-0.1,80.0,7.58,6.06,1.52,3.81,6.12,1247.18,0.84,1.48,153.8
30.04.2016 03:00:00,990.98,2.69,-0.04,82.1,7.42,6.09,1.33,3.83,6.14,1248.56,1.13,1.64,201.5
30.04.2016 04:00:00,990.99,1.71,-0.36,86.1,6.91,5.95,0.96,3.74,6.0,1253.11,0.47,1.04,136.8
30.04.2016 05:00:00,990.85,1.6,-0.38,86.6,6.86,5.94,0.92,3.74,5.99,1253.43,0.4,1.08,211.5
30.04.2016 06:00:00,991.03,1.86,-0.27,85.7,6.99,5.99,1.0,3.77,6.04,1252.44,0.78,1.68,199.1
30.04.2016 07:00:00,991.25,2.87,0.33,83.3,7.51,6.25,1.25,3.93,6.31,1248.03,0.8,1.36,168.5
30.04.2016 08:00:00,991.19,4.73,1.09,77.2,8.56,6.61,1.95,4.16,6.67,1239.44,0.82,1.68,145.2
30.04.2016 09:00:00,990.91,8.27,2.18,65.35,10.94,7.15,3.79,4.5,7.21,1223.23,0.99,1.68,190.7
30.04.2016 10:00:00,990.6,12.87,2.39,48.82,14.87,7.26,7.61,4.57,7.33,1203.13,1.24,2.24,176.4
30.04.2016 11:00:00,989.87,14.96,2.86,44.05,17.03,7.5,9.53,4.73,7.58,1193.4,1.72,3.66,267.3
30.04.2016 12:00:00,989.26,16.34,2.95,40.58,18.61,7.55,11.06,4.76,7.63,1186.96,0.92,2.12,110.9
30.04.2016 13:00:00,988.75,17.0,1.68,35.55,19.41,6.9,12.51,4.35,6.98,1183.94,2.73,5.0,154.8
30.04.2016 14:00:00,988.53,17.65,1.83,34.47,20.22,6.97,13.25,4.4,7.05,1181.0,2.11,4.76,204.2
30.04.2016 15:00:00,988.44,17.05,3.6,40.64,19.47,7.91,11.56,4.99,8.0,1182.91,1.11,3.88,291.5
30.04.2016 16:00:00,988.55,17.71,3.31,38.17,20.3,7.75,12.55,4.89,7.84,1180.43,1.46,3.92,326.8
30.04.2016 17:00:00,988.48,16.44,3.15,40.9,18.73,7.66,11.07,4.83,7.75,1185.56,1.85,3.3,13.21
30.04.2016 18:00:00,988.62,16.32,2.95,40.65,18.59,7.56,11.03,4.77,7.64,1186.27,3.93,4.97,24.69
30.04.2016 19:00:00,988.82,15.62,3.07,42.88,17.77,7.62,10.15,4.81,7.71,1189.36,3.36,4.24,35.07
30.04.2016 20:00:00,989.51,12.9,5.2,59.42,14.9,8.85,6.05,5.58,8.95,1200.94,4.36,6.29,16.2
30.04.2016 21:00:00,990.29,11.38,5.12,65.3,13.48,8.8,4.68,5.55,8.89,1208.33,4.82,6.85,17.96
30.04.2016 22:00:00,990.44,10.32,4.55,67.35,12.56,8.46,4.1,5.33,8.54,1213.19,5.77,8.97,21.54
30.04.2016 23:00:00,990.61,8.9,5.65,80.0,11.42,9.13,2.28,5.75,9.22,1219.2,6.01,8.05,20.95
01.05.2016 00:00:00,991.31,7.82,5.6,85.8,10.61,9.1,1.51,5.73,9.18,1224.77,2.79,5.25,22.16
01.05.2016 01:00:00,991.21,7.24,5.23,87.0,10.19,8.87,1.33,5.58,8.95,1227.28,1.27,3.77,296.1
01.05.2016 02:00:00,991.42,6.77,4.91,87.9,9.87,8.68,1.19,5.46,8.75,1229.7,1.3,2.92,343.5
01.05.2016 03:00:00,991.95,6.54,4.66,87.8,9.71,8.53,1.18,5.36,8.6,1231.46,0.92,1.9,290.9
01.05.2016 04:00:00,992.38,6.13,4.41,88.7,9.44,8.38,1.07,5.27,8.44,1233.84,0.78,2.08,5.01
01.05.2016 05:00:00,992.73,5.93,4.24,88.9,9.31,8.28,1.03,5.2,8.34,1235.23,1.96,3.49,19.69
01.05.2016 06:00:00,993.19,5.82,4.06,88.4,9.24,8.17,1.07,5.13,8.23,1236.33,2.38,4.75,15.2
01.05.2016 07:00:00,993.67,6.31,4.17,86.1,9.56,8.23,1.33,5.17,8.29,1234.72,2.46,4.03,4.25
01.05.2016 08:00:00,993.93,7.21,4.13,80.7,10.17,8.21,1.96,5.15,8.26,1231.11,3.83,6.89,26.59
01.05.2016 09:00:00,994.26,8.67,4.43,74.6,11.24,8.38,2.85,5.26,8.43,1225.06,4.15,6.61,38.33
01.05.2016 10:00:00,994.48,10.33,5.19,70.4,12.57,8.85,3.72,5.55,8.9,1217.94,4.31,6.33,35.53
01.05.2016 11:00:00,994.61,11.12,5.65,68.92,13.25,9.13,4.12,5.73,9.18,1214.58,4.8,7.59,35.17
01.05.2016 12:00:00,994.76,12.68,6.28,64.95,14.69,9.54,5.15,5.99,9.59,1207.95,6.01,8.97,31.86
01.05.2016 13:00:00,994.55,14.87,6.68,57.91,16.94,9.81,7.13,6.16,9.86,1198.38,6.74,9.67,34.13
01.05.2016 14:00:00,994.55,15.58,5.23,50.05,17.73,8.87,8.85,5.57,8.92,1195.86,6.95,9.89,38.67
01.05.2016 15:00:00,994.77,15.91,4.96,48.09,18.11,8.71,9.4,5.46,8.75,1194.84,7.24,12.29,33.47
01.05.2016 16:00:00,995.04,16.03,3.5,43.04,18.25,7.85,10.39,4.92,7.89,1195.05,7.48,10.05,39.12
01.05.2016 17:00:00,995.26,15.82,3.27,42.92,18.0,7.73,10.28,4.84,7.76,1196.25,7.06,9.73,30.86
01.05.2016 18:00:00,995.67,16.06,3.81,43.91,18.28,8.03,10.25,5.03,8.06,1195.62,4.71,7.29,52.02
01.05.2016 19:00:00,996.24,14.82,3.61,46.88,16.88,7.91,8.97,4.96,7.94,1201.5,5.78,7.93,51.56
01.05.2016 20:00:00,997.07,13.73,3.5,49.95,15.73,7.86,7.87,4.92,7.88,1207.1,2.17,3.56,56.29
01.05.2016 21:00:00,997.47,12.76,3.74,54.1,14.76,7.99,6.78,5.0,8.01,1211.62,1.99,2.52,20.23
01.05.2016 22:00:00,997.58,11.03,3.87,61.21,13.17,8.06,5.11,5.04,8.08,1219.1,0.37,0.68,69.81
01.05.2016 23:00:00,997.57,9.8,3.72,65.77,12.13,7.98,4.15,4.99,8.0,1224.43,0.45,0.92,56.13
02.05.2016 00:00:00,997.73,8.07,3.5,72.8,10.79,7.85,2.93,4.91,7.87,1232.21,0.36,0.72,182.9
02.05.2016 01:00:00,997.8,6.91,2.97,75.9,9.97,7.57,2.4,4.73,7.58,1237.52,0.4,0.68,130.1
02.05.2016 02:00:00,998.05,5.8,2.56,79.6,9.23,7.35,1.88,4.59,7.36,1242.88,1.19,2.4,226.2
02.05.2016 03:00:00,997.93,5.06,2.33,82.5,8.76,7.23,1.53,4.52,7.24,1246.12,0.26,0.48,31.99
02.05.2016 04:00:00,998.03,4.79,2.45,84.7,8.6,7.29,1.32,4.55,7.3,1247.38,0.26,0.6,70.3
02.05.2016 05:00:00,997.98,3.95,1.87,86.2,8.11,6.99,1.12,4.37,7.0,1251.25,0.33,0.68,122.4
02.05.2016 06:00:00,998.22,4.69,1.94,82.3,8.54,7.03,1.51,4.39,7.04,1248.23,0.64,1.12,160.5
02.05.2016 07:00:00,998.18,7.52,3.07,73.3,10.39,7.62,2.77,4.76,7.63,1235.3,0.4,0.88,167.4
02.05.2016 08:00:00,997.98,8.96,3.45,68.27,11.46,7.83,3.64,4.89,7.84,1228.65,1.86,2.68,52.19
02.05.2016 09:00:00,997.71,11.2,4.3,62.39,13.32,8.31,5.01,5.2,8.33,1218.42,2.4,3.52,49.18
02.05.2016 10:00:00,997.58,13.1,4.33,55.18,15.1,8.33,6.77,5.21,8.35,1210.16,2.83,5.41,56.16
02.05.2016 11:00:00,997.13,14.05,4.88,53.88,16.06,8.65,7.41,5.42,8.68,1205.46,3.78,5.45,17.82
02.05.2016 12:00:00,996.49,15.1,4.94,50.56,17.19,8.69,8.5,5.44,8.72,1200.28,3.31,5.73,30.47
02.05.2016 13:00:00,996.08,15.36,4.23,47.31,17.48,8.27,9.21,5.18,8.3,1198.9,3.2,5.61,63.43
02.05.2016 14:00:00,995.6,16.12,4.35,45.46,18.35,8.34,10.01,5.23,8.38,1195.13,3.61,7.73,60.59
02.05.2016 15:00:00,995.02,16.26,4.87,46.73,18.51,8.65,9.86,5.43,8.7,1193.72,4.03,6.0,63.46
02.05.2016 16:00:00,994.46,16.4,4.6,45.44,18.68,8.49,10.19,5.33,8.54,1192.54,3.66,6.33,42.45
02.05.2016 17:00:00,993.85,16.95,4.5,43.58,19.35,8.43,10.91,5.29,8.48,1189.58,2.07,4.44,60.62
02.05.2016 18:00:00,993.37,16.88,4.38,43.4,19.26,8.36,10.9,5.25,8.41,1189.32,3.23,5.32,70.7
02.05.2016 19:00:00,993.23,15.64,4.63,47.81,17.8,8.51,9.29,5.35,8.57,1194.19,3.17,4.78,62.72
02.05.2016 20:00:00,993.43,14.29,4.8,52.76,16.31,8.61,7.71,5.41,8.66,1199.99,1.59,2.68,78.4
02.05.2016 21:00:00,993.47,12.9,4.71,57.39,14.9,8.55,6.35,5.37,8.61,1205.9,0.43,0.84,61.46
02.05.2016 22:00:00,993.41,11.21,4.63,63.8,13.33,8.5,4.82,5.34,8.56,1213.02,0.35,0.68,26.05
02.05.2016 23:00:00,993.29,9.52,4.31,69.89,11.9,8.32,3.58,5.23,8.38,1220.21,1.95,2.52,231.8
03.05.2016 00:00:00,993.17,8.01,3.92,75.3,10.75,8.09,2.65,5.08,8.15,1226.72,1.14,1.8,232.4
03.05.2016 01:00:00,992.8,6.65,3.54,80.5,9.79,7.88,1.91,4.95,7.93,1232.34,1.04,1.54,208.0
03.05.2016 02:00:00,992.23,5.55,3.22,84.9,9.07,7.7,1.37,4.84,7.76,1236.57,0.25,0.48,156.5
03.05.2016 03:00:00,991.7,4.62,2.92,88.7,8.5,7.54,0.96,4.74,7.6,1240.11,0.75,1.0,192.6
03.05.2016 04:00:00,991.57,3.75,2.45,91.2,7.99,7.29,0.7,4.59,7.35,1243.96,0.81,1.24,239.0
03.05.2016 05:00:00,991.42,3.14,1.97,92.0,7.66,7.04,0.61,4.43,7.1,1246.64,0.54,0.88,168.7
03.05.2016 06:00:00,991.25,5.05,2.55,83.8,8.76,7.34,1.42,4.62,7.4,1237.73,0.55,1.08,137.6
03.05.2016 07:00:00,991.18,7.12,3.28,76.5,10.11,7.73,2.38,4.87,7.8,1228.31,1.19,2.48,158.7
03.05.2016 08:00:00,991.1,9.48,4.38,70.4,11.87,8.36,3.51,5.26,8.43,1217.66,1.05,1.76,124.8
03.05.2016 09:00:00,990.72,12.76,5.84,62.7,14.76,9.26,5.51,5.83,9.34,1202.81,0.7,2.06,175.1
03.05.2016 10:00:00,990.43,15.74,5.18,49.36,17.91,8.84,9.07,5.57,8.93,1190.25,1.76,3.26,135.7
03.05.2016 11:00:00,990.3,17.01,6.14,48.66,19.42,9.45,9.97,5.96,9.54,1184.61,1.52,3.72,281.6
03.05.2016 12:00:00,990.19,16.9,6.8,51.28,19.28,9.89,9.4,6.24,9.99,1184.72,2.74,6.16,289.5
03.05.2016 13:00:00,990.24,16.69,7.41,54.21,19.03,10.32,8.71,6.51,10.42,1185.45,2.34,4.96,276.1
03.05.2016 14:00:00,990.54,16.51,7.75,56.1,18.81,10.55,8.26,6.65,10.65,1186.44,1.81,4.76,308.5
03.05.2016 15:00:00,991.48,13.79,6.36,60.75,15.79,9.59,6.2,6.04,9.68,1199.27,3.81,7.57,280.6
03.05.2016 16:00:00,992.37,11.71,5.16,64.06,13.78,8.83,4.95,5.55,8.89,1209.47,3.62,7.13,277.5
03.05.2016 17:00:00,993.18,11.17,5.48,67.91,13.29,9.03,4.27,5.67,9.09,1212.66,1.38,3.42,307.6
03.05.2016 18:00:00,994.11,9.96,4.47,68.61,12.26,8.41,3.85,5.28,8.46,1219.27,3.78,5.61,21.26
03.05.2016 19:00:00,995.2,8.49,5.9,83.7,11.1,9.29,1.81,5.83,9.34,1226.57,0.68,1.6,36.04
03.05.2016 20:00:00,995.97,8.03,6.02,87.1,10.76,9.37,1.39,5.87,9.41,1229.5,1.1,2.2,33.62
03.05.2016 21:00:00,996.86,7.91,6.39,90.1,10.67,9.62,1.06,6.02,9.65,1231.01,0.49,1.24,292.6
03.05.2016 22:00:00,997.08,7.7,5.65,86.8,10.52,9.13,1.39,5.72,9.16,1232.43,1.21,2.04,256.8
03.05.2016 23:00:00,997.56,7.66,5.42,85.7,10.49,8.99,1.5,5.63,9.01,1233.27,2.13,2.96,253.4
04.05.2016 00:00:00,998.01,7.57,4.9,83.1,10.43,8.67,1.76,5.42,8.68,1234.38,2.34,3.6,251.0
04.05.2016 01:00:00,998.43,7.45,4.45,81.2,10.34,8.4,1.94,5.25,8.41,1235.55,2.62,4.41,259.7
04.05.2016 02:00:00,998.66,6.43,2.92,78.2,9.64,7.54,2.1,4.71,7.55,1240.74,2.49,3.97,254.7
04.05.2016 03:00:00,999.27,5.78,2.45,79.1,9.22,7.29,1.93,4.55,7.3,1244.51,1.41,2.72,230.4
04.05.2016 04:00:00,999.88,4.99,2.09,81.4,8.72,7.1,1.62,4.43,7.1,1248.89,0.69,1.32,201.2
04.05.2016 05:00:00,1000.35,4.47,1.76,82.5,8.41,6.94,1.47,4.33,6.94,1251.93,1.65,2.96,251.8
04.05.2016 06:00:00,1000.79,4.64,1.91,82.4,8.51,7.01,1.5,4.37,7.01,1251.67,1.52,2.28,250.6
04.05.2016 07:00:00,1001.18,5.5,2.11,78.7,9.04,7.11,1.93,4.43,7.1,1248.24,0.84,2.84,60.49
04.05.2016 08:00:00,1001.52,6.29,1.79,72.8,9.55,6.95,2.6,4.33,6.94,1245.21,1.7,3.28,11.08
04.05.2016 09:00:00,1001.76,7.54,1.92,67.43,10.41,7.02,3.39,4.37,7.0,1239.94,3.35,6.13,27.38
04.05.2016 10:00:00,1001.77,7.98,1.47,63.37,10.72,6.8,3.93,4.23,6.78,1238.11,4.54,6.33,25.48
04.05.2016 11:00:00,1001.66,9.37,1.92,59.56,11.78,7.02,4.77,4.37,7.01,1231.78,3.39,5.57,31.25
04.05.2016 12:00:00,1001.4,10.33,1.08,52.57,12.57,6.61,5.96,4.11,6.6,1227.48,4.66,7.25,39.04
04.05.2016 13:00:00,1001.34,11.02,0.62,48.55,13.16,6.39,6.77,3.98,6.38,1224.52,4.56,7.37,32.17
04.05.2016 14:00:00,1001.27,11.28,0.26,46.47,13.39,6.22,7.17,3.87,6.21,1223.4,3.49,6.39,38.43
04.05.2016 15:00:00,1000.96,12.47,-0.49,40.67,14.49,5.89,8.59,3.67,5.89,1218.08,3.24,6.77,14.63
04.05.2016 16:00:00,1000.77,12.6,-0.89,39.18,14.61,5.72,8.89,3.57,5.72,1217.36,4.74,7.57,29.03
04.05.2016 17:00:00,1000.79,12.64,-0.74,39.49,14.65,5.78,8.86,3.6,5.78,1217.2,3.26,5.17,33.1
04.05.2016 18:00:00,1000.64,12.45,-0.47,40.78,14.47,5.9,8.57,3.68,5.9,1217.77,4.39,6.21,46.84
04.05.2016 19:00:00,1000.9,11.22,-0.14,45.34,13.34,6.05,7.29,3.77,6.04,1223.28,1.46,2.88,353.6
04.05.2016 20:00:00,1001.22,9.76,1.04,54.44,12.1,6.59,5.51,4.1,6.58,1229.74,1.28,2.88,184.5
04.05.2016 21:00:00,1001.79,8.97,4.6,74.0,11.47,8.49,2.98,5.29,8.47,1233.0,1.24,2.2,211.9
04.05.2016 22:00:00,1001.9,8.91,4.71,74.9,11.42,8.56,2.87,5.33,8.54,1233.37,1.01,1.24,237.1
04.05.2016 23:00:00,1002.05,8.66,4.68,76.0,11.23,8.54,2.7,5.32,8.52,1234.65,0.82,1.04,227.6
05.05.2016 00:00:00,1001.87,8.19,4.56,77.8,10.88,8.46,2.41,5.27,8.45,1236.53,0.83,1.04,233.8
05.05.2016 01:00:00,1001.49,7.9,4.67,80.0,10.67,8.53,2.13,5.32,8.52,1237.31,0.53,0.84,219.0
05.05.2016 02:00:00,1001.28,7.33,4.51,82.2,10.26,8.43,1.83,5.25,8.42,1239.6,0.45,0.92,239.3
05.05.2016 03:00:00,1001.08,7.72,4.89,82.2,10.53,8.66,1.88,5.4,8.65,1237.52,0.27,0.52,78.3
05.05.2016 04:00:00,1001.28,7.23,4.72,84.0,10.19,8.56,1.63,5.33,8.55,1239.99,0.48,0.88,220.4
05.05.2016 05:00:00,1001.28,7.31,4.78,83.9,10.24,8.59,1.65,5.36,8.58,1239.62,0.29,0.56,52.83
05.05.2016 06:00:00,1001.29,8.88,5.1,77.1,11.4,8.79,2.61,5.48,8.78,1232.63,0.43,0.8,168.5
05.05.2016 07:00:00,1001.37,10.17,5.36,72.0,12.43,8.95,3.48,5.58,8.94,1227.04,1.03,2.4,57.03
05.05.2016 08:00:00,1001.33,10.83,5.12,67.73,13.0,8.8,4.19,5.49,8.79,1224.21,1.34,2.96,48.75
05.05.2016 09:00:00,1001.1,12.64,4.62,58.03,14.65,8.5,6.15,5.3,8.49,1216.32,1.47,3.32,82.9
05.05.2016 10:00:00,1000.57,13.15,2.94,49.83,15.15,7.55,7.6,4.71,7.54,1213.95,5.18,7.21,60.71
05.05.2016 11:00:00,1000.23,14.07,3.0,47.14,16.08,7.58,8.5,4.73,7.58,1209.63,4.28,7.21,54.38
05.05.2016 12:00:00,999.61,14.87,3.03,44.86,16.94,7.6,9.34,4.74,7.6,1205.52,4.52,8.05,62.51
05.05.2016 13:00:00,999.1,16.17,4.31,45.19,18.41,8.32,10.09,5.2,8.33,1199.16,3.32,5.97,99.3
05.05.2016 14:00:00,998.31,17.02,4.77,44.21,19.43,8.59,10.84,5.37,8.61,1194.57,3.34,5.5,139.2
05.05.2016 15:00:00,997.54,18.26,5.88,44.18,21.01,9.28,11.73,5.81,9.31,1188.25,2.4,4.44,138.7
05.05.2016 16:00:00,996.99,17.46,6.79,49.48,19.98,9.89,10.09,6.19,9.92,1190.6,3.27,5.72,52.43
05.05.2016 17:00:00,996.37,17.52,7.37,51.27,20.06,10.28,9.77,6.44,10.32,1189.43,2.39,5.0,72.3
05.05.2016 18:00:00,995.9,17.52,8.0,53.54,20.06,10.74,9.32,6.73,10.78,1188.65,4.02,6.05,56.44
05.05.2016 19:00:00,995.8,16.29,8.18,58.61,18.55,10.87,7.68,6.82,10.92,1193.52,3.16,4.6,58.47
05.05.2016 20:00:00,995.74,15.06,8.06,62.88,17.14,10.78,6.36,6.76,10.83,1198.59,1.45,2.8,32.91
05.05.2016 21:00:00,995.69,14.08,8.11,67.21,16.09,10.82,5.28,6.78,10.86,1202.6,1.79,2.72,1.67
05.05.2016 22:00:00,995.5,13.38,7.79,68.86,15.38,10.59,4.79,6.64,10.64,1205.42,2.48,3.08,202.5
05.05.2016 23:00:00,995.5,12.7,7.63,71.2,14.71,10.47,4.24,6.57,10.52,1208.33,1.1,1.68,215.5
06.05.2016 00:00:00,995.27,12.0,7.54,74.1,14.04,10.41,3.64,6.53,10.46,1211.05,1.81,2.36,219.2
06.05.2016 01:00:00,995.07,11.21,7.3,76.8,13.33,10.24,3.09,6.42,10.29,1214.25,1.48,2.12,229.2
06.05.2016 02:00:00,994.77,9.75,6.97,82.8,12.09,10.01,2.08,6.28,10.06,1220.25,0.49,0.84,242.5
06.05.2016 03:00:00,994.53,8.43,6.46,87.4,11.06,9.66,1.39,6.07,9.72,1225.83,0.55,1.08,228.1
06.05.2016 04:00:00,994.16,7.74,6.18,89.8,10.55,9.47,1.08,5.95,9.53,1228.48,1.16,1.52,214.2
06.05.2016 05:00:00,994.0,6.46,5.31,92.3,9.66,8.92,0.74,5.6,8.97,1234.15,0.63,0.96,195.0
06.05.2016 06:00:00,994.15,8.81,5.83,81.5,11.35,9.25,2.1,5.81,9.3,1223.91,0.29,0.76,84.7
06.05.2016 07:00:00,994.15,11.19,6.76,74.1,13.31,9.86,3.45,6.19,9.92,1213.38,0.4,0.8,80.1
06.05.2016 08:00:00,993.79,13.12,7.6,69.14,15.12,10.45,4.66,6.57,10.52,1204.48,1.14,2.28,192.2
06.05.2016 09:00:00,993.29,16.65,8.59,58.9,18.98,11.18,7.8,7.03,11.26,1188.88,1.7,3.64,115.4
06.05.2016 10:00:00,992.65,18.53,8.23,51.03,21.37,10.91,10.47,6.86,10.99,1180.58,2.28,6.12,115.3
06.05.2016 11:00:00,992.19,19.69,7.69,45.77,22.97,10.52,12.46,6.62,10.6,1175.53,3.03,5.6,126.2
06.05.2016 12:00:00,991.52,21.1,7.26,40.74,25.06,10.21,14.85,6.43,10.3,1169.24,3.31,5.44,127.1
06.05.2016 13:00:00,990.82,21.62,5.56,35.08,25.87,9.08,16.8,5.72,9.16,1166.86,4.27,7.2,107.3
06.05.2016 14:00:00,990.02,22.26,5.42,33.42,26.9,8.99,17.91,5.67,9.08,1163.43,3.03,5.28,115.3
06.05.2016 15:00:00,989.38,22.81,4.96,31.3,27.82,8.71,19.11,5.49,8.8,1160.64,4.54,7.24,189.3
06.05.2016 16:00:00,988.9,23.45,5.42,31.08,28.91,8.99,19.93,5.67,9.09,1157.45,3.56,7.2,141.8
06.05.2016 17:00:00,988.5,22.87,5.06,31.4,27.92,8.77,19.15,5.53,8.87,1159.34,3.53,6.44,115.1
06.05.2016 18:00:00,988.25,23.32,6.0,32.62,28.69,9.36,19.33,5.91,9.47,1157.03,3.41,5.8,131.6
06.05.2016 19:00:00,988.14,21.29,7.12,39.86,25.36,10.11,15.25,6.39,10.23,1164.54,3.46,6.36,86.9
06.05.2016 20:00:00,988.49,19.77,6.97,43.34,23.09,10.01,13.08,6.32,10.12,1171.04,2.72,4.72,90.2
06.05.2016 21:00:00,988.94,18.19,6.85,47.45,20.92,9.93,10.99,6.27,10.04,1177.97,0.67,1.56,293.6
06.05.2016 22:00:00,989.01,17.25,6.5,49.12,19.72,9.68,10.03,6.11,9.79,1181.97,2.4,3.2,218.8
06.05.2016 23:00:00,989.11,16.62,6.14,49.89,18.94,9.45,9.49,5.96,9.56,1184.77,2.51,3.44,204.8
07.05.2016 00:00:00,989.19,15.76,5.86,51.67,17.93,9.27,8.67,5.85,9.37,1188.48,2.01,2.56,220.9
07.05.2016 01:00:00,989.15,14.36,5.87,56.59,16.39,9.27,7.11,5.85,9.37,1194.21,0.4,1.12,187.2
07.05.2016 02:00:00,989.07,11.99,5.74,65.51,14.03,9.19,4.84,5.8,9.3,1204.08,0.24,0.44,48.12
07.05.2016 03:00:00,988.94,10.85,5.61,70.0,13.01,9.11,3.9,5.75,9.21,1208.79,0.29,0.52,112.1
07.05.2016 04:00:00,988.87,9.62,5.13,73.5,11.98,8.81,3.18,5.56,8.91,1214.1,0.95,1.48,214.5
07.05.2016 05:00:00,989.05,8.3,4.96,79.4,10.96,8.7,2.26,5.49,8.8,1220.07,0.46,0.68,51.57
07.05.2016 06:00:00,989.38,10.27,5.52,72.3,12.52,9.05,3.47,5.71,9.15,1211.83,0.36,0.64,128.4
07.05.2016 07:00:00,989.52,12.75,5.87,62.85,14.75,9.27,5.48,5.85,9.37,1201.39,1.27,2.2,186.9
07.05.2016 08:00:00,989.48,15.78,6.1,52.47,17.96,9.42,8.53,5.94,9.52,1188.67,1.67,3.1,182.7
07.05.2016 09:00:00,989.21,18.82,6.2,43.59,21.76,9.49,12.28,5.99,9.59,1175.95,2.13,4.26,123.1
07.05.2016 10:00:00,988.97,20.54,4.52,34.85,24.21,8.44,15.78,5.32,8.53,1169.24,3.78,6.38,147.2
07.05.2016 11:00:00,988.64,21.24,5.31,35.29,25.28,8.92,16.36,5.63,9.02,1165.86,3.69,7.61,129.9
07.05.2016 12:00:00,988.36,21.75,4.2,31.64,26.08,8.25,17.83,5.21,8.35,1163.81,3.83,7.24,126.0
07.05.2016 13:00:00,988.03,22.08,3.84,30.23,26.61,8.04,18.57,5.08,8.14,1162.21,4.58,7.2,83.1
07.05.2016 14:00:00,987.81,22.41,4.66,31.4,27.15,8.53,18.63,5.39,8.63,1160.44,4.38,7.36,87.2
07.05.2016 15:00:00,987.31,22.87,5.06,31.39,27.92,8.76,19.16,5.54,8.88,1157.94,4.3,7.2,127.0
07.05.2016 16:00:00,987.08,22.84,4.72,30.71,27.87,8.56,19.31,5.41,8.67,1157.88,5.05,9.89,118.9
07.05.2016 17:00:00,986.88,22.81,4.03,29.32,27.82,8.16,19.66,5.16,8.26,1157.94,4.7,8.97,112.9
07.05.2016 18:00:00,986.77,22.52,3.83,29.41,27.33,8.04,19.29,5.08,8.15,1159.0,4.44,6.85,91.8
07.05.2016 19:00:00,986.92,21.3,4.03,32.13,25.37,8.15,17.22,5.15,8.26,1163.93,4.73,7.04,77.7
07.05.2016 20:00:00,987.29,20.05,4.52,35.93,23.49,8.44,15.05,5.34,8.55,1169.2,3.03,5.34,90.2
07.05.2016 21:00:00,987.85,18.46,4.6,39.88,21.28,8.49,12.79,5.36,8.59,1176.22,1.59,3.24,76.2
07.05.2016 22:00:00,988.26,17.07,5.03,44.86,19.49,8.74,10.75,5.52,8.85,1182.23,1.68,2.68,22.58
07.05.2016 23:00:00,988.73,15.92,5.08,48.44,18.12,8.78,9.34,5.54,8.88,1187.49,1.74,2.64,233.1
08.05.2016 00:00:00,989.07,15.1,5.03,50.88,17.19,8.75,8.44,5.52,8.84,1191.29,1.51,2.28,212.5
08.05.2016 01:00:00,989.16,14.71,4.6,50.62,16.76,8.48,8.28,5.35,8.58,1193.13,1.29,2.2,222.9
08.05.2016 02:00:00,989.18,14.29,4.41,51.34,16.31,8.37,7.94,5.28,8.47,1194.95,2.98,3.84,216.7
08.05.2016 03:00:00,989.38,13.68,4.44,53.53,15.68,8.39,7.29,5.29,8.48,1197.73,2.22,3.26,210.1
08.05.2016 04:00:00,989.37,12.92,4.44,56.26,14.92,8.39,6.53,5.29,8.48,1200.9,1.92,2.52,211.0
08.05.2016 05:00:00,989.61,11.06,4.7,64.78,13.2,8.55,4.65,5.39,8.64,1208.98,0.4,0.72,54.52
08.05.2016 06:00:00,989.86,11.75,5.17,63.96,13.81,8.84,4.98,5.57,8.93,1206.22,1.47,2.96,13.8
08.05.2016 07:00:00,990.29,13.48,5.51,58.43,15.48,9.04,6.43,5.7,9.13,1199.37,2.81,3.9,29.68
08.05.2016 08:00:00,990.37,15.59,5.78,51.96,17.74,9.22,8.52,5.81,9.31,1190.62,3.13,5.49,124.1
08.05.2016 09:00:00,990.35,16.59,5.7,48.46,18.91,9.16,9.75,5.78,9.25,1186.51,4.96,7.39,78.6
08.05.2016 10:00:00,990.32,17.73,6.42,47.42,20.32,9.64,10.69,6.08,9.73,1181.61,4.29,8.05,93.7
08.05.2016 11:00:00,989.92,18.77,6.72,45.35,21.69,9.84,11.86,6.21,9.94,1176.83,4.21,8.61,92.8
08.05.2016 12:00:00,989.6,20.1,6.25,40.4,23.57,9.52,14.04,6.01,9.62,1171.26,5.52,9.71,95.4
08.05.2016 13:00:00,989.28,20.75,6.72,40.1,24.53,9.84,14.69,6.21,9.94,1168.15,5.2,8.31,78.6
08.05.2016 14:00:00,989.02,21.13,7.1,40.22,25.11,10.1,15.01,6.38,10.21,1166.22,4.54,7.69,107.9
08.05.2016 15:00:00,988.93,20.93,6.64,39.45,24.8,9.78,15.02,6.18,9.89,1167.04,4.46,8.53,100.3
08.05.2016 16:00:00,989.16,21.34,6.63,38.43,25.43,9.77,15.66,6.17,9.88,1165.69,6.31,10.41,83.9
08.05.2016 17:00:00,989.15,21.2,6.21,37.65,25.22,9.49,15.72,5.99,9.6,1166.36,4.97,8.37,111.9
08.05.2016 18:00:00,988.87,21.61,6.25,36.82,25.86,9.52,16.34,6.01,9.63,1164.4,3.8,7.81,116.3
08.05.2016 19:00:00,988.89,20.36,6.82,41.35,23.95,9.9,14.04,6.25,10.01,1169.21,4.09,6.48,102.6
08.05.2016 20:00:00,989.57,19.08,7.24,46.09,22.12,10.19,11.92,6.43,10.3,1175.01,3.79,6.27,72.2
08.05.2016 21:00:00,990.09,18.06,7.24,49.14,20.75,10.2,10.55,6.43,10.3,1179.75,3.32,5.85,67.37
08.05.2016 22:00:00,990.4,16.91,6.72,50.96,19.3,9.83,9.46,6.2,9.93,1184.96,2.1,3.56,99.3
08.05.2016 23:00:00,990.65,16.07,6.86,54.29,18.29,9.93,8.36,6.26,10.02,1188.66,2.08,3.2,51.54
09.05.2016 00:00:00,990.72,14.43,6.98,60.85,16.46,10.02,6.44,6.31,10.11,1195.48,0.23,0.44,359.7
09.05.2016 01:00:00,990.67,12.93,7.08,67.55,14.93,10.08,4.84,6.36,10.18,1201.66,0.57,2.12,283.1
09.05.2016 02:00:00,990.41,12.06,7.02,71.2,14.1,10.04,4.06,6.33,10.14,1205.03,0.74,1.32,226.1
09.05.2016 03:00:00,990.25,11.8,7.05,72.6,13.86,10.06,3.8,6.34,10.16,1205.92,1.29,2.92,353.4
09.05.2016 04:00:00,990.14,11.79,7.1,72.9,13.85,10.1,3.75,6.37,10.2,1205.81,1.4,2.44,347.6
09.05.2016 05:00:00,990.17,11.5,7.02,73.9,13.59,10.04,3.55,6.33,10.14,1207.1,2.42,3.62,353.3
09.05.2016 06:00:00,990.63,12.83,7.55,70.2,14.83,10.41,4.42,6.56,10.51,1201.88,1.91,2.96,13.97
09.05.2016 07:00:00,990.86,13.94,8.07,67.67,15.95,10.79,5.16,6.8,10.89,1197.34,2.32,3.12,27.51
09.05.2016 08:00:00,990.98,15.63,8.71,63.38,17.78,11.27,6.51,7.11,11.37,1190.26,1.61,2.6,65.21
09.05.2016 09:00:00,990.85,17.5,9.19,58.11,20.03,11.64,8.39,7.34,11.75,1182.28,4.35,6.49,60.69
09.05.2016 10:00:00,990.48,18.16,9.23,55.9,20.88,11.67,9.21,7.36,11.78,1179.14,5.52,8.09,52.19
09.05.2016 11:00:00,990.26,19.43,8.83,50.26,22.61,11.36,11.24,7.17,11.47,1173.9,4.44,7.89,89.1
09.05.2016 12:00:00,989.84,20.36,8.91,47.7,23.95,11.42,12.52,7.21,11.54,1169.65,4.74,7.53,93.6
09.05.2016 13:00:00,989.7,21.26,8.89,45.07,25.31,11.41,13.9,7.2,11.53,1165.92,3.2,6.85,84.7
09.05.2016 14:00:00,989.47,22.13,8.62,41.96,26.69,11.2,15.49,7.07,11.32,1162.31,4.14,7.77,90.3
09.05.2016 15:00:00,989.2,22.86,7.9,38.23,27.9,10.67,17.23,6.73,10.78,1159.36,3.94,6.97,113.4
09.05.2016 16:00:00,988.8,22.92,7.77,37.76,28.0,10.57,17.43,6.68,10.69,1158.69,3.49,7.93,95.5
09.05.2016 17:00:00,988.57,22.93,7.43,36.86,28.02,10.33,17.69,6.52,10.45,1158.49,3.74,7.0,103.9
09.05.2016 18:00:00,988.57,22.56,6.74,35.95,27.4,9.85,17.55,6.22,9.96,1160.16,5.37,7.63,90.0
09.05.2016 19:00:00,988.8,21.39,6.58,38.17,25.51,9.74,15.77,6.15,9.85,1165.09,3.06,5.08,82.1
09.05.2016 20:00:00,989.1,20.21,6.56,40.99,23.73,9.73,14.0,6.14,9.83,1170.14,2.82,4.78,73.7
09.05.2016 21:00:00,989.41,19.27,6.77,44.1,22.38,9.87,12.51,6.23,9.98,1174.2,2.5,4.36,89.9
09.05.2016 22:00:00,989.71,17.68,6.82,48.89,20.26,9.9,10.35,6.25,10.01,1180.96,1.65,2.6,14.41
09.05.2016 23:00:00,989.88,16.51,6.89,52.9,18.81,9.95,8.86,6.28,10.05,1185.92,0.77,2.12,234.5
10.05.2016 00:00:00,989.73,15.73,7.0,56.04,17.9,10.03,7.87,6.33,10.13,1188.9,1.19,1.68,221.2
10.05.2016 01:00:00,989.37,15.19,7.04,58.15,17.29,10.05,7.24,6.34,10.16,1190.68,1.03,2.18,217.7
10.05.2016 02:00:00,988.87,14.51,7.14,61.2,16.55,10.13,6.42,6.39,10.24,1192.86,0.43,0.64,198.2
10.05.2016 03:00:00,988.42,12.99,7.25,68.05,14.99,10.2,4.79,6.44,10.32,1198.61,0.38,1.08,322.4
10.05.2016 04:00:00,987.99,11.65,7.18,74.0,13.72,10.15,3.57,6.42,10.28,1203.75,0.37,0.8,264.0
10.05.2016 05:00:00,988.01,10.56,7.06,78.9,12.76,10.07,2.69,6.36,10.19,1208.44,0.42,0.68,220.0
10.05.2016 06:00:00,988.02,12.13,7.67,74.1,14.16,10.5,3.67,6.63,10.62,1201.6,0.41,1.0,210.6
10.05.2016 07:00:00,987.66,14.82,8.21,64.54,16.88,10.9,5.99,6.89,11.03,1189.76,0.54,0.96,84.2
10.05.2016 08:00:00,987.28,15.41,8.75,64.45,17.53,11.3,6.23,7.15,11.45,1186.68,1.56,2.64,35.12
10.05.2016 09:00:00,986.7,19.24,9.57,53.45,22.34,11.94,10.4,7.56,12.1,1170.16,0.79,1.8,120.1
10.05.2016 10:00:00,986.46,20.02,9.24,49.8,23.45,11.68,11.77,7.4,11.84,1166.88,3.37,6.97,141.1
10.05.2016 11:00:00,985.98,20.98,9.37,47.38,24.88,11.79,13.09,7.47,11.96,1162.45,3.55,6.56,146.0
10.05.2016 12:00:00,985.4,21.5,9.42,46.04,25.69,11.83,13.86,7.5,12.0,1159.7,3.55,7.08,79.5
10.05.2016 13:00:00,984.78,22.52,8.9,41.76,27.33,11.41,15.92,7.24,11.59,1155.15,3.63,7.16,80.0
10.05.2016 14:00:00,984.28,23.01,8.0,38.14,28.16,10.74,17.42,6.81,10.91,1152.95,4.69,7.61,98.3
10.05.2016 15:00:00,983.82,23.23,8.35,38.54,28.53,11.0,17.54,6.98,11.18,1151.44,4.47,8.45,80.3
10.05.2016 16:00:00,983.48,23.34,8.98,39.97,28.72,11.48,17.24,7.29,11.67,1150.4,4.42,8.21,95.7
10.05.2016 17:00:00,983.18,23.04,9.07,40.94,28.21,11.55,16.66,7.34,11.75,1151.18,3.7,5.52,89.3
10.05.2016 18:00:00,982.98,22.7,9.08,41.83,27.63,11.56,16.07,7.35,11.76,1152.27,3.5,5.52,81.7
10.05.2016 19:00:00,983.16,21.35,9.27,46.0,25.45,11.71,13.74,7.44,11.91,1157.69,3.62,6.32,67.48
10.05.2016 20:00:00,983.57,20.18,9.16,49.07,23.68,11.62,12.06,7.38,11.82,1162.84,2.27,4.1,98.2
10.05.2016 21:00:00,984.09,18.81,9.08,53.14,21.75,11.56,10.19,7.34,11.74,1168.94,1.79,2.66,213.1
10.05.2016 22:00:00,984.31,17.44,8.88,57.12,19.95,11.4,8.56,7.23,11.58,1174.79,2.06,2.92,201.6
10.05.2016 23:00:00,984.29,16.56,8.65,59.47,18.87,11.22,7.65,7.12,11.4,1178.41,1.99,3.04,194.4
11.05.2016 00:00:00,983.97,15.84,8.51,61.7,18.02,11.12,6.9,7.06,11.3,1181.01,0.51,1.44,190.9
11.05.2016 01:00:00,983.93,14.45,8.42,67.03,16.48,11.05,5.43,7.01,11.23,1186.7,0.35,1.24,265.8
11.05.2016 02:00:00,983.75,14.0,8.15,67.76,16.01,10.85,5.16,6.89,11.03,1188.44,1.34,2.14,211.6
11.05.2016 03:00:00,983.73,11.61,7.95,78.2,13.69,10.7,2.98,6.8,10.88,1198.45,0.53,1.24,77.6
11.05.2016 04:00:00,983.52,11.34,7.78,78.7,13.44,10.58,2.86,6.72,10.76,1199.39,0.26,0.44,66.06
11.05.2016 05:00:00,983.34,10.17,7.66,84.4,12.43,10.49,1.94,6.67,10.67,1204.16,1.29,1.76,32.19
11.05.2016 06:00:00,983.46,12.54,8.18,74.7,14.55,10.87,3.68,6.9,11.05,1194.14,0.41,1.04,119.8
11.05.2016 07:00:00,983.16,15.16,8.89,66.13,17.26,11.41,5.84,7.25,11.61,1182.68,1.01,1.56,153.6
11.05.2016 08:00:00,983.3,16.05,9.55,65.3,18.27,11.93,6.34,7.58,12.13,1178.98,1.47,3.2,141.3
11.05.2016 09:00:00,982.9,17.34,9.76,60.99,19.83,12.09,7.74,7.69,12.3,1173.19,2.28,3.68,126.4
11.05.2016 10:00:00,982.37,18.48,9.49,55.77,21.3,11.88,9.42,7.56,12.09,1168.06,2.76,5.44,85.0
11.05.2016 11:00:00,982.01,19.68,8.95,49.9,22.96,11.46,11.5,7.29,11.67,1163.04,4.01,6.28,91.2
11.05.2016 12:00:00,981.29,20.61,8.91,46.97,24.32,11.42,12.9,7.27,11.64,1158.52,3.92,6.0,102.1
11.05.2016 13:00:00,980.86,21.19,9.27,46.44,25.2,11.7,13.5,7.46,11.93,1155.6,3.28,6.16,102.4
11.05.2016 14:00:00,980.6,21.09,9.37,47.05,25.05,11.79,13.26,7.51,12.02,1155.65,4.62,7.65,112.7
11.05.2016 15:00:00,980.58,20.1,8.51,47.17,23.57,11.12,12.45,7.08,11.34,1159.83,7.02,12.23,73.1
11.05.2016 16:00:00,980.02,21.21,8.99,45.51,25.23,11.48,13.75,7.32,11.72,1154.63,4.45,7.65,102.1
11.05.2016 17:00:00,979.4,20.88,8.58,45.19,24.73,11.17,13.55,7.13,11.41,1155.33,4.78,7.57,92.7
11.05.2016 18:00:00,979.07,20.82,8.66,45.58,24.64,11.23,13.41,7.16,11.47,1155.15,4.46,8.25,90.9
11.05.2016 19:00:00,978.93,19.93,8.37,47.22,23.32,11.01,12.31,7.03,11.25,1158.59,3.81,5.92,79.8
11.05.2016 20:00:00,978.78,19.26,8.17,48.58,22.37,10.87,11.5,6.93,11.1,1161.13,4.23,6.33,62.51
11.05.2016 21:00:00,978.84,18.58,8.09,50.39,21.44,10.8,10.64,6.89,11.04,1163.94,3.52,6.45,70.4
11.05.2016 22:00:00,978.58,17.4,7.93,53.71,19.9,10.69,9.21,6.82,10.92,1168.4,3.28,5.37,47.9
11.05.2016 23:00:00,978.43,16.83,7.82,55.25,19.2,10.61,8.59,6.77,10.84,1170.56,4.23,5.37,36.13
12.05.2016 00:00:00,978.23,15.93,7.66,57.89,18.13,10.49,7.63,6.7,10.73,1174.01,1.33,2.24,35.41
12.05.2016 01:00:00,978.05,15.4,7.68,59.97,17.52,10.51,7.01,6.71,10.74,1175.94,1.4,2.72,69.95
12.05.2016 02:00:00,977.44,14.4,7.73,64.17,16.43,10.54,5.89,6.74,10.79,1179.28,1.41,2.64,45.35
12.05.2016 03:00:00,977.02,14.56,7.69,63.34,16.6,10.51,6.09,6.72,10.76,1178.13,2.84,4.24,38.93
12.05.2016 04:00:00,976.87,13.26,7.65,68.71,15.26,10.48,4.77,6.7,10.73,1183.31,3.34,4.48,28.15
12.05.2016 05:00:00,976.5,13.21,7.8,69.65,15.21,10.59,4.61,6.77,10.85,1183.01,3.36,4.73,25.1
12.05.2016 06:00:00,976.27,14.26,8.21,66.91,16.28,10.89,5.39,6.97,11.16,1178.27,4.56,6.73,33.27
12.05.2016 07:00:00,976.14,15.44,8.91,65.01,17.57,11.42,6.15,7.31,11.7,1173.06,4.76,6.45,36.75
12.05.2016 08:00:00,975.99,16.49,9.12,61.69,18.79,11.59,7.2,7.42,11.88,1168.55,5.19,9.01,51.66
12.05.2016 09:00:00,975.71,18.54,9.24,54.62,21.38,11.68,9.7,7.48,11.97,1159.96,3.83,6.21,81.0
12.05.2016 10:00:00,975.32,19.22,9.11,51.88,22.31,11.58,10.74,7.42,11.87,1156.85,5.07,8.89,98.5
12.05.2016 11:00:00,974.62,20.57,9.49,48.97,24.26,11.88,12.38,7.62,12.19,1150.56,5.85,8.97,64.12
12.05.2016 12:00:00,974.14,20.09,9.73,51.27,23.55,12.07,11.48,7.75,12.4,1151.79,6.04,8.85,63.14
12.05.2016 13:00:00,973.74,20.82,9.44,48.05,24.64,11.84,12.8,7.6,12.16,1148.56,7.33,10.49,63.76
12.05.2016 14:00:00,973.42,20.82,9.13,47.05,24.64,11.59,13.04,7.44,11.91,1148.29,6.34,9.81,56.13
12.05.2016 15:00:00,972.87,21.8,9.17,44.44,26.16,11.63,14.53,7.47,11.95,1143.81,5.03,8.21,65.76
12.05.2016 16:00:00,972.45,21.88,8.94,43.53,26.29,11.44,14.85,7.35,11.77,1143.09,5.63,9.13,72.6
12.05.2016 17:00:00,972.23,21.15,9.03,45.81,25.14,11.52,13.62,7.4,11.85,1145.63,5.84,8.17,49.86
12.05.2016 18:00:00,973.48,15.16,11.32,77.8,17.26,13.42,3.83,8.62,13.79,1170.07,5.33,8.77,68.15
12.05.2016 19:00:00,973.52,14.07,12.12,88.0,16.08,14.15,1.93,9.09,14.54,1174.22,1.82,3.36,351.9
12.05.2016 20:00:00,973.25,14.07,11.38,83.8,16.08,13.48,2.61,8.66,13.85,1174.21,2.79,4.36,212.4
12.05.2016 21:00:00,973.41,13.95,11.49,85.1,15.96,13.58,2.38,8.72,13.95,1174.84,0.31,0.7,232.2
12.05.2016 22:00:00,973.57,13.34,11.74,90.0,15.34,13.8,1.53,8.87,14.18,1177.44,0.66,1.44,23.41
12.05.2016 23:00:00,973.93,12.95,11.47,90.7,14.95,13.56,1.39,8.71,13.92,1179.59,3.29,4.53,359.7
13.05.2016 00:00:00,973.5,13.66,10.72,82.4,15.66,12.9,2.76,8.29,13.25,1176.45,3.19,3.8,355.2
13.05.2016 01:00:00,973.28,13.82,10.23,78.9,15.82,12.48,3.34,8.02,12.83,1175.72,0.75,1.44,339.2
13.05.2016 02:00:00,973.11,13.32,10.32,82.0,15.32,12.56,2.76,8.07,12.91,1177.53,0.99,1.42,2.29
13.05.2016 03:00:00,972.97,13.24,10.04,80.9,15.24,12.33,2.91,7.92,12.67,1177.8,0.88,1.56,341.4
13.05.2016 04:00:00,972.98,12.45,10.07,85.4,14.47,12.35,2.11,7.94,12.7,1181.05,0.63,1.16,288.7
13.05.2016 05:00:00,973.08,12.34,10.05,85.9,14.36,12.34,2.03,7.92,12.68,1181.64,1.07,1.84,231.0
13.05.2016 06:00:00,973.25,11.88,10.1,88.8,13.93,12.37,1.56,7.95,12.71,1183.74,1.52,2.64,219.9
13.05.2016 07:00:00,973.44,11.87,9.68,86.4,13.92,12.03,1.89,7.72,12.36,1184.17,0.86,2.36,186.2
13.05.2016 08:00:00,973.76,12.67,9.65,81.8,14.68,12.01,2.67,7.7,12.33,1181.26,1.51,3.16,11.5
13.05.2016 09:00:00,973.89,14.12,10.29,77.7,16.13,12.54,3.6,8.05,12.87,1175.21,1.56,3.68,24.38
13.05.2016 10:00:00,974.13,14.69,10.39,75.4,16.74,12.62,4.12,8.1,12.96,1173.13,4.47,6.75,27.97
13.05.2016 11:00:00,974.51,14.96,10.73,75.8,17.03,12.91,4.12,8.28,13.25,1172.36,2.06,3.6,56.84
13.05.2016 12:00:00,974.32,17.24,11.42,68.59,19.7,13.52,6.19,8.67,13.87,1162.65,1.45,3.68,27.07
13.05.2016 13:00:00,973.93,18.85,11.39,61.88,21.8,13.49,8.31,8.66,13.85,1155.79,4.88,7.67,31.86
13.05.2016 14:00:00,973.57,19.59,10.94,57.35,22.83,13.09,9.74,8.41,13.45,1152.62,3.91,6.37,24.81
13.05.2016 15:00:00,973.27,19.62,10.37,55.11,22.87,12.61,10.27,8.1,12.95,1152.36,5.13,8.85,28.4
13.05.2016 16:00:00,973.05,20.37,10.43,52.79,23.96,12.65,11.31,8.13,13.0,1149.14,3.98,6.69,30.35
13.05.2016 17:00:00,973.27,20.66,8.47,45.45,24.39,11.09,13.31,7.12,11.39,1148.96,5.02,9.77,28.31
13.05.2016 18:00:00,973.66,20.39,6.06,39.18,23.99,9.4,14.59,6.03,9.65,1151.24,3.8,5.52,27.62
13.05.2016 19:00:00,974.25,18.52,3.96,37.98,21.36,8.11,13.25,5.2,8.33,1159.91,1.57,4.26,34.6
13.05.2016 20:00:00,974.91,16.61,4.04,43.11,18.93,8.16,10.77,5.22,8.37,1168.32,1.39,2.58,217.7
13.05.2016 21:00:00,975.69,15.43,4.68,48.63,17.56,8.54,9.02,5.46,8.75,1173.87,1.73,3.32,223.0
13.05.2016 22:00:00,975.92,14.38,4.52,51.43,16.41,8.44,7.97,5.4,8.65,1178.48,1.86,2.92,201.5
13.05.2016 23:00:00,976.38,13.59,4.72,54.93,15.59,8.56,7.03,5.47,8.77,1182.23,1.05,2.0,81.4
14.05.2016 00:00:00,976.5,12.87,4.19,55.46,14.87,8.25,6.62,5.27,8.45,1185.5,0.65,2.04,64.32
14.05.2016 01:00:00,976.71,12.77,3.22,52.11,14.77,7.7,7.08,4.92,7.88,1186.42,0.72,1.6,11.62
14.05.2016 02:00:00,976.83,11.63,2.9,54.93,13.7,7.53,6.18,4.81,7.71,1191.4,0.72,2.08,10.66
14.05.2016 03:00:00,977.06,10.87,3.36,59.68,13.03,7.78,5.25,4.97,7.96,1194.75,1.04,1.64,61.98
14.05.2016 04:00:00,977.63,10.05,3.63,64.26,12.34,7.93,4.41,5.06,8.11,1198.84,0.58,1.16,121.8
14.05.2016 05:00:00,978.34,8.83,5.01,76.9,11.36,8.74,2.62,5.57,8.93,1204.53,3.37,5.45,254.1
14.05.2016 06:00:00,979.18,9.26,4.39,71.5,11.7,8.36,3.33,5.33,8.54,1203.9,2.47,3.88,253.2
14.05.2016 07:00:00,979.79,8.97,4.01,71.0,11.47,8.14,3.33,5.19,8.31,1206.0,2.9,5.11,252.4
14.05.2016 08:00:00,980.33,9.59,4.01,68.07,11.96,8.14,3.82,5.18,8.3,1204.02,1.67,4.24,357.4
14.05.2016 09:00:00,981.09,8.72,3.93,71.8,11.28,8.1,3.18,5.15,8.25,1208.69,2.04,3.4,264.7
14.05.2016 10:00:00,981.23,9.23,3.61,67.8,11.67,7.91,3.76,5.03,8.07,1206.77,2.35,6.21,262.8
14.05.2016 11:00:00,981.61,10.62,3.06,59.42,12.81,7.61,5.2,4.84,7.76,1201.46,1.85,4.97,269.4
14.05.2016 12:00:00,982.09,10.51,2.11,55.92,12.72,7.11,5.61,4.52,7.24,1202.75,2.61,5.39,291.1
14.05.2016 13:00:00,982.24,10.79,1.77,53.56,12.96,6.94,6.02,4.41,7.07,1201.83,2.41,5.77,262.1
14.05.2016 14:00:00,982.52,11.09,0.61,48.29,13.22,6.39,6.84,4.05,6.5,1201.16,1.39,3.52,281.4
14.05.2016 15:00:00,982.77,10.9,-0.24,45.97,13.06,6.0,7.05,3.81,6.11,1202.45,3.07,6.63,282.5
14.05.2016 16:00:00,983.09,10.94,0.13,47.09,13.09,6.16,6.93,3.91,6.27,1202.6,1.51,5.81,236.6
14.05.2016 17:00:00,983.2,10.94,-0.46,45.12,13.09,5.91,7.18,3.75,6.01,1202.85,2.0,4.61,254.2
14.05.2016 18:00:00,983.36,10.59,0.14,48.25,12.79,6.17,6.62,3.91,6.28,1204.41,2.21,5.37,271.0
14.05.2016 19:00:00,983.72,9.51,0.58,53.56,11.9,6.37,5.52,4.04,6.48,1209.36,0.76,2.46,233.0
14.05.2016 20:00:00,984.22,8.35,0.52,57.68,11.0,6.34,4.65,4.02,6.44,1214.98,1.62,3.52,275.5
14.05.2016 21:00:00,984.95,7.8,0.7,60.67,10.59,6.43,4.17,4.07,6.52,1218.22,0.72,1.64,325.9
14.05.2016 22:00:00,985.45,6.47,0.93,67.6,9.67,6.54,3.13,4.14,6.63,1224.59,1.87,2.8,265.4
14.05.2016 23:00:00,985.93,6.2,0.21,65.34,9.49,6.2,3.29,3.92,6.29,1226.51,1.69,3.0,262.4
15.05.2016 00:00:00,986.12,6.18,0.47,66.68,9.48,6.32,3.16,4.0,6.41,1226.8,1.56,2.56,272.5
15.05.2016 01:00:00,986.43,5.27,0.23,69.82,8.89,6.21,2.68,3.93,6.3,1231.25,1.7,3.2,264.9
15.05.2016 02:00:00,986.6,4.89,0.21,71.6,8.66,6.2,2.46,3.92,6.29,1233.14,1.81,3.77,256.7
15.05.2016 03:00:00,986.75,4.32,-0.06,73.1,8.32,6.08,2.24,3.84,6.17,1235.93,1.98,3.65,252.7
15.05.2016 04:00:00,986.79,4.17,-0.14,73.4,8.23,6.04,2.19,3.82,6.12,1236.67,1.85,5.17,245.2
15.05.2016 05:00:00,986.91,5.08,0.08,69.98,8.78,6.14,2.64,3.88,6.22,1232.71,3.18,5.17,259.0
15.05.2016 06:00:00,987.33,5.39,0.49,70.6,8.97,6.33,2.64,4.0,6.41,1231.81,2.85,5.25,260.7
15.05.2016 07:00:00,987.84,5.9,0.81,69.7,9.29,6.48,2.82,4.09,6.56,1230.1,2.47,4.89,268.1
15.05.2016 08:00:00,988.25,6.83,0.79,65.31,9.91,6.47,3.44,4.08,6.55,1226.55,3.67,7.13,261.7
15.05.2016 09:00:00,988.65,8.23,0.59,58.45,10.91,6.38,4.53,4.02,6.45,1220.96,3.94,8.73,259.2
15.05.2016 10:00:00,988.81,8.7,0.99,58.29,11.26,6.56,4.7,4.14,6.64,1219.04,3.15,6.05,278.3
15.05.2016 11:00:00,989.27,7.98,1.98,65.74,10.72,7.05,3.67,4.44,7.13,1222.5,3.07,6.81,276.9
15.05.2016 12:00:00,989.24,8.13,1.1,61.07,10.83,6.62,4.22,4.17,6.69,1222.02,5.74,10.61,251.3
15.05.2016 13:00:00,989.08,7.62,3.13,73.1,10.46,7.65,2.81,4.82,7.73,1223.55,4.11,7.29,227.2
15.05.2016 14:00:00,988.79,9.52,1.89,58.84,11.9,7.0,4.9,4.42,7.08,1215.27,3.34,7.37,15.5
15.05.2016 15:00:00,988.81,10.21,3.33,62.24,12.47,7.76,4.71,4.9,7.85,1211.99,3.21,5.73,241.0
15.05.2016 16:00:00,988.89,9.5,3.24,64.87,11.89,7.71,4.18,4.86,7.8,1215.15,2.14,4.73,235.2
15.05.2016 17:00:00,989.13,9.67,3.69,66.22,12.02,7.96,4.06,5.02,8.05,1214.6,1.55,3.88,256.5
15.05.2016 18:00:00,989.46,10.09,1.66,55.7,12.37,6.89,5.48,4.34,6.96,1213.7,2.35,4.24,270.8
15.05.2016 19:00:00,989.89,7.28,1.72,67.67,10.22,6.92,3.3,4.36,6.99,1226.39,1.29,2.88,291.1
15.05.2016 20:00:00,990.31,6.43,2.24,74.5,9.64,7.18,2.46,4.52,7.25,1230.52,1.05,2.04,236.7
15.05.2016 21:00:00,990.76,5.66,2.55,80.3,9.14,7.34,1.8,4.62,7.41,1234.39,2.46,3.18,246.9
15.05.2016 22:00:00,990.98,5.97,2.44,78.0,9.34,7.29,2.06,4.59,7.35,1233.31,2.11,3.18,254.6
15.05.2016 23:00:00,991.17,6.1,1.92,74.5,9.42,7.02,2.4,4.42,7.08,1233.12,2.71,4.49,262.0
16.05.2016 00:00:00,991.32,5.77,1.87,75.9,9.21,6.99,2.22,4.4,7.05,1234.76,2.02,3.41,264.0
16.05.2016 01:00:00,991.24,6.07,1.91,74.6,9.4,7.01,2.39,4.41,7.07,1233.36,2.27,3.69,263.2
16.05.2016 02:00:00,991.06,5.67,2.18,78.2,9.15,7.15,1.99,4.5,7.22,1234.82,2.52,4.09,255.6
16.05.2016 03:00:00,991.13,4.97,1.83,80.0,8.71,6.97,1.74,4.39,7.03,1238.08,1.68,2.68,257.2
16.05.2016 04:00:00,991.02,5.12,2.29,81.9,8.8,7.21,1.59,4.54,7.27,1237.2,2.6,3.39,257.2
16.05.2016 05:00:00,991.05,5.2,2.32,81.6,8.85,7.22,1.63,4.55,7.29,1236.85,1.85,2.62,259.6
16.05.2016 06:00:00,991.09,5.58,2.29,79.3,9.09,7.21,1.88,4.54,7.27,1235.24,2.24,4.33,262.0
16.05.2016 07:00:00,991.3,6.4,2.01,73.4,9.62,7.06,2.56,4.44,7.13,1231.92,1.31,3.53,285.1
16.05.2016 08:00:00,991.59,7.44,1.57,66.22,10.33,6.84,3.49,4.3,6.9,1227.83,2.95,5.33,276.4
16.05.2016 09:00:00,991.44,8.51,1.7,62.14,11.12,6.91,4.21,4.35,6.97,1222.95,1.75,4.16,281.7
16.05.2016 10:00:00,991.39,7.71,0.39,59.68,10.53,6.28,4.24,3.95,6.34,1226.67,1.79,3.92,267.3
16.05.2016 11:00:00,991.35,8.26,1.2,60.95,10.93,6.66,4.27,4.19,6.72,1224.04,0.71,1.52,219.6
16.05.2016 12:00:00,991.25,8.92,0.27,54.48,11.43,6.23,5.2,3.92,6.28,1221.26,1.74,4.24,292.0
16.05.2016 13:00:00,991.1,9.97,0.46,51.48,12.27,6.32,5.95,3.97,6.37,1216.5,2.53,4.4,255.8
16.05.2016 14:00:00,990.71,11.14,0.15,46.56,13.27,6.18,7.09,3.89,6.23,1211.08,1.83,4.12,266.7
16.05.2016 15:00:00,990.43,10.97,-0.62,44.49,13.12,5.84,7.28,3.67,5.89,1211.62,2.31,4.28,276.1
16.05.2016 16:00:00,990.14,11.31,-1.03,42.22,13.42,5.66,7.75,3.57,5.72,1209.9,2.81,5.65,250.5
16.05.2016 17:00:00,990.22,11.8,-1.08,40.73,13.86,5.64,8.21,3.55,5.7,1207.93,2.82,5.61,259.2
16.05.2016 18:00:00,990.08,11.3,-0.46,44.05,13.41,5.91,7.5,3.72,5.97,1209.76,3.62,5.21,253.4
16.05.2016 19:00:00,990.12,9.38,-0.09,51.46,11.79,6.07,5.72,3.82,6.13,1217.95,1.49,2.96,257.0
16.05.2016 20:00:00,990.43,8.99,-0.19,52.43,11.49,6.02,5.46,3.79,6.08,1220.04,1.6,2.36,255.3
16.05.2016 21:00:00,990.87,8.59,0.05,54.83,11.18,6.13,5.05,3.86,6.19,1222.26,1.76,2.24,252.0
16.05.2016 22:00:00,990.95,8.13,0.49,58.41,10.83,6.33,4.51,3.98,6.39,1224.27,2.32,3.04,252.0
16.05.2016 23:00:00,990.93,7.92,0.83,60.76,10.68,6.49,4.19,4.08,6.55,1225.08,1.81,2.66,247.9
17.05.2016 00:00:00,990.85,7.86,0.69,60.38,10.64,6.42,4.21,4.04,6.48,1225.28,1.83,2.56,248.6
17.05.2016 01:00:00,990.72,7.71,0.87,61.79,10.53,6.51,4.02,4.09,6.57,1225.73,1.22,1.96,250.2
17.05.2016 02:00:00,990.69,7.54,1.36,64.76,10.41,6.74,3.67,4.24,6.8,1226.33,1.93,2.76,262.0
17.05.2016 03:00:00,990.51,6.58,1.56,70.2,9.74,6.84,2.9,4.31,6.9,1230.27,2.5,3.28,251.2
17.05.2016 04:00:00,990.34,6.25,1.73,72.7,9.52,6.92,2.6,4.36,6.99,1231.48,1.84,2.6,253.3
17.05.2016 05:00:00,990.48,6.61,2.08,72.7,9.76,7.1,2.67,4.47,7.17,1229.97,1.2,2.12,258.9
17.05.2016 06:00:00,990.45,7.13,2.73,73.5,10.12,7.44,2.68,4.68,7.51,1227.49,1.4,2.36,247.2
17.05.2016 07:00:00,990.56,7.73,3.12,72.5,10.54,7.64,2.9,4.81,7.72,1224.91,1.49,2.76,234.1
17.05.2016 08:00:00,990.94,7.68,2.77,71.0,10.51,7.46,3.05,4.7,7.53,1225.69,2.93,5.89,258.2
17.05.2016 09:00:00,990.85,8.95,3.17,66.99,11.45,7.67,3.78,4.83,7.74,1219.96,2.0,3.88,266.5
17.05.2016 10:00:00,990.82,10.02,3.27,62.76,12.31,7.73,4.58,4.86,7.8,1215.29,2.24,4.89,256.1
17.05.2016 11:00:00,990.58,10.76,2.7,57.38,12.93,7.42,5.51,4.67,7.49,1211.97,3.12,5.65,240.2
17.05.2016 12:00:00,990.59,10.54,3.38,61.09,12.75,7.79,4.96,4.9,7.86,1212.75,1.44,3.56,239.2
17.05.2016 13:00:00,990.44,12.2,4.22,58.06,14.23,8.26,5.97,5.21,8.34,1205.29,2.42,5.15,271.0
17.05.2016 14:00:00,990.2,12.0,3.4,55.54,14.04,7.8,6.24,4.91,7.88,1206.06,2.64,4.04,274.9
17.05.2016 15:00:00,989.85,11.91,4.06,58.54,13.96,8.17,5.79,5.15,8.26,1205.84,1.98,3.08,229.1
17.05.2016 16:00:00,989.49,12.64,3.59,53.96,14.65,7.9,6.74,4.98,7.99,1202.44,2.99,5.61,248.9
17.05.2016 17:00:00,989.24,12.98,3.77,53.46,14.98,8.01,6.97,5.05,8.09,1200.66,1.39,2.28,236.5
17.05.2016 18:00:00,988.89,12.53,3.73,54.89,14.54,7.98,6.56,5.04,8.07,1202.14,2.04,3.16,221.2
17.05.2016 19:00:00,988.75,12.01,3.94,57.66,14.05,8.1,5.95,5.11,8.2,1204.1,2.46,3.56,217.0
17.05.2016 20:00:00,988.76,11.55,3.89,59.22,13.63,8.07,5.56,5.09,8.16,1206.08,2.26,3.16,217.2
17.05.2016 21:00:00,989.0,11.12,3.76,60.39,13.25,8.0,5.25,5.05,8.09,1208.23,1.92,3.44,217.8
17.05.2016 22:00:00,988.85,11.06,3.46,59.37,13.2,7.83,5.36,4.94,7.92,1208.38,3.01,4.65,232.3
17.05.2016 23:00:00,988.75,10.82,3.25,59.4,12.99,7.71,5.27,4.87,7.8,1209.33,2.74,4.89,238.8
18.05.2016 00:00:00,988.64,10.76,3.0,58.59,12.93,7.58,5.36,4.78,7.67,1209.51,2.46,4.04,236.7
18.05.2016 01:00:00,988.5,10.52,2.76,58.54,12.73,7.45,5.28,4.7,7.54,1210.42,2.53,3.22,243.1
18.05.2016 02:00:00,988.14,10.43,2.75,58.87,12.65,7.45,5.2,4.7,7.54,1210.37,1.59,2.56,204.1
18.05.2016 03:00:00,987.8,9.96,3.14,62.45,12.26,7.66,4.6,4.84,7.75,1211.86,2.3,4.0,168.5
18.05.2016 04:00:00,987.46,9.27,3.33,66.31,11.7,7.76,3.94,4.9,7.86,1214.35,1.46,2.56,227.5
18.05.2016 05:00:00,987.45,9.31,3.31,66.03,11.74,7.75,3.99,4.9,7.85,1214.18,0.97,1.56,213.7
18.05.2016 06:00:00,987.45,9.3,3.76,68.23,11.73,8.0,3.73,5.06,8.1,1214.1,1.0,1.76,195.0
18.05.2016 07:00:00,987.54,9.91,4.19,67.51,12.22,8.25,3.97,5.21,8.35,1211.48,1.58,2.4,177.6
18.05.2016 08:00:00,987.43,12.0,4.98,62.08,14.04,8.72,5.33,5.51,8.83,1202.25,2.08,2.94,162.1
18.05.2016 09:00:00,987.18,14.2,5.4,55.33,16.22,8.97,7.24,5.67,9.09,1192.63,2.17,3.24,147.2
18.05.2016 10:00:00,986.9,15.44,5.92,52.99,17.57,9.31,8.26,5.89,9.43,1187.01,3.39,5.01,203.7
18.05.2016 11:00:00,986.51,16.21,5.77,49.92,18.46,9.21,9.24,5.83,9.34,1183.43,2.9,5.28,201.2
18.05.2016 12:00:00,985.99,16.01,4.45,46.08,18.22,8.4,9.83,5.31,8.52,1183.99,4.7,6.11,209.9
18.05.2016 13:00:00,985.5,16.72,3.9,42.38,19.07,8.08,10.99,5.12,8.2,1180.65,3.47,5.73,206.0
18.05.2016 14:00:00,985.08,17.04,2.35,37.21,19.46,7.24,12.22,4.58,7.35,1179.22,3.14,5.4,225.0
18.05.2016 15:00:00,984.79,16.82,2.94,39.35,19.19,7.55,11.64,4.78,7.67,1179.63,4.33,6.69,223.2
18.05.2016 16:00:00,984.48,16.57,3.59,41.86,18.88,7.9,10.98,5.01,8.03,1180.11,2.91,4.2,209.3
18.05.2016 17:00:00,983.95,16.74,2.93,39.51,19.09,7.54,11.55,4.78,7.67,1178.95,3.67,5.61,224.9
18.05.2016 18:00:00,983.43,16.92,2.96,39.15,19.31,7.56,11.75,4.8,7.69,1177.58,1.45,2.16,166.7
18.05.2016 19:00:00,983.03,16.61,3.71,42.12,18.93,7.97,10.96,5.06,8.11,1178.17,0.7,1.64,174.8
18.05.2016 20:00:00,982.59,15.67,4.0,45.64,17.83,8.14,9.69,5.17,8.28,1181.4,0.29,0.56,229.1
18.05.2016 21:00:00,982.65,14.01,3.79,50.06,16.02,8.02,8.0,5.09,8.16,1188.36,0.83,1.16,219.4
18.05.2016 22:00:00,982.55,12.6,4.07,55.99,14.61,8.18,6.43,5.19,8.33,1194.02,0.65,1.04,190.9
18.05.2016 23:00:00,982.39,11.34,4.05,60.73,13.44,8.16,5.28,5.19,8.31,1199.12,0.2,0.44,194.2
19.05.2016 00:00:00,982.09,9.26,3.78,68.5,11.7,8.01,3.68,5.09,8.16,1207.66,0.56,1.58,236.1
19.05.2016 01:00:00,981.85,9.98,3.24,62.8,12.28,7.71,4.57,4.9,7.85,1204.43,0.64,1.16,221.5
19.05.2016 02:00:00,981.41,9.67,3.08,63.39,12.02,7.62,4.4,4.85,7.77,1205.25,0.46,1.12,220.7
19.05.2016 03:00:00,981.26,9.38,3.03,64.41,11.79,7.6,4.2,4.83,7.74,1206.31,0.9,1.92,199.2
19.05.2016 04:00:00,981.03,9.78,2.88,62.05,12.11,7.52,4.6,4.78,7.66,1204.36,0.98,1.36,237.0
19.05.2016 05:00:00,981.14,9.46,3.92,68.27,11.86,8.09,3.76,5.15,8.25,1205.59,0.8,1.16,204.2
19.05.2016 06:00:00,981.48,8.62,4.38,74.6,11.2,8.36,2.85,5.31,8.51,1209.48,0.75,1.6,188.5
19.05.2016 07:00:00,981.8,10.39,4.7,67.74,12.62,8.55,4.07,5.43,8.71,1202.24,1.78,2.6,210.5
19.05.2016 08:00:00,982.25,11.47,5.61,67.15,13.56,9.11,4.45,5.79,9.27,1197.97,2.07,2.96,160.7
19.05.2016 09:00:00,982.78,11.27,6.9,74.4,13.38,9.96,3.43,6.33,10.13,1199.07,2.06,3.46,172.0
19.05.2016 10:00:00,983.31,11.58,8.27,80.1,13.66,10.94,2.72,6.95,11.13,1197.95,0.97,1.64,209.8
19.05.2016 11:00:00,984.0,12.36,8.94,79.6,14.38,11.45,2.93,7.27,11.63,1195.29,0.83,1.36,196.9
19.05.2016 12:00:00,984.49,13.85,10.37,79.5,15.85,12.6,3.25,8.0,12.8,1189.15,0.98,1.84,170.0
19.05.2016 13:00:00,984.69,15.24,10.8,74.8,17.34,12.97,4.37,8.24,13.18,1183.49,0.74,2.1,54.94
19.05.2016 14:00:00,984.85,16.14,9.4,64.25,18.37,11.81,6.57,7.49,11.99,1180.53,1.32,3.2,264.6
19.05.2016 15:00:00,985.1,16.88,9.25,60.69,19.26,11.69,7.57,7.41,11.87,1177.87,1.42,2.6,274.9
19.05.2016 16:00:00,985.41,17.95,9.3,56.9,20.61,11.73,8.88,7.43,11.9,1173.9,1.42,2.72,101.2
19.05.2016 17:00:00,985.71,16.97,9.37,60.84,19.37,11.78,7.59,7.47,11.96,1178.2,1.64,2.76,262.0
19.05.2016 18:00:00,986.29,16.83,9.28,61.01,19.2,11.71,7.49,7.42,11.88,1179.5,0.94,1.84,275.6
19.05.2016 19:00:00,987.1,15.92,9.19,64.26,18.12,11.64,6.48,7.37,11.79,1184.22,1.67,2.12,270.4
19.05.2016 20:00:00,987.97,14.92,9.34,69.2,16.99,11.76,5.23,7.44,11.9,1189.33,1.31,2.0,242.2
19.05.2016 21:00:00,988.64,14.04,8.96,71.4,16.05,11.46,4.59,7.24,11.59,1193.92,0.4,0.76,32.69
19.05.2016 22:00:00,989.08,14.36,8.82,69.28,16.39,11.35,5.03,7.17,11.48,1193.17,1.99,2.56,249.4
19.05.2016 23:00:00,989.52,14.04,9.16,72.4,16.05,11.62,4.43,7.34,11.74,1194.91,2.49,2.92,249.2
20.05.2016 00:00:00,989.82,13.3,9.42,77.3,15.3,11.82,3.47,7.46,11.94,1198.27,0.43,0.84,174.3
20.05.2016 01:00:00,989.99,11.93,8.89,81.6,13.98,11.41,2.57,7.2,11.52,1204.43,0.21,0.4,59.4
20.05.2016 02:00:00,990.34,11.0,8.12,82.4,13.14,10.83,2.31,6.83,10.94,1209.07,1.47,2.56,213.3
20.05.2016 03:00:00,990.49,9.55,7.77,88.6,11.93,10.57,1.36,6.66,10.67,1215.58,0.55,1.04,138.5
20.05.2016 04:00:00,990.84,8.51,7.21,91.5,11.12,10.17,0.94,6.41,10.27,1220.68,0.74,1.2,134.6
20.05.2016 05:00:00,991.21,8.45,7.23,92.0,11.07,10.19,0.89,6.42,10.28,1221.39,1.0,2.32,152.4
20.05.2016 06:00:00,991.64,9.6,7.33,85.7,11.97,10.26,1.71,6.46,10.34,1216.92,0.61,1.14,134.1
20.05.2016 07:00:00,991.99,10.93,7.82,81.1,13.08,10.61,2.47,6.68,10.7,1211.49,0.93,1.44,141.1
20.05.2016 08:00:00,992.07,13.52,8.93,73.7,15.52,11.44,4.08,7.2,11.53,1200.27,1.44,2.48,141.3
20.05.2016 09:00:00,991.86,16.37,9.02,61.73,18.65,11.51,7.14,7.25,11.6,1188.16,2.45,3.52,138.6
20.05.2016 10:00:00,991.45,17.63,6.14,46.79,20.2,9.45,10.75,5.95,9.53,1183.46,3.1,6.0,209.7
20.05.2016 11:00:00,991.22,18.47,6.68,46.08,21.29,9.81,11.48,6.18,9.9,1179.61,4.1,5.88,212.6
20.05.2016 12:00:00,991.19,18.79,6.55,44.75,21.72,9.72,12.0,6.12,9.81,1178.32,2.09,4.72,243.2
20.05.2016 13:00:00,991.17,18.81,6.25,43.77,21.75,9.52,12.23,6.0,9.6,1178.31,3.01,5.36,247.0
20.05.2016 14:00:00,991.08,19.19,6.52,43.56,22.27,9.7,12.57,6.11,9.79,1176.59,4.47,7.32,225.0
20.05.2016 15:00:00,990.97,19.48,6.86,43.79,22.68,9.93,12.75,6.26,10.02,1175.19,4.07,6.36,229.0
20.05.2016 16:00:00,991.2,19.65,6.59,42.55,22.92,9.75,13.17,6.14,9.84,1174.86,3.23,5.72,236.7
20.05.2016 17:00:00,991.18,19.3,6.51,43.23,22.42,9.69,12.73,6.11,9.78,1176.27,2.62,5.76,219.7
20.05.2016 18:00:00,991.33,18.93,6.18,43.24,21.91,9.48,12.44,5.97,9.56,1178.04,2.04,3.96,248.8
20.05.2016 19:00:00,991.57,18.12,6.66,47.03,20.83,9.8,11.03,6.17,9.88,1181.45,1.47,2.8,267.4
20.05.2016 20:00:00,991.87,17.4,7.12,50.81,19.9,10.11,9.79,6.37,10.2,1184.6,1.09,1.56,257.1
20.05.2016 21:00:00,992.22,16.6,7.49,54.8,18.92,10.37,8.55,6.53,10.45,1188.17,1.69,2.28,251.9
20.05.2016 22:00:00,992.28,15.72,7.65,58.62,17.89,10.49,7.4,6.6,10.57,1191.81,1.74,2.08,242.6
20.05.2016 23:00:00,992.51,14.99,7.67,61.53,17.07,10.5,6.57,6.61,10.58,1195.1,1.51,2.0,240.3
21.05.2016 00:00:00,992.33,14.17,7.6,64.56,16.19,10.45,5.74,6.58,10.53,1198.32,1.64,2.52,236.7
21.05.2016 01:00:00,992.31,13.46,7.62,67.72,15.46,10.47,4.99,6.59,10.55,1201.25,1.09,1.68,239.3
21.05.2016 02:00:00,992.35,13.5,7.74,68.06,15.5,10.55,4.95,6.64,10.63,1201.1,0.84,1.36,237.1
21.05.2016 03:00:00,991.99,13.15,7.92,70.5,15.15,10.68,4.47,6.72,10.76,1202.07,0.98,1.32,207.7
21.05.2016 04:00:00,992.04,12.61,7.99,73.4,14.62,10.73,3.89,6.76,10.82,1204.38,0.96,2.16,193.4
21.05.2016 05:00:00,992.16,12.77,8.28,74.1,14.77,10.95,3.83,6.89,11.03,1203.75,0.31,1.04,152.8
21.05.2016 06:00:00,992.18,12.74,8.72,76.5,14.74,11.28,3.46,7.1,11.37,1203.75,0.35,0.78,151.3
21.05.2016 07:00:00,992.25,14.21,9.06,71.1,16.23,11.54,4.69,7.26,11.63,1197.55,0.85,1.82,144.0
21.05.2016 08:00:00,992.14,17.12,9.75,61.84,19.56,12.09,7.46,7.62,12.19,1185.17,2.5,3.76,144.5
21.05.2016 09:00:00,992.0,17.95,9.59,58.02,20.61,11.96,8.65,7.53,12.05,1181.68,3.24,6.52,207.5
21.05.2016 10:00:00,991.53,18.98,9.56,54.31,21.98,11.94,10.04,7.52,12.04,1176.96,4.07,5.9,208.1
21.05.2016 11:00:00,991.27,20.06,9.44,50.38,23.51,11.84,11.66,7.46,11.95,1172.36,3.52,5.96,195.3
21.05.2016 12:00:00,990.92,20.82,9.26,47.49,24.64,11.7,12.94,7.38,11.81,1168.98,3.25,5.52,233.8
21.05.2016 13:00:00,990.56,20.91,8.5,44.86,24.77,11.11,13.66,7.01,11.22,1168.46,3.99,6.36,225.6
21.05.2016 14:00:00,990.46,21.37,8.11,42.45,25.48,10.82,14.66,6.82,10.92,1166.65,3.36,5.38,216.3
21.05.2016 15:00:00,990.21,22.1,8.85,42.7,26.64,11.38,15.27,7.18,11.49,1163.22,1.87,3.92,250.8
21.05.2016 16:00:00,990.14,21.73,9.05,44.28,26.05,11.53,14.51,7.28,11.65,1164.52,2.5,3.84,212.4
21.05.2016 17:00:00,989.74,22.39,9.38,43.48,27.12,11.79,15.33,7.44,11.91,1161.34,2.04,3.32,227.7
21.05.2016 18:00:00,989.58,22.89,9.58,42.77,27.95,11.96,16.0,7.55,12.08,1159.12,2.0,3.66,179.3
21.05.2016 19:00:00,989.48,21.36,9.64,47.13,25.47,12.0,13.46,7.58,12.13,1165.0,1.09,1.44,204.6
21.05.2016 20:00:00,989.37,20.2,9.47,50.04,23.71,11.87,11.85,7.49,11.99,1169.54,0.52,1.2,153.4
21.05.2016 21:00:00,989.43,17.88,10.12,60.39,20.52,12.39,8.13,7.83,12.52,1178.69,0.81,1.2,44.18
21.05.2016 22:00:00,989.29,16.09,9.96,66.93,18.32,12.26,6.06,7.74,12.39,1185.88,0.36,0.84,7.43
21.05.2016 23:00:00,989.0,14.76,9.63,71.3,16.82,11.99,4.83,7.58,12.12,1191.13,0.96,1.74,236.7
22.05.2016 00:00:00,988.6,13.86,9.39,74.4,15.86,11.8,4.06,7.46,11.94,1194.46,0.45,0.96,180.1
22.05.2016 01:00:00,988.14,12.86,9.13,78.0,14.86,11.59,3.27,7.33,11.73,1198.18,0.79,1.56,199.5
22.05.2016 02:00:00,987.5,11.27,8.55,83.3,13.38,11.15,2.23,7.05,11.29,1204.3,1.45,2.16,216.5
22.05.2016 03:00:00,987.23,10.5,8.26,86.0,12.71,10.93,1.78,6.92,11.07,1207.33,0.61,1.28,201.6
22.05.2016 04:00:00,987.07,10.1,8.24,88.2,12.38,10.92,1.46,6.91,11.06,1208.85,0.78,1.64,190.7
22.05.2016 05:00:00,986.84,10.46,8.51,87.7,12.68,11.12,1.56,7.04,11.27,1206.94,1.14,1.72,218.5
22.05.2016 06:00:00,986.49,12.91,8.93,76.7,14.91,11.44,3.47,7.24,11.59,1196.03,0.62,1.4,214.5
22.05.2016 07:00:00,986.24,15.54,9.64,67.86,17.68,12.0,5.68,7.6,12.17,1184.58,0.69,1.28,185.6
22.05.2016 08:00:00,985.8,18.67,9.95,56.82,21.56,12.25,9.31,7.77,12.43,1171.23,1.52,2.42,162.2
22.05.2016 09:00:00,985.23,21.34,9.99,48.29,25.43,12.28,13.15,7.79,12.47,1159.92,2.97,4.0,149.4
22.05.2016 10:00:00,984.45,23.39,10.2,43.24,28.81,12.46,16.35,7.91,12.65,1150.91,2.56,4.68,165.4
22.05.2016 11:00:00,983.8,25.02,10.49,39.98,31.77,12.7,19.07,8.07,12.91,1143.75,4.11,6.97,161.0
22.05.2016 12:00:00,983.21,26.65,8.67,32.12,34.98,11.24,23.75,7.14,11.43,1137.49,3.88,6.85,212.2
22.05.2016 13:00:00,982.37,27.77,9.05,30.87,37.35,11.53,25.82,7.33,11.74,1132.16,4.44,7.97,208.7
22.05.2016 14:00:00,981.96,28.67,8.14,27.54,39.36,10.84,28.52,6.89,11.04,1128.61,2.7,5.02,198.9
22.05.2016 15:00:00,981.64,28.5,8.61,28.72,38.97,11.19,27.78,7.12,11.4,1128.72,3.78,6.52,207.6
22.05.2016 16:00:00,981.1,29.77,8.11,25.8,41.93,10.82,31.11,6.89,11.03,1123.53,2.29,4.2,185.7
22.05.2016 17:00:00,980.75,29.49,8.75,27.38,41.26,11.3,29.97,7.2,11.52,1123.96,1.17,2.16,199.9
22.05.2016 18:00:00,980.52,28.92,9.27,29.32,39.93,11.71,28.22,7.46,11.94,1125.64,0.41,1.22,235.9
22.05.2016 19:00:00,980.02,26.7,10.25,35.63,35.08,12.5,22.58,7.97,12.76,1133.04,2.85,3.92,21.73
22.05.2016 20:00:00,979.91,25.13,10.65,40.16,31.97,12.84,19.13,8.19,13.1,1138.73,1.81,2.84,352.9
22.05.2016 21:00:00,979.91,24.03,11.1,44.18,29.94,13.23,16.71,8.44,13.5,1142.77,2.32,4.1,321.9
22.05.2016 22:00:00,980.84,20.8,11.64,55.73,24.61,13.71,10.89,8.74,13.98,1156.21,3.31,5.66,249.9
22.05.2016 23:00:00,982.67,19.61,10.46,55.45,22.86,12.68,10.18,8.06,12.9,1163.56,2.11,3.16,255.6
23.05.2016 00:00:00,984.14,16.25,12.1,76.4,18.5,14.14,4.37,8.98,14.36,1178.17,2.34,5.21,213.0
23.05.2016 01:00:00,982.21,14.9,11.75,81.4,16.97,13.81,3.16,8.79,14.06,1181.5,4.47,6.55,243.1
23.05.2016 02:00:00,982.56,14.44,12.18,86.3,16.47,14.22,2.26,9.05,14.47,1183.63,2.06,3.28,58.62
23.05.2016 03:00:00,982.66,13.69,12.15,90.4,15.69,14.18,1.51,9.03,14.43,1186.86,0.74,1.32,120.2
23.05.2016 04:00:00,982.63,13.07,12.0,93.2,15.07,14.04,1.02,8.94,14.29,1189.46,1.56,2.32,223.2
23.05.2016 05:00:00,982.56,12.95,12.01,94.0,14.95,14.05,0.9,8.94,14.3,1189.87,1.17,3.2,154.2
23.05.2016 06:00:00,982.57,13.39,11.8,90.1,15.39,13.86,1.52,8.82,14.11,1188.14,1.6,2.88,211.1
23.05.2016 07:00:00,983.0,14.01,12.65,91.5,16.02,14.66,1.36,9.33,14.91,1185.74,1.16,2.6,157.2
23.05.2016 08:00:00,982.99,15.81,12.37,80.0,17.99,14.39,3.6,9.16,14.64,1178.46,1.71,3.32,258.1
23.05.2016 09:00:00,982.79,16.75,12.38,75.4,19.1,14.4,4.7,9.17,14.65,1174.39,1.96,3.88,232.1
23.05.2016 10:00:00,982.83,17.51,12.2,71.0,20.04,14.23,5.81,9.06,14.48,1171.45,2.41,4.97,245.6
23.05.2016 11:00:00,982.66,18.79,12.42,66.45,21.72,14.43,7.29,9.19,14.69,1166.02,1.31,3.36,350.2
23.05.2016 12:00:00,982.99,18.07,12.17,68.41,20.76,14.2,6.56,9.04,14.45,1169.4,1.56,3.08,269.9
23.05.2016 13:00:00,982.98,17.52,11.77,68.96,20.06,13.83,6.23,8.8,14.07,1171.77,2.04,3.4,289.8
23.05.2016 14:00:00,983.06,17.92,11.91,67.89,20.57,13.96,6.6,8.88,14.2,1170.19,0.64,1.4,245.1
23.05.2016 15:00:00,983.13,17.0,11.22,68.74,19.41,13.34,6.07,8.48,13.57,1174.27,2.39,4.96,248.4
23.05.2016 16:00:00,983.0,16.67,10.28,65.93,19.0,12.53,6.47,7.97,12.75,1175.82,2.61,4.56,254.9
23.05.2016 17:00:00,982.67,15.61,10.44,71.3,17.76,12.66,5.1,8.05,12.89,1179.68,3.38,6.29,255.2
23.05.2016 18:00:00,983.38,13.78,11.32,85.1,15.78,13.43,2.35,8.54,13.66,1187.71,2.18,3.24,201.0
23.05.2016 19:00:00,983.41,12.83,11.6,92.2,14.83,13.68,1.16,8.7,13.91,1191.58,3.72,5.21,252.8
23.05.2016 20:00:00,982.93,12.79,11.72,93.2,14.79,13.79,1.01,8.77,14.03,1191.11,4.0,5.55,246.4
23.05.2016 21:00:00,983.56,12.39,11.37,93.5,14.41,13.47,0.94,8.56,13.7,1193.69,1.44,4.04,239.8
23.05.2016 22:00:00,982.76,12.18,11.12,93.2,14.21,13.25,0.97,8.43,13.48,1193.7,4.2,6.33,248.2
23.05.2016 23:00:00,983.05,11.93,10.58,91.4,13.98,12.78,1.2,8.12,13.0,1195.32,5.36,7.25,254.7
24.05.2016 00:00:00,982.98,12.07,10.47,89.9,14.11,12.68,1.42,8.07,12.9,1194.69,3.95,5.77,255.1
24.05.2016 01:00:00,982.66,12.08,10.72,91.4,14.12,12.9,1.21,8.21,13.13,1194.15,4.17,6.69,255.9
24.05.2016 02:00:00,982.52,12.37,11.13,92.1,14.39,13.25,1.14,8.43,13.49,1192.61,4.76,6.69,257.8
24.05.2016 03:00:00,982.69,12.42,11.21,92.3,14.44,13.33,1.11,8.48,13.56,1192.57,4.5,6.21,248.6
24.05.2016 04:00:00,982.78,12.43,11.35,93.1,14.45,13.45,1.0,8.56,13.69,1192.58,3.58,4.75,246.6
24.05.2016 05:00:00,983.04,12.4,11.53,94.4,14.42,13.61,0.81,8.66,13.85,1192.95,1.67,2.8,241.6
24.05.2016 06:00:00,983.01,12.54,11.59,93.9,14.55,13.66,0.89,8.69,13.9,1192.31,3.99,5.13,258.1
24.05.2016 07:00:00,983.42,12.47,11.6,94.4,14.49,13.67,0.81,8.69,13.9,1193.1,2.5,3.68,243.3
24.05.2016 08:00:00,983.77,12.17,11.25,94.1,14.2,13.36,0.84,8.49,13.58,1194.92,2.49,4.85,240.6
24.05.2016 09:00:00,984.21,11.88,10.9,93.7,13.93,13.06,0.88,8.29,13.26,1196.82,2.49,4.08,241.6
24.05.2016 10:00:00,984.58,12.16,10.92,92.1,14.19,13.07,1.12,8.3,13.28,1196.09,2.12,4.12,237.4
24.05.2016 11:00:00,985.05,12.3,10.84,90.8,14.32,13.01,1.32,8.25,13.2,1196.1,1.98,3.58,242.4
24.05.2016 12:00:00,985.39,12.3,10.68,89.8,14.32,12.86,1.46,8.16,13.05,1196.58,1.19,3.08,209.6
24.05.2016 13:00:00,985.74,12.19,10.38,88.7,14.22,12.61,1.61,8.0,12.8,1197.59,1.45,3.32,250.0
24.05.2016 14:00:00,985.81,12.16,10.2,87.8,14.19,12.46,1.73,7.9,12.64,1197.87,2.02,3.76,249.3
24.05.2016 15:00:00,986.03,11.77,9.94,88.5,13.83,12.24,1.59,7.76,12.41,1199.88,2.12,3.96,267.0
24.05.2016 16:00:00,986.39,11.56,9.66,88.1,13.64,12.02,1.62,7.61,12.18,1201.31,1.73,3.4,257.7
24.05.2016 17:00:00,986.43,11.06,9.44,89.7,13.2,11.84,1.36,7.5,12.0,1203.56,2.74,3.8,261.4
24.05.2016 18:00:00,986.69,10.86,9.35,90.4,13.02,11.77,1.25,7.45,11.93,1204.75,2.8,4.73,246.7
24.05.2016 19:00:00,987.09,10.67,9.18,90.5,12.86,11.64,1.22,7.37,11.79,1206.11,3.04,4.24,260.0
24.05.2016 20:00:00,987.06,10.3,9.12,92.4,12.54,11.59,0.95,7.34,11.74,1207.67,2.95,4.75,258.3
24.05.2016 21:00:00,987.87,10.33,9.38,93.8,12.57,11.79,0.78,7.46,11.93,1208.45,0.64,1.16,121.8
24.05.2016 22:00:00,987.91,10.26,9.16,92.9,12.51,11.62,0.89,7.35,11.76,1208.87,1.54,2.72,245.3
24.05.2016 23:00:00,987.97,10.33,9.12,92.2,12.57,11.59,0.98,7.33,11.73,1208.66,0.91,1.64,227.0
25.05.2016 00:00:00,987.69,10.28,9.04,92.0,12.53,11.52,1.0,7.29,11.67,1208.56,1.92,2.66,253.8
25.05.2016 01:00:00,987.73,10.33,8.96,91.2,12.57,11.46,1.11,7.25,11.61,1208.43,1.67,2.56,243.0
25.05.2016 02:00:00,988.02,10.33,8.9,90.8,12.57,11.41,1.16,7.22,11.55,1208.81,1.42,2.28,263.9
25.05.2016 03:00:00,988.01,10.27,8.95,91.5,12.52,11.45,1.06,7.24,11.59,1209.03,1.19,1.8,238.1
25.05.2016 04:00:00,987.91,10.12,9.01,92.8,12.39,11.5,0.89,7.27,11.64,1209.53,1.99,2.88,240.9
25.05.2016 05:00:00,988.18,10.21,9.02,92.3,12.47,11.51,0.96,7.28,11.65,1209.47,1.2,1.76,183.2
25.05.2016 06:00:00,988.3,10.47,8.97,90.4,12.69,11.47,1.22,7.25,11.6,1208.53,0.41,0.96,343.0
25.05.2016 07:00:00,988.5,10.66,9.09,90.0,12.85,11.56,1.28,7.31,11.7,1207.92,0.93,1.58,217.2
25.05.2016 08:00:00,988.64,11.05,9.09,87.7,13.19,11.57,1.62,7.31,11.7,1206.43,0.64,1.56,320.1
25.05.2016 09:00:00,988.5,12.0,9.19,82.9,14.04,11.64,2.4,7.36,11.78,1202.21,1.06,1.92,207.9
25.05.2016 10:00:00,988.61,12.68,9.53,81.1,14.69,11.91,2.78,7.53,12.05,1199.36,0.94,1.64,236.9
25.05.2016 11:00:00,988.71,13.21,9.66,79.0,15.21,12.01,3.19,7.59,12.15,1197.21,1.29,2.08,223.5
25.05.2016 12:00:00,988.75,13.39,9.91,79.4,15.39,12.22,3.17,7.72,12.35,1196.41,2.01,3.56,231.4
25.05.2016 13:00:00,988.57,14.25,10.16,76.4,16.27,12.43,3.84,7.86,12.57,1192.52,1.43,2.12,45.03
25.05.2016 14:00:00,988.55,14.6,10.72,77.5,16.64,12.9,3.74,8.16,13.05,1190.83,0.61,1.34,89.8
25.05.2016 15:00:00,988.66,14.81,10.75,76.6,16.87,12.92,3.95,8.17,13.07,1190.08,0.73,1.72,288.9
25.05.2016 16:00:00,988.55,14.86,10.89,77.1,16.92,13.05,3.88,8.25,13.2,1189.69,0.92,2.12,344.5
25.05.2016 17:00:00,988.21,15.23,10.97,75.7,17.33,13.12,4.21,8.3,13.28,1187.72,0.79,2.48,72.0
25.05.2016 18:00:00,988.37,15.2,11.08,76.4,17.3,13.22,4.08,8.36,13.37,1187.99,0.75,1.68,2.11
25.05.2016 19:00:00,988.38,14.56,11.02,79.3,16.6,13.16,3.44,8.33,13.32,1190.67,0.71,1.58,306.1
25.05.2016 20:00:00,988.88,13.7,10.76,82.4,15.7,12.94,2.76,8.18,13.08,1194.95,1.2,1.68,239.4
25.05.2016 21:00:00,989.26,13.53,10.69,82.9,15.53,12.87,2.66,8.13,13.01,1196.15,0.43,0.92,332.3
25.05.2016 22:00:00,989.43,13.4,10.38,81.9,15.4,12.61,2.79,7.96,12.74,1197.02,0.83,1.12,325.3
25.05.2016 23:00:00,989.73,13.33,10.36,82.2,15.33,12.6,2.73,7.96,12.73,1197.68,0.32,0.68,282.2
26.05.2016 00:00:00,989.94,13.07,10.54,84.6,15.07,12.75,2.32,8.05,12.88,1198.96,0.7,1.04,321.4
26.05.2016 01:00:00,989.85,12.87,10.64,86.3,14.87,12.83,2.04,8.1,12.97,1199.65,0.71,0.96,9.21
26.05.2016 02:00:00,989.59,12.7,11.16,90.3,14.71,13.28,1.43,8.39,13.42,1199.84,0.48,0.92,64.09
26.05.2016 03:00:00,989.31,12.4,10.62,88.9,14.42,12.82,1.6,8.1,12.96,1200.97,0.82,1.12,248.8
26.05.2016 04:00:00,989.48,11.96,10.49,90.7,14.01,12.7,1.3,8.02,12.84,1203.08,1.4,2.48,227.4
26.05.2016 05:00:00,989.74,11.95,10.43,90.4,14.0,12.65,1.34,7.99,12.79,1203.46,0.99,1.88,334.5
26.05.2016 06:00:00,989.98,12.26,10.94,91.6,14.29,13.09,1.2,8.26,13.22,1202.25,0.61,1.08,57.05
26.05.2016 07:00:00,990.33,12.99,11.17,88.7,14.99,13.29,1.69,8.39,13.42,1199.51,0.65,1.08,222.8
26.05.2016 08:00:00,990.57,13.82,11.08,83.5,15.82,13.21,2.61,8.34,13.34,1196.37,0.74,1.26,72.5
26.05.2016 09:00:00,990.54,14.63,10.79,77.7,16.68,12.96,3.72,8.18,13.08,1193.09,0.76,1.48,233.5
26.05.2016 10:00:00,990.69,15.15,10.35,73.0,17.24,12.59,4.66,7.94,12.71,1191.29,1.62,2.68,19.11
26.05.2016 11:00:00,990.58,16.25,10.41,68.27,18.5,12.63,5.87,7.97,12.75,1186.6,1.34,2.78,52.8
26.05.2016 12:00:00,990.39,16.62,10.51,67.16,18.94,12.72,6.22,8.03,12.85,1184.82,2.95,5.7,25.39
26.05.2016 13:00:00,990.51,17.32,10.14,62.67,19.8,12.41,7.39,7.83,12.53,1182.25,2.45,4.2,19.74
26.05.2016 14:00:00,990.47,17.68,9.73,59.58,20.26,12.07,8.19,7.62,12.19,1180.89,1.57,4.08,17.95
26.05.2016 15:00:00,990.21,18.56,9.88,56.97,21.41,12.2,9.21,7.7,12.32,1176.96,1.73,3.72,44.61
26.05.2016 16:00:00,989.93,19.53,9.21,51.23,22.75,11.65,11.09,7.35,11.77,1172.97,1.76,4.12,293.6
26.05.2016 17:00:00,989.67,19.76,9.22,50.57,23.07,11.67,11.41,7.37,11.79,1171.74,1.74,3.12,22.04
26.05.2016 18:00:00,989.6,19.71,8.97,49.86,23.0,11.47,11.53,7.24,11.59,1171.94,1.06,2.44,326.7
26.05.2016 19:00:00,989.47,18.37,8.66,53.09,21.16,11.23,9.93,7.09,11.35,1177.28,0.77,1.36,252.4
26.05.2016 20:00:00,989.86,17.25,8.94,58.04,19.72,11.44,8.27,7.22,11.56,1182.19,0.82,1.6,291.4
26.05.2016 21:00:00,990.3,15.33,9.33,67.38,17.44,11.75,5.69,7.42,11.87,1190.45,0.62,1.2,36.79
26.05.2016 22:00:00,990.52,13.98,9.55,74.6,15.99,11.93,4.06,7.52,12.04,1196.24,0.29,0.68,38.82
26.05.2016 23:00:00,990.47,12.65,9.54,81.3,14.66,11.92,2.74,7.52,12.03,1201.75,0.29,0.56,187.9
27.05.2016 00:00:00,990.36,11.6,8.99,84.0,13.68,11.49,2.19,7.25,11.6,1206.24,1.87,2.72,233.1
27.05.2016 01:00:00,989.97,11.18,8.97,86.2,13.3,11.47,1.84,7.24,11.58,1207.56,0.35,0.82,122.8
27.05.2016 02:00:00,989.82,10.04,8.56,90.5,12.33,11.16,1.17,7.04,11.27,1212.38,0.39,0.68,159.8
27.05.2016 03:00:00,989.68,9.8,8.58,92.1,12.13,11.17,0.96,7.05,11.29,1213.23,0.29,0.64,183.2
27.05.2016 04:00:00,990.12,9.05,8.17,94.2,11.53,10.86,0.67,6.85,10.97,1217.14,0.45,1.2,57.2
27.05.2016 05:00:00,989.79,9.01,7.96,93.1,11.5,10.71,0.79,6.76,10.82,1216.97,1.37,2.04,203.7
27.05.2016 06:00:00,990.2,9.38,8.29,92.9,11.79,10.95,0.84,6.91,11.06,1215.77,0.54,1.0,198.6
27.05.2016 07:00:00,990.36,10.59,8.94,89.5,12.79,11.45,1.34,7.22,11.56,1210.55,0.52,0.96,183.0
27.05.2016 08:00:00,990.33,11.93,9.25,83.6,13.98,11.69,2.29,7.37,11.8,1204.72,0.57,1.16,159.1
27.05.2016 09:00:00,990.35,14.29,10.32,77.0,16.31,12.56,3.75,7.93,12.68,1194.45,0.42,1.04,142.5
27.05.2016 10:00:00,990.22,15.04,10.97,76.6,17.12,13.12,4.01,8.28,13.25,1190.93,0.63,1.32,96.4
27.05.2016 11:00:00,989.98,16.87,11.69,71.5,19.25,13.76,5.49,8.69,13.9,1182.83,1.0,1.88,53.89
27.05.2016 12:00:00,989.56,18.21,12.52,69.36,20.95,14.53,6.42,9.18,14.68,1176.55,3.13,5.06,25.55
27.05.2016 13:00:00,989.69,17.85,12.53,71.0,20.48,14.54,5.94,9.19,14.69,1178.15,3.83,5.0,37.35
27.05.2016 14:00:00,989.86,15.65,13.12,84.9,17.81,15.12,2.69,9.55,15.27,1187.07,5.44,7.85,34.37
27.05.2016 15:00:00,990.2,16.02,12.9,81.7,18.23,14.9,3.34,9.41,15.04,1186.06,4.28,5.73,30.41
27.05.2016 16:00:00,990.47,16.15,12.49,78.9,18.39,14.51,3.88,9.16,14.65,1186.03,3.19,4.89,36.87
27.05.2016 17:00:00,989.99,16.35,12.76,79.3,18.62,14.77,3.85,9.33,14.92,1184.51,2.88,3.94,43.24
27.05.2016 18:00:00,989.9,17.4,12.35,72.2,19.9,14.37,5.53,9.08,14.52,1180.3,2.91,5.69,60.62
27.05.2016 19:00:00,989.73,16.82,11.83,72.4,19.19,13.89,5.3,8.78,14.04,1182.68,2.73,4.16,54.13
27.05.2016 20:00:00,989.87,16.16,11.89,75.8,18.4,13.95,4.45,8.81,14.09,1185.52,2.41,3.06,34.35
27.05.2016 21:00:00,990.38,15.56,11.82,78.4,17.7,13.88,3.82,8.76,14.01,1188.63,1.02,1.56,353.6
27.05.2016 22:00:00,990.04,14.92,11.82,81.7,16.99,13.88,3.11,8.77,14.02,1190.86,0.72,1.36,352.0
27.05.2016 23:00:00,989.85,14.42,11.81,84.3,16.45,13.87,2.58,8.76,14.01,1192.71,0.63,0.92,65.57
28.05.2016 00:00:00,989.35,13.43,11.49,88.0,15.43,13.57,1.85,8.58,13.72,1196.35,0.46,0.72,219.8
28.05.2016 01:00:00,989.24,12.92,11.46,90.8,14.92,13.55,1.37,8.56,13.69,1198.36,0.63,0.96,67.03
28.05.2016 02:00:00,989.22,12.71,11.48,92.2,14.72,13.57,1.15,8.58,13.72,1199.21,0.33,0.72,15.58
28.05.2016 03:00:00,988.83,12.29,11.18,92.9,14.31,13.3,1.02,8.41,13.45,1200.62,0.8,1.18,41.03
28.05.2016 04:00:00,988.83,12.03,11.18,94.5,14.07,13.3,0.77,8.41,13.45,1201.72,0.45,0.74,355.4
28.05.2016 05:00:00,988.97,12.25,11.22,93.4,14.28,13.33,0.94,8.43,13.48,1200.95,0.66,2.04,234.2
28.05.2016 06:00:00,988.98,12.52,11.06,90.8,14.53,13.2,1.34,8.34,13.34,1199.89,0.18,0.4,32.77
28.05.2016 07:00:00,988.88,13.93,11.86,87.3,15.94,13.91,2.02,8.8,14.07,1193.54,0.54,1.16,92.1
28.05.2016 08:00:00,988.98,14.06,12.43,89.9,16.07,14.45,1.62,9.14,14.61,1192.88,2.9,3.84,47.38
28.05.2016 09:00:00,988.7,15.5,12.45,82.0,17.64,14.46,3.17,9.15,14.63,1186.58,1.78,3.12,39.64
28.05.2016 10:00:00,988.47,17.31,13.16,76.6,19.79,15.16,4.63,9.6,15.34,1178.6,2.13,3.76,38.72
28.05.2016 11:00:00,987.9,19.18,13.63,70.2,22.26,15.62,6.63,9.9,15.82,1170.17,2.3,3.76,63.26
28.05.2016 12:00:00,987.6,20.81,14.3,66.3,24.62,16.32,8.3,10.35,16.53,1163.01,1.39,2.16,226.2
28.05.2016 13:00:00,986.98,21.44,14.44,64.35,25.59,16.47,9.12,10.44,16.69,1159.73,2.14,4.16,40.3
28.05.2016 14:00:00,986.47,22.1,14.32,61.35,26.64,16.35,10.3,10.37,16.57,1156.59,2.57,4.36,57.7
28.05.2016 15:00:00,986.2,22.79,14.35,58.93,27.78,16.37,11.41,10.39,16.6,1153.56,2.58,4.52,53.84
28.05.2016 16:00:00,985.56,22.76,14.53,59.75,27.73,16.57,11.16,10.52,16.81,1152.84,2.91,5.38,37.58
28.05.2016 17:00:00,985.33,23.14,14.57,58.52,28.38,16.61,11.77,10.55,16.85,1151.07,3.2,4.28,60.84
28.05.2016 18:00:00,985.42,21.89,14.32,62.15,26.3,16.35,9.96,10.38,16.59,1156.17,2.19,3.16,58.04
28.05.2016 19:00:00,984.79,20.18,15.25,73.3,23.68,17.36,6.32,11.04,17.63,1161.71,2.25,3.0,7.57
28.05.2016 20:00:00,984.6,20.0,15.0,72.9,23.42,17.07,6.35,10.86,17.34,1162.32,2.14,2.44,8.08
28.05.2016 21:00:00,984.9,19.69,14.91,73.9,22.97,16.98,6.0,10.79,17.24,1163.95,2.16,2.68,355.7
28.05.2016 22:00:00,984.43,18.93,14.85,77.2,21.91,16.92,5.0,10.76,17.18,1166.45,1.31,2.28,4.17
28.05.2016 23:00:00,984.07,18.67,14.38,76.1,21.56,16.41,5.15,10.44,16.67,1167.29,1.46,2.12,353.3
29.05.2016 00:00:00,983.46,17.69,14.84,83.4,20.27,16.91,3.37,10.76,17.19,1170.27,0.73,2.18,336.6
29.05.2016 01:00:00,983.11,17.32,14.7,84.6,19.8,16.75,3.05,10.67,17.04,1171.41,2.23,3.56,295.8
29.05.2016 02:00:00,983.23,15.84,14.64,92.6,18.02,16.69,1.33,10.63,16.98,1177.58,3.12,4.61,255.8
29.05.2016 03:00:00,982.86,15.39,14.54,94.7,17.51,16.58,0.93,10.56,16.87,1179.02,1.06,1.64,273.3
29.05.2016 04:00:00,982.42,15.19,14.46,95.4,17.29,16.49,0.8,10.51,16.79,1179.34,0.83,1.2,14.41
29.05.2016 05:00:00,981.85,15.13,14.53,96.2,17.22,16.57,0.65,10.56,16.87,1178.87,0.83,2.08,317.3
29.05.2016 06:00:00,981.55,15.2,14.62,96.3,17.3,16.66,0.64,10.63,16.97,1178.18,0.86,1.52,280.2
29.05.2016 07:00:00,981.6,15.49,14.87,96.1,17.62,16.94,0.69,10.8,17.26,1176.93,0.55,0.88,348.0
29.05.2016 08:00:00,981.67,15.85,14.9,94.1,18.04,16.97,1.06,10.82,17.29,1175.53,1.07,1.76,45.33
29.05.2016 09:00:00,981.54,16.37,15.1,92.2,18.65,17.19,1.45,10.97,17.51,1173.16,1.6,2.8,44.69
29.05.2016 10:00:00,981.86,17.4,15.48,88.5,19.9,17.62,2.29,11.24,17.94,1169.19,0.36,0.96,313.3
29.05.2016 11:00:00,980.91,18.96,16.09,83.4,21.95,18.31,3.64,11.69,18.67,1161.5,1.93,3.28,359.8
29.05.2016 12:00:00,980.39,20.68,16.81,78.5,24.42,19.17,5.25,12.25,19.56,1153.7,2.03,3.52,42.46
29.05.2016 13:00:00,980.36,21.33,17.15,77.1,25.42,19.6,5.82,12.53,19.99,1150.93,2.21,3.4,56.18
29.05.2016 14:00:00,980.02,21.94,17.31,75.0,26.38,19.79,6.6,12.66,20.19,1148.06,3.2,4.36,38.49
29.05.2016 15:00:00,979.5,22.81,17.12,70.3,27.82,19.56,8.26,12.51,19.96,1144.18,2.35,4.24,32.68
29.05.2016 16:00:00,979.26,22.37,17.21,72.6,27.08,19.66,7.42,12.59,20.08,1145.55,1.88,3.44,50.96
29.05.2016 17:00:00,978.77,22.02,17.07,73.5,26.51,19.49,7.03,12.48,19.91,1146.41,1.37,2.6,12.53
29.05.2016 18:00:00,978.46,22.15,17.99,77.3,26.72,20.66,6.07,13.24,21.11,1145.02,2.7,3.76,43.17
29.05.2016 19:00:00,978.04,21.68,17.49,77.1,25.97,20.02,5.95,12.83,20.47,1146.63,4.12,5.56,28.91
29.05.2016 20:00:00,978.18,21.03,17.01,77.8,24.96,19.42,5.54,12.44,19.85,1149.6,2.75,4.2,22.65
29.05.2016 21:00:00,977.73,20.35,16.59,79.0,23.93,18.91,5.03,12.12,19.34,1151.96,2.62,4.78,19.82
29.05.2016 22:00:00,978.06,19.49,17.16,86.4,22.69,19.6,3.09,12.56,20.04,1155.43,5.36,6.49,19.01
29.05.2016 23:00:00,977.89,19.09,17.46,90.3,22.13,19.99,2.15,12.81,20.44,1156.63,4.99,7.05,16.93
30.05.2016 00:00:00,977.33,18.63,17.41,92.6,21.51,19.91,1.59,12.77,20.38,1157.82,1.08,1.52,296.8
30.05.2016 01:00:00,977.1,18.59,16.94,90.1,21.45,19.33,2.12,12.4,19.78,1157.97,1.64,2.56,22.05
30.05.2016 02:00:00,976.13,18.08,16.43,90.1,20.78,18.72,2.06,12.02,19.18,1159.11,3.09,4.75,17.03
30.05.2016 03:00:00,975.84,17.68,16.52,92.9,20.26,18.82,1.44,12.08,19.29,1160.31,4.15,6.81,25.95
30.05.2016 04:00:00,976.03,17.22,16.26,94.1,19.68,18.52,1.16,11.89,18.97,1162.52,2.13,2.96,6.06
30.05.2016 05:00:00,976.17,16.37,15.57,95.0,18.65,17.71,0.93,11.36,18.15,1166.46,4.62,8.57,146.5
30.05.2016 06:00:00,976.56,15.63,15.16,97.0,17.78,17.25,0.53,11.06,17.66,1170.13,1.0,1.88,52.92
30.05.2016 07:00:00,976.68,16.1,15.48,96.1,18.33,17.61,0.71,11.29,18.03,1168.21,1.33,2.32,114.5
30.05.2016 08:00:00,977.1,17.14,15.47,89.9,19.58,17.6,1.98,11.28,18.01,1164.54,2.4,4.26,172.3
30.05.2016 09:00:00,977.48,18.02,14.23,78.5,20.7,16.25,4.45,10.4,16.62,1162.08,4.21,7.97,185.3
30.05.2016 10:00:00,977.93,18.95,13.36,69.99,21.94,15.36,6.58,9.83,15.7,1159.32,3.43,5.61,185.7
30.05.2016 11:00:00,978.05,19.84,13.3,65.94,23.19,15.29,7.9,9.78,15.63,1155.97,4.98,7.69,188.2
30.05.2016 12:00:00,978.62,19.47,12.89,65.7,22.66,14.89,7.77,9.52,15.21,1158.29,4.55,7.37,175.2
30.05.2016 13:00:00,978.72,20.38,13.01,62.6,23.98,15.01,8.97,9.59,15.34,1154.77,3.59,4.86,169.7
30.05.2016 14:00:00,978.85,20.27,12.82,62.26,23.81,14.83,8.99,9.48,15.15,1155.44,3.64,5.22,161.4
30.05.2016 15:00:00,978.52,20.33,13.71,65.71,23.9,15.71,8.2,10.04,16.05,1154.41,3.45,5.2,193.8
30.05.2016 16:00:00,978.84,20.27,13.11,63.45,23.81,15.11,8.7,9.66,15.44,1155.3,4.5,6.2,158.5
30.05.2016 17:00:00,978.98,21.29,13.19,59.9,25.36,15.19,10.17,9.71,15.51,1151.43,4.16,6.81,181.3
30.05.2016 18:00:00,979.51,18.43,12.61,68.84,21.24,14.62,6.62,9.34,14.93,1163.61,4.66,6.56,209.6
30.05.2016 19:00:00,980.12,18.27,13.23,72.4,21.03,15.22,5.8,9.72,15.53,1164.71,2.57,3.64,201.0
30.05.2016 20:00:00,980.66,17.85,13.14,73.9,20.48,15.13,5.34,9.65,15.43,1167.07,2.47,3.62,209.8
30.05.2016 21:00:00,981.13,16.65,13.0,79.0,18.98,14.99,3.99,9.56,15.28,1172.53,1.72,2.64,214.0
30.05.2016 22:00:00,981.43,15.85,12.92,82.7,18.04,14.92,3.12,9.51,15.2,1176.18,1.4,2.04,218.0
30.05.2016 23:00:00,981.71,15.09,12.86,86.5,17.18,14.86,2.32,9.47,15.14,1179.64,1.67,2.38,235.8
31.05.2016 00:00:00,982.13,13.99,12.73,92.1,16.0,14.73,1.26,9.38,15.0,1184.73,0.85,1.96,161.9
31.05.2016 01:00:00,982.36,13.46,12.55,94.2,15.46,14.56,0.9,9.27,14.82,1187.28,0.66,1.32,233.3
31.05.2016 02:00:00,982.43,12.93,12.15,95.0,14.93,14.18,0.75,9.03,14.44,1189.74,0.53,1.12,136.4
31.05.2016 03:00:00,982.68,12.43,11.59,94.6,14.45,13.67,0.78,8.7,13.91,1192.36,0.76,1.88,190.2
31.05.2016 04:00:00,983.02,12.17,11.65,96.6,14.2,13.72,0.48,8.73,13.96,1193.84,0.45,0.88,153.4
31.05.2016 05:00:00,983.59,11.55,10.98,96.3,13.63,13.13,0.5,8.34,13.35,1197.41,0.96,1.2,208.9
31.05.2016 06:00:00,983.59,11.59,10.91,95.6,13.67,13.07,0.6,8.3,13.28,1197.27,0.56,1.04,142.1
31.05.2016 07:00:00,983.86,14.22,12.81,91.2,16.24,14.81,1.43,9.42,15.05,1185.84,0.58,1.48,257.0
31.05.2016 08:00:00,984.24,17.87,13.09,73.6,20.5,15.09,5.41,9.59,15.33,1171.3,1.36,2.8,135.0
31.05.2016 09:00:00,984.16,19.12,10.9,58.88,22.17,13.06,9.12,8.29,13.27,1167.11,2.26,4.84,207.2
31.05.2016 10:00:00,984.2,20.75,12.46,59.03,24.53,14.48,10.05,9.2,14.71,1160.05,1.63,3.4,150.1
31.05.2016 11:00:00,984.2,21.57,11.89,54.06,25.8,13.95,11.85,8.86,14.17,1157.06,0.99,1.8,279.4
31.05.2016 12:00:00,984.41,21.43,11.74,53.97,25.58,13.8,11.77,8.77,14.02,1157.92,1.56,3.16,130.3
31.05.2016 13:00:00,984.17,22.33,12.14,52.47,27.02,14.18,12.84,9.01,14.4,1153.94,2.06,3.44,117.7
31.05.2016 14:00:00,983.75,24.03,12.13,47.31,29.94,14.16,15.78,9.01,14.4,1146.86,2.37,4.76,149.5
31.05.2016 15:00:00,983.83,22.89,12.96,53.5,27.95,14.95,13.0,9.51,15.2,1151.01,1.12,2.4,315.2
31.05.2016 16:00:00,983.61,22.2,13.19,56.64,26.81,15.18,11.62,9.66,15.44,1153.34,1.46,2.52,34.43
31.05.2016 17:00:00,983.75,21.76,13.69,60.11,26.1,15.69,10.41,9.98,15.95,1155.0,1.4,1.84,257.5
31.05.2016 18:00:00,984.02,20.55,14.57,68.55,24.23,16.61,7.62,10.57,16.88,1159.67,2.22,2.76,246.8
31.05.2016 19:00:00,984.21,19.31,14.65,74.4,22.44,16.69,5.74,10.62,16.96,1164.77,3.12,4.34,243.1
31.05.2016 20:00:00,984.35,18.43,13.74,74.1,21.24,15.74,5.5,10.0,15.99,1168.89,4.37,6.21,257.3
31.05.2016 21:00:00,985.06,18.07,13.55,74.9,20.76,15.55,5.21,9.88,15.79,1171.27,1.21,2.14,0.22
31.05.2016 22:00:00,985.07,17.04,13.18,78.0,19.46,15.18,4.28,9.64,15.41,1175.61,1.13,2.0,239.1
31.05.2016 23:00:00,985.19,16.87,13.5,80.5,19.25,15.49,3.75,9.84,15.73,1176.29,0.38,0.76,250.2
01.06.2016 00:00:00,985.09,16.42,13.51,82.9,18.7,15.51,3.2,9.85,15.74,1178.0,0.22,0.56,168.7
01.06.2016 01:00:00,985.19,16.18,13.79,85.7,18.42,15.79,2.63,10.03,16.02,1178.97,0.48,1.32,68.22
01.06.2016 02:00:00,985.2,16.14,14.17,88.1,18.37,16.19,2.19,10.28,16.43,1178.96,0.45,1.16,326.6
01.06.2016 03:00:00,984.98,16.11,14.38,89.5,18.34,16.41,1.93,10.43,16.66,1178.71,0.79,1.88,242.1
01.06.2016 04:00:00,984.81,16.13,14.3,88.9,18.36,16.32,2.04,10.38,16.58,1178.47,0.74,1.2,201.9
01.06.2016 05:00:00,984.89,15.97,14.21,89.3,18.18,16.23,1.94,10.31,16.48,1179.26,0.57,1.12,205.3
01.06.2016 06:00:00,984.94,16.29,14.48,89.0,18.55,16.51,2.04,10.49,16.76,1177.89,0.63,1.28,288.0
01.06.2016 07:00:00,984.93,16.87,14.41,85.4,19.25,16.44,2.81,10.45,16.69,1175.55,1.54,2.44,113.5
01.06.2016 08:00:00,984.99,17.64,14.29,80.7,20.21,16.31,3.9,10.36,16.56,1172.57,0.79,1.96,279.9
01.06.2016 09:00:00,984.7,18.73,14.92,78.5,21.64,16.99,4.65,10.8,17.25,1167.54,1.15,2.28,319.7
01.06.2016 10:00:00,984.59,18.85,14.87,77.7,21.8,16.94,4.86,10.77,17.21,1166.95,1.01,2.74,322.1
01.06.2016 11:00:00,984.7,18.68,14.89,78.6,21.57,16.96,4.62,10.78,17.22,1167.75,1.31,2.48,262.3
01.06.2016 12:00:00,984.47,19.45,14.68,73.9,22.63,16.73,5.91,10.64,16.99,1164.51,1.97,3.48,243.3
01.06.2016 13:00:00,984.4,20.16,15.06,72.5,23.65,17.15,6.5,10.91,17.42,1161.42,1.66,2.92,42.95
01.06.2016 14:00:00,984.22,19.47,15.23,76.5,22.66,17.34,5.33,11.03,17.61,1163.86,1.56,2.28,57.46
01.06.2016 15:00:00,984.21,17.5,15.81,89.8,20.03,17.99,2.04,11.45,18.28,1171.44,1.09,2.16,269.5
01.06.2016 16:00:00,983.8,17.14,15.52,90.2,19.58,17.66,1.92,11.24,17.95,1172.55,1.09,2.22,261.3
01.06.2016 17:00:00,984.3,17.88,15.14,84.0,20.52,17.23,3.28,10.96,17.51,1170.36,0.54,1.06,266.2
01.06.2016 18:00:00,984.35,17.72,14.89,83.5,20.31,16.96,3.35,10.79,17.23,1171.19,1.09,1.46,258.1
01.06.2016 19:00:00,984.63,17.46,14.84,84.6,19.98,16.9,3.08,10.75,17.17,1172.6,0.96,1.36,237.1
01.06.2016 20:00:00,984.65,17.5,15.24,86.6,20.03,17.35,2.68,11.03,17.62,1172.26,0.84,1.4,216.7
01.06.2016 21:00:00,985.0,16.98,13.96,82.4,19.38,15.97,3.41,10.15,16.21,1175.4,0.75,1.8,149.0
01.06.2016 22:00:00,984.79,15.7,13.74,88.1,17.86,15.74,2.13,10.0,15.98,1180.47,0.26,0.42,341.2
01.06.2016 23:00:00,984.82,14.98,13.37,90.1,17.06,15.37,1.69,9.76,15.6,1183.62,1.09,1.46,224.6
02.06.2016 00:00:00,984.86,14.09,12.89,92.5,16.1,14.89,1.21,9.46,15.12,1187.55,0.65,1.32,217.4
02.06.2016 01:00:00,984.62,13.36,12.37,93.7,15.36,14.39,0.97,9.14,14.61,1190.52,1.47,2.16,238.2
02.06.2016 02:00:00,984.58,12.91,12.23,95.6,14.91,14.25,0.66,9.05,14.48,1192.41,0.53,1.46,211.0
02.06.2016 03:00:00,984.37,12.23,11.6,95.9,14.26,13.67,0.58,8.69,13.89,1195.26,0.25,0.68,355.4
02.06.2016 04:00:00,984.54,12.27,11.68,96.2,14.3,13.75,0.54,8.73,13.97,1195.26,0.27,0.68,14.42
02.06.2016 05:00:00,984.36,12.49,11.93,96.4,14.5,13.98,0.52,8.88,14.2,1194.02,0.88,1.28,207.5
02.06.2016 06:00:00,984.2,13.22,12.41,94.8,15.22,14.42,0.79,9.17,14.66,1190.57,0.36,0.76,211.2
02.06.2016 07:00:00,984.57,13.97,12.94,93.5,15.98,14.94,1.04,9.49,15.17,1187.68,0.62,1.2,125.0
02.06.2016 08:00:00,984.58,14.7,13.73,93.9,16.75,15.73,1.02,10.0,15.98,1184.32,0.48,0.92,192.5
02.06.2016 09:00:00,984.44,15.11,14.12,93.8,17.2,16.13,1.07,10.26,16.39,1182.28,0.84,1.74,80.4
02.06.2016 10:00:00,984.7,15.25,14.47,95.1,17.36,16.5,0.85,10.49,16.76,1181.85,1.13,1.96,174.3
02.06.2016 11:00:00,984.21,15.73,13.71,87.8,17.9,15.71,2.18,9.99,15.97,1179.65,1.94,2.88,219.7
02.06.2016 12:00:00,984.57,15.85,14.18,89.8,18.04,16.2,1.84,10.3,16.45,1179.38,1.24,2.08,80.3
02.06.2016 13:00:00,984.45,16.27,14.28,88.0,18.53,16.3,2.22,10.37,16.56,1177.47,0.66,1.02,238.1
02.06.2016 14:00:00,984.33,17.26,14.5,83.8,19.73,16.53,3.2,10.51,16.8,1173.21,0.89,1.44,230.9
02.06.2016 15:00:00,984.04,18.97,14.4,74.8,21.97,16.43,5.54,10.45,16.7,1166.04,0.9,1.52,232.8
02.06.2016 16:00:00,983.89,20.39,13.54,64.74,23.99,15.53,8.46,9.88,15.79,1160.63,1.57,1.96,211.1
02.06.2016 17:00:00,983.7,20.44,12.72,61.18,24.07,14.72,9.34,9.36,14.97,1160.57,0.73,1.92,129.2
02.06.2016 18:00:00,983.91,19.27,14.67,74.7,22.38,16.72,5.66,10.64,16.99,1164.56,1.29,1.96,264.3
02.06.2016 19:00:00,984.24,19.42,15.1,76.1,22.59,17.19,5.4,10.94,17.47,1164.15,1.57,2.0,240.8
02.06.2016 20:00:00,984.44,18.12,14.77,80.8,20.83,16.83,4.0,10.7,17.1,1169.75,0.93,1.16,349.6
02.06.2016 21:00:00,985.32,16.95,14.67,86.4,19.35,16.71,2.63,10.62,16.96,1175.57,1.07,2.48,190.3
02.06.2016 22:00:00,984.93,16.55,12.31,76.0,18.86,14.33,4.53,9.1,14.55,1177.81,1.71,2.4,0.87
02.06.2016 23:00:00,985.12,15.8,12.66,81.6,17.98,14.67,3.31,9.32,14.89,1180.94,0.51,0.88,261.4
03.06.2016 00:00:00,985.16,15.07,12.59,85.1,17.16,14.6,2.56,9.27,14.82,1184.01,1.19,2.28,329.0
03.06.2016 01:00:00,985.13,14.5,12.47,87.6,16.54,14.49,2.05,9.2,14.7,1186.37,1.59,2.12,244.1
03.06.2016 02:00:00,984.97,14.31,12.74,90.3,16.33,14.75,1.58,9.37,14.97,1186.84,1.16,1.72,234.8
03.06.2016 03:00:00,984.81,13.87,12.89,93.8,15.87,14.89,0.98,9.46,15.12,1188.4,0.66,0.8,219.7
03.06.2016 04:00:00,984.7,13.8,12.8,93.7,15.8,14.81,1.0,9.41,15.04,1188.6,0.24,0.52,317.4
03.06.2016 05:00:00,984.8,13.73,12.91,94.8,15.73,14.91,0.82,9.47,15.14,1188.96,0.24,0.56,334.7
03.06.2016 06:00:00,984.74,13.88,13.11,95.1,15.88,15.11,0.78,9.6,15.34,1188.18,0.93,1.28,211.7
03.06.2016 07:00:00,984.9,14.72,14.15,96.4,16.77,16.17,0.6,10.27,16.42,1184.42,0.39,0.86,135.0
03.06.2016 08:00:00,984.94,15.42,14.79,96.0,17.55,16.84,0.7,10.71,17.1,1181.29,0.57,1.24,122.3
03.06.2016 09:00:00,984.94,15.63,14.91,95.5,17.78,16.98,0.8,10.8,17.24,1180.36,1.46,2.46,37.17
03.06.2016 10:00:00,984.8,17.09,15.37,89.6,19.52,17.49,2.03,11.12,17.76,1174.03,1.72,3.16,42.38
03.06.2016 11:00:00,984.55,18.53,15.08,80.3,21.37,17.16,4.21,10.91,17.43,1168.08,3.78,4.93,49.02
03.06.2016 12:00:00,984.57,18.6,15.32,81.2,21.47,17.43,4.04,11.09,17.7,1167.71,1.56,2.6,55.47
03.06.2016 13:00:00,984.15,20.6,15.18,71.1,24.3,17.28,7.02,10.99,17.56,1159.32,3.63,5.16,43.52
03.06.2016 14:00:00,983.92,19.41,14.95,75.4,22.58,17.02,5.55,10.83,17.3,1163.88,2.1,3.68,88.4
03.06.2016 15:00:00,984.08,18.18,15.86,86.3,20.91,18.04,2.86,11.48,18.33,1168.53,0.71,1.84,242.5
03.06.2016 16:00:00,984.39,17.67,15.68,88.1,20.25,17.84,2.41,11.35,18.12,1171.04,1.81,2.84,57.89
03.06.2016 17:00:00,984.12,19.48,16.21,81.4,22.68,18.46,4.22,11.75,18.76,1163.19,1.73,3.32,42.08
03.06.2016 18:00:00,984.35,17.05,15.29,89.4,19.47,17.4,2.06,11.07,17.68,1173.69,1.3,1.78,24.41
03.06.2016 19:00:00,984.58,17.49,15.27,86.8,20.02,17.38,2.64,11.05,17.65,1172.2,2.97,3.96,32.6
03.06.2016 20:00:00,984.57,17.2,14.88,86.2,19.65,16.94,2.71,10.77,17.21,1173.56,1.0,2.36,359.9
03.06.2016 21:00:00,985.02,17.2,14.57,84.5,19.65,16.61,3.05,10.55,16.86,1174.25,2.27,3.36,21.03
03.06.2016 22:00:00,985.41,16.78,14.64,87.2,19.14,16.69,2.45,10.6,16.94,1176.38,0.95,1.92,349.7
03.06.2016 23:00:00,985.42,16.13,14.97,92.8,18.36,17.04,1.32,10.83,17.29,1178.88,0.56,1.3,56.92
04.06.2016 00:00:00,985.5,15.93,14.7,92.4,18.13,16.75,1.38,10.64,17.0,1179.92,0.21,0.4,42.81
04.06.2016 01:00:00,985.54,15.52,14.51,93.7,17.66,16.55,1.11,10.51,16.79,1181.74,1.49,1.84,31.01
04.06.2016 02:00:00,985.68,15.27,14.41,94.6,17.38,16.44,0.94,10.44,16.68,1182.98,1.38,1.88,354.4
04.06.2016 03:00:00,985.68,15.07,14.19,94.5,17.16,16.21,0.94,10.29,16.45,1183.9,0.51,1.02,23.24
04.06.2016 04:00:00,985.67,14.88,14.15,95.4,16.95,16.17,0.78,10.27,16.4,1184.69,0.7,1.08,69.55
04.06.2016 05:00:00,985.93,14.98,14.43,96.5,17.06,16.46,0.6,10.45,16.69,1184.46,0.34,0.56,57.68
04.06.2016 06:00:00,985.96,15.49,14.66,94.8,17.62,16.71,0.92,10.61,16.95,1182.29,0.27,0.72,183.1
04.06.2016 07:00:00,986.25,16.79,15.11,89.8,19.15,17.2,1.95,10.92,17.44,1177.12,0.96,1.52,153.0
04.06.2016 08:00:00,986.38,18.19,15.5,84.3,20.92,17.64,3.28,11.2,17.88,1171.42,0.68,1.52,160.3
04.06.2016 09:00:00,986.55,19.17,15.56,79.6,22.24,17.71,4.54,11.24,17.95,1167.66,0.85,1.62,156.7
04.06.2016 10:00:00,986.54,19.96,15.38,74.9,23.36,17.5,5.86,11.11,17.74,1164.6,0.81,1.56,209.2
04.06.2016 11:00:00,986.54,21.13,15.18,68.82,25.11,17.28,7.83,10.97,17.52,1160.07,1.68,3.0,44.32
04.06.2016 12:00:00,986.62,20.74,15.0,69.65,24.51,17.07,7.44,10.84,17.31,1161.79,3.48,4.48,30.53
04.06.2016 13:00:00,986.54,21.24,13.73,62.21,25.28,15.73,9.55,9.98,15.94,1160.33,1.91,3.42,44.61
04.06.2016 14:00:00,986.29,22.03,14.65,62.92,26.53,16.69,9.84,10.59,16.92,1156.5,1.52,3.0,37.44
04.06.2016 15:00:00,986.29,20.95,15.54,71.2,24.83,17.68,7.15,11.23,17.93,1160.3,2.22,5.64,109.3
04.06.2016 16:00:00,986.08,19.76,15.8,77.9,23.07,17.97,5.1,11.42,18.23,1164.63,1.13,1.72,231.3
04.06.2016 17:00:00,986.08,22.35,15.76,66.29,27.05,17.93,9.12,11.39,18.19,1154.44,0.94,1.96,159.0
04.06.2016 18:00:00,986.04,20.51,16.86,79.6,24.17,19.24,4.93,12.23,19.51,1161.04,0.41,0.72,261.0
04.06.2016 19:00:00,986.38,19.28,17.24,88.0,22.4,19.71,2.69,12.52,19.98,1166.12,0.94,1.44,207.6
04.06.2016 20:00:00,986.71,19.07,16.8,86.7,22.1,19.16,2.94,12.17,19.42,1167.6,0.62,1.04,191.5
04.06.2016 21:00:00,987.57,18.24,16.41,89.1,20.99,18.7,2.29,11.86,18.93,1172.16,0.4,0.92,218.9
04.06.2016 22:00:00,987.93,17.65,15.62,87.9,20.22,17.77,2.45,11.27,17.99,1175.39,1.02,2.26,268.8
04.06.2016 23:00:00,988.12,17.18,15.34,88.9,19.63,17.45,2.18,11.06,17.66,1177.67,1.22,2.24,256.5
05.06.2016 00:00:00,988.32,16.31,15.11,92.6,18.57,17.2,1.37,10.9,17.4,1181.56,0.7,1.0,211.7
05.06.2016 01:00:00,988.38,15.55,14.51,93.5,17.69,16.54,1.15,10.48,16.74,1185.04,0.33,0.88,327.3
05.06.2016 02:00:00,988.36,14.92,14.05,94.5,16.99,16.06,0.93,10.17,16.25,1187.83,1.49,1.92,230.3
05.06.2016 03:00:00,988.5,14.04,13.56,96.9,16.05,15.55,0.5,9.84,15.73,1191.87,1.3,1.52,220.0
05.06.2016 04:00:00,988.71,14.19,13.91,98.2,16.21,15.92,0.29,10.07,16.1,1191.34,1.14,1.92,220.0
05.06.2016 05:00:00,988.95,13.85,13.63,98.6,15.85,15.63,0.22,9.89,15.81,1193.17,1.52,2.16,228.7
05.06.2016 06:00:00,989.34,13.96,13.76,98.7,15.97,15.76,0.21,9.97,15.93,1193.13,0.9,1.44,206.6
05.06.2016 07:00:00,989.61,14.26,14.09,98.9,16.28,16.1,0.18,10.18,16.27,1192.05,0.32,0.68,253.5
05.06.2016 08:00:00,990.11,15.75,15.37,97.6,17.92,17.49,0.43,11.06,17.67,1185.88,0.73,1.52,162.2
05.06.2016 09:00:00,990.15,18.45,17.57,94.6,21.26,20.12,1.15,12.73,20.32,1173.76,1.3,2.28,64.95
05.06.2016 10:00:00,990.14,21.47,14.54,64.65,25.64,16.58,9.06,10.48,16.74,1163.3,1.81,3.36,55.2
05.06.2016 11:00:00,990.23,22.64,14.72,60.91,27.53,16.77,10.76,10.6,16.94,1158.72,2.6,3.56,48.57
05.06.2016 12:00:00,990.09,24.15,14.79,55.87,30.16,16.85,13.31,10.65,17.02,1152.63,1.11,2.16,13.07
05.06.2016 13:00:00,989.68,24.43,14.01,52.22,30.67,16.01,14.65,10.13,16.18,1151.44,3.16,6.12,49.14
05.06.2016 14:00:00,989.73,25.34,13.32,47.31,32.38,15.32,17.06,9.68,15.48,1148.29,3.19,4.52,68.01
05.06.2016 15:00:00,989.36,25.46,13.28,46.85,32.61,15.28,17.33,9.66,15.44,1147.42,3.95,6.0,41.89
05.06.2016 16:00:00,988.98,26.07,13.52,45.9,33.81,15.52,18.29,9.82,15.69,1144.53,3.07,5.44,25.36
05.06.2016 17:00:00,989.16,25.58,14.4,50.02,32.84,16.43,16.41,10.39,16.61,1146.22,2.13,4.44,21.42
05.06.2016 18:00:00,989.61,24.77,15.14,55.07,31.3,17.23,14.06,10.9,17.42,1149.5,0.83,1.96,326.6
05.06.2016 19:00:00,990.05,23.27,14.75,58.75,28.6,16.8,11.8,10.63,16.97,1156.03,0.89,1.86,173.5
05.06.2016 20:00:00,990.49,22.12,14.19,60.76,26.68,16.21,10.47,10.24,16.36,1161.31,1.61,2.1,341.1
05.06.2016 21:00:00,991.41,19.77,14.92,73.6,23.09,16.99,6.1,10.73,17.14,1171.37,0.96,1.68,199.4
05.06.2016 22:00:00,991.82,18.3,14.58,78.9,21.07,16.62,4.44,10.49,16.76,1177.94,0.67,1.84,300.5
05.06.2016 23:00:00,992.03,16.99,14.01,82.6,19.39,16.02,3.37,10.11,16.15,1183.78,2.11,2.8,242.1
06.06.2016 00:00:00,992.17,16.19,14.06,87.2,18.43,16.07,2.36,10.14,16.2,1187.2,0.22,0.92,25.29
06.06.2016 01:00:00,992.2,15.55,13.66,88.5,17.69,15.66,2.03,9.87,15.78,1190.06,0.8,1.16,194.4
06.06.2016 02:00:00,992.3,14.72,13.47,92.2,16.77,15.46,1.31,9.75,15.58,1193.7,0.53,1.04,179.0
06.06.2016 03:00:00,992.31,13.87,12.97,94.3,15.87,14.97,0.9,9.44,15.09,1197.47,0.13,0.54,0.44
06.06.2016 04:00:00,992.51,13.27,12.87,97.4,15.27,14.87,0.4,9.37,14.98,1200.27,1.2,1.64,214.0
06.06.2016 05:00:00,992.8,13.0,12.74,98.3,15.0,14.74,0.25,9.29,14.85,1201.81,1.2,1.68,211.8
06.06.2016 06:00:00,993.17,13.27,13.05,98.6,15.27,15.05,0.21,9.48,15.16,1200.99,0.99,1.88,186.7
06.06.2016 07:00:00,993.41,13.98,13.75,98.5,15.99,15.75,0.24,9.92,15.85,1197.99,0.56,1.04,150.3
06.06.2016 08:00:00,993.64,18.05,17.32,95.5,20.74,19.8,0.93,12.49,19.93,1179.68,0.74,1.4,88.9
06.06.2016 09:00:00,993.67,20.51,16.03,75.5,24.17,18.25,5.92,11.5,18.36,1170.54,2.19,3.24,72.1
06.06.2016 10:00:00,993.88,22.34,16.14,67.96,27.04,18.37,8.66,11.58,18.49,1163.48,2.98,4.4,47.15
06.06.2016 11:00:00,993.91,23.13,15.45,62.0,28.36,17.58,10.78,11.08,17.69,1160.76,3.74,5.92,47.89
06.06.2016 12:00:00,993.88,23.92,15.41,58.96,29.74,17.54,12.21,11.05,17.64,1157.66,4.33,6.48,46.21
06.06.2016 13:00:00,993.72,24.43,13.8,51.52,30.67,15.8,14.87,9.95,15.9,1156.26,4.64,6.52,37.06
06.06.2016 14:00:00,993.41,24.49,13.0,48.73,30.78,15.0,15.78,9.44,15.1,1156.02,5.34,7.85,45.31
06.06.2016 15:00:00,993.55,24.63,12.78,47.62,31.04,14.78,16.26,9.3,14.87,1155.73,5.88,9.69,48.24
06.06.2016 16:00:00,993.53,24.65,12.6,47.02,31.07,14.61,16.46,9.2,14.71,1155.71,5.13,7.73,32.38
06.06.2016 17:00:00,993.52,24.62,13.2,48.99,31.02,15.2,15.82,9.57,15.29,1155.56,4.5,7.2,39.5
06.06.2016 18:00:00,993.9,23.53,12.97,51.51,29.05,14.97,14.09,9.42,15.06,1160.35,4.07,5.92,63.1
06.06.2016 19:00:00,994.27,23.02,12.33,50.96,28.17,14.36,13.82,9.03,14.44,1163.05,3.68,5.32,66.32
06.06.2016 20:00:00,994.55,21.63,12.26,55.2,25.89,14.29,11.6,8.99,14.37,1168.89,1.96,3.0,58.63
06.06.2016 21:00:00,994.92,19.91,12.11,60.72,23.29,14.14,9.15,8.89,14.21,1176.27,0.52,0.88,34.9
06.06.2016 22:00:00,995.22,18.25,12.0,66.87,21.0,14.04,6.96,8.82,14.11,1183.37,0.42,0.86,248.1
06.06.2016 23:00:00,995.34,16.47,11.93,74.5,18.76,13.98,4.78,8.78,14.04,1190.82,0.37,0.8,20.57
07.06.2016 00:00:00,995.5,15.09,11.73,80.3,17.18,13.79,3.38,8.66,13.86,1196.8,0.31,0.8,53.23
07.06.2016 01:00:00,995.63,13.75,11.06,83.8,15.75,13.2,2.55,8.29,13.26,1202.81,0.27,0.6,114.1
07.06.2016 02:00:00,995.99,13.13,10.4,83.5,15.13,12.63,2.5,7.93,12.68,1206.12,0.38,0.88,205.5
07.06.2016 03:00:00,995.93,12.22,10.11,86.9,14.25,12.38,1.87,7.77,12.43,1210.01,1.03,1.68,219.4
07.06.2016 04:00:00,995.89,11.27,9.96,91.6,13.38,12.26,1.12,7.69,12.31,1214.05,0.43,1.0,141.3
07.06.2016 05:00:00,996.12,12.21,9.94,86.0,14.24,12.25,1.99,7.68,12.29,1210.35,0.58,0.96,155.4
07.06.2016 06:00:00,996.38,14.22,10.62,78.9,16.24,12.81,3.43,8.04,12.86,1201.93,0.78,1.52,144.8
07.06.2016 07:00:00,996.59,15.84,11.2,73.9,18.02,13.32,4.7,8.36,13.37,1195.22,0.75,1.68,118.5
07.06.2016 08:00:00,996.76,18.75,11.85,64.16,21.67,13.9,7.77,8.72,13.95,1183.25,0.89,1.52,137.2
07.06.2016 09:00:00,996.62,21.0,12.4,57.88,24.91,14.42,10.49,9.05,14.47,1173.79,0.95,2.2,127.8
07.06.2016 10:00:00,996.52,22.47,10.11,45.44,27.25,12.38,14.87,7.77,12.43,1168.75,1.3,3.36,145.5
07.06.2016 11:00:00,996.37,23.41,10.58,44.3,28.84,12.78,16.07,8.02,12.82,1164.69,2.32,4.72,122.1
07.06.2016 12:00:00,996.08,23.61,10.12,42.44,29.19,12.39,16.8,7.77,12.44,1163.74,3.25,4.76,83.8
07.06.2016 13:00:00,995.74,24.07,10.0,40.95,30.01,12.29,17.72,7.71,12.34,1161.59,3.83,5.2,55.0
07.06.2016 14:00:00,995.28,24.46,9.52,38.74,30.72,11.9,18.82,7.47,11.96,1159.69,3.42,5.2,66.96
07.06.2016 15:00:00,994.97,24.81,9.43,37.72,31.37,11.83,19.54,7.43,11.89,1158.0,2.36,5.36,71.2
07.06.2016 16:00:00,994.25,24.99,9.78,38.2,31.71,12.11,19.6,7.61,12.18,1156.33,3.35,4.86,56.46
07.06.2016 17:00:00,993.9,24.74,9.68,38.51,31.24,12.03,19.21,7.56,12.1,1156.93,3.52,5.4,59.83
07.06.2016 18:00:00,993.66,24.57,9.25,37.79,30.92,11.69,19.24,7.35,11.76,1157.47,2.98,4.08,69.1
07.06.2016 19:00:00,993.89,23.12,11.02,46.42,28.34,13.16,15.19,8.28,13.24,1162.75,2.06,3.64,55.4
07.06.2016 20:00:00,994.02,21.91,10.58,48.53,26.34,12.78,13.56,8.04,12.86,1167.83,0.82,1.24,29.44
07.06.2016 21:00:00,994.29,19.67,11.54,59.39,22.95,13.63,9.32,8.57,13.71,1176.72,0.42,0.88,53.14
07.06.2016 22:00:00,994.22,17.67,11.59,67.52,20.25,13.67,6.58,8.6,13.75,1184.7,0.46,0.8,38.74
07.06.2016 23:00:00,994.32,16.43,10.62,68.47,18.72,12.82,5.9,8.06,12.89,1190.28,2.26,3.12,236.3
08.06.2016 00:00:00,994.15,15.18,10.05,71.4,17.28,12.34,4.94,7.75,12.41,1195.46,0.9,1.4,221.7
08.06.2016 01:00:00,993.81,13.95,10.01,77.1,15.96,12.3,3.65,7.74,12.38,1200.18,1.08,1.76,190.1
08.06.2016 02:00:00,993.34,13.1,9.51,78.8,15.1,11.9,3.2,7.48,11.98,1203.36,0.49,1.04,205.0
08.06.2016 03:00:00,992.93,12.33,9.87,84.9,14.35,12.19,2.17,7.67,12.27,1205.97,0.46,1.04,330.6
08.06.2016 04:00:00,992.97,11.17,9.36,88.6,13.29,11.78,1.52,7.41,11.86,1211.13,0.78,1.08,153.2
08.06.2016 05:00:00,993.04,12.22,9.73,84.7,14.25,12.07,2.18,7.59,12.15,1206.62,0.23,0.6,120.0
08.06.2016 06:00:00,992.89,12.16,9.77,85.3,14.19,12.11,2.09,7.62,12.19,1206.68,0.49,0.84,208.3
08.06.2016 07:00:00,992.8,15.63,10.52,71.6,17.78,12.73,5.05,8.02,12.83,1191.78,0.72,1.34,146.5
08.06.2016 08:00:00,992.45,18.61,11.8,64.51,21.48,13.86,7.62,8.73,13.96,1178.69,0.95,1.8,149.4
08.06.2016 09:00:00,992.2,19.99,12.97,63.96,23.41,14.97,8.44,9.44,15.09,1172.34,1.78,2.72,72.2
08.06.2016 10:00:00,992.06,21.08,13.66,62.56,25.03,15.66,9.37,9.88,15.79,1167.52,1.74,4.28,327.2
08.06.2016 11:00:00,991.57,22.19,14.08,60.06,26.79,16.09,10.7,10.16,16.23,1162.37,1.44,3.24,310.6
08.06.2016 12:00:00,991.27,22.85,12.03,50.46,27.88,14.07,13.81,8.88,14.19,1160.32,1.7,2.96,323.4
08.06.2016 13:00:00,990.43,23.74,12.66,49.86,29.42,14.67,14.75,9.27,14.81,1155.59,1.2,2.88,347.8
08.06.2016 14:00:00,989.8,24.05,11.75,46.07,29.98,13.81,16.17,8.72,13.95,1154.03,2.01,3.92,23.56
08.06.2016 15:00:00,989.37,24.72,11.99,44.99,31.2,14.04,17.16,8.87,14.19,1150.83,1.5,3.24,64.78
08.06.2016 16:00:00,989.13,24.81,12.59,46.53,31.37,14.6,16.77,9.23,14.76,1149.95,1.61,3.2,268.9
08.06.2016 17:00:00,988.99,23.12,13.77,55.65,28.34,15.77,12.57,9.98,15.95,1155.82,2.07,5.18,26.7
08.06.2016 18:00:00,988.89,22.34,14.07,59.47,27.04,16.08,10.96,10.18,16.26,1158.62,0.9,1.92,24.24
08.06.2016 19:00:00,988.97,22.02,13.14,57.1,26.51,15.14,11.37,9.58,15.31,1160.39,1.05,1.56,241.3
08.06.2016 20:00:00,989.48,20.15,12.78,62.53,23.64,14.78,8.86,9.34,14.94,1168.56,0.77,1.56,309.7
08.06.2016 21:00:00,989.83,18.3,11.48,64.43,21.07,13.57,7.49,8.57,13.71,1176.94,1.08,3.64,347.0
08.06.2016 22:00:00,990.56,16.35,11.42,72.6,18.62,13.52,5.1,8.53,13.65,1185.77,3.75,6.09,23.76
08.06.2016 23:00:00,991.25,14.87,11.27,79.0,16.94,13.38,3.56,8.44,13.5,1192.76,0.97,2.04,28.32
09.06.2016 00:00:00,991.33,13.87,10.5,80.1,15.87,12.72,3.16,8.02,12.83,1197.32,0.45,1.08,37.67
09.06.2016 01:00:00,991.16,13.78,10.45,80.3,15.78,12.67,3.11,7.99,12.79,1197.5,1.04,1.56,232.8
09.06.2016 02:00:00,990.82,13.98,10.65,80.3,15.99,12.84,3.15,8.1,12.96,1196.18,0.87,1.88,216.3
09.06.2016 03:00:00,990.59,13.14,10.25,82.6,15.14,12.5,2.63,7.89,12.62,1199.57,1.28,2.74,219.2
09.06.2016 04:00:00,990.59,12.59,10.12,84.9,14.6,12.4,2.2,7.82,12.51,1201.92,0.73,1.24,306.0
09.06.2016 05:00:00,990.81,12.16,10.15,87.5,14.19,12.42,1.77,7.83,12.53,1203.99,1.04,1.84,351.5
09.06.2016 06:00:00,990.96,12.35,10.32,87.4,14.37,12.56,1.81,7.92,12.68,1203.31,0.93,2.04,24.44
09.06.2016 07:00:00,990.95,14.39,10.26,76.2,16.42,12.51,3.91,7.89,12.63,1194.78,1.53,2.74,274.1
09.06.2016 08:00:00,990.87,13.82,9.85,76.9,15.82,12.17,3.65,7.67,12.28,1197.22,0.92,2.6,340.1
09.06.2016 09:00:00,990.98,14.67,9.97,73.4,16.72,12.27,4.45,7.74,12.38,1193.77,1.31,2.88,323.5
09.06.2016 10:00:00,990.84,14.77,10.15,73.8,16.83,12.42,4.41,7.83,12.53,1193.12,1.63,3.4,296.6
09.06.2016 11:00:00,990.72,16.03,10.4,69.22,18.25,12.63,5.62,7.97,12.75,1187.68,2.21,4.02,248.0
09.06.2016 12:00:00,990.66,16.62,9.93,64.6,18.94,12.24,6.71,7.72,12.35,1185.37,2.4,4.04,39.4
09.06.2016 13:00:00,990.49,16.58,10.51,67.31,18.9,12.72,6.18,8.03,12.84,1185.11,2.31,4.32,26.58
09.06.2016 14:00:00,990.14,17.14,10.59,65.31,19.58,12.79,6.79,8.07,12.91,1182.37,2.96,5.04,26.36
09.06.2016 15:00:00,989.83,17.52,11.28,66.78,20.06,13.39,6.66,8.46,13.53,1180.18,2.81,4.96,28.93
09.06.2016 16:00:00,989.54,17.56,11.05,65.58,20.11,13.19,6.92,8.33,13.33,1179.76,2.3,3.96,8.33
09.06.2016 17:00:00,989.27,17.82,11.23,65.29,20.44,13.34,7.09,8.43,13.49,1178.31,0.69,1.8,313.9
09.06.2016 18:00:00,989.02,18.96,11.21,60.71,21.95,13.33,8.63,8.43,13.48,1173.42,1.02,2.32,286.5
09.06.2016 19:00:00,988.75,18.44,11.12,62.33,21.25,13.25,8.01,8.38,13.4,1175.23,1.11,2.34,253.9
09.06.2016 20:00:00,988.36,16.58,11.04,69.76,18.9,13.18,5.71,8.34,13.34,1182.33,2.19,2.52,257.3
09.06.2016 21:00:00,988.74,15.82,10.67,71.4,18.0,12.85,5.15,8.13,13.0,1186.05,2.3,3.0,246.2
09.06.2016 22:00:00,988.93,15.11,10.38,73.3,17.2,12.61,4.59,7.97,12.75,1189.31,1.61,2.6,239.9
09.06.2016 23:00:00,988.87,14.09,10.26,77.7,16.1,12.51,3.59,7.91,12.65,1193.51,1.29,2.82,240.6
10.06.2016 00:00:00,988.56,13.61,9.91,78.3,15.61,12.22,3.39,7.73,12.36,1195.26,2.14,4.04,241.3
10.06.2016 01:00:00,988.3,11.9,9.79,86.9,13.95,12.12,1.83,7.67,12.27,1202.16,0.39,0.92,165.3
10.06.2016 02:00:00,988.05,10.91,9.5,91.0,13.06,11.89,1.18,7.52,12.03,1206.15,0.4,0.88,59.91
10.06.2016 03:00:00,987.77,10.35,9.14,92.2,12.59,11.6,0.98,7.34,11.75,1208.32,0.57,1.78,197.8
10.06.2016 04:00:00,987.53,9.56,8.63,93.9,11.94,11.21,0.73,7.09,11.35,1211.59,0.63,1.24,159.5
10.06.2016 05:00:00,987.45,9.59,8.67,94.0,11.96,11.24,0.72,7.11,11.39,1211.35,0.62,1.36,155.7
10.06.2016 06:00:00,987.27,10.66,9.09,90.0,12.85,11.56,1.28,7.32,11.71,1206.41,0.9,1.52,142.9
10.06.2016 07:00:00,987.08,13.2,10.07,81.3,15.2,12.35,2.84,7.82,12.52,1195.11,0.94,1.8,167.1
10.06.2016 08:00:00,986.89,15.19,11.21,77.1,17.29,13.33,3.96,8.44,13.51,1186.19,1.57,3.74,251.4
10.06.2016 09:00:00,986.95,16.46,10.33,67.02,18.75,12.57,6.18,7.96,12.73,1181.41,2.51,5.53,310.0
10.06.2016 10:00:00,986.58,17.53,9.57,59.5,20.07,11.94,8.13,7.56,12.1,1176.9,1.86,4.48,262.0
10.06.2016 11:00:00,986.27,18.3,8.94,54.32,21.07,11.44,9.62,7.25,11.6,1173.65,2.26,4.84,255.6
10.06.2016 12:00:00,986.12,19.16,6.9,44.81,22.23,9.96,12.27,6.31,10.1,1170.68,2.17,4.86,344.6
10.06.2016 13:00:00,985.85,19.73,6.42,41.84,23.03,9.64,13.4,6.1,9.77,1168.23,2.12,4.36,281.6
10.06.2016 14:00:00,985.45,19.9,4.55,36.35,23.28,8.46,14.81,5.36,8.59,1167.6,2.08,4.2,302.3
10.06.2016 15:00:00,985.1,21.48,4.87,33.71,25.65,8.65,17.01,5.48,8.78,1160.84,1.06,3.12,252.1
10.06.2016 16:00:00,984.71,21.52,4.64,33.09,25.72,8.51,17.21,5.39,8.64,1160.29,1.73,4.32,284.3
10.06.2016 17:00:00,984.45,21.61,5.61,35.23,25.86,9.11,16.75,5.78,9.25,1159.36,1.22,2.52,325.1
10.06.2016 18:00:00,984.17,21.77,5.66,35.01,26.11,9.14,16.97,5.8,9.29,1158.38,0.79,2.4,304.0
10.06.2016 19:00:00,984.04,20.72,6.04,38.34,24.48,9.39,15.1,5.96,9.54,1162.26,0.73,1.98,252.5
10.06.2016 20:00:00,984.06,18.52,5.93,43.6,21.36,9.31,12.05,5.91,9.46,1171.08,1.83,2.48,248.0
10.06.2016 21:00:00,984.45,17.6,6.87,49.29,20.16,9.94,10.22,6.3,10.09,1174.97,0.59,1.12,69.91
10.06.2016 22:00:00,984.69,16.86,6.97,52.03,19.24,10.01,9.23,6.35,10.16,1178.23,2.31,3.32,359.3
10.06.2016 23:00:00,984.89,15.4,7.03,57.35,17.52,10.05,7.47,6.37,10.2,1184.41,0.49,0.98,20.1
11.06.2016 00:00:00,984.95,13.96,7.34,64.28,15.97,10.26,5.7,6.51,10.42,1190.32,0.83,1.2,48.18
11.06.2016 01:00:00,984.82,12.94,7.61,70.0,14.94,10.46,4.48,6.63,10.62,1194.32,0.52,1.52,342.4
11.06.2016 02:00:00,984.75,12.56,7.76,72.5,14.57,10.56,4.01,6.7,10.73,1195.77,0.73,1.28,215.5
11.06.2016 03:00:00,984.55,11.99,7.86,75.8,14.03,10.64,3.4,6.75,10.81,1197.89,0.65,1.04,196.8
11.06.2016 04:00:00,984.56,11.79,8.05,77.8,13.85,10.78,3.07,6.84,10.94,1198.68,0.32,0.72,79.6
11.06.2016 05:00:00,984.64,11.65,8.31,79.9,13.72,10.96,2.76,6.96,11.14,1199.28,0.49,0.88,157.5
11.06.2016 06:00:00,984.66,11.75,8.59,80.9,13.81,11.18,2.64,7.09,11.35,1198.78,0.44,0.76,220.5
11.06.2016 07:00:00,985.05,13.28,8.97,75.1,15.28,11.47,3.8,7.28,11.65,1192.72,0.42,0.72,217.2
11.06.2016 08:00:00,985.31,13.97,9.08,72.3,15.98,11.55,4.43,7.32,11.72,1190.13,0.43,0.88,29.68
11.06.2016 09:00:00,985.49,14.43,9.62,72.8,16.46,11.98,4.48,7.6,12.16,1188.25,1.02,1.56,65.96
11.06.2016 10:00:00,985.56,15.9,10.55,70.5,18.09,12.76,5.34,8.09,12.94,1181.94,0.92,2.1,179.3
11.06.2016 11:00:00,985.35,17.54,9.46,59.05,20.08,11.86,8.22,7.52,12.03,1175.42,1.65,2.72,176.6
11.06.2016 12:00:00,985.2,17.77,10.18,61.07,20.37,12.44,7.93,7.89,12.63,1174.05,1.98,2.88,167.4
11.06.2016 13:00:00,985.18,18.01,10.23,60.36,20.69,12.49,8.2,7.92,12.67,1173.04,1.12,1.76,50.38
11.06.2016 14:00:00,984.86,19.44,9.82,53.68,22.62,12.14,10.48,7.7,12.33,1167.08,0.86,1.88,173.8
11.06.2016 15:00:00,984.45,20.3,9.81,50.88,23.86,12.14,11.72,7.71,12.33,1163.17,1.41,3.4,188.8
11.06.2016 16:00:00,984.24,19.78,9.6,51.8,23.1,11.97,11.14,7.6,12.16,1165.07,0.57,1.44,201.6
11.06.2016 17:00:00,984.14,19.92,9.8,52.06,23.3,12.13,11.17,7.7,12.33,1164.32,1.0,2.56,109.7
11.06.2016 18:00:00,984.08,19.26,9.3,52.44,22.37,11.73,10.64,7.45,11.92,1167.05,1.63,2.2,81.0
11.06.2016 19:00:00,984.07,19.01,10.63,58.22,22.02,12.82,9.2,8.14,13.03,1167.55,1.31,2.02,66.34
11.06.2016 20:00:00,984.16,18.32,10.98,62.22,21.09,13.12,7.97,8.34,13.33,1170.28,2.06,3.08,57.47
11.06.2016 21:00:00,984.53,17.62,11.19,65.93,20.18,13.31,6.88,8.45,13.52,1173.46,0.48,0.92,130.8
11.06.2016 22:00:00,984.69,17.12,11.36,68.82,19.56,13.46,6.1,8.55,13.67,1175.61,0.46,1.18,39.3
11.06.2016 23:00:00,984.75,16.34,11.6,73.5,18.61,13.68,4.93,8.69,13.89,1178.74,0.56,0.98,53.35
12.06.2016 00:00:00,984.55,15.53,11.42,76.5,17.67,13.52,4.15,8.58,13.73,1181.88,0.41,0.96,261.9
12.06.2016 01:00:00,984.35,15.07,11.48,79.1,17.16,13.57,3.59,8.62,13.79,1183.5,0.49,0.96,254.7
12.06.2016 02:00:00,984.07,14.54,11.42,81.5,16.58,13.51,3.07,8.58,13.73,1185.37,0.71,1.48,210.8
12.06.2016 03:00:00,983.59,14.23,10.78,79.7,16.25,12.95,3.3,8.23,13.17,1186.33,1.06,1.56,227.0
12.06.2016 04:00:00,983.56,13.19,10.64,84.5,15.19,12.83,2.35,8.16,13.05,1190.65,1.32,1.68,228.2
12.06.2016 05:00:00,983.47,13.53,10.78,83.4,15.53,12.95,2.58,8.23,13.17,1189.08,0.36,1.08,181.0
12.06.2016 06:00:00,983.51,13.79,11.16,84.1,15.79,13.28,2.51,8.44,13.5,1187.9,0.92,1.46,212.2
12.06.2016 07:00:00,983.32,15.97,11.75,76.0,18.18,13.81,4.36,8.78,14.05,1178.47,0.9,1.9,152.1
12.06.2016 08:00:00,983.21,16.66,12.42,76.0,18.99,14.43,4.56,9.18,14.68,1175.25,1.21,1.98,144.6
12.06.2016 09:00:00,982.89,18.04,12.92,72.0,20.72,14.92,5.8,9.5,15.18,1169.08,2.19,4.08,136.6
12.06.2016 10:00:00,982.62,17.06,13.18,77.9,19.48,15.18,4.31,9.66,15.44,1172.58,2.86,4.12,173.3
12.06.2016 11:00:00,982.34,18.16,13.31,73.3,20.88,15.31,5.58,9.75,15.58,1167.76,2.51,4.84,160.4
12.06.2016 12:00:00,981.66,19.86,12.0,60.47,23.22,14.04,9.18,8.94,14.3,1160.75,1.98,3.54,100.0
12.06.2016 13:00:00,981.01,20.35,11.68,57.45,23.93,13.75,10.18,8.76,14.02,1158.17,2.56,4.24,109.6
12.06.2016 14:00:00,980.84,18.06,13.75,75.9,20.75,15.75,5.0,10.05,16.06,1166.17,3.7,5.48,158.8
12.06.2016 15:00:00,980.62,17.87,14.51,80.7,20.5,16.55,3.96,10.56,16.87,1166.31,1.65,2.32,198.2
12.06.2016 16:00:00,980.31,17.45,13.44,77.3,19.97,15.43,4.53,9.85,15.74,1168.12,1.11,1.44,235.8
12.06.2016 17:00:00,980.14,16.53,13.34,81.4,18.84,15.33,3.5,9.79,15.64,1171.68,0.85,1.2,339.5
12.06.2016 18:00:00,979.89,16.5,13.42,82.0,18.8,15.42,3.38,9.84,15.73,1171.46,1.49,2.0,348.9
12.06.2016 19:00:00,979.75,16.16,14.78,91.5,18.4,16.83,1.56,10.76,17.18,1172.02,1.23,3.16,356.2
12.06.2016 20:00:00,979.8,14.49,13.6,94.4,16.53,15.6,0.93,9.96,15.92,1179.45,2.38,3.88,10.96
12.06.2016 21:00:00,979.91,14.52,13.76,95.2,16.56,15.76,0.79,10.07,16.09,1179.39,1.54,2.62,16.82
12.06.2016 22:00:00,979.79,14.36,13.63,95.4,16.39,15.63,0.75,9.98,15.96,1179.96,1.71,2.8,8.39
12.06.2016 23:00:00,979.67,14.11,13.26,94.6,16.12,15.25,0.87,9.74,15.57,1181.01,0.6,1.32,248.3
13.06.2016 00:00:00,979.47,13.93,13.03,94.3,15.94,15.03,0.91,9.6,15.34,1181.61,0.98,1.8,258.6
13.06.2016 01:00:00,979.28,13.88,13.01,94.5,15.88,15.01,0.87,9.59,15.33,1181.6,1.65,2.56,270.5
13.06.2016 02:00:00,979.01,13.93,12.79,92.8,15.94,14.79,1.15,9.45,15.11,1181.17,0.56,0.88,241.8
13.06.2016 03:00:00,978.69,13.66,12.75,94.2,15.66,14.75,0.91,9.43,15.07,1181.91,0.27,0.64,250.6
13.06.2016 04:00:00,978.51,13.5,12.67,94.7,15.5,14.67,0.82,9.38,15.0,1182.38,1.13,1.52,230.6
13.06.2016 05:00:00,978.26,13.54,12.71,94.7,15.54,14.71,0.82,9.41,15.04,1181.9,1.38,1.88,230.1
13.06.2016 06:00:00,977.9,13.94,13.19,95.2,15.95,15.18,0.77,9.71,15.52,1179.6,2.37,3.28,149.1
13.06.2016 07:00:00,977.64,15.71,13.64,87.5,17.88,15.64,2.23,10.01,16.0,1171.85,1.71,2.52,141.5
13.06.2016 08:00:00,977.54,15.79,13.49,86.2,17.97,15.49,2.48,9.91,15.84,1171.47,1.52,2.24,142.0
13.06.2016 09:00:00,977.23,17.07,12.89,76.4,19.49,14.89,4.6,9.53,15.24,1166.2,2.19,3.56,205.5
13.06.2016 10:00:00,976.77,17.9,12.38,70.1,20.54,14.4,6.14,9.22,14.74,1162.55,2.59,4.16,207.7
13.06.2016 11:00:00,976.23,18.27,12.47,68.9,21.03,14.49,6.54,9.28,14.84,1160.39,2.06,3.32,251.0
13.06.2016 12:00:00,975.39,19.5,11.64,60.39,22.7,13.71,8.99,8.79,14.06,1154.86,2.86,5.04,208.4
13.06.2016 13:00:00,974.86,19.14,12.34,64.7,22.2,14.36,7.84,9.22,14.73,1155.36,3.36,5.92,184.2
13.06.2016 14:00:00,974.66,17.93,13.98,77.7,20.58,15.99,4.59,10.27,16.41,1159.18,2.58,4.08,211.6
13.06.2016 15:00:00,974.26,19.48,13.28,67.35,22.68,15.27,7.4,9.81,15.68,1152.89,3.88,5.28,221.0
13.06.2016 16:00:00,974.02,18.56,13.9,74.3,21.41,15.91,5.5,10.22,16.33,1155.95,2.23,3.38,196.7
13.06.2016 17:00:00,974.04,18.09,13.96,76.8,20.79,15.97,4.82,10.26,16.39,1157.82,2.63,4.44,213.0
13.06.2016 18:00:00,974.06,18.31,13.29,72.5,21.08,15.28,5.8,9.82,15.69,1157.28,1.27,2.72,242.2
13.06.2016 19:00:00,974.08,18.49,12.17,66.63,21.32,14.2,7.11,9.12,14.58,1157.07,1.11,2.08,333.0
13.06.2016 20:00:00,974.37,16.31,12.34,77.3,18.57,14.36,4.22,9.22,14.74,1166.07,1.7,3.08,20.52
13.06.2016 21:00:00,974.88,13.57,12.0,90.2,15.57,14.04,1.53,9.01,14.4,1177.97,2.13,3.44,236.9
13.06.2016 22:00:00,974.96,13.43,12.32,93.0,15.43,14.35,1.08,9.2,14.71,1178.51,1.63,2.6,214.3
13.06.2016 23:00:00,974.87,12.85,12.04,94.8,14.85,14.08,0.77,9.03,14.44,1180.91,1.72,2.2,242.8
14.06.2016 00:00:00,974.75,12.74,11.86,94.4,14.74,13.92,0.83,8.93,14.28,1181.29,0.48,0.88,185.8
14.06.2016 01:00:00,974.7,12.55,12.01,96.5,14.56,14.05,0.51,9.02,14.42,1181.95,0.86,1.36,199.4
14.06.2016 02:00:00,974.76,12.23,11.78,97.1,14.26,13.85,0.41,8.88,14.2,1183.45,1.07,2.32,203.5
14.06.2016 03:00:00,974.64,11.95,11.58,97.6,14.0,13.66,0.34,8.77,14.02,1184.55,0.92,1.48,195.2
14.06.2016 04:00:00,974.77,11.63,11.29,97.8,13.7,13.4,0.3,8.6,13.75,1186.16,0.68,1.08,197.2
14.06.2016 05:00:00,974.97,11.71,11.42,98.1,13.78,13.52,0.26,8.67,13.86,1186.02,1.02,2.36,177.8
14.06.2016 06:00:00,975.24,11.99,11.72,98.2,14.03,13.78,0.25,8.84,14.13,1185.06,0.66,1.68,168.4
14.06.2016 07:00:00,975.29,13.07,12.67,97.4,15.07,14.68,0.39,9.41,15.05,1180.24,0.94,1.36,152.7
14.06.2016 08:00:00,975.43,14.96,12.73,86.5,17.03,14.73,2.3,9.45,15.11,1172.64,1.79,3.04,231.0
14.06.2016 09:00:00,975.2,16.31,12.65,78.9,18.57,14.65,3.92,9.4,15.03,1166.93,3.55,5.55,205.0
14.06.2016 10:00:00,974.71,16.66,12.54,76.6,18.99,14.55,4.44,9.34,14.93,1164.98,2.93,4.32,248.7
14.06.2016 11:00:00,974.19,18.65,11.63,63.66,21.53,13.71,7.82,8.8,14.07,1156.79,5.3,8.05,212.5
14.06.2016 12:00:00,973.78,19.8,10.93,56.57,23.13,13.09,10.05,8.4,13.44,1152.05,3.48,6.16,214.5
14.06.2016 13:00:00,973.35,20.64,10.69,52.83,24.36,12.87,11.49,8.27,13.22,1148.34,2.47,4.48,210.0
14.06.2016 14:00:00,973.03,20.23,10.9,54.96,23.76,13.06,10.7,8.39,13.42,1149.48,5.69,7.89,205.7
14.06.2016 15:00:00,973.23,19.67,11.73,60.12,22.95,13.79,9.15,8.86,14.17,1151.58,4.19,6.36,251.5
14.06.2016 16:00:00,972.95,19.92,11.74,59.24,23.3,13.81,9.5,8.87,14.19,1150.26,3.71,6.0,227.3
14.06.2016 17:00:00,973.02,18.78,11.58,62.92,21.71,13.66,8.05,8.78,14.04,1154.9,4.23,6.42,200.0
14.06.2016 18:00:00,972.95,17.72,12.91,73.4,20.31,14.91,5.4,9.59,15.32,1158.46,2.1,3.48,146.7
14.06.2016 19:00:00,973.06,17.89,13.79,76.9,20.53,15.79,4.74,10.15,16.22,1157.52,1.85,3.2,175.5
14.06.2016 20:00:00,973.35,17.7,13.48,76.3,20.29,15.48,4.81,9.95,15.9,1158.76,2.01,3.46,183.0
14.06.2016 21:00:00,973.84,16.8,12.91,77.8,19.16,14.91,4.25,9.58,15.31,1163.21,1.07,2.06,185.6
14.06.2016 22:00:00,974.13,15.59,13.24,85.9,17.74,15.24,2.5,9.79,15.64,1168.28,1.73,2.88,163.9
14.06.2016 23:00:00,974.5,14.91,13.2,89.5,16.98,15.2,1.78,9.76,15.59,1171.51,0.98,2.02,181.2
15.06.2016 00:00:00,974.51,14.32,13.24,93.2,16.34,15.23,1.11,9.78,15.63,1173.91,1.47,2.24,152.9
15.06.2016 01:00:00,974.29,13.77,12.73,93.4,15.77,14.73,1.04,9.46,15.12,1176.12,1.07,1.8,206.4
15.06.2016 02:00:00,973.93,13.47,12.56,94.2,15.47,14.57,0.9,9.36,14.96,1176.99,1.54,2.12,213.6
15.06.2016 03:00:00,974.3,13.33,12.48,94.6,15.33,14.5,0.83,9.31,14.88,1178.05,2.02,2.94,200.0
15.06.2016 04:00:00,974.16,12.97,12.11,94.5,14.97,14.15,0.82,9.08,14.52,1179.52,1.58,2.28,216.7
15.06.2016 05:00:00,974.14,13.12,11.4,89.3,15.12,13.5,1.62,8.66,13.86,1179.17,0.67,1.12,179.1
15.06.2016 06:00:00,974.25,13.8,11.87,88.1,15.8,13.92,1.88,8.94,14.29,1176.32,1.83,2.36,157.0
15.06.2016 07:00:00,974.73,13.78,12.39,91.3,15.78,14.41,1.37,9.25,14.78,1176.76,1.95,3.04,165.6
15.06.2016 08:00:00,974.87,14.86,12.47,85.6,16.92,14.49,2.44,9.3,14.86,1172.48,1.33,2.72,148.9
15.06.2016 09:00:00,975.05,15.62,11.35,75.7,17.77,13.45,4.32,8.63,13.8,1170.08,3.21,4.08,206.9
15.06.2016 10:00:00,974.87,16.91,11.31,69.51,19.3,13.41,5.88,8.6,13.76,1164.68,2.65,4.53,225.6
15.06.2016 11:00:00,974.64,18.49,11.37,63.17,21.32,13.47,7.85,8.64,13.82,1158.07,1.19,2.76,277.1
15.06.2016 12:00:00,974.14,19.61,10.62,56.04,22.86,12.81,10.05,8.22,13.15,1153.34,2.48,4.86,225.3
15.06.2016 13:00:00,974.0,19.82,11.49,58.64,23.16,13.58,9.58,8.72,13.94,1152.01,0.72,1.76,201.2
15.06.2016 14:00:00,974.23,18.81,10.31,57.7,21.75,12.55,9.2,8.05,12.88,1156.73,3.57,5.28,195.1
15.06.2016 15:00:00,974.64,16.73,10.62,67.19,19.08,12.82,6.26,8.22,13.15,1165.4,5.39,7.57,211.7
15.06.2016 16:00:00,975.18,17.45,10.63,64.2,19.97,12.82,7.15,8.22,13.15,1163.16,5.23,8.49,211.6
15.06.2016 17:00:00,975.2,16.69,10.82,68.27,19.03,12.99,6.04,8.33,13.32,1166.16,5.04,8.21,221.8
15.06.2016 18:00:00,975.28,18.18,10.55,61.0,20.91,12.75,8.15,8.17,13.08,1160.39,3.74,5.69,211.0
15.06.2016 19:00:00,975.31,17.52,10.62,63.88,20.06,12.81,7.24,8.21,13.14,1163.04,2.47,3.8,222.3
15.06.2016 20:00:00,976.08,15.92,10.74,71.3,18.12,12.92,5.2,8.27,13.23,1170.36,2.52,3.48,213.9
15.06.2016 21:00:00,976.81,14.76,10.46,75.4,16.82,12.68,4.14,8.11,12.98,1176.06,1.45,2.36,225.6
15.06.2016 22:00:00,977.31,14.28,9.86,74.7,16.3,12.18,4.12,7.79,12.46,1178.86,1.07,2.08,241.4
15.06.2016 23:00:00,977.43,13.28,9.61,78.4,15.28,11.98,3.3,7.66,12.25,1183.22,1.78,2.44,228.7
16.06.2016 00:00:00,977.61,11.81,9.98,88.5,13.87,12.27,1.59,7.85,12.55,1189.4,0.97,1.74,167.6
16.06.2016 01:00:00,977.36,11.23,9.96,91.9,13.35,12.26,1.08,7.84,12.55,1191.53,0.63,1.5,229.1
16.06.2016 02:00:00,977.62,10.87,9.69,92.4,13.03,12.04,0.99,7.7,12.32,1193.46,0.92,1.6,218.1
16.06.2016 03:00:00,977.4,10.52,9.44,93.0,12.73,11.84,0.89,7.57,12.11,1194.76,1.18,1.64,228.1
16.06.2016 04:00:00,977.67,9.56,8.71,94.4,11.94,11.27,0.67,7.2,11.52,1199.41,1.21,1.72,205.3
16.06.2016 05:00:00,977.69,9.6,8.67,93.9,11.97,11.24,0.73,7.18,11.49,1199.28,0.46,1.56,167.2
16.06.2016 06:00:00,977.74,10.05,8.92,92.7,12.34,11.43,0.9,7.31,11.7,1197.35,0.81,1.56,210.7
16.06.2016 07:00:00,977.93,12.66,10.16,84.7,14.67,12.42,2.24,7.94,12.7,1186.19,1.02,1.84,198.1
16.06.2016 08:00:00,977.94,14.86,10.93,77.3,16.92,13.08,3.84,8.36,13.38,1176.84,1.4,2.32,182.0
16.06.2016 09:00:00,977.94,16.95,11.69,71.1,19.35,13.75,5.59,8.8,14.06,1168.05,0.74,1.56,52.57
16.06.2016 10:00:00,977.77,18.83,11.25,61.35,21.78,13.36,8.42,8.54,13.66,1160.51,1.55,2.6,146.0
16.06.2016 11:00:00,977.52,18.0,11.27,64.75,20.67,13.39,7.29,8.56,13.69,1163.51,1.78,3.2,45.98
16.06.2016 12:00:00,978.11,17.91,12.65,71.3,20.56,14.66,5.9,9.37,14.98,1164.0,1.13,3.32,14.71
16.06.2016 13:00:00,977.85,18.19,12.41,68.95,20.92,14.42,6.5,9.23,14.75,1162.67,2.76,3.68,39.98
16.06.2016 14:00:00,977.84,18.37,12.64,69.25,21.16,14.65,6.51,9.37,14.98,1161.84,2.04,2.92,44.48
16.06.2016 15:00:00,978.33,17.84,13.27,74.6,20.46,15.27,5.2,9.76,15.6,1164.26,2.72,4.52,177.5
16.06.2016 16:00:00,977.24,16.68,13.78,83.0,19.02,15.78,3.23,10.11,16.15,1167.38,2.64,4.88,145.7
16.06.2016 17:00:00,977.55,17.25,13.56,78.9,19.72,15.56,4.16,9.96,15.91,1165.56,1.99,3.8,163.0
16.06.2016 18:00:00,977.05,17.29,13.48,78.3,19.77,15.48,4.29,9.91,15.84,1164.84,1.52,2.4,184.2
16.06.2016 19:00:00,976.87,16.86,13.39,80.0,19.24,15.39,3.85,9.86,15.75,1166.39,1.3,1.9,238.6
16.06.2016 20:00:00,977.39,16.62,12.56,76.9,18.94,14.57,4.38,9.32,14.91,1168.35,1.47,2.0,255.5
16.06.2016 21:00:00,977.17,15.93,13.03,82.9,18.13,15.03,3.1,9.62,15.38,1170.67,1.0,1.8,263.2
16.06.2016 22:00:00,976.79,15.58,13.09,85.1,17.73,15.09,2.64,9.66,15.44,1171.6,0.42,1.0,46.89
16.06.2016 23:00:00,976.07,15.28,13.36,88.3,17.39,15.35,2.03,9.84,15.73,1171.83,0.89,1.92,45.81
17.06.2016 00:00:00,976.46,14.66,13.19,90.9,16.71,15.19,1.52,9.73,15.55,1174.9,1.06,1.7,173.8
17.06.2016 01:00:00,975.77,14.29,13.31,93.8,16.31,15.3,1.01,9.81,15.68,1175.52,0.59,1.36,264.2
17.06.2016 02:00:00,975.31,14.0,13.0,93.7,16.01,15.0,1.01,9.62,15.38,1176.29,1.15,1.48,3.43
17.06.2016 03:00:00,975.61,13.78,13.03,95.2,15.78,15.02,0.76,9.63,15.4,1177.55,0.61,1.12,57.7
17.06.2016 04:00:00,975.52,13.4,12.63,95.1,15.4,14.64,0.75,9.39,15.01,1179.17,0.52,0.88,225.8
17.06.2016 05:00:00,975.4,13.11,12.31,94.9,15.11,14.34,0.77,9.19,14.7,1180.36,0.85,1.48,250.1
17.06.2016 06:00:00,975.66,13.1,12.38,95.4,15.1,14.4,0.69,9.23,14.76,1180.69,0.86,1.24,212.8
17.06.2016 07:00:00,975.81,13.22,12.68,96.5,15.22,14.68,0.53,9.41,15.05,1180.25,1.08,1.88,176.4
17.06.2016 08:00:00,976.19,13.87,13.32,96.5,15.87,15.32,0.56,9.82,15.69,1177.75,0.37,0.84,144.2
17.06.2016 09:00:00,976.84,14.56,13.31,92.2,16.6,15.31,1.29,9.8,15.67,1175.71,0.85,1.64,236.7
17.06.2016 10:00:00,977.45,15.73,13.66,87.5,17.9,15.66,2.24,10.03,16.02,1171.53,1.35,2.64,226.4
17.06.2016 11:00:00,978.24,16.4,13.04,80.5,18.68,15.04,3.64,9.62,15.37,1170.05,2.3,4.0,241.8
17.06.2016 12:00:00,979.04,17.17,11.65,69.94,19.62,13.72,5.9,8.76,14.01,1168.5,3.04,5.77,219.3
17.06.2016 13:00:00,979.29,17.79,11.5,66.6,20.4,13.59,6.81,8.68,13.87,1166.37,5.57,7.61,212.6
17.06.2016 14:00:00,979.91,17.97,11.59,66.26,20.63,13.67,6.96,8.72,13.95,1166.36,5.76,8.13,211.8
17.06.2016 15:00:00,980.81,18.54,11.05,61.65,21.38,13.18,8.2,8.4,13.44,1165.37,5.03,9.25,225.6
17.06.2016 16:00:00,981.64,18.67,10.4,58.56,21.56,12.63,8.93,8.04,12.86,1166.1,2.9,5.77,222.9
17.06.2016 17:00:00,982.1,18.38,10.97,61.97,21.17,13.12,8.05,8.35,13.36,1167.58,3.87,8.05,213.1
17.06.2016 18:00:00,983.02,16.49,11.2,70.9,18.79,13.32,5.47,8.47,13.55,1176.22,4.52,5.89,205.4
17.06.2016 19:00:00,983.8,16.16,11.93,76.0,18.4,13.98,4.42,8.89,14.21,1178.2,1.42,3.46,239.6
17.06.2016 20:00:00,984.57,14.99,11.52,79.7,17.07,13.6,3.46,8.64,13.82,1184.08,2.27,3.0,208.2
17.06.2016 21:00:00,984.94,14.38,10.49,77.4,16.41,12.7,3.71,8.06,12.89,1187.46,0.8,1.36,207.4
17.06.2016 22:00:00,985.75,13.56,10.01,79.1,15.56,12.31,3.25,7.8,12.48,1192.02,1.78,2.6,202.5
17.06.2016 23:00:00,986.52,12.84,9.48,80.0,14.84,11.87,2.97,7.52,12.04,1196.16,2.25,4.36,213.3
18.06.2016 00:00:00,986.85,12.11,9.46,83.8,14.15,11.85,2.29,7.51,12.01,1199.63,1.98,3.12,213.4
18.06.2016 01:00:00,987.07,12.23,9.73,84.7,14.26,12.08,2.18,7.65,12.24,1199.29,1.69,2.66,219.5
18.06.2016 02:00:00,987.4,11.64,9.66,87.6,13.71,12.01,1.7,7.6,12.17,1202.21,1.83,2.68,203.8
18.06.2016 03:00:00,987.66,11.15,9.69,90.7,13.28,12.04,1.23,7.62,12.19,1204.59,0.42,1.12,150.1
18.06.2016 04:00:00,987.85,12.55,10.14,85.2,14.56,12.41,2.16,7.85,12.56,1198.75,1.64,2.92,181.1
18.06.2016 05:00:00,988.13,12.06,10.21,88.4,14.1,12.46,1.64,7.88,12.61,1201.12,1.67,2.96,181.4
18.06.2016 06:00:00,988.28,13.59,10.6,82.1,15.59,12.8,2.79,8.09,12.95,1194.74,2.74,3.6,176.9
18.06.2016 07:00:00,988.36,15.48,11.14,75.3,17.61,13.26,4.35,8.39,13.42,1186.8,2.76,4.53,180.6
18.06.2016 08:00:00,988.61,17.26,10.69,65.26,19.73,12.88,6.85,8.14,13.02,1180.01,4.98,7.41,209.7
18.06.2016 09:00:00,988.67,18.49,10.85,61.05,21.32,13.01,8.3,8.23,13.16,1175.04,3.88,7.41,224.0
18.06.2016 10:00:00,988.87,19.14,10.31,56.52,22.2,12.55,9.65,7.93,12.69,1172.87,5.5,8.01,211.8
18.06.2016 11:00:00,989.0,19.31,10.41,56.3,22.44,12.63,9.81,7.98,12.77,1172.31,3.88,7.17,215.9
18.06.2016 12:00:00,988.86,18.65,12.05,65.44,21.53,14.09,7.44,8.91,14.25,1174.13,3.34,4.96,209.9
18.06.2016 13:00:00,989.31,17.49,10.82,64.88,20.02,12.99,7.03,8.21,13.13,1179.86,3.64,6.48,253.2
18.06.2016 14:00:00,989.29,16.86,11.64,71.3,19.24,13.71,5.52,8.67,13.86,1182.07,1.7,3.42,205.7
18.06.2016 15:00:00,989.05,18.18,12.12,67.69,20.91,14.15,6.76,8.95,14.31,1176.23,4.79,7.17,209.1
18.06.2016 16:00:00,989.41,19.24,11.29,59.96,22.34,13.4,8.95,8.46,13.54,1172.73,2.67,4.92,268.3
18.06.2016 17:00:00,989.77,15.2,11.24,77.2,17.3,13.36,3.94,8.44,13.49,1189.62,1.62,2.84,262.7
18.06.2016 18:00:00,989.65,17.83,12.24,69.78,20.45,14.27,6.18,9.02,14.42,1178.31,2.4,3.72,149.9
18.06.2016 19:00:00,990.22,17.78,12.57,71.5,20.39,14.58,5.81,9.21,14.72,1179.05,1.58,2.88,64.56
18.06.2016 20:00:00,990.41,16.08,12.65,80.1,18.3,14.66,3.64,9.26,14.8,1186.17,1.05,1.74,213.8
18.06.2016 21:00:00,991.2,16.0,12.11,77.7,18.21,14.15,4.06,8.93,14.27,1187.69,0.99,1.92,225.5
18.06.2016 22:00:00,991.31,14.46,11.49,82.3,16.49,13.57,2.92,8.56,13.69,1194.44,1.94,2.5,241.8
18.06.2016 23:00:00,991.45,13.61,11.61,87.7,15.61,13.69,1.92,8.63,13.81,1198.1,0.86,1.84,340.3
19.06.2016 00:00:00,991.55,12.91,10.65,86.1,14.91,12.84,2.07,8.09,12.95,1201.55,2.11,3.12,232.8
19.06.2016 01:00:00,992.06,11.81,10.08,89.1,13.87,12.36,1.51,7.78,12.46,1207.03,0.4,0.88,113.4
19.06.2016 02:00:00,992.29,11.4,10.47,94.0,13.5,12.69,0.81,7.99,12.79,1208.9,0.19,0.56,353.2
19.06.2016 03:00:00,992.67,11.28,10.35,94.0,13.39,12.59,0.8,7.92,12.68,1209.92,0.55,1.0,198.7
19.06.2016 04:00:00,993.07,10.9,9.99,94.1,13.06,12.29,0.77,7.73,12.37,1212.16,0.82,1.48,141.7
19.06.2016 05:00:00,993.54,10.89,10.09,94.8,13.05,12.37,0.68,7.78,12.45,1212.74,0.27,0.6,114.7
19.06.2016 06:00:00,994.05,12.76,10.48,86.0,14.76,12.7,2.07,7.98,12.77,1205.29,0.84,1.44,198.0
19.06.2016 07:00:00,994.5,13.59,11.23,85.6,15.59,13.34,2.24,8.39,13.42,1202.05,0.89,1.44,162.2
19.06.2016 08:00:00,994.71,15.74,11.08,73.8,17.91,13.22,4.69,8.31,13.29,1193.41,2.12,5.17,313.5
19.06.2016 09:00:00,995.16,16.41,10.67,68.77,18.69,12.86,5.84,8.07,12.92,1191.36,1.52,3.28,273.4
19.06.2016 10:00:00,995.39,16.77,10.79,67.78,19.13,12.96,6.16,8.14,13.02,1190.1,1.34,2.96,292.0
19.06.2016 11:00:00,995.36,17.75,10.14,60.98,20.35,12.41,7.94,7.79,12.47,1186.31,1.62,2.88,286.3
19.06.2016 12:00:00,995.5,17.55,9.67,59.82,20.09,12.02,8.07,7.54,12.07,1187.48,2.1,3.3,216.0
19.06.2016 13:00:00,995.4,17.28,10.93,66.22,19.75,13.08,6.67,8.21,13.14,1187.97,1.81,2.6,188.4
19.06.2016 14:00:00,995.94,15.28,11.18,76.5,17.39,13.3,4.09,8.35,13.36,1196.76,3.13,5.56,251.4
19.06.2016 15:00:00,996.03,17.59,13.17,75.3,20.14,15.17,4.98,9.53,15.23,1186.52,2.39,4.12,278.2
19.06.2016 16:00:00,995.93,17.87,11.83,67.75,20.5,13.89,6.61,8.72,13.95,1185.83,1.11,2.36,180.6
19.06.2016 17:00:00,995.78,18.0,11.43,65.41,20.67,13.52,7.15,8.49,13.58,1185.29,2.27,5.14,15.35
19.06.2016 18:00:00,995.77,17.54,11.36,67.04,20.08,13.46,6.62,8.45,13.52,1187.19,1.61,3.74,6.84
19.06.2016 19:00:00,996.03,17.53,11.56,67.97,20.07,13.64,6.43,8.56,13.7,1187.45,1.11,2.44,268.3
19.06.2016 20:00:00,996.35,15.45,11.48,77.2,17.58,13.57,4.01,8.52,13.62,1196.43,1.85,2.76,253.0
19.06.2016 21:00:00,996.93,15.05,11.37,78.6,17.13,13.47,3.67,8.45,13.51,1198.84,1.3,2.0,244.3
19.06.2016 22:00:00,997.44,14.23,11.5,83.6,16.25,13.58,2.66,8.52,13.62,1202.83,0.44,0.68,3.52
19.06.2016 23:00:00,997.6,14.5,11.04,79.7,16.54,13.18,3.36,8.26,13.21,1202.07,0.79,1.28,21.33
20.06.2016 00:00:00,997.67,14.08,10.97,81.5,16.09,13.11,2.98,8.22,13.15,1203.95,0.85,1.16,49.47
20.06.2016 01:00:00,997.82,13.29,10.88,85.3,15.29,13.04,2.25,8.17,13.07,1207.48,0.62,1.12,13.62
20.06.2016 02:00:00,997.3,13.1,10.46,84.0,15.1,12.68,2.42,7.95,12.72,1207.82,0.25,0.4,29.12
20.06.2016 03:00:00,996.86,11.98,9.97,87.5,14.03,12.27,1.75,7.69,12.31,1212.22,0.5,1.16,275.6
20.06.2016 04:00:00,997.04,11.09,9.83,91.9,13.22,12.15,1.07,7.62,12.19,1216.28,0.79,1.52,232.6
20.06.2016 05:00:00,997.2,11.24,9.97,91.9,13.35,12.27,1.08,7.69,12.31,1215.79,0.72,1.16,210.7
20.06.2016 06:00:00,996.86,11.98,10.59,91.2,14.03,12.79,1.23,8.02,12.83,1211.97,0.53,1.2,187.8
20.06.2016 07:00:00,996.61,13.24,11.09,86.8,15.24,13.22,2.01,8.3,13.27,1206.14,1.17,1.72,141.6
20.06.2016 08:00:00,996.12,16.49,11.14,70.6,18.79,13.26,5.52,8.32,13.32,1192.0,1.83,2.84,132.3
20.06.2016 09:00:00,996.0,17.08,10.91,67.0,19.51,13.07,6.44,8.2,13.12,1189.52,1.55,3.0,127.9
20.06.2016 10:00:00,995.55,17.6,10.5,63.05,20.16,12.71,7.45,7.98,12.77,1187.02,1.2,2.16,172.1
20.06.2016 11:00:00,995.2,17.88,9.95,59.74,20.52,12.26,8.26,7.7,12.32,1185.66,2.43,4.28,215.5
20.06.2016 12:00:00,994.53,19.88,9.66,51.68,23.25,12.01,11.23,7.55,12.08,1176.88,4.02,6.75,185.0
20.06.2016 13:00:00,993.88,20.5,10.07,51.12,24.15,12.35,11.81,7.76,12.42,1173.48,2.14,4.44,165.0
20.06.2016 14:00:00,993.1,21.03,8.94,45.86,24.96,11.44,13.51,7.2,11.52,1170.84,3.65,5.92,179.4
20.06.2016 15:00:00,992.37,21.79,8.68,43.01,26.14,11.24,14.9,7.08,11.33,1167.05,4.05,6.36,213.1
20.06.2016 16:00:00,991.74,21.32,9.1,45.56,25.4,11.57,13.83,7.29,11.67,1168.02,3.54,5.52,188.1
20.06.2016 17:00:00,990.98,22.25,9.43,44.01,26.89,11.83,15.05,7.46,11.94,1163.33,4.75,6.97,210.7
20.06.2016 18:00:00,991.04,20.51,9.29,48.5,24.17,11.72,12.45,7.39,11.83,1170.35,3.94,5.88,210.4
20.06.2016 19:00:00,990.99,20.1,9.8,51.49,23.57,12.13,11.43,7.65,12.24,1171.74,2.95,4.94,187.3
20.06.2016 20:00:00,990.87,19.02,9.91,55.47,22.04,12.22,9.81,7.71,12.34,1175.89,1.21,1.72,213.2
20.06.2016 21:00:00,990.89,18.37,9.83,57.45,21.16,12.16,9.0,7.67,12.27,1178.56,1.84,2.44,210.0
20.06.2016 22:00:00,990.95,18.0,9.85,58.89,20.67,12.17,8.5,7.68,12.28,1180.12,1.84,2.36,209.6
20.06.2016 23:00:00,991.24,17.47,10.09,61.86,19.99,12.37,7.63,7.8,12.48,1182.53,1.51,2.6,222.7
21.06.2016 00:00:00,991.32,16.26,11.77,74.7,18.51,13.83,4.68,8.72,13.95,1186.91,3.53,5.53,227.1
21.06.2016 01:00:00,991.32,14.69,12.39,86.1,16.74,14.41,2.33,9.09,14.54,1193.12,1.25,1.96,213.9
21.06.2016 02:00:00,991.09,14.12,12.86,92.1,16.13,14.86,1.27,9.38,14.99,1195.0,2.02,3.0,207.8
21.06.2016 03:00:00,990.78,14.5,11.49,82.1,16.54,13.58,2.96,8.57,13.7,1193.63,5.22,7.33,208.9
21.06.2016 04:00:00,990.87,14.41,11.53,82.8,16.44,13.61,2.83,8.59,13.74,1194.1,3.98,5.65,217.0
21.06.2016 05:00:00,991.24,14.48,11.45,82.0,16.51,13.54,2.97,8.54,13.66,1194.29,4.04,5.69,210.8
21.06.2016 06:00:00,991.87,14.98,11.53,79.8,17.06,13.61,3.45,8.58,13.72,1192.95,3.64,4.97,203.1
21.06.2016 07:00:00,992.18,15.92,12.07,77.9,18.12,14.11,4.0,8.9,14.22,1189.21,3.55,4.65,208.9
21.06.2016 08:00:00,992.66,16.85,12.56,75.8,19.22,14.57,4.65,9.18,14.68,1185.77,4.52,6.87,213.7
21.06.2016 09:00:00,993.27,18.3,12.96,71.0,21.07,14.96,6.11,9.42,15.06,1180.43,0.94,2.4,263.1
21.06.2016 10:00:00,993.93,19.05,12.79,66.99,22.08,14.79,7.29,9.31,14.88,1178.26,1.9,3.88,276.2
21.06.2016 11:00:00,994.15,20.4,12.8,61.65,24.01,14.8,9.21,9.31,14.89,1173.09,1.58,3.52,268.6
21.06.2016 12:00:00,994.29,20.57,13.04,61.97,24.26,15.03,9.23,9.46,15.12,1172.48,1.75,4.04,217.6
21.06.2016 13:00:00,994.43,21.51,12.04,54.78,25.7,14.08,11.62,8.85,14.16,1169.33,3.37,7.3,235.3
21.06.2016 14:00:00,994.33,22.49,12.3,52.49,27.28,14.32,12.96,9.01,14.4,1165.23,3.63,5.62,211.4
21.06.2016 15:00:00,994.4,22.94,13.1,53.86,28.04,15.1,12.94,9.5,15.19,1163.19,2.16,4.92,206.1
21.06.2016 16:00:00,994.55,22.69,12.99,54.26,27.62,14.98,12.63,9.43,15.07,1164.4,1.5,2.28,231.7
21.06.2016 17:00:00,994.52,22.12,12.87,55.75,26.68,14.87,11.8,9.35,14.95,1166.67,1.55,2.72,225.3
21.06.2016 18:00:00,994.67,21.8,13.67,59.89,26.16,15.67,10.49,9.86,15.75,1167.75,1.96,3.5,223.4
21.06.2016 19:00:00,994.73,21.56,13.74,61.07,25.78,15.74,10.04,9.9,15.83,1168.74,0.76,1.24,193.7
21.06.2016 20:00:00,994.91,20.82,13.27,61.95,24.64,15.26,9.37,9.6,15.34,1172.12,1.34,1.92,236.0
21.06.2016 21:00:00,995.36,19.33,13.84,70.5,22.47,15.84,6.63,9.96,15.91,1178.36,1.41,2.12,239.5
21.06.2016 22:00:00,995.89,18.8,14.03,73.8,21.74,16.04,5.69,10.08,16.11,1181.04,0.7,1.36,204.8
21.06.2016 23:00:00,996.22,17.91,13.44,75.1,20.56,15.44,5.12,9.7,15.5,1185.31,1.07,1.58,236.3
22.06.2016 00:00:00,996.38,17.34,13.61,78.7,19.83,15.61,4.22,9.8,15.66,1187.75,0.67,1.24,202.0
22.06.2016 01:00:00,996.59,16.86,13.55,80.8,19.24,15.54,3.69,9.76,15.6,1190.01,0.84,1.28,215.2
22.06.2016 02:00:00,996.62,16.67,13.61,82.1,19.0,15.6,3.4,9.8,15.66,1190.8,0.62,1.08,238.3
22.06.2016 03:00:00,996.56,16.32,13.54,83.6,18.59,15.54,3.05,9.76,15.59,1192.19,0.54,1.08,208.5
22.06.2016 04:00:00,996.76,16.09,13.52,84.7,18.32,15.51,2.8,9.74,15.56,1193.39,0.64,0.96,220.3
22.06.2016 05:00:00,996.89,16.08,13.52,84.8,18.3,15.52,2.78,9.74,15.57,1193.58,1.0,1.52,210.1
22.06.2016 06:00:00,997.22,16.42,13.75,84.2,18.7,15.75,2.96,9.88,15.79,1192.48,0.86,1.88,148.6
22.06.2016 07:00:00,997.4,17.26,14.29,82.7,19.73,16.32,3.41,10.24,16.36,1188.98,1.25,2.12,161.7
22.06.2016 08:00:00,997.42,19.88,15.26,74.7,23.25,17.37,5.88,10.9,17.41,1177.91,1.94,3.72,134.8
22.06.2016 09:00:00,997.35,21.44,15.67,69.66,25.59,17.83,7.76,11.19,17.87,1171.39,2.52,5.08,218.8
22.06.2016 10:00:00,997.22,22.47,15.67,65.41,27.25,17.82,9.43,11.19,17.87,1167.15,1.87,3.72,222.1
22.06.2016 11:00:00,997.35,22.61,15.62,64.65,27.48,17.77,9.71,11.16,17.81,1166.77,3.81,5.42,207.7
22.06.2016 12:00:00,997.4,23.01,15.57,62.93,28.16,17.72,10.44,11.12,17.76,1165.28,2.7,4.48,190.0
22.06.2016 13:00:00,997.19,23.05,16.44,66.34,28.22,18.72,9.5,11.76,18.78,1164.43,2.5,3.4,43.14
22.06.2016 14:00:00,997.03,24.08,16.23,61.53,30.03,18.48,11.55,11.61,18.53,1160.32,1.19,1.84,59.6
22.06.2016 15:00:00,996.8,25.66,16.32,56.33,33.0,18.59,14.41,11.68,18.65,1153.87,1.7,3.2,80.1
22.06.2016 16:00:00,996.54,26.8,16.07,51.84,35.29,18.29,17.0,11.5,18.36,1149.31,1.44,2.64,163.6
22.06.2016 17:00:00,996.5,25.97,16.87,57.26,33.61,19.24,14.36,12.1,19.31,1152.03,2.77,4.08,54.56
22.06.2016 18:00:00,996.51,26.29,17.13,57.13,34.25,19.57,14.68,12.3,19.63,1150.67,2.82,4.32,79.2
22.06.2016 19:00:00,996.68,25.65,16.92,58.56,32.98,19.31,13.67,12.14,19.38,1153.44,1.78,2.6,43.53
22.06.2016 20:00:00,996.85,24.18,16.82,63.49,30.21,19.18,11.03,12.06,19.24,1159.4,1.79,2.32,21.36
22.06.2016 21:00:00,997.27,23.03,16.91,68.44,28.19,19.29,8.9,12.12,19.35,1164.35,0.27,0.72,160.3
22.06.2016 22:00:00,997.38,21.29,16.93,76.2,25.36,19.32,6.03,12.14,19.37,1171.34,0.2,0.44,94.0
22.06.2016 23:00:00,997.43,19.78,16.66,82.2,23.1,18.99,4.11,11.93,19.04,1177.59,0.39,0.72,226.6
23.06.2016 00:00:00,997.42,18.93,16.3,84.7,21.91,18.56,3.35,11.66,18.61,1181.21,0.47,1.2,228.1
23.06.2016 01:00:00,997.31,18.16,16.09,87.7,20.88,18.31,2.57,11.5,18.36,1184.3,1.13,1.68,224.2
23.06.2016 02:00:00,997.33,17.26,15.93,91.9,19.73,18.13,1.6,11.39,18.18,1188.08,0.66,1.2,191.8
23.06.2016 03:00:00,997.27,15.86,14.93,94.2,18.05,17.0,1.05,10.67,17.05,1194.27,0.45,1.14,172.2
23.06.2016 04:00:00,997.18,15.77,14.91,94.6,17.94,16.98,0.97,10.66,17.02,1194.55,0.75,1.2,190.4
23.06.2016 05:00:00,997.06,17.18,15.61,90.5,19.63,17.76,1.86,11.16,17.82,1188.25,0.28,0.72,336.6
23.06.2016 06:00:00,997.0,19.22,15.69,80.0,22.31,17.85,4.46,11.21,17.9,1179.85,0.74,1.64,223.3
23.06.2016 07:00:00,996.93,21.71,16.4,71.8,26.02,18.68,7.34,11.74,18.74,1169.44,0.74,1.28,152.9
23.06.2016 08:00:00,997.01,23.56,17.03,66.8,29.11,19.44,9.66,12.22,19.5,1161.9,0.69,1.48,119.5
23.06.2016 09:00:00,996.64,25.59,17.36,60.43,32.86,19.86,13.0,12.49,19.92,1153.39,2.61,4.12,178.7
23.06.2016 10:00:00,996.09,27.49,15.89,49.22,36.75,18.09,18.66,11.37,18.16,1146.24,4.3,6.74,191.7
23.06.2016 11:00:00,995.52,28.86,15.01,42.94,39.79,17.09,22.71,10.75,17.16,1140.82,4.59,6.97,159.9
23.06.2016 12:00:00,994.99,29.57,14.78,40.61,41.45,16.83,24.62,10.59,16.92,1137.63,4.51,7.3,178.9
23.06.2016 13:00:00,994.45,30.31,14.86,39.12,43.25,16.92,26.33,10.65,17.01,1134.21,4.12,7.16,180.8
23.06.2016 14:00:00,993.9,31.44,15.94,39.33,46.13,18.14,27.98,11.43,18.25,1128.85,2.83,6.04,165.5
23.06.2016 15:00:00,993.42,32.09,15.77,37.49,47.85,17.94,29.91,11.31,18.06,1125.98,2.52,3.88,177.3
23.06.2016 16:00:00,992.8,32.79,15.87,36.29,49.78,18.06,31.71,11.4,18.19,1122.64,2.57,3.76,189.8
23.06.2016 17:00:00,992.16,33.32,16.07,35.67,51.28,18.29,32.99,11.55,18.43,1119.88,3.21,5.44,179.7
23.06.2016 18:00:00,991.91,33.05,16.37,36.92,50.51,18.65,31.86,11.78,18.8,1120.43,3.3,4.6,190.5
23.06.2016 19:00:00,991.6,31.94,16.4,39.36,47.45,18.68,28.77,11.8,18.83,1124.14,2.68,3.7,183.3
23.06.2016 20:00:00,991.35,29.7,16.19,44.12,41.77,18.43,23.34,11.64,18.59,1132.27,2.22,2.96,200.5
23.06.2016 21:00:00,991.54,28.06,16.63,49.9,37.99,18.96,19.03,11.98,19.12,1138.43,0.93,1.44,211.5
23.06.2016 22:00:00,991.5,26.53,16.51,54.17,34.74,18.82,15.92,11.89,18.98,1144.25,1.71,2.44,207.8
23.06.2016 23:00:00,991.49,25.39,16.05,56.26,32.47,18.27,14.2,11.54,18.43,1148.85,1.6,2.64,202.8
24.06.2016 00:00:00,991.83,25.32,15.83,55.69,32.34,18.01,14.33,11.37,18.16,1149.63,2.32,3.48,200.8
24.06.2016 01:00:00,992.02,22.36,16.04,67.46,27.07,18.26,8.81,11.53,18.41,1161.26,1.9,2.8,149.4
24.06.2016 02:00:00,991.97,21.2,16.15,72.9,25.22,18.38,6.83,11.61,18.53,1165.72,0.78,1.68,141.0
24.06.2016 03:00:00,991.64,19.86,15.89,77.9,23.22,18.09,5.13,11.42,18.24,1170.79,1.41,2.12,230.3
24.06.2016 04:00:00,991.43,21.4,15.82,70.5,25.53,18.0,7.53,11.37,18.15,1164.46,0.81,1.88,239.0
24.06.2016 05:00:00,991.57,21.1,15.97,72.5,25.06,18.17,6.89,11.48,18.33,1165.74,0.5,1.2,214.6
24.06.2016 06:00:00,991.96,20.6,16.35,76.6,24.3,18.62,5.69,11.76,18.77,1167.99,1.14,1.96,42.14
24.06.2016 07:00:00,991.91,23.99,17.42,66.73,29.87,19.93,9.94,12.59,20.09,1154.02,0.97,2.16,147.4
24.06.2016 08:00:00,991.63,25.87,17.14,58.62,33.41,19.58,13.82,12.38,19.75,1146.59,1.06,2.24,155.1
24.06.2016 09:00:00,991.2,27.0,18.09,58.22,35.71,20.79,14.92,13.15,20.97,1141.25,1.67,2.96,128.9
24.06.2016 10:00:00,990.87,28.97,18.63,53.69,40.05,21.5,18.55,13.61,21.7,1133.12,1.81,2.88,51.42
24.06.2016 11:00:00,990.65,31.3,17.54,43.88,45.76,20.08,25.68,12.7,20.27,1124.81,1.65,4.08,165.4
24.06.2016 12:00:00,990.03,31.39,17.81,44.42,46.0,20.43,25.56,12.94,20.64,1123.61,1.27,2.56,85.4
24.06.2016 13:00:00,989.43,32.25,16.84,39.78,48.29,19.21,29.08,12.16,19.41,1120.29,1.6,3.44,71.0
24.06.2016 14:00:00,988.88,32.82,16.33,37.29,49.86,18.59,31.27,11.78,18.8,1117.84,2.07,4.0,85.7
24.06.2016 15:00:00,987.98,33.35,15.48,34.29,51.36,17.61,33.75,11.16,17.83,1115.31,3.12,5.12,75.7
24.06.2016 16:00:00,987.38,34.34,15.62,32.74,54.27,17.77,36.5,11.27,18.0,1110.97,2.97,5.0,128.9
24.06.2016 17:00:00,987.52,33.89,17.34,37.45,52.93,19.82,33.11,12.58,20.07,1111.88,2.83,5.0,81.8
24.06.2016 18:00:00,988.64,25.81,16.72,57.27,33.29,19.07,14.22,12.08,19.28,1143.57,3.15,7.0,262.4
24.06.2016 19:00:00,988.79,25.67,16.1,55.5,33.02,18.32,14.69,11.61,18.53,1144.6,2.37,4.12,27.1
24.06.2016 20:00:00,989.0,24.09,15.91,60.24,30.05,18.1,11.95,11.46,18.3,1151.03,0.98,2.04,255.9
24.06.2016 21:00:00,988.83,23.58,15.54,60.67,29.14,17.68,11.46,11.2,17.88,1153.0,1.34,2.0,265.9
24.06.2016 22:00:00,989.24,22.92,15.57,63.28,28.0,17.72,10.28,11.22,17.91,1156.03,1.31,1.96,314.3
24.06.2016 23:00:00,989.03,21.64,15.61,68.58,25.91,17.77,8.14,11.25,17.96,1160.78,1.34,1.76,331.3
25.06.2016 00:00:00,989.26,20.24,16.12,77.2,23.77,18.35,5.42,11.62,18.55,1166.33,0.85,1.46,318.3
25.06.2016 01:00:00,988.97,19.59,16.47,82.2,22.83,18.77,4.06,11.89,18.98,1168.39,0.89,1.72,244.7
25.06.2016 02:00:00,987.93,18.96,16.36,84.9,21.95,18.64,3.32,11.82,18.87,1169.73,0.47,1.0,3.01
25.06.2016 03:00:00,987.22,17.96,16.0,88.3,20.62,18.21,2.41,11.55,18.44,1173.09,0.19,0.48,35.12
25.06.2016 04:00:00,987.03,17.45,15.67,89.3,19.97,17.83,2.14,11.31,18.07,1175.09,0.63,1.08,227.3
25.06.2016 05:00:00,986.88,18.03,15.85,87.1,20.71,18.04,2.67,11.45,18.28,1172.48,0.45,0.98,181.1
25.06.2016 06:00:00,986.71,20.84,16.82,77.8,24.67,19.19,5.48,12.19,19.45,1160.56,0.44,0.96,155.4
25.06.2016 07:00:00,986.1,20.88,17.24,79.7,24.73,19.71,5.02,12.53,19.99,1159.44,1.05,1.56,86.6
25.06.2016 08:00:00,985.84,21.89,17.61,76.7,26.3,20.18,6.13,12.83,20.47,1154.96,1.26,2.68,73.8
25.06.2016 09:00:00,985.91,22.94,17.89,73.2,28.04,20.52,7.51,13.05,20.82,1150.79,1.19,2.1,69.36
25.06.2016 10:00:00,985.45,24.4,18.39,69.19,30.61,21.18,9.43,13.48,21.49,1144.31,1.46,3.48,293.2
25.06.2016 11:00:00,985.24,24.16,18.39,70.2,30.17,21.18,8.99,13.48,21.5,1144.99,1.82,3.96,322.1
25.06.2016 12:00:00,984.61,24.89,18.69,68.49,31.52,21.59,9.93,13.75,21.93,1141.27,2.11,4.12,340.5
25.06.2016 13:00:00,984.18,26.19,18.86,64.08,34.05,21.82,12.23,13.9,22.17,1135.71,1.96,3.44,344.8
25.06.2016 14:00:00,983.59,26.3,19.07,64.52,34.27,22.11,12.16,14.1,22.48,1134.48,1.81,4.72,27.32
25.06.2016 15:00:00,983.27,26.94,19.14,62.41,35.58,22.21,13.38,14.17,22.58,1131.65,1.83,3.96,341.4
25.06.2016 16:00:00,982.85,27.43,19.04,60.26,36.62,22.07,14.55,14.08,22.45,1129.38,1.61,3.32,344.0
25.06.2016 17:00:00,982.03,27.36,19.22,61.18,36.47,22.31,14.16,14.25,22.72,1128.58,1.47,2.46,355.1
25.06.2016 18:00:00,982.4,27.04,19.2,62.25,35.79,22.28,13.51,14.23,22.68,1130.23,1.24,2.2,336.7
25.06.2016 19:00:00,982.88,25.68,19.23,67.6,33.04,22.33,10.7,14.25,22.72,1135.91,0.87,2.08,351.3
25.06.2016 20:00:00,983.58,22.66,16.72,69.18,27.57,19.07,8.5,12.15,19.39,1149.78,3.18,7.12,265.9
25.06.2016 21:00:00,985.59,19.83,16.48,81.0,23.17,18.77,4.4,11.93,19.05,1163.41,2.58,4.6,250.3
25.06.2016 22:00:00,987.35,17.31,13.98,80.8,19.79,15.99,3.8,10.14,16.2,1176.88,2.8,5.61,246.5
25.06.2016 23:00:00,987.75,15.45,13.7,89.3,17.58,15.7,1.88,9.95,15.89,1185.08,2.13,4.28,255.6
26.06.2016 00:00:00,987.96,14.97,12.29,84.0,17.05,14.32,2.73,9.06,14.49,1187.94,1.67,3.36,219.0
26.06.2016 01:00:00,988.8,14.58,11.4,81.2,16.62,13.5,3.12,8.53,13.65,1190.94,1.66,3.88,231.2
26.06.2016 02:00:00,988.84,14.25,11.34,82.6,16.27,13.44,2.83,8.5,13.59,1192.38,2.96,4.93,259.6
26.06.2016 03:00:00,989.43,14.05,11.28,83.4,16.06,13.39,2.67,8.46,13.54,1193.95,0.93,2.92,237.5
26.06.2016 04:00:00,990.03,14.34,11.59,83.5,16.37,13.67,2.7,8.63,13.8,1193.35,0.98,1.92,175.9
26.06.2016 05:00:00,990.63,14.12,11.48,84.1,16.13,13.57,2.57,8.56,13.7,1195.03,1.47,2.04,256.5
26.06.2016 06:00:00,991.15,16.54,11.9,74.0,18.85,13.95,4.9,8.8,14.07,1185.5,0.66,1.88,197.6
26.06.2016 07:00:00,991.38,17.12,11.02,67.28,19.56,13.16,6.4,8.3,13.27,1183.77,1.78,3.2,234.2
26.06.2016 08:00:00,991.55,16.93,10.45,65.58,19.32,12.67,6.65,7.99,12.78,1184.97,1.44,3.28,278.5
26.06.2016 09:00:00,991.45,18.32,10.16,58.9,21.09,12.42,8.67,7.83,12.53,1179.31,1.94,4.28,261.7
26.06.2016 10:00:00,991.44,19.1,9.28,52.88,22.15,11.71,10.44,7.38,11.81,1176.47,3.6,6.69,229.2
26.06.2016 11:00:00,991.27,19.9,9.74,51.91,23.28,12.08,11.19,7.62,12.19,1172.89,2.31,5.92,322.7
26.06.2016 12:00:00,990.95,20.62,9.11,47.58,24.33,11.58,12.76,7.3,11.68,1169.87,2.89,4.52,203.4
26.06.2016 13:00:00,991.02,20.67,10.29,51.35,24.41,12.53,11.88,7.9,12.65,1169.32,2.0,3.68,350.6
26.06.2016 14:00:00,990.94,20.81,10.24,50.76,24.62,12.5,12.12,7.88,12.61,1168.69,2.09,4.76,276.8
26.06.2016 15:00:00,990.82,21.12,10.13,49.41,25.09,12.4,12.7,7.82,12.51,1167.36,1.5,3.68,272.8
26.06.2016 16:00:00,990.39,22.01,9.74,45.6,26.5,12.08,14.41,7.62,12.2,1163.47,1.47,3.16,229.7
26.06.2016 17:00:00,990.31,21.61,9.13,44.85,25.86,11.6,14.26,7.32,11.71,1165.17,2.11,3.68,257.1
26.06.2016 18:00:00,990.22,21.34,8.99,45.17,25.43,11.49,13.95,7.25,11.6,1166.18,1.36,2.8,282.7
26.06.2016 19:00:00,990.38,21.01,9.71,48.37,24.93,12.06,12.87,7.61,12.17,1167.43,0.94,1.36,271.4
26.06.2016 20:00:00,990.59,19.82,9.34,50.77,23.16,11.76,11.4,7.42,11.87,1172.55,1.31,1.72,267.0
26.06.2016 21:00:00,990.93,17.99,9.64,58.07,20.66,12.0,8.66,7.56,12.11,1180.22,2.37,3.2,247.7
26.06.2016 22:00:00,991.3,16.49,9.83,64.68,18.79,12.15,6.64,7.66,12.26,1186.71,1.33,1.88,232.3
26.06.2016 23:00:00,991.57,15.35,9.37,67.47,17.47,11.79,5.68,7.43,11.89,1191.89,1.29,1.92,230.5
27.06.2016 00:00:00,992.07,15.45,9.18,66.19,17.58,11.64,5.94,7.33,11.73,1192.15,1.47,2.72,234.5
27.06.2016 01:00:00,991.92,13.5,9.32,75.8,15.5,11.75,3.75,7.4,11.84,1200.02,1.26,2.2,214.1
27.06.2016 02:00:00,991.62,13.01,9.67,80.1,15.01,12.02,2.99,7.58,12.12,1201.59,0.87,1.4,208.4
27.06.2016 03:00:00,991.6,12.92,9.71,80.8,14.92,12.06,2.86,7.6,12.16,1201.92,0.69,1.08,222.3
27.06.2016 04:00:00,991.99,11.89,9.77,86.8,13.94,12.1,1.84,7.62,12.2,1206.72,0.69,1.18,177.0
27.06.2016 05:00:00,992.25,11.82,9.54,85.9,13.88,11.92,1.96,7.51,12.01,1207.42,1.44,1.84,213.6
27.06.2016 06:00:00,992.74,11.72,9.63,87.0,13.79,11.99,1.79,7.55,12.08,1208.41,0.83,1.64,102.9
27.06.2016 07:00:00,993.01,14.46,10.21,75.6,16.49,12.47,4.02,7.85,12.56,1197.0,0.91,1.92,160.6
27.06.2016 08:00:00,993.11,17.28,9.92,61.9,19.75,12.23,7.53,7.69,12.31,1185.61,2.1,5.39,240.1
27.06.2016 09:00:00,992.96,17.99,9.1,56.02,20.66,11.57,9.09,7.28,11.66,1182.84,3.13,5.21,219.8
27.06.2016 10:00:00,992.57,18.73,9.22,53.92,21.64,11.67,9.97,7.34,11.76,1179.33,2.1,4.24,234.2
27.06.2016 11:00:00,992.39,19.54,9.26,51.38,22.76,11.69,11.07,7.36,11.78,1175.84,1.54,3.42,261.4
27.06.2016 12:00:00,992.21,19.39,9.12,51.39,22.55,11.59,10.96,7.3,11.68,1176.28,2.39,4.56,242.0
27.06.2016 13:00:00,991.8,20.79,8.95,46.58,24.59,11.45,13.14,7.21,11.55,1170.25,2.01,3.84,247.7
27.06.2016 14:00:00,991.41,21.55,8.15,42.1,25.76,10.85,14.92,6.83,10.94,1167.04,4.71,8.05,241.0
27.06.2016 15:00:00,991.22,21.42,8.12,42.35,25.56,10.82,14.74,6.82,10.92,1167.34,3.58,6.06,247.4
27.06.2016 16:00:00,991.2,21.39,7.35,40.26,25.51,10.27,15.24,6.47,10.36,1167.69,3.98,6.56,246.6
27.06.2016 17:00:00,991.07,21.27,8.18,42.92,25.33,10.87,14.46,6.85,10.97,1167.74,3.0,6.16,229.6
27.06.2016 18:00:00,990.94,20.66,9.07,47.35,24.39,11.55,12.84,7.28,11.66,1169.71,2.87,6.2,227.5
27.06.2016 19:00:00,991.34,19.71,10.0,53.43,23.0,12.29,10.71,7.75,12.4,1173.64,2.66,4.48,235.5
27.06.2016 20:00:00,991.58,18.56,10.58,59.67,21.41,12.78,8.64,8.05,12.88,1178.34,2.63,4.08,227.1
27.06.2016 21:00:00,992.08,17.47,11.04,65.9,19.99,13.18,6.82,8.3,13.28,1183.18,2.43,3.36,224.8
27.06.2016 22:00:00,992.06,17.12,11.44,69.2,19.56,13.53,6.02,8.53,13.64,1184.42,2.77,3.84,218.1
27.06.2016 23:00:00,992.05,17.3,11.68,69.52,19.78,13.75,6.03,8.67,13.86,1183.57,2.43,4.4,228.2
28.06.2016 00:00:00,992.22,15.54,12.87,84.1,17.68,14.87,2.81,9.37,14.99,1190.48,2.27,3.64,240.3
28.06.2016 01:00:00,991.98,15.0,13.43,90.3,17.08,15.42,1.66,9.73,15.55,1192.17,1.76,3.08,176.8
28.06.2016 02:00:00,991.84,14.93,13.66,92.1,17.0,15.66,1.34,9.88,15.79,1192.18,0.88,2.08,200.2
28.06.2016 03:00:00,991.49,14.84,13.44,91.3,16.9,15.43,1.47,9.74,15.56,1192.23,0.31,0.72,187.3
28.06.2016 04:00:00,991.54,14.55,13.48,93.3,16.59,15.48,1.11,9.77,15.61,1193.48,0.7,1.76,216.8
28.06.2016 05:00:00,991.75,14.67,13.73,94.1,16.72,15.73,0.99,9.93,15.86,1193.12,0.61,1.04,200.5
28.06.2016 06:00:00,991.74,14.71,13.74,93.9,16.76,15.74,1.02,9.93,15.87,1192.93,1.05,1.48,228.7
28.06.2016 07:00:00,991.94,14.71,13.09,90.0,16.76,15.09,1.68,9.51,15.21,1193.48,1.3,2.56,244.2
28.06.2016 08:00:00,992.13,15.23,12.6,84.3,17.33,14.61,2.72,9.21,14.73,1191.77,0.59,1.48,133.7
28.06.2016 09:00:00,992.42,16.2,12.81,80.3,18.44,14.81,3.63,9.34,14.92,1188.03,1.24,2.48,285.2
28.06.2016 10:00:00,992.35,17.83,11.83,67.91,20.45,13.89,6.56,8.75,14.0,1181.71,1.78,2.92,268.0
28.06.2016 11:00:00,992.09,19.01,11.85,63.14,22.02,13.9,8.12,8.76,14.02,1176.62,1.15,3.72,64.88
28.06.2016 12:00:00,991.69,19.82,9.14,50.09,23.16,11.6,11.56,7.31,11.7,1173.93,1.42,2.96,294.9
28.06.2016 13:00:00,991.06,20.86,10.81,52.54,24.7,12.98,11.72,8.18,13.09,1168.41,1.21,2.96,301.5
28.06.2016 14:00:00,990.71,19.96,10.63,54.9,23.36,12.83,10.54,8.09,12.95,1171.65,0.56,0.88,243.6
28.06.2016 15:00:00,990.46,19.43,11.22,59.01,22.61,13.34,9.27,8.42,13.47,1173.25,0.81,1.72,283.3
28.06.2016 16:00:00,990.13,19.84,11.31,57.86,23.19,13.42,9.77,8.47,13.55,1171.18,2.54,3.74,164.5
28.06.2016 17:00:00,989.8,19.69,13.58,67.81,22.97,15.58,7.4,9.85,15.74,1170.41,2.91,4.6,134.5
28.06.2016 18:00:00,989.51,20.58,13.31,63.06,24.27,15.31,8.97,9.68,15.47,1166.64,1.28,2.96,150.2
28.06.2016 19:00:00,989.06,18.97,13.02,68.37,21.97,15.02,6.95,9.5,15.19,1172.67,0.7,1.44,195.8
28.06.2016 20:00:00,988.82,18.25,13.02,71.5,21.0,15.01,5.98,9.5,15.18,1175.28,1.07,1.44,214.1
28.06.2016 21:00:00,988.55,17.27,13.09,76.4,19.74,15.08,4.66,9.55,15.26,1178.89,1.07,1.84,242.2
28.06.2016 22:00:00,988.45,16.52,13.18,80.6,18.82,15.17,3.65,9.6,15.35,1181.78,0.82,1.64,166.8
28.06.2016 23:00:00,987.94,15.38,13.11,86.3,17.5,15.1,2.4,9.56,15.29,1185.87,0.39,0.72,69.89
29.06.2016 00:00:00,987.39,15.0,13.14,88.6,17.08,15.13,1.95,9.59,15.32,1186.75,0.7,1.32,197.3
29.06.2016 01:00:00,986.84,14.96,13.56,91.3,17.03,15.55,1.48,9.86,15.76,1186.06,0.85,1.36,204.1
29.06.2016 02:00:00,986.67,14.81,13.71,93.1,16.87,15.71,1.16,9.96,15.92,1186.4,1.85,2.4,209.7
29.06.2016 03:00:00,986.16,14.73,13.95,95.1,16.78,15.96,0.82,10.13,16.19,1186.0,1.87,2.94,182.0
29.06.2016 04:00:00,985.93,14.96,14.33,96.0,17.03,16.35,0.68,10.38,16.59,1184.59,1.54,2.12,193.4
29.06.2016 05:00:00,985.74,15.42,14.33,93.2,17.55,16.35,1.19,10.38,16.59,1182.48,2.86,3.28,221.6
29.06.2016 06:00:00,985.94,16.7,14.44,86.5,19.04,16.47,2.57,10.46,16.71,1177.44,5.22,6.93,211.2
29.06.2016 07:00:00,986.07,17.43,14.61,83.5,19.94,16.65,3.29,10.57,16.89,1174.56,5.16,6.99,209.5
29.06.2016 08:00:00,986.2,19.32,14.15,72.0,22.45,16.17,6.29,10.26,16.39,1167.34,5.94,8.13,206.5
29.06.2016 09:00:00,986.48,19.58,13.79,69.21,22.82,15.79,7.03,10.02,16.01,1166.81,4.17,7.13,208.2
29.06.2016 10:00:00,986.28,21.25,13.46,61.12,25.29,15.46,9.83,9.81,15.68,1160.1,6.73,10.01,211.3
29.06.2016 11:00:00,986.19,21.79,13.26,58.35,26.14,15.26,10.89,9.68,15.47,1157.96,5.37,8.07,208.3
29.06.2016 12:00:00,986.12,22.97,12.7,52.35,28.09,14.7,13.38,9.33,14.91,1153.51,6.97,10.71,209.6
29.06.2016 13:00:00,985.95,23.4,11.76,47.94,28.83,13.82,15.01,8.76,14.02,1152.03,7.86,11.37,210.4
29.06.2016 14:00:00,985.92,23.81,11.94,47.34,29.55,13.99,15.56,8.87,14.19,1150.33,6.23,11.37,213.8
29.06.2016 15:00:00,985.8,24.04,11.39,45.01,29.96,13.48,16.47,8.55,13.68,1149.52,5.77,9.77,217.9
29.06.2016 16:00:00,985.71,25.27,10.63,39.77,32.24,12.82,19.42,8.13,13.01,1144.97,4.44,7.12,245.5
29.06.2016 17:00:00,985.59,24.68,10.64,41.22,31.13,12.83,18.3,8.14,13.02,1147.1,3.4,6.24,223.0
29.06.2016 18:00:00,985.6,23.94,9.81,40.77,29.78,12.14,17.64,7.7,12.32,1150.27,2.37,4.92,230.7
29.06.2016 19:00:00,985.95,22.85,9.69,43.17,27.88,12.04,15.85,7.63,12.21,1154.96,3.51,5.52,239.8
29.06.2016 20:00:00,986.25,20.87,9.41,47.8,24.71,11.81,12.9,7.48,11.98,1163.2,1.85,3.2,247.5
29.06.2016 21:00:00,986.85,19.07,8.77,51.2,22.1,11.32,10.79,7.16,11.47,1171.3,1.28,1.72,217.7
29.06.2016 22:00:00,987.13,18.33,8.7,53.37,21.11,11.26,9.84,7.13,11.41,1174.63,2.67,3.24,236.2
29.06.2016 23:00:00,987.19,17.19,9.21,59.33,19.64,11.65,7.99,7.38,11.8,1179.14,1.24,1.84,224.7
30.06.2016 00:00:00,987.04,15.85,9.66,66.64,18.04,12.02,6.02,7.61,12.18,1184.26,1.05,1.8,214.1
30.06.2016 01:00:00,986.91,14.86,9.7,71.2,16.92,12.05,4.87,7.63,12.21,1188.16,0.55,1.0,164.0
30.06.2016 02:00:00,986.54,14.55,9.86,73.4,16.59,12.18,4.41,7.71,12.34,1188.93,1.07,1.72,217.2
30.06.2016 03:00:00,986.66,13.73,9.97,78.0,15.73,12.27,3.46,7.77,12.44,1192.43,1.37,2.0,199.8
30.06.2016 04:00:00,986.74,12.76,10.01,83.3,14.76,12.3,2.47,7.79,12.46,1196.56,1.04,1.92,191.5
30.06.2016 05:00:00,986.93,13.17,10.35,83.0,15.17,12.59,2.58,7.97,12.75,1194.95,0.23,0.54,76.3
30.06.2016 06:00:00,987.03,13.78,10.84,82.4,15.78,13.0,2.78,8.24,13.17,1192.34,0.62,1.28,148.7
30.06.2016 07:00:00,987.37,15.48,11.67,78.0,17.61,13.74,3.88,8.7,13.91,1185.39,0.75,1.48,199.0
30.06.2016 08:00:00,987.52,17.14,12.9,76.1,19.58,14.9,4.68,9.44,15.09,1178.27,0.69,1.68,164.3
30.06.2016 09:00:00,987.96,17.6,13.8,78.4,20.16,15.8,4.35,10.01,16.0,1176.52,0.68,1.28,219.0
30.06.2016 10:00:00,987.97,18.81,14.17,74.4,21.75,16.18,5.57,10.25,16.38,1171.49,2.06,3.32,193.7
30.06.2016 11:00:00,987.95,19.54,14.53,72.8,22.76,16.57,6.19,10.5,16.77,1168.36,1.95,3.4,175.7
30.06.2016 12:00:00,987.74,21.77,13.19,58.14,26.11,15.18,10.93,9.62,15.37,1159.9,4.66,7.51,215.0
30.06.2016 13:00:00,987.23,22.42,12.87,54.74,27.17,14.87,12.3,9.42,15.06,1156.89,5.8,8.93,210.1
30.06.2016 14:00:00,987.73,20.98,13.97,64.21,24.88,15.97,8.9,10.12,16.17,1162.65,1.72,3.52,278.4
30.06.2016 15:00:00,987.59,21.93,13.87,60.21,26.37,15.88,10.49,10.06,16.08,1158.79,1.5,3.68,260.6
30.06.2016 16:00:00,987.38,23.67,13.07,51.42,29.3,15.07,14.23,9.55,15.26,1152.11,3.52,5.84,225.7
30.06.2016 17:00:00,987.29,23.36,13.03,52.27,28.76,15.03,13.73,9.52,15.23,1153.22,3.3,5.56,253.5
30.06.2016 18:00:00,987.18,24.34,13.57,51.02,30.5,15.56,14.94,9.86,15.76,1149.06,1.89,4.68,235.0
30.06.2016 19:00:00,987.48,23.26,12.98,52.4,28.58,14.98,13.61,9.49,15.17,1153.86,1.02,2.92,260.1
30.06.2016 20:00:00,988.0,21.61,12.95,57.8,25.86,14.95,10.91,9.46,15.13,1160.94,1.22,1.84,280.1
30.06.2016 21:00:00,988.43,20.47,12.33,59.51,24.11,14.35,9.76,9.08,14.52,1166.23,1.2,2.04,256.7
30.06.2016 22:00:00,988.81,19.54,12.55,63.99,22.76,14.56,8.2,9.21,14.73,1170.29,2.34,2.94,235.6
30.06.2016 23:00:00,989.1,19.14,12.58,65.71,22.2,14.59,7.61,9.23,14.75,1172.23,0.26,0.56,44.88
01.07.2016 00:00:00,988.99,17.98,13.45,74.8,20.65,15.44,5.2,9.77,15.62,1176.38,0.6,1.18,55.77
01.07.2016 01:00:00,988.89,16.94,12.77,76.4,19.33,14.77,4.56,9.34,14.94,1180.78,1.81,2.76,228.4
01.07.2016 02:00:00,988.92,16.02,12.33,78.7,18.23,14.35,3.88,9.08,14.51,1184.77,2.52,3.32,235.3
01.07.2016 03:00:00,988.9,15.84,12.31,79.5,18.02,14.33,3.7,9.06,14.49,1185.49,2.76,3.24,219.6
01.07.2016 04:00:00,989.3,14.77,12.61,86.9,16.83,14.62,2.2,9.25,14.78,1190.24,0.86,1.34,78.9
01.07.2016 05:00:00,989.26,15.6,12.64,82.5,17.75,14.64,3.11,9.26,14.8,1186.77,0.96,2.56,196.3
01.07.2016 06:00:00,989.53,17.58,13.22,75.6,20.13,15.22,4.91,9.62,15.38,1178.75,1.12,1.8,120.7
01.07.2016 07:00:00,989.72,19.89,13.96,68.64,23.26,15.97,7.29,10.1,16.13,1169.34,2.49,4.48,176.6
01.07.2016 08:00:00,989.53,21.34,14.06,63.2,25.43,16.07,9.36,10.17,16.24,1163.31,3.8,5.81,196.9
01.07.2016 09:00:00,989.36,22.08,13.71,59.02,26.61,15.71,10.91,9.93,15.87,1160.36,6.33,9.09,210.9
01.07.2016 10:00:00,989.29,22.95,13.57,55.48,28.05,15.56,12.49,9.84,15.73,1156.93,6.21,9.37,206.9
01.07.2016 11:00:00,989.29,23.59,13.48,53.06,29.16,15.47,13.69,9.79,15.64,1154.48,4.5,8.39,222.3
01.07.2016 12:00:00,988.99,23.67,13.11,51.57,29.3,15.11,14.19,9.56,15.28,1153.98,4.95,6.85,211.6
01.07.2016 13:00:00,988.59,25.0,13.02,47.33,31.73,15.02,16.71,9.5,15.19,1148.4,4.32,8.17,213.9
01.07.2016 14:00:00,988.35,25.41,12.78,45.46,32.51,14.78,17.73,9.35,14.95,1146.65,5.7,8.73,223.2
01.07.2016 15:00:00,988.19,25.6,13.24,46.34,32.88,15.24,17.64,9.65,15.42,1145.53,5.52,9.05,208.1
01.07.2016 16:00:00,987.79,25.43,13.75,48.39,32.55,15.75,16.8,9.98,15.95,1145.49,4.32,6.44,202.2
01.07.2016 17:00:00,987.42,26.05,13.29,45.27,33.77,15.29,18.48,9.69,15.48,1142.89,5.13,6.68,218.4
01.07.2016 18:00:00,987.2,26.08,13.15,44.77,33.83,15.14,18.68,9.6,15.34,1142.58,5.31,8.01,228.0
01.07.2016 19:00:00,987.32,25.4,13.31,47.11,32.49,15.31,17.18,9.7,15.5,1145.26,3.6,5.64,229.0
01.07.2016 20:00:00,987.82,23.2,13.46,54.28,28.48,15.46,13.02,9.79,15.65,1154.28,2.13,3.56,237.8
01.07.2016 21:00:00,988.36,20.84,13.47,62.7,24.67,15.47,9.2,9.79,15.65,1164.18,1.75,2.8,226.6
01.07.2016 22:00:00,988.33,19.58,13.22,66.69,22.82,15.22,7.6,9.63,15.4,1169.27,3.4,4.08,222.5
01.07.2016 23:00:00,988.05,19.26,13.15,67.71,22.37,15.15,7.22,9.59,15.33,1170.24,3.16,3.96,238.6
02.07.2016 00:00:00,987.93,18.5,13.11,70.8,21.33,15.1,6.23,9.56,15.29,1173.17,1.13,2.0,202.7
02.07.2016 01:00:00,987.52,17.75,13.04,73.9,20.35,15.04,5.31,9.53,15.23,1175.73,0.87,1.4,199.6
02.07.2016 02:00:00,986.76,17.04,13.02,77.2,19.46,15.02,4.44,9.52,15.22,1177.7,1.17,2.54,161.5
02.07.2016 03:00:00,986.19,15.8,12.83,82.5,17.98,14.83,3.15,9.41,15.04,1182.16,0.55,1.06,226.8
02.07.2016 04:00:00,985.66,16.35,12.92,80.1,18.62,14.92,3.71,9.47,15.13,1179.24,1.23,2.0,188.0
02.07.2016 05:00:00,985.54,16.37,12.95,80.2,18.65,14.95,3.69,9.49,15.17,1178.99,0.73,1.4,196.9
02.07.2016 06:00:00,985.41,17.05,13.29,78.5,19.47,15.28,4.19,9.7,15.51,1175.92,0.51,1.36,176.5
02.07.2016 07:00:00,985.28,20.01,14.24,69.4,23.43,16.26,7.17,10.33,16.51,1163.46,1.95,3.0,175.1
02.07.2016 08:00:00,985.57,21.18,14.95,67.57,25.19,17.02,8.17,10.81,17.27,1158.84,2.17,5.79,213.0
02.07.2016 09:00:00,985.67,21.66,14.84,65.17,25.94,16.9,9.03,10.74,17.15,1157.12,4.93,8.17,206.7
02.07.2016 10:00:00,985.99,21.53,15.12,66.88,25.73,17.21,8.52,10.93,17.45,1157.87,4.21,6.03,197.9
02.07.2016 11:00:00,987.33,17.28,13.1,76.4,19.75,15.09,4.66,9.56,15.29,1177.38,4.54,6.89,261.9
02.07.2016 12:00:00,987.72,17.9,14.13,78.6,20.54,16.15,4.4,10.23,16.35,1174.86,2.95,5.01,266.5
02.07.2016 13:00:00,988.07,17.43,11.83,69.65,19.94,13.89,6.05,8.79,14.06,1178.21,1.95,4.48,250.6
02.07.2016 14:00:00,988.58,14.43,11.1,80.4,16.46,13.23,3.23,8.37,13.39,1191.42,2.65,4.36,248.8
02.07.2016 15:00:00,989.01,14.61,10.16,74.6,16.65,12.42,4.23,7.85,12.56,1191.56,1.71,3.32,246.2
02.07.2016 16:00:00,989.25,14.61,10.86,78.2,16.65,13.02,3.63,8.23,13.16,1191.58,0.71,1.36,304.1
02.07.2016 17:00:00,989.07,17.16,10.1,63.14,19.6,12.38,7.23,7.82,12.52,1181.19,2.49,5.49,223.9
02.07.2016 18:00:00,989.29,18.66,8.13,50.29,21.55,10.84,10.71,6.84,10.95,1176.08,2.07,4.24,266.4
02.07.2016 19:00:00,990.06,16.94,8.27,56.57,19.33,10.94,8.4,6.9,11.05,1183.93,1.14,2.76,286.1
02.07.2016 20:00:00,990.58,16.28,8.67,60.63,18.54,11.24,7.3,7.09,11.35,1187.12,1.15,2.8,260.3
02.07.2016 21:00:00,991.43,15.04,8.87,66.53,17.12,11.39,5.73,7.18,11.49,1193.18,1.62,2.92,234.3
02.07.2016 22:00:00,992.07,14.4,8.88,69.39,16.43,11.4,5.03,7.18,11.49,1196.61,0.47,0.88,186.2
02.07.2016 23:00:00,992.43,13.0,9.66,80.1,15.0,12.01,2.98,7.56,12.11,1202.62,0.77,1.32,170.4
03.07.2016 00:00:00,992.69,12.97,8.32,73.3,14.97,10.97,4.0,6.9,11.05,1203.54,1.36,2.0,250.2
03.07.2016 01:00:00,993.04,12.16,8.18,76.6,14.19,10.87,3.32,6.84,10.95,1207.42,2.62,3.12,250.1
03.07.2016 02:00:00,993.05,11.74,7.77,76.6,13.8,10.57,3.23,6.65,10.65,1209.36,2.56,3.22,253.7
03.07.2016 03:00:00,993.24,10.6,7.25,79.7,12.8,10.2,2.6,6.41,10.27,1214.63,2.25,3.28,242.1
03.07.2016 04:00:00,993.21,9.61,7.71,87.9,11.98,10.53,1.45,6.62,10.6,1218.68,1.43,2.04,202.0
03.07.2016 05:00:00,993.6,9.73,7.52,86.1,12.07,10.39,1.68,6.53,10.46,1218.72,1.24,1.72,188.4
03.07.2016 06:00:00,993.73,11.43,8.46,81.9,13.52,11.08,2.45,6.96,11.15,1211.28,2.15,3.08,153.8
03.07.2016 07:00:00,993.8,12.39,9.1,80.3,14.41,11.57,2.84,7.27,11.64,1207.06,2.07,2.96,175.8
03.07.2016 08:00:00,993.89,14.59,9.83,73.1,16.63,12.16,4.47,7.64,12.23,1197.68,2.07,3.76,127.6
03.07.2016 09:00:00,993.74,16.68,7.91,56.12,19.02,10.67,8.34,6.71,10.74,1189.54,3.92,5.97,209.0
03.07.2016 10:00:00,993.78,17.08,6.99,51.39,19.51,10.02,9.48,6.3,10.09,1188.23,3.37,5.69,235.3
03.07.2016 11:00:00,993.25,18.42,7.15,47.72,21.22,10.13,11.1,6.37,10.2,1182.09,4.9,7.69,211.8
03.07.2016 12:00:00,993.08,18.06,8.57,53.79,20.75,11.16,9.59,7.02,11.24,1182.89,2.98,5.97,228.4
03.07.2016 13:00:00,992.72,18.67,7.85,49.31,21.56,10.63,10.93,6.69,10.71,1180.22,2.92,7.81,193.5
03.07.2016 14:00:00,992.32,19.11,7.65,47.3,22.16,10.48,11.68,6.6,10.56,1178.04,2.27,4.28,224.4
03.07.2016 15:00:00,993.69,13.15,10.13,81.9,15.15,12.4,2.74,7.8,12.48,1203.34,2.75,4.64,256.1
03.07.2016 16:00:00,993.57,14.79,10.53,75.6,16.85,12.74,4.11,8.01,12.82,1196.19,0.48,1.36,326.5
03.07.2016 17:00:00,994.15,14.56,10.6,77.1,16.6,12.8,3.8,8.05,12.87,1197.82,0.74,1.46,243.0
03.07.2016 18:00:00,993.87,15.3,10.82,74.6,17.41,12.99,4.42,8.17,13.07,1194.32,0.86,1.8,238.4
03.07.2016 19:00:00,993.94,15.28,10.23,71.8,17.39,12.49,4.9,7.85,12.56,1194.72,1.5,2.4,242.0
03.07.2016 20:00:00,994.49,13.96,10.85,81.5,15.97,13.01,2.95,8.18,13.09,1200.63,0.63,1.06,194.6
03.07.2016 21:00:00,994.91,13.22,9.07,75.9,15.22,11.55,3.67,7.25,11.61,1204.92,1.75,2.24,251.9
03.07.2016 22:00:00,995.3,12.45,9.76,83.6,14.47,12.09,2.37,7.59,12.15,1208.4,1.19,1.8,202.6
03.07.2016 23:00:00,995.65,11.28,9.52,88.9,13.39,11.9,1.49,7.47,11.96,1213.88,0.76,1.32,211.8
04.07.2016 00:00:00,995.76,10.44,9.17,91.8,12.66,11.62,1.04,7.29,11.67,1217.74,0.78,1.64,207.8
04.07.2016 01:00:00,996.03,9.28,8.27,93.4,11.71,10.94,0.77,6.86,10.98,1223.39,1.36,2.14,212.2
04.07.2016 02:00:00,995.94,9.14,8.01,92.6,11.6,10.74,0.86,6.74,10.79,1223.99,0.96,1.4,233.5
04.07.2016 03:00:00,996.02,7.7,6.83,94.2,10.52,9.91,0.61,6.21,9.95,1230.75,1.33,1.92,195.5
04.07.2016 04:00:00,996.12,7.3,6.8,96.6,10.24,9.89,0.35,6.2,9.93,1232.64,0.93,1.32,209.0
04.07.2016 05:00:00,996.1,7.03,6.69,97.7,10.05,9.82,0.23,6.15,9.86,1233.83,1.65,2.72,188.2
04.07.2016 06:00:00,996.12,7.72,7.42,98.0,10.53,10.32,0.21,6.47,10.36,1230.6,1.94,2.72,155.5
04.07.2016 07:00:00,996.21,8.74,8.4,97.7,11.29,11.03,0.26,6.92,11.07,1225.92,1.95,2.56,162.9
04.07.2016 08:00:00,996.25,11.17,10.59,96.2,13.29,12.79,0.51,8.02,12.84,1214.67,1.38,2.32,147.3
04.07.2016 09:00:00,996.05,14.86,10.81,76.7,16.92,12.98,3.94,8.15,13.03,1198.78,1.12,2.08,167.1
04.07.2016 10:00:00,995.67,18.46,9.56,56.09,21.28,11.93,9.34,7.49,11.99,1184.01,3.13,4.24,144.7
04.07.2016 11:00:00,995.24,19.03,8.88,51.71,22.05,11.4,10.65,7.16,11.46,1181.42,2.1,3.44,78.9
04.07.2016 12:00:00,994.99,19.34,7.68,46.73,22.48,10.5,11.98,6.59,10.56,1180.28,2.13,3.4,37.24
04.07.2016 13:00:00,994.61,21.16,7.68,41.77,25.16,10.51,14.65,6.6,10.56,1172.53,2.14,3.84,137.5
04.07.2016 14:00:00,994.05,20.93,7.56,42.02,24.8,10.42,14.38,6.55,10.48,1172.82,2.09,3.16,53.27
04.07.2016 15:00:00,993.65,21.93,7.92,40.49,26.37,10.68,15.69,6.71,10.75,1168.26,1.58,3.08,121.2
04.07.2016 16:00:00,993.1,22.55,8.18,39.7,27.38,10.87,16.51,6.84,10.95,1165.08,1.65,3.36,84.5
04.07.2016 17:00:00,992.77,22.05,8.1,40.7,26.56,10.81,15.75,6.8,10.89,1166.69,1.84,2.98,41.25
04.07.2016 18:00:00,992.56,22.21,8.38,41.08,26.82,11.02,15.8,6.93,11.1,1165.72,0.82,1.68,214.2
04.07.2016 19:00:00,992.31,21.53,9.58,46.45,25.73,11.95,13.78,7.53,12.05,1167.69,0.89,1.4,231.9
04.07.2016 20:00:00,992.17,20.58,9.62,49.37,24.27,11.98,12.29,7.55,12.08,1171.29,1.89,2.44,246.6
04.07.2016 21:00:00,992.29,18.47,10.9,61.32,21.29,13.06,8.24,8.22,13.16,1179.42,2.32,3.04,227.9
04.07.2016 22:00:00,992.15,18.3,11.04,62.54,21.07,13.17,7.89,8.3,13.28,1179.89,0.85,1.28,218.7
04.07.2016 23:00:00,992.25,17.26,11.18,67.43,19.73,13.3,6.43,8.38,13.41,1184.18,0.74,1.32,219.9
05.07.2016 00:00:00,991.91,16.05,11.32,73.5,18.27,13.43,4.84,8.46,13.54,1188.67,1.53,2.06,215.7
05.07.2016 01:00:00,991.42,16.15,11.04,71.7,18.39,13.18,5.2,8.31,13.3,1187.78,0.8,1.24,202.4
05.07.2016 02:00:00,991.01,16.03,11.55,74.7,18.25,13.63,4.62,8.6,13.75,1187.57,0.37,0.8,51.75
05.07.2016 03:00:00,990.3,15.23,11.96,80.8,17.33,14.01,3.33,8.84,14.14,1189.84,0.16,0.38,19.17
05.07.2016 04:00:00,989.77,14.82,12.38,85.3,16.88,14.4,2.48,9.1,14.55,1190.71,0.48,0.92,160.3
05.07.2016 05:00:00,989.57,14.43,12.17,86.3,16.46,14.21,2.26,8.98,14.36,1192.17,0.99,1.46,229.8
05.07.2016 06:00:00,989.36,15.16,12.24,82.7,17.26,14.27,2.99,9.02,14.42,1188.87,1.18,1.44,217.6
05.07.2016 07:00:00,988.82,17.76,12.57,71.6,20.36,14.58,5.78,9.22,14.74,1177.46,1.36,2.06,156.2
05.07.2016 08:00:00,988.45,20.18,13.4,64.99,23.68,15.39,8.29,9.74,15.57,1166.94,1.73,2.52,144.6
05.07.2016 09:00:00,987.96,21.78,13.02,57.48,26.13,15.02,11.11,9.51,15.2,1160.2,3.01,6.48,221.5
05.07.2016 10:00:00,987.97,21.15,13.14,60.22,25.14,15.14,10.0,9.59,15.32,1162.64,1.72,3.6,241.7
05.07.2016 11:00:00,987.82,22.57,11.42,49.31,27.42,13.52,13.9,8.56,13.69,1157.6,3.07,5.12,255.0
05.07.2016 12:00:00,987.63,22.77,11.45,48.79,27.75,13.54,14.21,8.57,13.71,1156.58,2.8,5.62,230.0
05.07.2016 13:00:00,986.99,23.43,11.73,47.78,28.88,13.8,15.08,8.74,13.98,1153.14,4.26,6.72,215.1
05.07.2016 14:00:00,986.62,24.46,11.4,43.93,30.72,13.5,17.23,8.55,13.68,1148.85,4.72,8.29,245.8
05.07.2016 15:00:00,986.16,24.98,11.03,41.55,31.69,13.17,18.52,8.35,13.35,1146.46,4.61,8.37,251.4
05.07.2016 16:00:00,986.08,24.86,11.88,44.29,31.46,13.94,17.53,8.84,14.13,1146.49,4.26,7.24,256.8
05.07.2016 17:00:00,986.18,24.11,12.18,47.23,30.08,14.21,15.88,9.01,14.41,1149.38,3.11,5.68,261.2
05.07.2016 18:00:00,986.27,23.25,10.67,45.0,28.57,12.86,15.71,8.15,13.03,1153.42,4.87,8.41,250.0
05.07.2016 19:00:00,986.15,21.49,11.28,52.18,25.67,13.39,12.28,8.49,13.58,1159.92,1.99,5.18,247.7
05.07.2016 20:00:00,986.53,20.69,11.61,56.02,24.44,13.69,10.75,8.68,13.88,1163.4,1.34,2.88,262.5
05.07.2016 21:00:00,987.42,15.21,12.55,84.1,17.31,14.56,2.75,9.22,14.74,1186.19,2.13,4.24,252.1
05.07.2016 22:00:00,987.51,14.7,12.32,85.6,16.75,14.34,2.41,9.08,14.52,1188.5,1.86,3.0,256.3
05.07.2016 23:00:00,988.15,14.87,12.5,85.7,16.94,14.51,2.42,9.19,14.69,1188.49,1.95,3.08,258.0
06.07.2016 00:00:00,988.79,14.68,10.14,74.2,16.73,12.41,4.32,7.85,12.55,1191.01,1.92,5.29,283.3
06.07.2016 01:00:00,989.16,14.08,9.16,72.2,16.09,11.62,4.47,7.34,11.75,1194.31,2.56,4.12,259.8
06.07.2016 02:00:00,989.43,13.3,8.23,71.3,15.3,10.91,4.39,6.88,11.02,1198.22,2.85,4.46,264.0
06.07.2016 03:00:00,989.57,12.61,8.29,74.9,14.62,10.95,3.67,6.91,11.07,1201.26,2.89,4.55,262.7
06.07.2016 04:00:00,989.76,12.37,8.23,75.8,14.39,10.91,3.48,6.88,11.02,1202.52,2.61,4.32,260.9
06.07.2016 05:00:00,990.08,12.57,8.46,76.0,14.58,11.08,3.5,6.99,11.19,1201.99,1.92,3.28,235.9
06.07.2016 06:00:00,990.47,12.73,8.38,74.8,14.74,11.02,3.71,6.95,11.13,1201.82,3.04,5.85,246.0
06.07.2016 07:00:00,990.8,13.73,8.2,69.18,15.73,10.88,4.85,6.86,10.98,1198.1,2.81,5.57,254.4
06.07.2016 08:00:00,991.41,14.25,7.91,65.6,16.27,10.67,5.6,6.72,10.77,1196.77,2.61,4.97,266.4
06.07.2016 09:00:00,991.69,14.24,7.66,64.51,16.26,10.49,5.77,6.61,10.58,1197.23,2.17,5.21,256.7
06.07.2016 10:00:00,991.91,15.34,8.02,61.61,17.46,10.75,6.7,6.77,10.84,1192.81,3.56,6.49,245.9
06.07.2016 11:00:00,992.12,16.46,8.01,57.31,18.75,10.75,8.01,6.77,10.83,1188.45,2.41,6.65,227.9
06.07.2016 12:00:00,992.61,17.06,7.59,53.6,19.48,10.44,9.04,6.57,10.52,1186.72,3.83,7.81,251.2
06.07.2016 13:00:00,992.65,17.9,7.47,50.42,20.54,10.36,10.18,6.52,10.43,1183.39,2.96,6.09,263.9
06.07.2016 14:00:00,992.5,18.62,6.61,45.41,21.49,9.76,11.73,6.14,9.83,1180.56,3.08,6.37,283.2
06.07.2016 15:00:00,992.48,19.31,6.47,43.08,22.44,9.67,12.77,6.08,9.74,1177.79,3.29,6.2,265.8
06.07.2016 16:00:00,992.23,18.57,5.69,42.76,21.42,9.16,12.26,5.76,9.23,1180.71,3.06,6.65,260.4
06.07.2016 17:00:00,992.18,19.95,6.56,41.67,23.35,9.73,13.62,6.12,9.81,1174.83,2.84,6.91,272.6
06.07.2016 18:00:00,992.33,19.24,6.52,43.43,22.34,9.7,12.64,6.1,9.78,1177.88,1.93,4.6,288.7
06.07.2016 19:00:00,992.55,18.95,6.99,45.68,21.94,10.02,11.92,6.3,10.1,1179.16,1.23,3.28,286.2
06.07.2016 20:00:00,992.92,16.63,6.98,52.84,18.96,10.02,8.94,6.3,10.09,1189.05,1.36,2.0,237.4
06.07.2016 21:00:00,993.61,15.45,7.27,58.1,17.58,10.21,7.37,6.42,10.28,1194.65,0.96,1.68,244.6
06.07.2016 22:00:00,994.0,14.93,7.26,60.05,17.0,10.21,6.79,6.41,10.27,1197.28,1.85,2.56,249.1
06.07.2016 23:00:00,993.91,14.63,7.31,61.42,16.68,10.24,6.43,6.43,10.3,1198.4,2.9,3.68,248.4
07.07.2016 00:00:00,994.09,13.15,7.37,67.92,15.15,10.29,4.86,6.46,10.35,1204.81,1.1,1.8,157.7
07.07.2016 01:00:00,994.32,10.61,7.07,78.7,12.81,10.08,2.73,6.33,10.14,1215.96,1.04,1.58,157.9
07.07.2016 02:00:00,994.42,10.21,7.18,81.4,12.47,10.15,2.32,6.37,10.21,1217.77,0.84,1.68,214.3
07.07.2016 03:00:00,994.13,9.86,7.17,83.3,12.18,10.14,2.03,6.37,10.2,1218.93,0.35,0.8,81.9
07.07.2016 04:00:00,994.53,9.8,7.25,84.1,12.13,10.2,1.93,6.4,10.26,1219.65,0.4,1.0,76.5
07.07.2016 05:00:00,994.76,10.13,7.42,83.2,12.4,10.32,2.08,6.48,10.37,1218.45,0.57,1.24,158.3
07.07.2016 06:00:00,994.95,10.27,7.68,83.9,12.52,10.5,2.02,6.59,10.56,1218.0,0.7,1.14,205.1
07.07.2016 07:00:00,995.69,12.83,8.26,73.7,14.83,10.93,3.9,6.86,10.98,1207.81,0.84,1.48,126.1
07.07.2016 08:00:00,995.75,15.37,9.33,67.19,17.49,11.75,5.74,7.37,11.8,1196.87,0.88,1.64,131.4
07.07.2016 09:00:00,995.66,16.55,8.51,58.96,18.86,11.12,7.74,6.98,11.17,1192.17,1.44,3.52,308.4
07.07.2016 10:00:00,995.55,18.11,8.2,52.28,20.82,10.88,9.93,6.83,10.93,1185.76,1.53,3.68,112.8
07.07.2016 11:00:00,995.23,18.67,7.3,47.49,21.56,10.24,11.32,6.42,10.29,1183.4,1.58,4.16,245.7
07.07.2016 12:00:00,994.8,19.59,7.04,44.04,22.83,10.06,12.78,6.31,10.11,1179.25,2.07,5.28,278.8
07.07.2016 13:00:00,994.32,20.38,6.78,41.18,23.98,9.87,14.1,6.2,9.93,1175.59,2.26,4.6,286.2
07.07.2016 14:00:00,994.03,21.5,6.17,36.87,25.69,9.47,16.22,5.95,9.53,1170.96,2.51,4.88,300.5
07.07.2016 15:00:00,993.98,21.6,6.7,38.0,25.84,9.82,16.02,6.17,9.88,1170.35,2.08,4.5,300.2
07.07.2016 16:00:00,993.76,22.57,6.73,35.91,27.42,9.84,17.57,6.19,9.91,1166.23,1.64,3.92,266.2
07.07.2016 17:00:00,993.45,22.35,7.44,38.2,27.05,10.33,16.72,6.5,10.4,1166.52,1.06,2.76,2.57
07.07.2016 18:00:00,993.31,22.63,7.51,37.74,27.52,10.38,17.13,6.53,10.45,1165.23,1.68,3.58,353.4
07.07.2016 19:00:00,993.31,21.29,7.34,40.48,25.36,10.26,15.09,6.45,10.33,1170.58,0.74,1.44,15.48
07.07.2016 20:00:00,993.29,19.76,7.22,44.12,23.07,10.18,12.89,6.4,10.25,1176.72,0.69,1.2,288.2
07.07.2016 21:00:00,993.51,19.13,7.36,46.33,22.19,10.28,11.91,6.46,10.35,1179.47,0.91,1.32,335.6
07.07.2016 22:00:00,993.62,17.12,7.91,54.57,19.56,10.67,8.88,6.71,10.74,1187.58,0.98,1.56,234.1
07.07.2016 23:00:00,993.46,16.08,8.69,61.49,18.3,11.25,7.05,7.08,11.33,1191.4,0.85,1.84,217.1
08.07.2016 00:00:00,993.27,15.86,8.7,62.4,18.05,11.26,6.79,7.08,11.34,1192.07,0.27,0.72,254.0
08.07.2016 01:00:00,992.81,15.48,8.73,64.06,17.61,11.28,6.33,7.1,11.37,1193.08,0.92,1.8,196.8
08.07.2016 02:00:00,992.7,14.72,9.38,70.3,16.77,11.79,4.98,7.42,11.88,1195.86,0.51,1.64,248.7
08.07.2016 03:00:00,992.38,14.39,9.15,70.7,16.42,11.61,4.81,7.31,11.7,1196.93,0.67,1.56,178.0
08.07.2016 04:00:00,992.11,13.45,9.51,77.0,15.45,11.89,3.55,7.49,11.99,1200.4,1.43,2.02,189.3
08.07.2016 05:00:00,991.87,13.24,9.46,77.8,15.24,11.85,3.38,7.47,11.95,1201.0,0.95,1.76,187.9
08.07.2016 06:00:00,991.47,13.64,9.44,75.7,15.64,11.84,3.8,7.46,11.94,1198.85,1.83,3.32,155.7
08.07.2016 07:00:00,991.32,14.86,9.45,69.99,16.92,11.85,5.08,7.47,11.95,1193.59,2.22,3.52,171.9
08.07.2016 08:00:00,990.97,17.52,9.85,60.68,20.06,12.17,7.89,7.67,12.28,1182.1,1.61,3.56,165.9
08.07.2016 09:00:00,990.37,21.19,10.85,51.62,25.2,13.01,12.19,8.21,13.14,1166.27,2.38,4.44,182.0
08.07.2016 10:00:00,989.64,23.36,10.85,45.26,28.76,13.02,15.74,8.22,13.15,1156.88,2.96,5.0,172.0
08.07.2016 11:00:00,989.39,24.24,10.63,42.29,30.32,12.82,17.5,8.1,12.96,1153.25,1.92,2.92,163.2
08.07.2016 12:00:00,988.5,25.92,9.85,36.31,33.51,12.17,21.34,7.69,12.31,1146.02,3.97,6.74,220.7
08.07.2016 13:00:00,988.18,26.83,10.28,35.43,35.35,12.53,22.83,7.92,12.68,1142.02,4.62,8.95,233.2
08.07.2016 14:00:00,987.85,26.66,10.6,36.56,35.0,12.8,22.21,8.1,12.95,1142.16,5.48,8.61,216.6
08.07.2016 15:00:00,987.57,26.32,11.89,40.64,34.31,13.94,20.37,8.83,14.12,1142.63,2.3,5.14,228.2
08.07.2016 16:00:00,987.23,26.28,12.04,41.14,34.23,14.08,20.15,8.92,14.26,1142.32,3.49,5.92,241.4
08.07.2016 17:00:00,987.63,24.96,12.27,45.16,31.65,14.29,17.36,9.05,14.47,1147.76,2.05,6.24,261.4
08.07.2016 18:00:00,987.48,24.21,11.51,44.92,30.27,13.6,16.67,8.61,13.77,1150.78,2.12,4.0,231.4
08.07.2016 19:00:00,987.66,24.11,12.43,48.02,30.08,14.45,15.64,9.15,14.63,1151.0,1.43,3.04,221.1
08.07.2016 20:00:00,987.95,22.78,12.27,51.47,27.77,14.29,13.48,9.05,14.47,1156.59,1.12,2.56,236.4
08.07.2016 21:00:00,988.55,20.92,13.03,60.62,24.79,15.03,9.76,9.51,15.2,1164.28,1.23,1.92,354.7
08.07.2016 22:00:00,989.61,17.96,14.25,78.9,20.62,16.27,4.35,10.29,16.44,1176.83,1.0,2.1,306.7
08.07.2016 23:00:00,989.94,16.99,14.34,84.4,19.39,16.37,3.03,10.35,16.54,1181.11,2.26,2.96,253.3
09.07.2016 00:00:00,990.26,17.16,14.03,81.8,19.6,16.04,3.57,10.13,16.19,1180.96,1.9,2.68,253.7
09.07.2016 01:00:00,990.58,16.82,13.35,80.0,19.19,15.35,3.84,9.69,15.5,1183.04,1.0,1.52,248.8
09.07.2016 02:00:00,990.89,16.37,12.86,79.7,18.65,14.86,3.78,9.38,15.0,1185.47,0.63,1.44,278.5
09.07.2016 03:00:00,990.74,15.38,12.27,81.7,17.5,14.3,3.2,9.03,14.43,1189.62,2.05,2.5,238.5
09.07.2016 04:00:00,990.84,15.3,11.95,80.4,17.41,14.0,3.41,8.83,14.13,1190.2,2.37,2.92,244.3
09.07.2016 05:00:00,991.05,15.54,12.32,81.1,17.68,14.34,3.34,9.05,14.47,1189.31,0.89,1.72,241.9
09.07.2016 06:00:00,991.68,16.02,12.65,80.4,18.23,14.66,3.57,9.25,14.78,1187.95,0.93,2.24,241.1
09.07.2016 07:00:00,991.95,17.0,12.64,75.5,19.41,14.65,4.75,9.24,14.77,1184.27,1.78,3.64,262.6
09.07.2016 08:00:00,992.22,18.78,12.11,65.15,21.71,14.14,7.57,8.91,14.25,1177.6,1.58,4.0,243.9
09.07.2016 09:00:00,992.52,19.15,11.45,60.94,22.22,13.54,8.68,8.53,13.64,1176.74,3.06,6.45,260.9
09.07.2016 10:00:00,992.73,20.57,11.09,54.52,24.26,13.23,11.03,8.33,13.32,1171.44,3.05,5.56,254.9
09.07.2016 11:00:00,992.73,20.1,10.69,54.64,23.57,12.88,10.69,8.11,12.97,1173.47,3.04,5.76,282.9
09.07.2016 12:00:00,992.65,22.04,10.21,46.96,26.55,12.47,14.08,7.85,12.56,1165.85,3.17,5.9,263.9
09.07.2016 13:00:00,992.7,23.38,10.32,43.62,28.79,12.56,16.23,7.91,12.65,1160.6,3.19,6.44,276.6
09.07.2016 14:00:00,992.09,23.29,9.86,42.54,28.64,12.18,16.45,7.67,12.28,1160.4,3.56,5.52,274.8
09.07.2016 15:00:00,991.76,23.85,10.26,42.25,29.62,12.51,17.1,7.89,12.62,1157.68,3.05,7.69,282.4
09.07.2016 16:00:00,991.53,24.54,11.1,42.85,30.87,13.23,17.64,8.34,13.34,1154.41,1.6,4.1,257.2
09.07.2016 17:00:00,991.33,24.6,11.5,43.87,30.98,13.59,17.39,8.57,13.71,1153.78,1.98,4.12,297.8
09.07.2016 18:00:00,991.15,24.35,11.76,45.3,30.52,13.83,16.69,8.72,13.95,1154.44,1.7,4.52,327.9
09.07.2016 19:00:00,991.21,23.23,11.98,49.16,28.53,14.03,14.51,8.85,14.15,1158.78,1.11,2.6,294.0
09.07.2016 20:00:00,991.17,22.16,11.89,52.14,26.74,13.94,12.8,8.8,14.07,1162.97,1.17,1.48,251.3
09.07.2016 21:00:00,991.06,21.33,12.14,55.76,25.42,14.17,11.25,8.94,14.3,1166.01,1.17,1.36,244.7
09.07.2016 22:00:00,991.19,20.5,11.97,58.02,24.15,14.01,10.14,8.84,14.14,1169.54,0.34,0.88,302.0
09.07.2016 23:00:00,991.25,19.24,11.81,62.08,22.34,13.87,8.47,8.75,13.99,1174.71,1.01,1.72,210.7
10.07.2016 00:00:00,991.2,18.42,12.59,68.78,21.22,14.6,6.63,9.21,14.73,1177.63,1.58,2.32,160.2
10.07.2016 01:00:00,990.9,16.85,12.46,75.3,19.22,14.48,4.75,9.14,14.61,1183.7,1.43,1.9,213.1
10.07.2016 02:00:00,990.91,16.98,12.03,72.6,19.38,14.07,5.31,8.88,14.2,1183.36,1.23,1.92,204.6
10.07.2016 03:00:00,990.74,15.91,11.91,77.1,18.11,13.96,4.15,8.81,14.09,1187.59,1.43,2.52,181.8
10.07.2016 04:00:00,990.76,14.73,11.75,82.3,16.78,13.81,2.97,8.72,13.94,1192.55,0.87,1.72,177.8
10.07.2016 05:00:00,990.51,14.67,11.8,82.9,16.72,13.86,2.86,8.75,13.99,1192.47,0.48,1.6,144.4
10.07.2016 06:00:00,990.47,16.02,12.07,77.4,18.23,14.11,4.12,8.91,14.25,1186.74,1.75,2.92,174.6
10.07.2016 07:00:00,990.39,18.11,12.73,70.8,20.82,14.74,6.08,9.31,14.88,1177.85,1.98,3.52,144.3
10.07.2016 08:00:00,990.3,20.67,13.75,64.51,24.41,15.75,8.66,9.95,15.9,1167.03,1.07,2.16,191.3
10.07.2016 09:00:00,989.64,22.73,14.8,60.91,27.68,16.86,10.82,10.67,17.04,1157.63,1.93,2.72,131.5
10.07.2016 10:00:00,989.06,25.08,13.97,50.11,31.88,15.97,15.9,10.11,16.15,1148.22,3.74,6.85,194.4
10.07.2016 11:00:00,988.43,25.97,14.43,48.98,33.61,16.46,17.15,10.42,16.65,1143.86,2.89,4.52,193.6
10.07.2016 12:00:00,987.93,27.02,14.39,45.93,35.75,16.42,19.33,10.4,16.62,1139.29,3.58,6.66,216.9
10.07.2016 13:00:00,987.25,27.75,14.4,44.05,37.31,16.43,20.87,10.42,16.65,1135.74,3.57,6.6,196.3
10.07.2016 14:00:00,986.5,28.95,14.79,42.12,40.0,16.85,23.15,10.69,17.08,1130.18,2.52,4.08,186.6
10.07.2016 15:00:00,985.95,29.36,14.65,40.78,40.96,16.7,24.25,10.6,16.94,1128.08,4.32,7.85,192.6
10.07.2016 16:00:00,985.19,30.34,15.49,40.67,43.33,17.62,25.71,11.2,17.89,1123.16,3.56,7.85,187.8
10.07.2016 17:00:00,984.56,30.67,14.89,38.4,44.15,16.95,27.2,10.78,17.22,1121.51,3.9,6.81,205.0
10.07.2016 18:00:00,984.06,29.68,15.05,41.06,41.72,17.13,24.59,10.9,17.41,1124.53,3.08,5.04,183.5
10.07.2016 19:00:00,983.83,28.63,15.31,44.38,39.27,17.43,21.84,11.09,17.71,1128.04,3.22,4.1,220.9
10.07.2016 20:00:00,983.69,27.33,15.32,47.88,36.4,17.43,18.97,11.1,17.72,1132.76,3.14,3.6,221.1
10.07.2016 21:00:00,983.44,26.75,15.05,48.69,35.19,17.13,18.05,10.91,17.42,1134.79,2.74,3.12,233.2
10.07.2016 22:00:00,983.47,24.66,15.07,55.18,31.09,17.16,13.93,10.92,17.44,1142.78,1.26,2.4,226.1
10.07.2016 23:00:00,983.45,23.36,15.21,60.2,28.76,17.31,11.45,11.02,17.6,1147.7,1.02,1.76,203.9
11.07.2016 00:00:00,983.24,21.61,15.5,68.19,25.86,17.63,8.23,11.23,17.93,1154.12,0.55,1.04,110.0
11.07.2016 01:00:00,983.13,20.33,15.55,74.0,23.9,17.69,6.21,11.27,17.99,1159.0,0.61,1.2,160.2
11.07.2016 02:00:00,982.74,19.82,15.53,76.3,23.16,17.67,5.49,11.26,17.98,1160.56,1.14,1.92,141.8
11.07.2016 03:00:00,982.59,19.62,15.48,77.0,22.87,17.61,5.26,11.23,17.93,1161.2,1.05,1.8,132.6
11.07.2016 04:00:00,982.55,18.88,15.4,80.2,21.84,17.52,4.33,11.17,17.83,1164.14,0.55,0.96,134.6
11.07.2016 05:00:00,982.56,18.93,15.31,79.5,21.91,17.42,4.49,11.1,17.73,1163.99,1.14,1.48,202.4
11.07.2016 06:00:00,982.79,20.68,15.86,73.9,24.42,18.05,6.37,11.5,18.37,1157.05,0.7,1.14,141.0
11.07.2016 07:00:00,982.84,23.15,16.59,66.57,28.4,18.9,9.49,12.05,19.23,1147.09,1.19,1.92,156.6
11.07.2016 08:00:00,982.83,26.46,17.38,57.46,34.59,19.88,14.72,12.68,20.22,1133.97,1.82,3.48,180.1
11.07.2016 09:00:00,982.87,28.15,14.91,44.46,38.19,16.98,21.21,10.82,17.27,1128.93,4.27,7.81,238.7
11.07.2016 10:00:00,982.98,28.26,14.92,44.22,38.43,16.99,21.44,10.82,17.29,1128.63,6.19,9.13,213.2
11.07.2016 11:00:00,983.2,28.5,14.45,42.3,38.97,16.48,22.49,10.5,16.77,1128.21,5.88,9.21,235.7
11.07.2016 12:00:00,982.87,29.47,14.33,39.67,41.22,16.35,24.87,10.41,16.64,1124.28,4.88,10.05,216.4
11.07.2016 13:00:00,982.82,29.83,14.06,38.19,42.08,16.07,26.01,10.23,16.35,1123.0,7.55,11.41,215.1
11.07.2016 14:00:00,982.69,29.51,14.64,40.38,41.31,16.68,24.63,10.63,16.98,1123.78,5.38,8.67,214.0
11.07.2016 15:00:00,982.58,29.15,14.25,40.2,40.46,16.27,24.2,10.36,16.55,1125.17,6.09,12.09,218.7
11.07.2016 16:00:00,982.33,29.94,14.4,38.79,42.34,16.43,25.92,10.47,16.72,1121.88,5.47,10.13,232.5
11.07.2016 17:00:00,982.99,28.51,12.58,37.41,38.99,14.59,24.41,9.28,14.84,1128.76,5.92,9.53,230.3
11.07.2016 18:00:00,983.21,27.07,12.64,40.85,35.85,14.65,21.21,9.32,14.9,1134.41,2.64,5.48,281.3
11.07.2016 19:00:00,983.56,25.62,12.41,43.83,32.92,14.43,18.49,9.18,14.67,1140.42,2.2,5.02,254.8
11.07.2016 20:00:00,983.89,24.45,12.52,47.33,30.7,14.53,16.17,9.24,14.77,1145.24,1.45,2.56,266.7
11.07.2016 21:00:00,984.77,22.93,12.64,52.29,28.02,14.65,13.37,9.31,14.88,1152.1,1.73,2.6,258.3
11.07.2016 22:00:00,985.33,21.88,12.09,53.74,26.29,14.13,12.16,8.97,14.34,1157.1,0.84,1.92,265.0
11.07.2016 23:00:00,985.53,21.17,11.79,55.01,25.17,13.85,11.32,8.79,14.05,1160.25,2.03,3.28,258.8
12.07.2016 00:00:00,985.65,20.65,11.25,54.81,24.38,13.36,11.02,8.48,13.56,1162.66,1.37,2.16,243.9
12.07.2016 01:00:00,985.72,20.2,11.48,57.21,23.71,13.57,10.15,8.6,13.76,1164.44,0.62,0.96,211.0
12.07.2016 02:00:00,985.74,19.36,11.52,60.44,22.51,13.6,8.9,8.63,13.8,1167.79,1.26,1.96,231.5
12.07.2016 03:00:00,985.68,18.99,11.94,63.59,21.99,13.99,8.01,8.87,14.19,1169.02,1.05,2.06,234.7
12.07.2016 04:00:00,985.49,18.81,12.16,65.26,21.75,14.19,7.56,9.01,14.4,1169.42,2.02,2.92,249.2
12.07.2016 05:00:00,985.98,18.52,12.17,66.5,21.36,14.2,7.15,9.01,14.4,1171.17,1.91,2.6,256.9
12.07.2016 06:00:00,986.18,18.51,12.25,66.88,21.34,14.28,7.07,9.05,14.48,1171.41,1.37,1.86,246.8
12.07.2016 07:00:00,986.47,19.21,12.57,65.38,22.3,14.58,7.72,9.24,14.78,1168.82,1.38,2.56,242.6
12.07.2016 08:00:00,986.58,19.86,12.3,61.7,23.22,14.33,8.89,9.08,14.52,1166.47,1.55,3.0,246.2
12.07.2016 09:00:00,986.73,21.21,12.1,56.03,25.23,14.14,11.09,8.96,14.33,1161.38,1.55,3.2,303.9
12.07.2016 10:00:00,986.33,21.18,11.72,54.75,25.19,13.79,11.4,8.74,13.98,1161.18,1.18,3.04,284.7
12.07.2016 11:00:00,986.03,22.88,11.94,50.09,27.94,13.99,13.94,8.87,14.19,1154.07,1.61,3.16,162.8
12.07.2016 12:00:00,985.9,22.46,11.14,48.72,27.23,13.27,13.97,8.41,13.46,1155.88,2.49,5.52,261.6
12.07.2016 13:00:00,986.24,21.41,11.21,52.16,25.54,13.32,12.22,8.45,13.51,1160.38,4.57,6.08,222.8
12.07.2016 14:00:00,985.93,21.51,11.19,51.78,25.7,13.31,12.39,8.44,13.5,1159.62,3.43,5.36,216.4
12.07.2016 15:00:00,985.8,21.78,11.62,52.42,26.13,13.7,12.43,8.69,13.89,1158.24,4.44,6.64,221.7
12.07.2016 16:00:00,985.34,21.53,11.66,53.37,25.73,13.73,12.0,8.72,13.94,1158.66,3.6,5.2,211.7
12.07.2016 17:00:00,985.89,21.39,11.77,54.22,25.51,13.83,11.68,8.77,14.03,1159.81,2.57,3.68,205.3
12.07.2016 18:00:00,985.95,20.95,11.88,56.1,24.83,13.93,10.9,8.84,14.13,1161.58,3.95,6.44,213.8
12.07.2016 19:00:00,985.43,20.31,12.18,59.53,23.87,14.21,9.66,9.02,14.42,1163.37,2.57,3.72,219.1
12.07.2016 20:00:00,985.62,19.69,12.27,62.21,22.97,14.29,8.68,9.07,14.5,1166.02,1.57,2.2,204.3
12.07.2016 21:00:00,985.96,18.21,12.29,68.35,20.95,14.32,6.63,9.08,14.52,1172.34,1.62,2.5,216.7
12.07.2016 22:00:00,986.15,17.65,12.16,70.2,20.22,14.2,6.03,9.0,14.39,1174.88,0.63,1.24,215.5
12.07.2016 23:00:00,986.04,17.0,12.07,72.7,19.41,14.11,5.3,8.95,14.31,1177.42,1.31,2.0,201.5
13.07.2016 00:00:00,986.28,16.5,12.44,76.9,18.8,14.46,4.34,9.17,14.66,1179.58,0.75,1.56,96.9
13.07.2016 01:00:00,986.0,15.94,12.31,79.0,18.14,14.33,3.81,9.09,14.53,1181.58,0.53,1.04,150.1
13.07.2016 02:00:00,985.7,14.77,11.73,82.0,16.83,13.8,3.03,8.75,14.0,1186.27,1.01,2.08,228.6
13.07.2016 03:00:00,985.68,14.23,11.66,84.5,16.25,13.73,2.52,8.71,13.93,1188.5,0.79,1.28,201.3
13.07.2016 04:00:00,985.47,14.38,11.46,82.6,16.41,13.55,2.85,8.6,13.75,1187.71,0.96,1.36,200.4
13.07.2016 05:00:00,985.68,14.3,11.94,85.7,16.32,13.99,2.33,8.88,14.19,1188.09,0.89,1.52,60.3
13.07.2016 06:00:00,985.7,14.86,12.33,84.8,16.92,14.35,2.57,9.11,14.56,1185.64,0.45,1.04,145.9
13.07.2016 07:00:00,985.76,15.86,13.04,83.3,18.05,15.03,3.01,9.54,15.25,1181.3,0.73,1.36,146.0
13.07.2016 08:00:00,986.1,15.23,13.77,91.0,17.33,15.77,1.56,10.01,16.0,1183.96,0.72,1.2,46.13
13.07.2016 09:00:00,986.05,16.88,14.11,83.7,19.26,16.12,3.14,10.23,16.35,1177.0,1.33,2.12,232.0
13.07.2016 10:00:00,986.22,18.04,13.26,73.6,20.72,15.25,5.47,9.68,15.47,1172.91,1.55,2.6,236.3
13.07.2016 11:00:00,985.88,20.13,12.34,60.84,23.61,14.36,9.25,9.11,14.57,1164.55,1.52,2.72,202.3
13.07.2016 12:00:00,985.63,20.14,12.63,61.97,23.62,14.64,8.98,9.29,14.85,1164.09,1.32,3.54,263.8
13.07.2016 13:00:00,985.69,18.96,11.95,63.75,21.95,14.0,7.96,8.88,14.2,1169.15,1.07,2.4,221.8
13.07.2016 14:00:00,985.65,17.89,13.65,76.2,20.53,15.64,4.89,9.93,15.87,1172.65,2.93,4.24,211.2
13.07.2016 15:00:00,985.77,16.92,14.49,85.6,19.31,16.53,2.78,10.5,16.77,1176.32,0.88,1.56,195.0
13.07.2016 16:00:00,985.73,17.38,14.11,81.1,19.88,16.12,3.76,10.24,16.36,1174.59,1.57,2.24,219.6
13.07.2016 17:00:00,985.21,17.78,14.84,82.9,20.39,16.9,3.49,10.74,17.16,1172.0,1.39,2.16,155.1
13.07.2016 18:00:00,985.29,18.31,13.89,75.4,21.08,15.89,5.19,10.09,16.13,1170.42,1.88,3.0,202.8
13.07.2016 19:00:00,985.8,17.19,14.11,82.1,19.64,16.13,3.52,10.24,16.36,1175.44,0.89,1.24,204.6
13.07.2016 20:00:00,986.24,16.81,13.07,78.6,19.17,15.07,4.1,9.56,15.28,1177.99,2.17,4.04,27.5
13.07.2016 21:00:00,986.57,15.51,12.86,84.2,17.65,14.86,2.79,9.42,15.06,1183.79,0.81,1.4,357.0
13.07.2016 22:00:00,987.36,15.12,12.73,85.6,17.21,14.73,2.48,9.33,14.92,1186.41,0.94,1.88,348.8
13.07.2016 23:00:00,987.47,14.06,12.35,89.4,16.07,14.37,1.7,9.1,14.55,1191.08,0.85,1.7,222.2
14.07.2016 00:00:00,987.2,14.25,12.21,87.5,16.27,14.24,2.03,9.02,14.42,1190.03,1.31,2.82,232.7
14.07.2016 01:00:00,987.27,13.87,12.63,92.2,15.87,14.64,1.24,9.27,14.82,1191.51,1.4,2.12,20.04
14.07.2016 02:00:00,986.91,13.56,11.94,89.9,15.56,13.99,1.57,8.86,14.17,1192.66,1.01,1.8,238.4
14.07.2016 03:00:00,986.66,13.28,11.79,90.7,15.28,13.85,1.42,8.78,14.04,1193.58,1.54,2.94,167.7
14.07.2016 04:00:00,987.08,12.61,11.41,92.4,14.62,13.51,1.11,8.56,13.69,1197.05,0.54,2.02,338.8
14.07.2016 05:00:00,987.47,12.48,11.36,92.9,14.5,13.47,1.03,8.53,13.64,1198.09,0.94,1.64,240.4
14.07.2016 06:00:00,987.75,12.39,11.24,92.7,14.41,13.36,1.05,8.45,13.52,1198.86,1.84,3.16,245.0
14.07.2016 07:00:00,987.61,12.53,11.4,92.8,14.54,13.5,1.05,8.54,13.66,1198.04,1.72,3.2,247.4
14.07.2016 08:00:00,987.83,12.32,10.93,91.2,14.34,13.08,1.26,8.28,13.24,1199.38,2.14,4.36,279.8
14.07.2016 09:00:00,988.24,12.39,10.75,89.7,14.41,12.93,1.48,8.18,13.08,1199.66,1.82,3.06,263.8
14.07.2016 10:00:00,988.68,11.85,9.78,87.1,13.91,12.11,1.79,7.66,12.25,1202.84,2.01,4.2,264.9
14.07.2016 11:00:00,989.26,12.81,10.7,87.0,14.81,12.89,1.93,8.14,13.03,1199.15,1.12,2.2,252.6
14.07.2016 12:00:00,989.41,13.6,9.84,78.0,15.6,12.17,3.43,7.68,12.3,1196.36,2.52,4.81,266.8
14.07.2016 13:00:00,989.63,13.4,9.46,77.0,15.4,11.85,3.54,7.48,11.98,1197.61,2.03,3.56,250.6
14.07.2016 14:00:00,989.58,16.08,9.21,63.69,18.3,11.66,6.65,7.36,11.78,1186.54,2.08,5.11,270.3
14.07.2016 15:00:00,989.72,15.56,9.62,67.67,17.7,11.98,5.72,7.56,12.1,1188.7,1.69,2.92,244.6
14.07.2016 16:00:00,989.64,17.87,7.66,51.16,20.5,10.49,10.01,6.62,10.6,1179.84,1.85,4.81,276.0
14.07.2016 17:00:00,989.8,18.04,7.82,51.17,20.72,10.6,10.12,6.69,10.71,1179.3,2.58,4.97,254.1
14.07.2016 18:00:00,989.75,17.78,7.22,49.93,20.39,10.18,10.21,6.42,10.28,1180.48,2.1,5.39,283.6
14.07.2016 19:00:00,990.05,16.69,7.47,54.42,19.03,10.36,8.67,6.53,10.46,1185.2,3.37,6.11,259.6
14.07.2016 20:00:00,990.68,15.9,7.96,59.2,18.09,10.71,7.38,6.75,10.81,1189.04,2.92,5.77,260.4
14.07.2016 21:00:00,991.47,14.74,7.47,61.67,16.79,10.36,6.44,6.52,10.45,1194.95,2.44,4.57,258.8
14.07.2016 22:00:00,991.83,14.37,8.1,65.93,16.4,10.81,5.59,6.81,10.9,1196.71,2.59,5.07,262.4
14.07.2016 23:00:00,992.29,13.38,8.83,73.9,15.38,11.36,4.01,7.15,11.45,1201.15,2.45,4.57,265.2
15.07.2016 00:00:00,992.77,12.02,9.89,86.8,14.06,12.21,1.86,7.68,12.3,1207.08,2.14,3.32,262.9
15.07.2016 01:00:00,993.04,12.13,10.14,87.6,14.16,12.41,1.76,7.81,12.5,1206.84,2.6,4.02,261.7
15.07.2016 02:00:00,993.35,12.13,10.26,88.3,14.16,12.51,1.66,7.87,12.59,1207.18,2.85,4.89,251.7
15.07.2016 03:00:00,993.44,11.99,10.1,88.2,14.03,12.38,1.66,7.79,12.46,1207.95,1.62,3.0,253.2
15.07.2016 04:00:00,993.79,11.99,9.86,86.8,14.03,12.18,1.85,7.66,12.26,1208.46,1.47,2.6,247.9
15.07.2016 05:00:00,994.28,11.93,9.03,82.4,13.98,11.52,2.46,7.24,11.59,1209.63,2.81,5.61,258.2
15.07.2016 06:00:00,994.84,11.98,8.7,80.3,14.03,11.26,2.76,7.07,11.32,1210.22,2.62,4.3,254.7
15.07.2016 07:00:00,994.95,12.4,8.6,77.6,14.42,11.19,3.23,7.02,11.25,1208.6,3.06,5.53,250.5
15.07.2016 08:00:00,995.81,12.59,8.58,76.5,14.6,11.17,3.43,7.01,11.22,1208.86,2.35,3.72,241.4
15.07.2016 09:00:00,996.55,12.48,8.87,78.6,14.5,11.39,3.1,7.14,11.43,1210.12,3.1,5.09,245.1
15.07.2016 10:00:00,996.97,12.82,9.39,79.6,14.82,11.8,3.02,7.39,11.83,1209.01,3.3,5.21,248.3
15.07.2016 11:00:00,997.03,14.41,9.7,73.3,16.44,12.05,4.39,7.55,12.09,1202.28,2.64,5.25,240.8
15.07.2016 12:00:00,997.32,14.72,9.29,69.87,16.77,11.72,5.05,7.34,11.75,1201.49,2.42,5.21,267.6
15.07.2016 13:00:00,997.57,15.81,9.27,65.05,17.99,11.7,6.29,7.33,11.73,1197.26,2.04,4.42,267.3
15.07.2016 14:00:00,997.96,15.06,8.91,66.65,17.14,11.43,5.72,7.15,11.45,1200.98,2.44,4.34,257.4
15.07.2016 15:00:00,997.98,15.54,8.36,62.23,17.68,11.0,6.68,6.89,11.03,1199.2,3.24,5.65,243.0
15.07.2016 16:00:00,997.96,17.52,8.09,53.86,20.06,10.8,9.25,6.76,10.82,1191.1,2.72,4.83,269.6
15.07.2016 17:00:00,997.5,18.41,7.36,48.45,21.21,10.28,10.93,6.43,10.3,1187.15,1.34,2.68,241.0
15.07.2016 18:00:00,997.6,17.65,7.11,49.97,20.22,10.1,10.12,6.32,10.13,1190.45,1.57,2.96,264.3
15.07.2016 19:00:00,997.87,16.48,8.39,58.73,18.78,11.03,7.75,6.9,11.05,1195.17,0.66,1.72,338.0
15.07.2016 20:00:00,998.08,16.01,8.1,59.35,18.22,10.81,7.41,6.77,10.84,1197.45,0.86,1.28,294.2
15.07.2016 21:00:00,998.43,15.73,7.52,58.05,17.9,10.39,7.51,6.5,10.41,1199.23,1.52,1.88,261.9
15.07.2016 22:00:00,998.45,14.16,8.62,69.23,16.18,11.2,4.98,7.01,11.22,1205.44,0.75,1.12,50.05
15.07.2016 23:00:00,998.61,13.14,8.07,71.3,15.14,10.79,4.34,6.75,10.81,1210.11,1.11,1.88,244.5
16.07.2016 00:00:00,998.92,12.13,8.09,76.3,14.16,10.81,3.36,6.76,10.82,1214.77,1.32,1.9,241.1
16.07.2016 01:00:00,999.2,11.2,8.25,82.0,13.32,10.92,2.4,6.83,10.93,1219.03,0.67,1.16,221.3
16.07.2016 02:00:00,998.95,10.59,8.2,85.1,12.79,10.88,1.91,6.8,10.89,1221.36,0.89,1.92,182.4
16.07.2016 03:00:00,998.86,9.53,7.88,89.4,11.91,10.65,1.26,6.66,10.66,1225.95,0.4,0.96,19.98
16.07.2016 04:00:00,998.7,9.09,7.51,89.8,11.56,10.38,1.18,6.49,10.4,1227.78,1.03,1.58,197.6
16.07.2016 05:00:00,998.81,8.86,7.56,91.5,11.38,10.42,0.97,6.51,10.43,1228.9,0.6,1.28,177.9
16.07.2016 06:00:00,998.83,10.43,7.95,84.6,12.65,10.7,1.95,6.69,10.72,1221.99,1.0,2.28,156.0
16.07.2016 07:00:00,998.82,12.24,8.47,77.7,14.27,11.09,3.18,6.93,11.1,1214.05,1.16,1.64,150.3
16.07.2016 08:00:00,998.46,15.81,9.69,66.93,17.99,12.04,5.95,7.54,12.06,1198.18,0.76,1.52,142.7
16.07.2016 09:00:00,998.31,18.81,10.14,57.06,21.75,12.41,9.34,7.77,12.43,1185.52,3.11,5.17,241.2
16.07.2016 10:00:00,998.11,20.23,9.91,51.43,23.76,12.22,11.54,7.65,12.24,1179.64,2.06,4.84,276.0
16.07.2016 11:00:00,997.71,20.72,9.8,49.54,24.48,12.13,12.35,7.6,12.16,1177.23,2.1,3.74,317.4
16.07.2016 12:00:00,997.15,21.45,9.48,46.35,25.61,11.87,13.74,7.44,11.9,1173.77,2.33,5.46,289.4
16.07.2016 13:00:00,996.63,21.93,9.69,45.67,26.37,12.04,14.33,7.55,12.08,1171.17,2.47,4.92,263.5
16.07.2016 14:00:00,996.31,22.74,10.8,46.83,27.7,12.97,14.73,8.14,13.02,1167.17,1.81,5.56,312.9
16.07.2016 15:00:00,996.05,22.47,10.89,47.88,27.25,13.05,14.2,8.19,13.1,1167.9,1.49,3.12,262.1
16.07.2016 16:00:00,995.85,22.2,11.49,50.64,26.81,13.57,13.23,8.52,13.63,1168.5,1.97,4.26,271.0
16.07.2016 17:00:00,995.67,22.25,11.78,51.49,26.89,13.84,13.04,8.69,13.9,1167.97,1.45,3.6,269.7
16.07.2016 18:00:00,995.57,21.67,12.0,54.1,25.95,14.04,11.91,8.82,14.1,1170.06,1.27,3.86,288.5
16.07.2016 19:00:00,995.53,21.07,12.22,56.94,25.02,14.24,10.77,8.95,14.31,1172.3,0.97,2.48,280.2
16.07.2016 20:00:00,995.68,20.45,12.62,60.75,24.08,14.63,9.45,9.19,14.69,1174.78,0.72,1.72,258.7
16.07.2016 21:00:00,996.12,19.84,12.79,63.79,23.19,14.79,8.4,9.29,14.85,1177.68,1.33,2.1,262.5
16.07.2016 22:00:00,996.23,19.29,13.08,67.26,22.41,15.07,7.34,9.47,15.13,1179.9,0.62,1.44,272.6
16.07.2016 23:00:00,996.13,18.92,13.33,70.0,21.9,15.33,6.57,9.63,15.39,1181.15,1.24,2.34,229.5
17.07.2016 00:00:00,995.81,18.62,13.54,72.3,21.49,15.54,5.95,9.76,15.6,1181.89,2.18,3.32,245.6
17.07.2016 01:00:00,995.53,18.32,13.65,74.2,21.09,15.65,5.44,9.84,15.72,1182.73,0.79,1.72,222.7
17.07.2016 02:00:00,995.29,18.26,13.78,75.1,21.01,15.78,5.23,9.92,15.86,1182.62,1.32,1.96,252.6
17.07.2016 03:00:00,994.86,17.86,13.9,77.6,20.49,15.9,4.59,10.0,15.98,1183.68,1.48,2.32,237.1
17.07.2016 04:00:00,994.92,17.84,13.96,78.0,20.46,15.96,4.5,10.04,16.04,1183.81,0.91,1.72,233.8
17.07.2016 05:00:00,995.14,17.04,14.77,86.5,19.46,16.83,2.63,10.59,16.91,1186.94,0.31,0.88,296.9
17.07.2016 06:00:00,995.07,15.78,14.97,94.9,17.96,17.04,0.92,10.72,17.12,1191.93,0.95,1.36,200.3
17.07.2016 07:00:00,995.13,16.01,15.31,95.6,18.22,17.42,0.8,10.96,17.51,1190.89,1.43,2.16,159.1
17.07.2016 08:00:00,995.13,16.39,15.65,95.4,18.67,17.81,0.86,11.21,17.9,1189.15,1.5,2.56,178.4
17.07.2016 09:00:00,994.76,17.37,16.26,93.2,19.87,18.52,1.35,11.66,18.61,1184.37,1.74,2.68,149.5
17.07.2016 10:00:00,994.45,19.4,17.13,86.7,22.56,19.56,3.0,12.33,19.67,1175.31,2.14,2.88,151.6
17.07.2016 11:00:00,993.93,22.84,16.55,67.68,27.87,18.86,9.01,11.89,18.98,1161.36,1.3,3.7,288.8
17.07.2016 12:00:00,993.7,23.4,16.51,65.25,28.83,18.81,10.02,11.86,18.93,1158.91,1.32,2.68,261.4
17.07.2016 13:00:00,993.49,21.29,17.84,80.7,25.36,20.46,4.89,12.91,20.6,1166.23,0.92,2.44,347.5
17.07.2016 14:00:00,993.21,21.16,17.69,80.6,25.16,20.28,4.88,12.8,20.41,1166.5,0.74,1.76,243.7
17.07.2016 15:00:00,993.17,21.42,17.51,78.4,25.56,20.04,5.52,12.65,20.18,1165.53,1.49,3.54,356.7
17.07.2016 16:00:00,993.15,21.85,16.6,72.1,26.24,18.92,7.32,11.93,19.05,1164.31,1.87,3.72,264.9
17.07.2016 17:00:00,992.68,22.77,15.87,65.09,27.75,18.06,9.69,11.4,18.2,1160.52,2.59,6.65,235.4
17.07.2016 18:00:00,992.73,22.17,16.09,68.43,26.76,18.31,8.45,11.55,18.44,1162.82,3.04,4.96,255.0
17.07.2016 19:00:00,992.56,21.45,15.89,70.6,25.61,18.08,7.53,11.41,18.21,1165.57,2.75,4.64,254.3
17.07.2016 20:00:00,992.77,20.45,15.87,75.0,24.08,18.06,6.02,11.39,18.19,1169.79,2.58,4.06,258.6
17.07.2016 21:00:00,993.29,19.66,15.82,78.5,22.93,18.0,4.93,11.35,18.12,1173.59,3.17,4.06,260.5
17.07.2016 22:00:00,993.52,19.47,15.95,80.1,22.66,18.15,4.51,11.44,18.27,1174.57,3.71,5.09,257.6
17.07.2016 23:00:00,993.67,19.67,15.95,79.1,22.95,18.15,4.8,11.44,18.27,1173.94,3.12,4.89,252.9
18.07.2016 00:00:00,993.79,19.56,15.98,79.8,22.79,18.19,4.6,11.46,18.3,1174.5,3.17,5.45,258.4
18.07.2016 01:00:00,993.92,19.15,15.91,81.5,22.22,18.11,4.11,11.41,18.22,1176.34,3.29,4.65,256.5
18.07.2016 02:00:00,994.03,18.17,15.54,84.6,20.89,17.68,3.22,11.14,17.78,1180.63,3.17,5.05,255.0
18.07.2016 03:00:00,993.97,17.26,15.04,86.8,19.73,17.12,2.6,10.79,17.23,1184.51,2.99,3.92,251.9
18.07.2016 04:00:00,994.05,16.7,14.17,85.0,19.04,16.18,2.86,10.19,16.28,1187.31,2.27,3.34,249.0
18.07.2016 05:00:00,994.28,16.29,13.71,84.7,18.55,15.71,2.84,9.89,15.8,1189.49,1.52,2.12,247.0
18.07.2016 06:00:00,994.53,17.81,14.34,80.1,20.43,16.36,4.06,10.3,16.45,1183.28,0.59,1.32,134.8
18.07.2016 07:00:00,994.79,19.57,13.84,69.48,22.8,15.84,6.96,9.97,15.93,1176.71,1.4,3.4,261.4
18.07.2016 08:00:00,994.96,19.94,13.18,65.05,23.33,15.18,8.15,9.54,15.26,1175.73,2.64,4.6,262.9
18.07.2016 09:00:00,995.14,20.92,11.63,55.28,24.79,13.7,11.09,8.61,13.77,1172.68,1.61,5.32,293.9
18.07.2016 10:00:00,994.89,21.26,11.51,53.72,25.31,13.6,11.71,8.54,13.67,1171.08,2.63,5.16,6.61
18.07.2016 11:00:00,995.09,22.35,11.75,51.05,27.05,13.81,13.24,8.68,13.88,1166.9,2.68,4.76,247.9
18.07.2016 12:00:00,994.82,23.73,12.15,48.24,29.41,14.19,15.22,8.92,14.26,1160.99,1.58,4.56,263.5
18.07.2016 13:00:00,994.75,23.49,11.71,47.52,28.98,13.77,15.21,8.66,13.85,1162.03,1.9,4.86,284.4
18.07.2016 14:00:00,994.41,24.7,11.82,44.53,31.17,13.88,17.29,8.73,13.96,1156.87,1.5,4.0,262.6
18.07.2016 15:00:00,994.08,25.06,11.85,43.67,31.84,13.9,17.94,8.75,13.99,1155.08,1.64,3.84,321.1
18.07.2016 16:00:00,993.94,25.12,13.05,47.09,31.95,15.05,16.91,9.47,15.14,1154.18,2.4,5.08,276.0
18.07.2016 17:00:00,993.88,25.34,13.78,48.74,32.38,15.78,16.6,9.94,15.88,1152.93,1.07,2.6,268.2
18.07.2016 18:00:00,993.64,25.44,13.63,48.0,32.57,15.63,16.94,9.84,15.73,1152.33,1.13,2.74,312.7
18.07.2016 19:00:00,993.7,24.58,13.31,49.46,30.94,15.3,15.64,9.64,15.4,1155.88,0.38,0.92,273.7
18.07.2016 20:00:00,993.9,23.91,12.9,50.12,29.73,14.9,14.83,9.38,14.99,1158.9,0.76,1.28,253.1
18.07.2016 21:00:00,994.39,23.06,12.6,51.72,28.24,14.61,13.63,9.19,14.69,1162.93,2.09,2.56,253.4
18.07.2016 22:00:00,994.67,22.4,12.55,53.65,27.13,14.56,12.58,9.15,14.64,1165.88,2.0,2.64,244.9
18.07.2016 23:00:00,995.07,19.28,13.23,67.99,22.4,15.23,7.17,9.57,15.3,1178.49,0.44,1.08,193.7
19.07.2016 00:00:00,995.32,18.48,12.79,69.45,21.3,14.8,6.51,9.3,14.87,1182.22,0.76,1.28,223.8
19.07.2016 01:00:00,995.5,17.25,12.56,73.9,19.72,14.57,5.15,9.15,14.64,1187.54,1.46,2.0,232.2
19.07.2016 02:00:00,995.38,16.16,12.48,78.8,18.4,14.5,3.9,9.11,14.56,1191.91,1.13,1.56,228.8
19.07.2016 03:00:00,995.38,15.32,12.36,82.5,17.43,14.38,3.05,9.04,14.45,1195.42,1.39,1.84,219.6
19.07.2016 04:00:00,995.51,14.54,12.39,86.9,16.58,14.41,2.17,9.05,14.47,1198.81,0.3,0.48,222.2
19.07.2016 05:00:00,995.68,14.45,12.42,87.6,16.48,14.44,2.04,9.07,14.5,1199.38,0.59,0.88,206.6
19.07.2016 06:00:00,995.73,16.87,12.86,77.2,19.25,14.86,4.39,9.33,14.92,1189.25,0.46,0.96,141.6
19.07.2016 07:00:00,995.98,17.98,13.14,73.3,20.65,15.13,5.51,9.51,15.19,1184.88,1.03,1.56,138.2
19.07.2016 08:00:00,995.93,20.63,14.05,65.98,24.35,16.07,8.28,10.1,16.13,1173.72,0.57,1.24,116.8
19.07.2016 09:00:00,995.73,23.11,14.04,56.67,28.33,16.05,12.27,10.09,16.12,1163.67,1.08,2.48,160.6
19.07.2016 10:00:00,995.51,24.55,13.62,50.57,30.89,15.62,15.27,9.82,15.69,1157.97,1.47,2.32,213.7
19.07.2016 11:00:00,995.34,25.61,13.07,45.79,32.9,15.06,17.83,9.47,15.13,1153.9,1.52,3.36,3.23
19.07.2016 12:00:00,995.01,26.56,12.95,42.96,34.8,14.95,19.85,9.4,15.02,1149.92,2.18,3.88,259.8
19.07.2016 13:00:00,994.64,26.98,12.25,40.04,35.67,14.28,21.39,8.98,14.36,1148.18,1.74,3.44,17.96
19.07.2016 14:00:00,994.15,27.67,12.46,38.98,37.13,14.48,22.66,9.11,14.56,1144.89,1.71,3.4,37.67
19.07.2016 15:00:00,993.88,27.06,12.58,40.71,35.83,14.59,21.25,9.18,14.68,1146.85,2.97,4.12,39.34
19.07.2016 16:00:00,993.53,27.42,13.53,42.43,36.6,15.53,21.07,9.78,15.63,1144.66,3.48,5.2,53.13
19.07.2016 17:00:00,993.33,27.19,13.68,43.42,36.11,15.68,20.43,9.88,15.78,1145.24,4.07,5.46,36.85
19.07.2016 18:00:00,993.04,27.33,14.0,43.98,36.4,16.01,20.39,10.09,16.12,1144.22,4.85,6.72,43.88
19.07.2016 19:00:00,993.13,26.19,13.74,46.23,34.05,15.74,18.31,9.92,15.85,1148.8,2.77,4.12,43.72
19.07.2016 20:00:00,993.39,24.91,13.82,50.13,31.56,15.82,15.74,9.97,15.93,1154.01,2.11,3.2,20.14
19.07.2016 21:00:00,993.66,23.55,13.85,54.51,29.09,15.86,13.23,9.99,15.96,1159.6,2.4,2.88,0.58
19.07.2016 22:00:00,993.79,21.86,13.95,60.79,26.26,15.96,10.3,10.05,16.06,1166.34,1.02,1.42,15.82
19.07.2016 23:00:00,994.03,21.44,13.77,61.64,25.59,15.77,9.82,9.93,15.87,1168.38,1.88,2.72,5.33
20.07.2016 00:00:00,993.94,20.15,13.92,67.39,23.64,15.93,7.71,10.03,16.03,1173.34,0.6,1.36,105.6
20.07.2016 01:00:00,993.94,19.01,13.96,72.5,22.02,15.97,6.06,10.05,16.06,1177.9,0.36,0.68,58.42
20.07.2016 02:00:00,993.87,17.63,13.91,78.8,20.2,15.91,4.28,10.02,16.01,1183.43,0.44,0.76,71.9
20.07.2016 03:00:00,993.73,16.52,13.7,83.4,18.82,15.7,3.12,9.89,15.8,1187.89,0.35,0.72,39.07
20.07.2016 04:00:00,993.57,15.95,13.52,85.5,18.15,15.52,2.63,9.77,15.62,1190.12,0.69,1.04,209.0
20.07.2016 05:00:00,993.54,15.87,13.57,86.2,18.06,15.57,2.49,9.8,15.67,1190.4,0.29,0.82,177.8
20.07.2016 06:00:00,993.5,17.37,13.75,79.3,19.87,15.75,4.11,9.92,15.86,1184.12,0.67,1.18,160.2
20.07.2016 07:00:00,993.12,19.18,14.31,73.4,22.26,16.34,5.92,10.3,16.45,1176.07,0.51,0.92,158.1
20.07.2016 08:00:00,992.81,21.33,15.0,67.17,25.42,17.07,8.35,10.77,17.2,1166.79,0.88,1.76,104.3
20.07.2016 09:00:00,992.52,24.15,15.17,57.27,30.16,17.27,12.89,10.89,17.4,1155.29,1.41,2.74,132.5
20.07.2016 10:00:00,991.93,25.81,15.11,51.68,33.29,17.2,16.09,10.86,17.34,1148.22,2.07,4.2,99.6
20.07.2016 11:00:00,991.45,26.4,14.87,49.12,34.47,16.93,17.54,10.69,17.08,1145.52,2.05,3.64,64.64
20.07.2016 12:00:00,990.95,27.33,14.15,44.41,36.4,16.17,20.24,10.21,16.31,1141.73,2.13,3.22,17.93
20.07.2016 13:00:00,990.37,28.54,13.72,40.25,39.06,15.72,23.34,9.93,15.88,1136.68,2.34,3.36,100.6
20.07.2016 14:00:00,989.64,29.26,13.45,37.94,40.72,15.45,25.27,9.77,15.61,1133.25,2.26,4.2,67.87
20.07.2016 15:00:00,989.16,29.55,13.35,37.05,41.41,15.34,26.07,9.7,15.51,1131.66,1.94,4.0,108.9
20.07.2016 16:00:00,988.73,30.38,13.26,35.13,43.42,15.26,28.17,9.65,15.43,1128.11,3.03,4.44,36.31
20.07.2016 17:00:00,988.03,30.45,14.08,36.91,43.6,16.09,27.51,10.19,16.29,1126.68,3.48,5.2,58.38
20.07.2016 18:00:00,987.66,30.09,14.22,38.03,42.71,16.24,26.47,10.29,16.45,1127.53,3.39,5.28,71.9
20.07.2016 19:00:00,987.44,28.81,14.23,40.95,39.68,16.25,23.43,10.3,16.45,1132.05,3.6,5.96,90.0
20.07.2016 20:00:00,987.83,27.35,14.38,45.03,36.45,16.41,20.04,10.4,16.61,1137.93,1.29,2.12,61.07
20.07.2016 21:00:00,988.02,26.1,14.01,47.31,33.87,16.02,17.84,10.15,16.22,1143.08,0.89,1.76,187.4
20.07.2016 22:00:00,987.9,24.83,13.64,49.79,31.41,15.64,15.77,9.91,15.83,1147.98,0.66,0.96,226.5
20.07.2016 23:00:00,987.68,23.5,13.65,53.96,29.0,15.65,13.35,9.91,15.84,1152.86,1.28,2.04,219.4
21.07.2016 00:00:00,987.53,22.1,13.89,59.67,26.64,15.9,10.75,10.07,16.1,1158.04,0.87,1.68,205.8
21.07.2016 01:00:00,987.37,21.63,13.97,61.71,25.89,15.98,9.91,10.13,16.18,1159.66,1.27,2.16,220.1
21.07.2016 02:00:00,986.79,19.75,14.28,70.7,23.06,16.3,6.76,10.34,16.52,1166.27,1.21,2.08,174.6
21.07.2016 03:00:00,986.85,19.41,14.22,71.9,22.58,16.23,6.34,10.3,16.45,1167.73,0.6,0.96,225.4
21.07.2016 04:00:00,986.57,19.01,14.5,75.1,22.02,16.54,5.48,10.49,16.76,1168.85,1.3,2.28,176.7
21.07.2016 05:00:00,986.57,18.26,15.34,83.1,21.01,17.46,3.55,11.08,17.7,1171.44,3.1,5.09,192.5
21.07.2016 06:00:00,986.6,19.2,15.07,77.0,22.28,17.16,5.13,10.89,17.39,1167.85,1.93,4.32,335.0
21.07.2016 07:00:00,987.23,19.45,15.89,79.9,22.63,18.08,4.55,11.47,18.32,1167.18,0.42,0.88,192.4
21.07.2016 08:00:00,988.09,19.52,16.61,83.3,22.73,18.94,3.8,12.01,19.16,1167.55,1.95,3.84,192.7
21.07.2016 09:00:00,988.97,20.48,16.71,79.0,24.13,19.06,5.07,12.07,19.27,1164.72,3.56,4.6,214.5
21.07.2016 10:00:00,989.28,20.07,16.46,79.7,23.52,18.75,4.77,11.87,18.95,1166.86,4.83,7.47,208.5
21.07.2016 11:00:00,989.29,18.72,17.03,89.9,21.63,19.44,2.18,12.32,19.65,1171.95,4.95,8.25,230.3
21.07.2016 12:00:00,989.21,19.1,17.16,88.5,22.15,19.6,2.55,12.42,19.81,1170.26,4.06,5.45,253.5
21.07.2016 13:00:00,989.11,19.45,17.59,89.0,22.63,20.14,2.49,12.77,20.37,1168.5,4.05,5.97,257.0
21.07.2016 14:00:00,989.09,20.05,17.26,84.0,23.49,19.73,3.76,12.5,19.95,1166.27,3.51,6.13,259.6
21.07.2016 15:00:00,989.44,20.41,16.86,80.1,24.02,19.24,4.78,12.19,19.45,1165.47,1.52,3.2,210.6
21.07.2016 16:00:00,989.19,20.22,16.93,81.4,23.74,19.33,4.42,12.24,19.54,1165.89,0.7,1.24,221.8
21.07.2016 17:00:00,988.54,20.45,17.1,81.1,24.08,19.53,4.55,12.38,19.76,1164.12,1.44,1.94,193.5
21.07.2016 18:00:00,988.75,21.68,17.14,75.4,25.97,19.58,6.39,12.41,19.8,1159.48,2.5,4.26,196.2
21.07.2016 19:00:00,988.87,20.49,17.81,84.6,24.14,20.42,3.72,12.95,20.65,1163.95,2.4,3.4,145.5
21.07.2016 20:00:00,988.87,19.57,17.65,88.7,22.8,20.23,2.58,12.82,20.45,1167.69,0.89,1.4,198.8
21.07.2016 21:00:00,989.44,18.8,17.32,91.1,21.74,19.8,1.93,12.54,20.01,1171.65,0.66,1.2,244.1
21.07.2016 22:00:00,989.75,18.35,17.18,92.9,21.13,19.63,1.5,12.43,19.83,1173.9,0.88,1.72,143.2
21.07.2016 23:00:00,989.75,17.65,16.84,95.0,20.22,19.21,1.01,12.16,19.41,1176.92,1.4,2.54,177.7
22.07.2016 00:00:00,989.73,17.25,16.61,96.0,19.72,18.93,0.79,11.98,19.12,1178.64,1.02,1.62,228.1
22.07.2016 01:00:00,989.76,16.5,16.01,96.9,18.8,18.22,0.58,11.53,18.41,1182.05,0.74,1.32,165.8
22.07.2016 02:00:00,989.79,16.39,16.01,97.6,18.67,18.22,0.45,11.53,18.41,1182.54,1.21,2.08,209.8
22.07.2016 03:00:00,989.5,16.25,15.97,98.2,18.5,18.17,0.33,11.5,18.36,1182.78,1.46,2.32,200.5
22.07.2016 04:00:00,989.5,15.93,15.68,98.4,18.13,17.84,0.29,11.29,18.03,1184.24,1.01,1.68,221.4
22.07.2016 05:00:00,989.66,15.8,15.58,98.6,17.98,17.73,0.25,11.22,17.91,1185.02,1.08,1.52,211.8
22.07.2016 06:00:00,990.11,15.72,15.52,98.7,17.89,17.65,0.23,11.17,17.83,1185.92,1.01,1.76,212.4
22.07.2016 07:00:00,990.44,16.06,15.86,98.7,18.28,18.04,0.24,11.41,18.22,1184.75,1.1,1.8,182.7
22.07.2016 08:00:00,990.72,16.88,16.67,98.7,19.26,19.01,0.25,12.02,19.19,1181.3,0.7,1.4,187.8
22.07.2016 09:00:00,990.75,20.1,19.74,97.8,23.57,23.05,0.52,14.6,23.26,1166.55,1.0,2.08,158.6
22.07.2016 10:00:00,990.33,22.98,18.73,77.0,28.11,21.64,6.46,13.71,21.85,1155.34,2.25,3.64,140.6
22.07.2016 11:00:00,989.8,25.51,18.98,67.2,32.7,21.98,10.73,13.93,22.2,1144.78,1.68,3.16,177.2
22.07.2016 12:00:00,989.48,26.57,16.68,54.62,34.82,19.02,15.8,12.04,19.22,1141.66,2.88,4.12,183.8
22.07.2016 13:00:00,989.26,27.3,16.66,52.26,36.34,18.99,17.35,12.03,19.2,1138.65,2.41,4.04,149.1
22.07.2016 14:00:00,988.7,28.25,15.51,45.94,38.41,17.65,20.76,11.18,17.85,1135.0,2.71,5.96,132.9
22.07.2016 15:00:00,988.52,28.98,15.0,42.62,40.07,17.08,22.99,10.82,17.28,1132.3,2.55,4.64,152.3
22.07.2016 16:00:00,988.4,29.01,13.89,39.61,40.14,15.9,24.24,10.07,16.09,1132.56,2.04,3.8,59.62
22.07.2016 17:00:00,988.2,29.21,14.32,40.26,40.6,16.35,24.26,10.35,16.54,1131.38,2.75,4.72,82.3
22.07.2016 18:00:00,988.08,29.03,14.02,39.88,40.18,16.03,24.16,10.15,16.22,1132.06,3.58,5.12,61.96
22.07.2016 19:00:00,988.5,27.65,14.16,43.61,37.09,16.18,20.92,10.24,16.36,1137.67,1.85,2.84,72.3
22.07.2016 20:00:00,989.6,23.53,15.96,62.52,29.05,18.16,10.89,11.5,18.36,1153.88,3.67,5.68,25.78
22.07.2016 21:00:00,989.97,22.3,16.02,67.6,26.97,18.23,8.74,11.54,18.42,1159.09,3.42,5.6,24.98
22.07.2016 22:00:00,990.1,21.06,16.1,73.3,25.0,18.33,6.68,11.59,18.51,1164.09,2.16,3.92,13.94
22.07.2016 23:00:00,990.25,20.5,15.81,74.5,24.15,18.0,6.16,11.38,18.17,1166.63,1.68,2.96,0.33
23.07.2016 00:00:00,990.28,20.26,15.56,74.4,23.8,17.71,6.09,11.2,17.88,1167.75,1.37,2.6,355.2
23.07.2016 01:00:00,990.17,19.5,15.52,77.8,22.7,17.66,5.04,11.17,17.84,1170.67,0.46,1.08,344.8
23.07.2016 02:00:00,990.28,18.74,15.53,81.6,21.65,17.67,3.98,11.17,17.84,1173.85,0.25,0.68,12.14
23.07.2016 03:00:00,990.09,18.08,15.34,84.0,20.78,17.45,3.32,11.04,17.63,1176.38,1.56,2.48,243.3
23.07.2016 04:00:00,990.06,17.62,15.32,86.4,20.18,17.44,2.74,11.03,17.61,1178.21,0.6,1.08,233.8
23.07.2016 05:00:00,990.21,17.59,15.28,86.3,20.14,17.39,2.76,10.99,17.56,1178.54,0.54,0.88,41.16
23.07.2016 06:00:00,990.41,17.66,15.38,86.5,20.23,17.5,2.73,11.07,17.67,1178.44,0.46,1.12,29.15
23.07.2016 07:00:00,990.84,19.34,13.14,67.33,22.48,15.14,7.34,9.56,15.28,1173.25,1.08,2.16,26.64
23.07.2016 08:00:00,990.55,20.19,12.62,61.75,23.7,14.63,9.06,9.24,14.77,1169.73,1.95,3.04,57.16
23.07.2016 09:00:00,990.6,21.48,13.43,60.14,25.65,15.43,10.23,9.74,15.57,1164.32,2.43,3.58,49.48
23.07.2016 10:00:00,990.93,22.64,14.11,58.58,27.53,16.13,11.4,10.19,16.28,1159.83,2.47,3.56,30.77
23.07.2016 11:00:00,990.74,24.17,14.67,55.37,30.19,16.72,13.48,10.56,16.87,1153.37,3.51,5.08,32.48
23.07.2016 12:00:00,990.4,25.21,14.72,52.21,32.13,16.77,15.35,10.6,16.94,1148.93,2.59,4.84,34.57
23.07.2016 13:00:00,990.58,25.79,13.95,48.0,33.25,15.96,17.29,10.08,16.11,1147.27,2.81,3.8,30.02
23.07.2016 14:00:00,990.74,24.39,14.92,55.55,30.59,16.99,13.6,10.74,17.15,1152.4,2.03,2.4,259.5
23.07.2016 15:00:00,991.46,19.7,16.54,82.0,22.99,18.85,4.14,11.91,19.01,1170.88,4.38,5.8,251.2
23.07.2016 16:00:00,991.85,19.07,17.84,92.6,22.1,20.47,1.64,12.94,20.64,1173.14,1.39,1.98,142.3
23.07.2016 17:00:00,991.79,19.4,18.26,93.1,22.56,21.01,1.56,13.28,21.18,1171.5,1.61,2.56,131.9
23.07.2016 18:00:00,991.11,20.18,18.26,88.7,23.68,21.01,2.68,13.29,21.19,1167.58,0.82,1.2,224.7
23.07.2016 19:00:00,990.93,19.61,17.24,86.2,22.86,19.71,3.15,12.46,19.89,1170.22,0.28,0.56,42.72
23.07.2016 20:00:00,991.16,18.78,16.88,88.7,21.71,19.26,2.45,12.17,19.43,1174.02,1.21,2.2,204.4
23.07.2016 21:00:00,991.87,18.9,17.52,91.7,21.87,20.06,1.82,12.67,20.22,1174.03,0.56,0.74,16.5
23.07.2016 22:00:00,992.16,18.72,17.32,91.6,21.63,19.81,1.82,12.51,19.97,1175.21,0.71,1.16,0.24
23.07.2016 23:00:00,992.05,18.7,17.24,91.2,21.6,19.7,1.9,12.44,19.86,1175.21,0.63,1.08,93.9
24.07.2016 00:00:00,992.1,18.21,16.97,92.5,20.95,19.38,1.57,12.24,19.53,1177.39,1.5,2.0,243.2
24.07.2016 01:00:00,992.16,17.94,16.98,94.1,20.59,19.38,1.22,12.24,19.53,1178.55,0.28,0.8,336.5
24.07.2016 02:00:00,992.3,17.58,16.72,94.7,20.13,19.07,1.07,12.04,19.21,1180.32,0.92,1.28,207.7
24.07.2016 03:00:00,992.12,17.36,16.68,95.8,19.85,19.02,0.83,12.01,19.17,1181.02,0.66,0.84,240.6
24.07.2016 04:00:00,992.08,17.09,16.3,95.1,19.52,18.56,0.96,11.72,18.71,1182.28,1.19,1.64,227.4
24.07.2016 05:00:00,992.33,17.25,16.66,96.3,19.72,18.99,0.73,11.99,19.13,1181.74,0.76,1.14,131.9
24.07.2016 06:00:00,992.44,17.52,16.89,96.1,20.06,19.27,0.78,12.17,19.42,1180.64,0.42,1.12,118.1
24.07.2016 07:00:00,992.37,18.59,17.5,93.4,21.45,20.04,1.42,12.65,20.19,1175.88,0.32,0.76,233.9
24.07.2016 08:00:00,992.64,20.48,17.46,82.8,24.13,19.98,4.15,12.61,20.12,1168.66,1.06,1.72,146.0
24.07.2016 09:00:00,992.46,22.82,18.13,74.9,27.83,20.85,6.99,13.17,21.01,1158.82,0.93,1.76,207.6
24.07.2016 10:00:00,992.42,23.66,18.18,71.4,29.28,20.91,8.37,13.21,21.07,1155.47,0.75,1.82,107.9
24.07.2016 11:00:00,992.3,24.69,17.46,64.13,31.15,19.97,11.17,12.62,20.13,1151.75,1.64,3.52,43.72
24.07.2016 12:00:00,992.08,25.59,17.02,59.12,32.86,19.43,13.43,12.27,19.58,1148.26,1.29,2.56,41.97
24.07.2016 13:00:00,991.69,26.69,15.79,51.24,35.06,17.97,17.1,11.35,18.12,1144.24,2.51,3.88,54.13
24.07.2016 14:00:00,991.43,26.98,14.96,47.75,35.67,17.03,18.64,10.75,17.18,1143.24,1.96,3.2,29.11
24.07.2016 15:00:00,991.09,27.24,14.91,46.9,36.21,16.98,19.23,10.73,17.14,1141.88,2.6,4.68,32.15
24.07.2016 16:00:00,991.02,27.03,14.96,47.62,35.77,17.03,18.74,10.76,17.19,1142.57,3.19,5.32,54.83
24.07.2016 17:00:00,990.92,26.63,14.69,47.92,34.94,16.74,18.2,10.58,16.9,1144.11,2.66,3.48,34.95
24.07.2016 18:00:00,990.74,27.27,14.84,46.58,36.28,16.9,19.38,10.68,17.06,1141.39,2.0,3.62,41.83
24.07.2016 19:00:00,990.81,25.95,15.05,51.03,33.57,17.13,16.44,10.82,17.29,1146.41,0.39,0.72,330.9
24.07.2016 20:00:00,990.94,24.3,15.96,59.7,30.43,18.17,12.26,11.48,18.33,1152.46,0.6,0.88,57.75
24.07.2016 21:00:00,991.45,23.3,15.83,62.86,28.65,18.01,10.64,11.38,18.17,1157.02,0.58,1.24,188.9
24.07.2016 22:00:00,991.58,22.46,15.39,64.3,27.23,17.51,9.72,11.06,17.66,1160.68,1.06,1.48,224.2
24.07.2016 23:00:00,991.68,21.87,15.85,68.63,26.27,18.03,8.24,11.39,18.18,1162.89,0.95,1.68,213.7
25.07.2016 00:00:00,991.66,21.0,16.48,75.4,24.91,18.78,6.13,11.87,18.94,1165.97,0.46,1.08,199.4
25.07.2016 01:00:00,991.48,20.33,16.23,77.3,23.9,18.48,5.43,11.67,18.64,1168.55,0.88,1.42,233.8
25.07.2016 02:00:00,991.62,19.65,16.45,81.8,22.92,18.75,4.17,11.84,18.9,1171.31,0.72,1.3,211.6
25.07.2016 03:00:00,991.63,19.23,16.63,84.9,22.33,18.96,3.37,11.98,19.12,1172.91,0.24,0.56,324.0
25.07.2016 04:00:00,991.57,18.8,16.06,84.1,21.74,18.28,3.46,11.55,18.43,1174.87,0.96,1.36,205.5
25.07.2016 05:00:00,991.54,18.55,16.27,86.6,21.4,18.53,2.87,11.71,18.69,1175.73,0.88,1.62,240.6
25.07.2016 06:00:00,991.69,19.31,17.09,87.0,22.44,19.52,2.92,12.34,19.68,1172.41,0.66,1.16,212.9
25.07.2016 07:00:00,991.53,20.9,17.5,80.9,24.76,20.03,4.73,12.66,20.2,1165.65,0.74,1.32,146.0
25.07.2016 08:00:00,991.58,22.18,17.71,75.8,26.77,20.29,6.48,12.83,20.47,1160.54,1.2,2.36,136.4
25.07.2016 09:00:00,991.57,24.82,18.25,66.88,31.39,20.99,10.4,13.27,21.17,1149.94,1.01,2.04,150.2
25.07.2016 10:00:00,991.36,26.25,17.27,57.79,34.17,19.75,14.42,12.48,19.92,1144.75,2.3,3.48,150.1
25.07.2016 11:00:00,990.89,27.71,15.88,48.55,37.22,18.07,19.15,11.42,18.24,1139.39,1.76,3.6,93.0
25.07.2016 12:00:00,990.78,27.24,14.9,46.87,36.21,16.97,19.24,10.73,17.13,1141.52,0.4,0.92,11.5
25.07.2016 13:00:00,990.88,26.14,16.15,54.17,33.95,18.39,15.56,11.62,18.56,1145.21,4.24,5.84,226.3
25.07.2016 14:00:00,990.95,25.68,16.63,57.39,33.04,18.96,14.08,11.99,19.13,1146.8,2.08,2.6,233.2
25.07.2016 15:00:00,990.97,24.29,16.04,60.02,30.41,18.25,12.16,11.54,18.42,1152.5,3.33,5.52,274.1
25.07.2016 16:00:00,991.11,24.95,17.31,62.56,31.63,19.79,11.84,12.51,19.97,1149.43,2.43,4.2,49.08
25.07.2016 17:00:00,990.91,25.18,17.48,62.4,32.07,20.01,12.06,12.66,20.19,1148.21,0.78,1.96,5.21
25.07.2016 18:00:00,990.66,26.4,18.0,59.96,34.47,20.67,13.8,13.08,20.86,1142.96,1.0,1.94,164.1
25.07.2016 19:00:00,990.79,24.99,18.27,66.32,31.71,21.03,10.68,13.31,21.22,1148.36,0.53,1.66,93.1
25.07.2016 20:00:00,990.96,23.8,18.4,71.8,29.53,21.2,8.33,13.42,21.4,1153.08,0.45,0.8,154.3
25.07.2016 21:00:00,991.67,22.75,18.47,76.8,27.72,21.29,6.43,13.46,21.47,1157.97,0.63,1.48,116.4
25.07.2016 22:00:00,991.72,22.0,17.07,73.6,26.48,19.49,6.99,12.32,19.65,1161.77,1.12,1.62,242.5
25.07.2016 23:00:00,991.88,21.2,17.97,81.8,25.22,20.63,4.59,13.04,20.8,1164.61,0.66,1.2,140.4
26.07.2016 00:00:00,992.15,20.36,18.36,88.3,23.95,21.15,2.8,13.36,21.31,1168.03,0.83,1.64,138.3
26.07.2016 01:00:00,992.02,19.68,18.01,90.1,22.96,20.69,2.27,13.07,20.85,1170.8,1.11,1.9,145.4
26.07.2016 02:00:00,992.21,19.43,17.36,87.8,22.61,19.85,2.76,12.54,20.0,1172.4,0.32,0.68,95.6
26.07.2016 03:00:00,992.43,19.19,17.65,90.8,22.27,20.22,2.05,12.77,20.38,1173.46,0.31,0.62,210.7
26.07.2016 04:00:00,992.41,18.95,17.31,90.2,21.94,19.79,2.15,12.5,19.94,1174.59,0.37,0.52,213.4
26.07.2016 05:00:00,992.7,18.67,17.21,91.2,21.56,19.66,1.9,12.41,19.81,1176.12,0.21,0.54,25.85
26.07.2016 06:00:00,993.09,18.94,17.28,90.1,21.93,19.76,2.17,12.47,19.89,1175.45,0.77,1.08,148.4
26.07.2016 07:00:00,993.29,19.64,17.56,87.8,22.9,20.11,2.79,12.69,20.24,1172.73,0.81,1.88,280.1
26.07.2016 08:00:00,993.61,19.42,17.75,90.1,22.59,20.36,2.24,12.84,20.49,1173.88,0.48,1.28,35.53
26.07.2016 09:00:00,993.78,20.94,18.34,85.1,24.82,21.12,3.7,13.33,21.25,1167.67,0.63,1.72,30.54
26.07.2016 10:00:00,993.87,21.48,17.85,79.8,25.65,20.47,5.18,12.91,20.6,1165.92,2.69,4.2,52.5
26.07.2016 11:00:00,993.99,21.41,17.46,78.2,25.54,19.98,5.57,12.6,20.1,1166.56,4.04,5.84,37.08
26.07.2016 12:00:00,993.7,22.36,17.33,73.2,27.07,19.81,7.25,12.5,19.94,1162.55,3.43,5.28,47.62
26.07.2016 13:00:00,993.23,23.06,16.97,68.59,28.24,19.37,8.87,12.22,19.5,1159.44,1.87,3.08,86.0
26.07.2016 14:00:00,993.15,23.67,17.57,68.66,29.3,20.12,9.18,12.7,20.26,1156.63,0.85,1.84,68.89
26.07.2016 15:00:00,992.91,24.03,17.35,66.28,29.94,19.84,10.1,12.53,19.99,1155.08,1.91,3.18,127.2
26.07.2016 16:00:00,992.98,24.84,17.04,61.92,31.43,19.46,11.97,12.28,19.6,1152.19,3.59,6.64,54.23
26.07.2016 17:00:00,992.52,24.37,16.61,61.94,30.56,18.93,11.63,11.95,19.07,1153.71,2.15,3.08,54.78
26.07.2016 18:00:00,992.21,25.86,17.14,58.66,33.39,19.59,13.8,12.37,19.74,1147.3,1.1,2.4,22.04
26.07.2016 19:00:00,992.3,24.29,16.78,62.95,30.41,19.14,11.27,12.09,19.29,1153.66,1.26,1.72,340.4
26.07.2016 20:00:00,992.44,23.01,16.12,65.16,28.16,18.35,9.81,11.58,18.49,1159.17,1.7,2.28,358.7
26.07.2016 21:00:00,992.66,22.62,15.86,65.63,27.5,18.05,9.45,11.39,18.18,1161.09,1.01,1.32,9.84
26.07.2016 22:00:00,992.57,21.14,16.07,72.8,25.12,18.29,6.83,11.54,18.43,1166.71,0.99,1.56,49.08
26.07.2016 23:00:00,992.71,20.01,16.2,78.7,23.43,18.44,4.99,11.64,18.58,1171.31,0.78,1.48,234.7
27.07.2016 00:00:00,992.39,19.69,16.34,81.0,22.97,18.61,4.37,11.75,18.75,1172.13,0.47,0.96,236.8
27.07.2016 01:00:00,992.14,18.87,16.35,85.3,21.83,18.62,3.21,11.76,18.77,1175.12,0.3,0.7,283.8
27.07.2016 02:00:00,991.75,18.37,16.45,88.6,21.16,18.75,2.41,11.84,18.9,1176.61,0.18,0.4,64.06
27.07.2016 03:00:00,991.28,17.78,16.33,91.2,20.39,18.59,1.79,11.75,18.76,1178.5,0.85,1.44,168.1
27.07.2016 04:00:00,990.85,17.35,16.27,93.4,19.84,18.53,1.31,11.72,18.7,1179.76,0.27,0.68,193.0
27.07.2016 05:00:00,990.71,17.03,16.01,93.7,19.44,18.22,1.22,11.52,18.39,1181.04,0.56,1.36,180.0
27.07.2016 06:00:00,990.72,17.29,16.42,94.6,19.77,18.7,1.07,11.82,18.87,1179.77,2.25,3.24,190.3
27.07.2016 07:00:00,990.71,18.69,16.89,89.3,21.59,19.28,2.31,12.19,19.46,1173.84,1.81,2.98,159.7
27.07.2016 08:00:00,990.31,19.84,17.25,85.0,23.19,19.71,3.48,12.47,19.9,1168.56,1.42,2.32,188.1
27.07.2016 09:00:00,990.22,21.18,17.57,79.9,25.19,20.12,5.06,12.74,20.32,1162.95,1.48,3.12,157.7
27.07.2016 10:00:00,990.1,22.44,17.51,73.7,27.2,20.05,7.15,12.69,20.25,1157.89,2.09,3.6,151.1
27.07.2016 11:00:00,989.3,24.57,18.04,67.01,30.92,20.72,10.2,13.13,20.95,1148.37,3.85,5.34,162.1
27.07.2016 12:00:00,988.89,23.21,16.7,66.83,28.5,19.05,9.45,12.07,19.26,1153.9,1.39,3.76,283.6
27.07.2016 13:00:00,989.23,19.77,16.86,83.3,23.09,19.23,3.86,12.18,19.44,1167.77,1.45,3.6,234.5
27.07.2016 14:00:00,988.9,20.47,18.27,87.2,24.11,21.02,3.09,13.33,21.26,1163.79,0.99,2.26,238.4
27.07.2016 15:00:00,988.39,21.63,18.11,80.4,25.89,20.82,5.07,13.2,21.06,1158.7,0.88,2.56,252.1
27.07.2016 16:00:00,988.67,24.13,17.58,66.83,30.12,20.13,9.99,12.76,20.36,1149.59,1.27,3.48,301.4
27.07.2016 17:00:00,988.17,25.01,17.42,62.77,31.75,19.93,11.82,12.64,20.17,1145.7,0.66,1.58,338.4
27.07.2016 18:00:00,988.23,23.91,17.25,66.31,29.73,19.71,10.01,12.5,19.95,1150.11,0.75,1.06,235.5
27.07.2016 19:00:00,988.28,23.3,17.66,70.6,28.65,20.23,8.42,12.83,20.47,1152.31,1.35,1.92,193.4
27.07.2016 20:00:00,988.74,22.15,17.49,74.9,26.72,20.02,6.71,12.69,20.24,1157.43,1.1,1.6,264.5
27.07.2016 21:00:00,988.99,21.52,14.53,64.41,25.72,16.56,9.15,10.48,16.75,1161.75,3.11,4.12,254.7
27.07.2016 22:00:00,989.34,20.22,14.23,68.44,23.74,16.25,7.49,10.28,16.42,1167.45,2.7,3.78,242.5
27.07.2016 23:00:00,989.93,19.81,14.05,69.39,23.15,16.06,7.08,10.15,16.22,1169.87,3.14,4.79,250.3
28.07.2016 00:00:00,990.2,19.2,13.0,67.3,22.28,15.0,7.29,9.48,15.15,1173.11,3.21,4.44,247.8
28.07.2016 01:00:00,990.47,19.04,12.75,66.88,22.06,14.76,7.31,9.32,14.9,1174.19,3.02,4.2,250.0
28.07.2016 02:00:00,990.46,18.14,12.48,69.51,20.85,14.5,6.36,9.15,14.64,1177.92,2.27,3.16,241.6
28.07.2016 03:00:00,990.58,16.95,12.74,76.2,19.35,14.74,4.6,9.31,14.88,1182.78,0.19,0.52,58.34
28.07.2016 04:00:00,990.82,15.74,12.85,82.9,17.91,14.85,3.06,9.37,14.98,1187.98,1.02,1.72,217.5
28.07.2016 05:00:00,990.71,14.85,12.76,87.3,16.91,14.77,2.15,9.32,14.9,1191.55,0.49,1.4,205.0
28.07.2016 06:00:00,990.82,15.08,12.74,85.9,17.17,14.75,2.42,9.31,14.88,1190.75,0.65,1.56,161.7
28.07.2016 07:00:00,990.98,15.82,13.31,85.0,18.0,15.3,2.7,9.66,15.44,1187.64,0.76,1.56,175.1
28.07.2016 08:00:00,991.06,16.9,14.16,83.9,19.28,16.18,3.1,10.22,16.33,1182.91,1.47,2.08,198.6
28.07.2016 09:00:00,990.95,20.57,14.93,70.1,24.26,17.01,7.25,10.74,17.16,1167.63,0.69,1.4,143.5
28.07.2016 10:00:00,990.73,21.82,13.4,58.76,26.19,15.39,10.8,9.72,15.53,1163.14,2.69,3.88,209.6
28.07.2016 11:00:00,990.41,22.99,13.39,54.71,28.12,15.39,12.74,9.72,15.53,1158.17,3.6,5.38,205.4
28.07.2016 12:00:00,989.84,23.5,13.53,53.54,29.0,15.53,13.47,9.82,15.69,1155.45,4.58,7.24,207.8
28.07.2016 13:00:00,989.61,23.83,13.24,51.5,29.58,15.24,14.35,9.63,15.4,1154.03,3.76,5.2,209.7
28.07.2016 14:00:00,989.17,24.63,13.75,50.76,31.04,15.75,15.28,9.97,15.93,1150.18,1.99,4.52,202.6
28.07.2016 15:00:00,988.57,25.11,13.57,48.76,31.94,15.57,16.36,9.86,15.75,1147.71,3.55,5.32,208.9
28.07.2016 16:00:00,988.04,24.98,13.36,48.44,31.69,15.35,16.34,9.72,15.54,1147.69,4.49,7.28,204.2
28.07.2016 17:00:00,987.63,24.99,12.54,45.9,31.71,14.55,17.15,9.22,14.74,1147.52,3.6,5.24,227.9
28.07.2016 18:00:00,987.54,25.14,12.29,44.75,31.99,14.32,17.68,9.07,14.5,1146.95,4.58,6.58,212.0
28.07.2016 19:00:00,987.42,23.86,12.91,50.3,29.64,14.91,14.73,9.44,15.1,1151.49,2.97,5.24,191.6
28.07.2016 20:00:00,987.62,22.53,12.57,53.32,27.35,14.58,12.77,9.24,14.77,1157.05,2.78,3.12,235.4
28.07.2016 21:00:00,987.98,20.26,12.88,62.52,23.8,14.88,8.92,9.42,15.06,1166.29,2.73,3.32,226.9
28.07.2016 22:00:00,987.87,20.48,13.23,63.12,24.13,15.23,8.9,9.64,15.41,1165.13,2.09,2.48,235.9
28.07.2016 23:00:00,987.71,19.32,13.58,69.36,22.45,15.57,6.88,9.87,15.77,1169.41,0.17,0.4,19.98
29.07.2016 00:00:00,987.73,18.64,13.88,73.8,21.52,15.88,5.64,10.06,16.08,1172.02,0.94,1.5,202.6
29.07.2016 01:00:00,987.92,17.75,14.75,82.6,20.35,16.81,3.54,10.65,17.01,1175.41,2.55,3.76,264.8
29.07.2016 02:00:00,987.38,16.53,15.01,90.7,18.84,17.08,1.75,10.83,17.3,1179.59,1.97,2.72,240.6
29.07.2016 03:00:00,987.44,16.23,14.93,92.0,18.48,17.0,1.48,10.78,17.22,1180.92,0.74,1.74,216.5
29.07.2016 04:00:00,987.44,15.85,14.97,94.5,18.04,17.04,0.99,10.81,17.26,1182.45,1.75,2.56,207.9
29.07.2016 05:00:00,987.66,15.74,14.97,95.2,17.91,17.05,0.86,10.81,17.26,1183.16,1.8,2.52,200.2
29.07.2016 06:00:00,987.65,16.41,15.48,94.2,18.69,17.61,1.08,11.16,17.83,1180.16,2.02,3.08,159.2
29.07.2016 07:00:00,987.86,16.47,15.35,93.1,18.76,17.47,1.29,11.07,17.68,1180.23,1.07,1.64,207.6
29.07.2016 08:00:00,987.98,17.29,15.76,90.7,19.77,17.93,1.84,11.37,18.15,1176.84,1.03,2.06,175.2
29.07.2016 09:00:00,988.03,19.25,16.14,82.2,22.35,18.38,3.98,11.65,18.6,1168.81,1.75,2.72,139.9
29.07.2016 10:00:00,987.5,21.02,15.18,69.28,24.94,17.28,7.66,10.96,17.5,1161.64,3.09,6.49,173.0
29.07.2016 11:00:00,987.19,22.26,13.4,57.21,26.9,15.39,11.51,9.76,15.59,1157.24,4.54,7.04,210.0
29.07.2016 12:00:00,987.04,23.25,13.76,55.17,28.57,15.76,12.81,9.99,15.97,1153.03,3.25,7.53,233.4
29.07.2016 13:00:00,986.68,23.79,13.29,51.78,29.51,15.28,14.23,9.69,15.49,1150.72,3.8,6.56,220.0
29.07.2016 14:00:00,986.52,23.63,13.48,52.95,29.23,15.48,13.75,9.82,15.69,1151.07,5.66,9.37,222.1
29.07.2016 15:00:00,986.39,23.3,14.22,56.66,28.65,16.24,12.42,10.3,16.46,1151.86,5.21,8.05,212.2
29.07.2016 16:00:00,986.45,23.1,13.54,54.88,28.31,15.54,12.77,9.86,15.75,1153.02,3.71,7.59,246.7
29.07.2016 17:00:00,986.36,23.37,14.2,56.35,28.78,16.21,12.56,10.29,16.44,1151.56,1.84,3.2,275.4
29.07.2016 18:00:00,986.32,19.62,14.71,73.3,22.87,16.77,6.11,10.64,17.0,1166.02,2.73,4.04,256.1
29.07.2016 19:00:00,986.03,20.21,15.03,72.1,23.73,17.11,6.62,10.86,17.35,1163.18,1.05,1.94,123.4
29.07.2016 20:00:00,985.91,19.79,14.84,73.1,23.12,16.9,6.22,10.73,17.14,1164.79,0.97,1.28,203.6
29.07.2016 21:00:00,986.93,17.44,15.84,90.3,19.95,18.02,1.94,11.44,18.26,1174.93,1.11,1.84,209.1
29.07.2016 22:00:00,986.95,17.06,15.16,88.6,19.48,17.26,2.22,10.95,17.49,1176.84,1.64,2.8,198.9
29.07.2016 23:00:00,987.29,16.92,15.24,89.8,19.31,17.34,1.97,11.0,17.56,1177.78,1.16,1.72,195.7
30.07.2016 00:00:00,987.38,16.76,15.39,91.6,19.11,17.51,1.61,11.1,17.73,1178.46,0.89,1.9,178.2
30.07.2016 01:00:00,987.31,16.37,15.47,94.4,18.65,17.6,1.04,11.16,17.83,1179.92,1.32,1.84,218.9
30.07.2016 02:00:00,987.33,15.88,14.73,92.9,18.07,16.79,1.28,10.64,17.0,1182.31,1.45,2.32,230.3
30.07.2016 03:00:00,987.1,15.38,14.37,93.7,17.5,16.4,1.1,10.4,16.61,1184.26,1.72,2.76,203.2
30.07.2016 04:00:00,987.17,15.2,14.5,95.6,17.3,16.54,0.76,10.49,16.75,1185.02,1.5,2.28,193.5
30.07.2016 05:00:00,986.93,15.04,14.54,96.8,17.12,16.57,0.55,10.51,16.79,1185.37,1.04,1.68,234.9
30.07.2016 06:00:00,987.08,16.29,15.12,92.8,18.55,17.21,1.34,10.92,17.44,1180.14,1.17,1.76,195.5
30.07.2016 07:00:00,987.06,17.03,15.79,92.4,19.44,17.97,1.48,11.4,18.2,1176.77,1.67,2.2,180.1
30.07.2016 08:00:00,986.88,19.54,15.84,79.2,22.76,18.03,4.73,11.44,18.27,1166.44,2.23,3.44,151.1
30.07.2016 09:00:00,986.69,21.11,15.91,72.2,25.08,18.11,6.97,11.49,18.35,1159.95,3.83,5.92,197.1
30.07.2016 10:00:00,986.35,22.01,15.43,66.25,26.5,17.55,8.94,11.15,17.8,1156.26,5.36,7.17,208.8
30.07.2016 11:00:00,986.07,23.77,14.61,56.49,29.48,16.65,12.83,10.57,16.89,1149.48,5.71,11.17,213.0
30.07.2016 12:00:00,986.06,24.32,13.81,51.9,30.47,15.81,14.65,10.03,16.03,1147.71,5.56,9.49,213.9
30.07.2016 13:00:00,986.11,24.39,13.66,51.17,30.59,15.65,14.94,9.93,15.87,1147.57,4.74,8.33,207.6
30.07.2016 14:00:00,985.9,25.25,13.25,47.34,32.2,15.24,16.96,9.67,15.46,1144.2,2.71,7.93,246.3
30.07.2016 15:00:00,985.86,25.53,13.53,47.41,32.74,15.52,17.22,9.85,15.75,1142.96,2.97,6.08,256.3
30.07.2016 16:00:00,985.91,25.39,13.46,47.6,32.47,15.46,17.02,9.81,15.68,1143.58,1.8,3.56,243.3
30.07.2016 17:00:00,986.0,25.52,13.67,47.88,32.72,15.67,17.06,9.94,15.89,1143.1,1.65,3.72,272.6
30.07.2016 18:00:00,985.93,24.69,13.28,49.03,31.15,15.27,15.88,9.69,15.49,1146.38,2.91,4.96,272.9
30.07.2016 19:00:00,986.09,23.42,12.98,51.9,28.86,14.98,13.88,9.5,15.19,1151.6,2.01,3.72,266.6
30.07.2016 20:00:00,986.48,22.16,13.14,56.61,26.74,15.14,11.6,9.6,15.35,1156.9,1.2,1.76,250.4
30.07.2016 21:00:00,986.77,21.33,12.73,57.95,25.42,14.73,10.69,9.34,14.93,1160.69,1.48,2.24,240.6
30.07.2016 22:00:00,986.77,20.0,13.13,64.57,23.42,15.12,8.3,9.59,15.33,1165.78,0.68,1.52,233.1
30.07.2016 23:00:00,986.69,19.31,13.75,70.2,22.44,15.75,6.69,9.99,15.96,1168.15,0.24,0.46,70.5
31.07.2016 00:00:00,986.53,18.56,13.4,71.9,21.41,15.39,6.02,9.76,15.61,1171.12,0.19,0.56,176.0
31.07.2016 01:00:00,986.53,18.22,13.84,75.6,20.96,15.85,5.11,10.05,16.06,1172.29,0.16,0.4,309.6
31.07.2016 02:00:00,985.94,17.6,13.88,78.8,20.16,15.88,4.27,10.08,16.11,1174.06,0.48,1.16,27.47
31.07.2016 03:00:00,985.55,17.35,13.98,80.6,19.84,15.99,3.85,10.16,16.23,1174.56,0.77,1.4,7.35
31.07.2016 04:00:00,985.55,16.67,13.72,82.7,19.0,15.72,3.29,9.98,15.95,1177.44,0.36,0.8,137.4
31.07.2016 05:00:00,985.31,15.99,13.47,85.0,18.2,15.47,2.73,9.82,15.7,1180.03,0.64,1.72,216.7
31.07.2016 06:00:00,985.39,16.28,13.72,84.8,18.54,15.72,2.82,9.98,15.95,1178.83,0.43,0.76,36.92
31.07.2016 07:00:00,985.24,17.02,14.17,83.3,19.43,16.19,3.25,10.28,16.43,1175.43,0.99,1.52,148.4
31.07.2016 08:00:00,985.37,18.08,14.33,78.7,20.78,16.35,4.43,10.39,16.59,1171.23,1.04,1.72,129.2
31.07.2016 09:00:00,985.24,19.75,14.99,74.0,23.06,17.06,6.0,10.84,17.32,1164.08,0.95,1.74,95.4
31.07.2016 10:00:00,985.36,21.13,15.25,69.13,25.11,17.36,7.75,11.03,17.62,1158.63,0.93,1.4,173.3
31.07.2016 11:00:00,985.44,23.13,13.17,53.46,28.36,15.16,13.2,9.63,15.39,1151.88,1.62,3.42,298.5
31.07.2016 12:00:00,985.12,23.33,13.18,52.88,28.71,15.18,13.53,9.64,15.41,1150.72,1.35,2.62,359.6
31.07.2016 13:00:00,984.91,24.42,13.26,49.78,30.65,15.26,15.39,9.69,15.49,1146.23,1.98,4.04,335.0
31.07.2016 14:00:00,984.5,24.58,12.84,47.96,30.94,14.84,16.1,9.43,15.07,1145.32,2.66,4.72,253.3
31.07.2016 15:00:00,984.77,23.42,13.4,53.35,28.86,15.4,13.46,9.78,15.64,1149.87,1.49,3.02,15.99
31.07.2016 16:00:00,985.06,22.82,13.14,54.39,27.83,15.14,12.7,9.62,15.37,1152.65,0.7,1.26,232.3
31.07.2016 17:00:00,985.0,23.12,13.29,53.94,28.34,15.29,13.06,9.71,15.52,1151.35,1.37,3.44,272.8
31.07.2016 18:00:00,985.18,22.25,12.77,54.93,26.89,14.77,12.12,9.38,14.99,1155.18,1.6,3.38,264.1
31.07.2016 19:00:00,986.37,17.25,14.43,83.5,19.72,16.46,3.25,10.45,16.69,1175.73,1.88,3.48,248.5
31.07.2016 20:00:00,987.31,16.9,13.85,82.2,19.28,15.85,3.43,10.05,16.06,1178.56,1.19,1.98,249.5
31.07.2016 21:00:00,988.36,16.4,13.6,83.5,18.68,15.6,3.08,9.88,15.78,1181.97,1.26,2.32,248.3
31.07.2016 22:00:00,989.07,15.9,12.84,82.0,18.09,14.84,3.26,9.38,15.0,1185.22,2.33,3.2,251.0
31.07.2016 23:00:00,989.58,15.48,12.76,83.8,17.61,14.76,2.85,9.33,14.92,1187.59,1.58,3.04,256.7
01.08.2016 00:00:00,989.7,14.59,11.85,83.6,16.63,13.9,2.73,8.79,14.05,1191.8,3.27,4.97,255.0
01.08.2016 01:00:00,990.05,13.83,11.46,85.6,15.83,13.55,2.28,8.56,13.69,1195.54,2.47,3.36,245.1
01.08.2016 02:00:00,990.32,14.3,11.42,82.8,16.32,13.52,2.81,8.53,13.65,1193.93,3.18,4.61,252.2
01.08.2016 03:00:00,990.66,13.89,11.66,86.4,15.89,13.73,2.16,8.67,13.86,1195.95,2.95,4.53,258.5
01.08.2016 04:00:00,991.2,13.42,11.48,88.0,15.42,13.57,1.85,8.56,13.69,1198.65,1.86,2.82,254.1
01.08.2016 05:00:00,991.43,13.07,11.25,88.7,15.07,13.36,1.7,8.43,13.48,1200.49,2.28,3.4,245.0
01.08.2016 06:00:00,991.93,13.57,11.38,86.6,15.57,13.48,2.09,8.5,13.59,1198.95,0.56,1.24,79.4
01.08.2016 07:00:00,991.94,14.75,11.82,82.6,16.81,13.88,2.92,8.75,13.99,1193.86,0.91,2.44,161.4
01.08.2016 08:00:00,992.21,16.38,10.87,69.84,18.66,13.03,5.63,8.21,13.13,1187.85,1.51,4.28,266.9
01.08.2016 09:00:00,992.47,17.17,10.1,63.09,19.62,12.38,7.24,7.79,12.47,1185.23,2.67,6.69,248.4
01.08.2016 10:00:00,992.39,18.56,9.46,55.37,21.41,11.86,9.56,7.46,11.95,1179.72,2.57,5.04,276.9
01.08.2016 11:00:00,992.5,19.51,8.39,48.53,22.72,11.03,11.69,6.94,11.11,1176.4,3.11,5.84,266.9
01.08.2016 12:00:00,992.58,19.64,8.05,47.03,22.9,10.77,12.13,6.78,10.85,1176.08,1.92,3.7,281.7
01.08.2016 13:00:00,992.54,20.37,7.82,44.27,23.96,10.61,13.35,6.67,10.69,1173.18,2.81,5.8,245.0
01.08.2016 14:00:00,992.56,21.11,7.95,42.66,25.08,10.7,14.38,6.73,10.78,1170.22,3.64,7.57,243.3
01.08.2016 15:00:00,992.35,20.79,8.24,44.4,24.59,10.92,13.67,6.87,11.0,1171.14,1.35,3.4,338.7
01.08.2016 16:00:00,992.32,20.27,7.92,44.85,23.81,10.68,13.13,6.72,10.76,1173.29,2.27,3.8,248.5
01.08.2016 17:00:00,991.94,21.42,7.97,41.94,25.56,10.72,14.84,6.75,10.81,1168.24,1.01,2.2,296.5
01.08.2016 18:00:00,991.8,20.39,7.73,43.95,23.99,10.54,13.45,6.64,10.63,1172.25,1.24,2.28,255.5
01.08.2016 19:00:00,991.59,20.07,8.2,46.28,23.52,10.89,12.64,6.86,10.98,1173.13,2.21,3.64,212.0
01.08.2016 20:00:00,991.75,18.58,8.1,50.42,21.44,10.81,10.63,6.81,10.9,1179.35,2.42,2.84,244.4
01.08.2016 21:00:00,992.19,17.28,8.54,56.38,19.75,11.14,8.62,7.01,11.23,1185.01,1.72,2.48,230.7
01.08.2016 22:00:00,992.28,15.86,8.72,62.49,18.05,11.28,6.77,7.1,11.37,1190.87,0.59,0.96,199.2
01.08.2016 23:00:00,992.09,14.87,9.44,69.89,16.94,11.84,5.1,7.45,11.93,1194.48,0.58,1.2,128.2
02.08.2016 00:00:00,992.23,14.82,9.3,69.48,16.88,11.73,5.15,7.39,11.82,1194.91,0.7,1.52,33.97
02.08.2016 01:00:00,992.05,13.64,9.3,75.0,15.64,11.73,3.91,7.39,11.82,1199.6,1.17,1.5,208.8
02.08.2016 02:00:00,991.61,13.12,9.19,77.0,15.12,11.64,3.48,7.33,11.74,1201.29,1.19,1.52,189.7
02.08.2016 03:00:00,991.24,13.07,9.58,79.3,15.07,11.95,3.12,7.53,12.05,1200.91,0.56,1.04,355.1
02.08.2016 04:00:00,990.86,12.83,9.44,79.8,14.83,11.84,3.0,7.46,11.95,1201.5,0.62,0.84,219.9
02.08.2016 05:00:00,990.87,12.56,9.59,82.1,14.57,11.96,2.61,7.54,12.07,1202.59,1.57,2.48,240.3
02.08.2016 06:00:00,991.1,12.4,10.78,89.8,14.42,12.95,1.47,8.17,13.06,1203.09,2.5,4.24,142.4
02.08.2016 07:00:00,991.2,12.39,11.26,92.8,14.41,13.37,1.04,8.43,13.49,1203.06,1.36,2.08,190.9
02.08.2016 08:00:00,991.04,12.78,11.87,94.2,14.78,13.93,0.86,8.79,14.05,1200.97,2.14,3.28,156.0
02.08.2016 09:00:00,990.59,13.86,12.73,92.9,15.86,14.74,1.13,9.31,14.88,1195.53,2.46,4.08,172.9
02.08.2016 10:00:00,990.25,15.15,13.44,89.5,17.24,15.43,1.81,9.75,15.59,1189.45,2.43,3.4,170.2
02.08.2016 11:00:00,989.8,16.61,13.9,84.0,18.93,15.9,3.03,10.05,16.07,1182.71,3.11,4.69,156.6
02.08.2016 12:00:00,989.6,17.54,13.39,76.6,20.08,15.38,4.7,9.73,15.54,1178.92,2.38,3.62,208.3
02.08.2016 13:00:00,989.43,17.47,13.16,75.8,19.99,15.15,4.84,9.58,15.32,1179.1,3.84,5.53,199.6
02.08.2016 14:00:00,989.07,18.49,12.55,68.32,21.32,14.56,6.75,9.21,14.73,1174.81,6.29,8.85,207.0
02.08.2016 15:00:00,989.08,17.5,11.96,69.94,20.03,14.01,6.02,8.86,14.16,1179.08,6.5,9.65,213.9
02.08.2016 16:00:00,988.98,17.96,12.19,68.97,20.62,14.22,6.4,8.99,14.38,1177.0,4.39,6.89,212.3
02.08.2016 17:00:00,988.91,17.33,13.04,75.9,19.82,15.04,4.78,9.52,15.21,1179.1,2.29,3.44,212.5
02.08.2016 18:00:00,988.78,17.4,13.15,76.1,19.9,15.15,4.76,9.58,15.32,1178.61,2.29,3.28,211.6
02.08.2016 19:00:00,988.98,17.3,12.99,75.8,19.78,14.99,4.79,9.48,15.16,1179.33,2.0,3.12,207.3
02.08.2016 20:00:00,989.37,16.92,13.1,78.2,19.31,15.1,4.21,9.55,15.26,1181.29,1.42,2.28,219.6
02.08.2016 21:00:00,989.58,16.64,13.26,80.4,18.97,15.25,3.72,9.64,15.41,1182.62,1.01,1.24,209.4
02.08.2016 22:00:00,989.73,16.12,13.49,84.4,18.35,15.49,2.86,9.79,15.65,1184.81,1.47,1.76,230.8
02.08.2016 23:00:00,989.85,15.86,13.74,87.2,18.05,15.74,2.31,9.95,15.9,1185.91,0.72,1.36,218.7
03.08.2016 00:00:00,989.58,15.78,13.99,89.1,17.96,16.0,1.96,10.12,16.17,1185.79,0.59,1.48,181.5
03.08.2016 01:00:00,989.15,15.49,14.05,91.1,17.62,16.06,1.57,10.16,16.23,1186.44,1.78,2.22,210.1
03.08.2016 02:00:00,989.0,15.94,14.06,88.6,18.14,16.07,2.07,10.17,16.25,1184.41,1.35,1.92,144.1
03.08.2016 03:00:00,988.67,15.78,14.47,91.9,17.96,16.5,1.45,10.45,16.69,1184.47,1.8,2.64,175.7
03.08.2016 04:00:00,988.16,15.56,14.57,93.8,17.7,16.61,1.1,10.52,16.81,1184.71,1.7,2.52,184.9
03.08.2016 05:00:00,987.89,15.47,14.64,94.8,17.6,16.69,0.92,10.57,16.89,1184.71,2.0,3.44,180.9
03.08.2016 06:00:00,987.65,16.32,14.63,89.7,18.59,16.67,1.91,10.57,16.88,1180.95,3.62,5.37,202.7
03.08.2016 07:00:00,987.28,17.42,15.02,85.8,19.93,17.1,2.83,10.84,17.32,1175.85,4.63,6.25,203.9
03.08.2016 08:00:00,987.19,18.52,15.1,80.5,21.36,17.19,4.16,10.9,17.42,1171.26,5.07,7.61,211.8
03.08.2016 09:00:00,987.09,18.94,15.24,79.1,21.93,17.34,4.58,11.0,17.57,1169.39,4.99,6.59,209.9
03.08.2016 10:00:00,987.05,19.68,15.33,76.0,22.96,17.45,5.51,11.07,17.68,1166.34,4.11,6.29,206.0
03.08.2016 11:00:00,986.93,20.1,15.47,74.7,23.57,17.6,5.96,11.17,17.84,1164.46,3.96,5.81,203.8
03.08.2016 12:00:00,986.62,20.26,15.69,75.0,23.8,17.85,5.95,11.33,18.09,1163.34,3.28,5.37,184.0
03.08.2016 13:00:00,986.6,20.89,15.87,73.0,24.74,18.06,6.68,11.47,18.31,1160.73,4.77,7.25,210.0
03.08.2016 14:00:00,986.71,20.34,16.99,81.1,23.92,19.4,4.52,12.32,19.66,1162.44,3.65,5.16,199.3
03.08.2016 15:00:00,986.76,19.89,17.09,83.9,23.26,19.52,3.75,12.39,19.78,1164.23,3.58,5.12,197.5
03.08.2016 16:00:00,986.48,19.83,17.29,85.3,23.17,19.77,3.41,12.56,20.04,1164.02,2.75,4.12,188.1
03.08.2016 17:00:00,986.46,19.7,17.31,86.1,22.99,19.79,3.2,12.58,20.06,1164.5,3.5,5.89,202.8
03.08.2016 18:00:00,986.26,18.78,17.0,89.4,21.71,19.41,2.3,12.33,19.68,1168.11,3.93,5.25,205.6
03.08.2016 19:00:00,986.56,18.82,17.11,89.8,21.76,19.54,2.22,12.41,19.81,1168.25,0.68,1.72,294.7
03.08.2016 20:00:00,986.98,18.56,17.22,91.9,21.41,19.68,1.73,12.49,19.94,1169.73,0.86,1.76,180.0
03.08.2016 21:00:00,987.09,18.09,16.89,92.7,20.79,19.27,1.52,12.23,19.52,1171.93,2.17,2.92,230.5
03.08.2016 22:00:00,986.77,17.9,16.67,92.5,20.54,19.0,1.54,12.07,19.26,1172.44,2.31,2.68,219.6
03.08.2016 23:00:00,986.23,18.15,16.57,90.5,20.87,18.89,1.98,12.0,19.15,1170.84,2.35,3.4,215.0
04.08.2016 00:00:00,986.34,17.67,16.59,93.4,20.25,18.91,1.34,12.01,19.17,1172.89,0.77,1.56,234.6
04.08.2016 01:00:00,986.3,17.45,16.15,92.1,19.97,18.39,1.58,11.68,18.65,1173.96,1.58,2.44,208.7
04.08.2016 02:00:00,986.15,17.0,15.96,93.6,19.41,18.16,1.24,11.54,18.42,1175.71,1.61,2.52,201.7
04.08.2016 03:00:00,985.91,16.95,15.93,93.7,19.35,18.13,1.22,11.52,18.39,1175.64,0.82,1.52,168.0
04.08.2016 04:00:00,985.67,17.09,16.03,93.5,19.52,18.25,1.27,11.6,18.51,1174.73,0.81,1.64,183.0
04.08.2016 05:00:00,985.81,16.94,15.95,93.9,19.33,18.15,1.18,11.53,18.42,1175.55,0.97,1.36,129.6
04.08.2016 06:00:00,985.86,16.83,15.93,94.4,19.2,18.12,1.08,11.51,18.38,1176.07,0.5,1.44,177.0
04.08.2016 07:00:00,985.88,17.59,16.16,91.3,20.14,18.39,1.75,11.69,18.66,1172.89,0.99,3.0,179.8
04.08.2016 08:00:00,986.09,20.41,16.67,79.1,24.02,19.0,5.02,12.07,19.27,1161.6,2.11,4.16,179.7
04.08.2016 09:00:00,986.35,21.65,15.94,69.98,25.92,18.14,7.78,11.52,18.39,1157.41,4.0,5.84,203.9
04.08.2016 10:00:00,985.91,23.07,15.99,64.4,28.26,18.2,10.06,11.56,18.46,1151.32,3.44,6.3,198.2
04.08.2016 11:00:00,985.99,22.89,16.26,66.23,27.95,18.51,9.44,11.76,18.78,1151.97,2.48,3.6,219.8
04.08.2016 12:00:00,985.85,23.46,14.78,58.18,28.93,16.83,12.1,10.69,17.07,1150.34,4.05,5.88,215.2
04.08.2016 13:00:00,985.97,23.74,15.47,59.82,29.42,17.6,11.82,11.18,17.85,1149.06,3.55,5.12,207.4
04.08.2016 14:00:00,985.8,23.93,16.14,61.75,29.76,18.38,11.38,11.68,18.64,1147.78,3.1,5.3,196.3
04.08.2016 15:00:00,985.67,22.97,17.08,69.44,28.09,19.5,8.58,12.4,19.79,1150.84,1.34,3.44,346.3
04.08.2016 16:00:00,985.77,21.78,17.07,74.6,26.13,19.49,6.64,12.39,19.77,1155.61,2.38,4.0,34.04
04.08.2016 17:00:00,985.16,21.48,17.28,77.0,25.65,19.75,5.9,12.57,20.05,1155.95,1.12,2.0,49.33
04.08.2016 18:00:00,985.29,21.35,17.28,77.6,25.45,19.75,5.7,12.56,20.04,1156.62,2.13,2.88,28.24
04.08.2016 19:00:00,985.71,20.33,17.46,83.6,23.9,19.98,3.92,12.71,20.27,1161.03,1.42,2.72,44.51
04.08.2016 20:00:00,985.98,19.4,17.18,87.0,22.56,19.63,2.93,12.48,19.91,1165.2,1.02,2.04,32.03
04.08.2016 21:00:00,986.24,18.63,16.41,86.9,21.51,18.69,2.82,11.87,18.95,1169.01,1.36,2.68,279.3
04.08.2016 22:00:00,987.13,17.34,13.74,79.4,19.83,15.74,4.08,9.98,15.95,1176.6,2.41,3.32,251.8
04.08.2016 23:00:00,987.31,15.54,14.2,91.7,17.68,16.21,1.47,10.28,16.42,1183.94,2.39,3.04,254.5
05.08.2016 00:00:00,987.26,15.32,14.15,92.7,17.43,16.16,1.27,10.25,16.37,1184.81,0.57,1.32,51.79
05.08.2016 01:00:00,987.98,15.04,14.28,95.2,17.12,16.3,0.82,10.33,16.5,1186.77,0.41,1.04,305.4
05.08.2016 02:00:00,987.69,14.48,13.8,95.7,16.51,15.8,0.71,10.01,16.0,1188.95,0.33,0.64,197.0
05.08.2016 03:00:00,987.08,14.4,13.74,95.8,16.43,15.74,0.69,9.98,15.95,1188.58,1.05,1.44,147.8
05.08.2016 04:00:00,987.5,14.16,13.45,95.5,16.18,15.45,0.73,9.79,15.64,1190.21,1.41,1.84,238.0
05.08.2016 05:00:00,987.47,14.29,13.04,92.2,16.31,15.04,1.27,9.53,15.23,1189.82,0.55,1.12,245.2
05.08.2016 06:00:00,987.76,14.02,12.86,92.7,16.03,14.86,1.17,9.41,15.04,1191.38,1.22,1.92,233.0
05.08.2016 07:00:00,988.26,15.13,13.89,92.3,17.22,15.9,1.33,10.07,16.08,1186.92,1.29,2.6,241.2
05.08.2016 08:00:00,988.74,15.54,13.68,88.7,17.68,15.68,2.0,9.93,15.86,1185.91,1.93,3.36,244.1
05.08.2016 09:00:00,988.97,16.72,13.77,82.7,19.07,15.77,3.3,9.98,15.94,1181.32,2.18,4.36,272.8
05.08.2016 10:00:00,989.86,17.65,13.85,78.4,20.22,15.85,4.37,10.02,16.02,1178.57,1.69,3.96,280.5
05.08.2016 11:00:00,990.03,17.85,13.81,77.2,20.48,15.81,4.67,9.99,15.97,1177.98,1.11,2.12,328.9
05.08.2016 12:00:00,990.62,18.95,13.47,70.5,21.94,15.47,6.47,9.77,15.61,1174.41,1.81,3.48,282.0
05.08.2016 13:00:00,990.67,19.44,12.89,65.81,22.62,14.89,7.73,9.4,15.03,1172.76,2.25,4.32,273.2
05.08.2016 14:00:00,991.06,20.06,12.39,61.29,23.51,14.41,9.1,9.09,14.54,1170.96,2.32,4.88,273.9
05.08.2016 15:00:00,991.28,20.56,12.11,58.36,24.24,14.15,10.1,8.93,14.27,1169.34,1.02,2.86,252.9
05.08.2016 16:00:00,991.37,21.1,11.98,55.97,25.06,14.03,11.04,8.85,14.15,1167.36,1.41,2.44,244.4
05.08.2016 17:00:00,991.6,20.16,12.44,61.14,23.65,14.46,9.19,9.12,14.58,1171.18,1.81,3.52,257.2
05.08.2016 18:00:00,991.85,19.06,12.43,65.38,22.09,14.44,7.65,9.11,14.56,1175.89,1.86,3.2,238.5
05.08.2016 19:00:00,992.31,18.94,12.95,68.18,21.93,14.95,6.98,9.42,15.07,1176.7,1.45,2.12,251.1
05.08.2016 20:00:00,992.88,18.19,13.13,72.3,20.92,15.13,5.79,9.53,15.23,1180.33,1.0,1.36,239.0
05.08.2016 21:00:00,993.69,17.55,12.89,74.1,20.09,14.89,5.2,9.37,14.98,1184.0,2.86,3.64,249.8
05.08.2016 22:00:00,994.4,17.31,12.53,73.5,19.79,14.55,5.24,9.15,14.63,1185.98,3.65,5.81,255.2
05.08.2016 23:00:00,994.72,16.58,12.12,74.9,18.9,14.15,4.74,8.9,14.23,1189.54,2.91,4.2,252.5
06.08.2016 00:00:00,995.17,16.35,11.65,73.7,18.62,13.72,4.9,8.62,13.79,1191.22,2.7,4.65,251.1
06.08.2016 01:00:00,995.4,15.76,11.55,76.0,17.93,13.63,4.3,8.56,13.69,1193.97,2.67,3.68,254.3
06.08.2016 02:00:00,995.75,14.42,11.76,84.0,16.45,13.82,2.63,8.68,13.88,1199.87,0.69,1.28,71.0
06.08.2016 03:00:00,996.12,13.42,11.85,90.2,15.42,13.9,1.51,8.73,13.96,1204.47,0.89,1.72,121.6
06.08.2016 04:00:00,996.24,12.91,11.73,92.5,14.91,13.79,1.12,8.66,13.84,1206.82,0.26,0.6,146.4
06.08.2016 05:00:00,996.64,12.33,11.44,94.3,14.35,13.53,0.82,8.49,13.58,1209.87,0.38,0.66,218.9
06.08.2016 06:00:00,997.09,13.66,11.73,88.1,15.66,13.8,1.86,8.65,13.84,1204.69,0.67,1.4,169.3
06.08.2016 07:00:00,997.3,15.13,12.12,82.2,17.22,14.16,3.07,8.88,14.19,1198.64,1.33,2.0,149.6
06.08.2016 08:00:00,997.39,16.44,12.77,78.9,18.73,14.78,3.95,9.27,14.82,1193.04,1.67,2.4,156.5
06.08.2016 09:00:00,997.53,18.9,13.05,68.82,21.87,15.05,6.82,9.44,15.09,1183.03,2.66,4.2,234.9
06.08.2016 10:00:00,997.39,19.56,11.92,61.31,22.79,13.97,8.82,8.76,14.01,1180.69,4.17,7.31,209.6
06.08.2016 11:00:00,997.95,19.31,12.59,65.07,22.44,14.6,7.84,9.15,14.63,1182.08,2.09,3.8,263.1
06.08.2016 12:00:00,997.98,20.94,12.25,57.54,24.82,14.28,10.54,8.95,14.31,1175.71,2.62,7.87,253.3
06.08.2016 13:00:00,997.99,20.94,12.32,57.81,24.82,14.35,10.47,8.99,14.38,1175.69,2.11,4.4,287.8
06.08.2016 14:00:00,997.92,22.32,11.18,49.25,27.0,13.3,13.7,8.33,13.33,1170.58,2.71,6.12,244.6
06.08.2016 15:00:00,998.2,21.75,10.2,47.78,26.08,12.46,13.62,7.8,12.48,1173.55,3.0,5.2,275.5
06.08.2016 16:00:00,998.34,21.98,10.08,46.74,26.45,12.36,14.09,7.74,12.38,1172.84,1.83,4.28,294.5
06.08.2016 17:00:00,998.62,21.46,10.96,51.17,25.62,13.11,12.51,8.21,13.13,1174.92,1.91,4.8,265.7
06.08.2016 18:00:00,998.74,20.48,10.04,51.09,24.13,12.33,11.8,7.71,12.34,1179.33,2.15,3.96,265.7
06.08.2016 19:00:00,999.08,20.01,10.13,52.92,23.43,12.4,11.03,7.76,12.41,1181.59,0.91,2.1,273.2
06.08.2016 20:00:00,999.79,18.84,9.99,56.39,21.79,12.29,9.5,7.68,12.29,1187.22,1.24,2.2,274.6
06.08.2016 21:00:00,1000.29,18.2,9.63,57.27,20.93,11.99,8.94,7.49,11.99,1190.57,1.52,2.12,259.5
06.08.2016 22:00:00,1000.54,15.94,10.32,69.22,18.14,12.56,5.58,7.84,12.55,1199.91,0.28,0.88,235.6
06.08.2016 23:00:00,1000.91,15.06,10.41,73.7,17.14,12.64,4.51,7.89,12.62,1203.98,0.77,1.24,203.0
07.08.2016 00:00:00,1001.03,14.09,10.59,79.4,16.1,12.79,3.32,7.98,12.77,1208.13,1.77,2.88,146.4
07.08.2016 01:00:00,1001.09,12.95,10.41,84.5,14.95,12.63,2.32,7.89,12.62,1213.09,0.82,1.3,164.2
07.08.2016 02:00:00,1000.91,12.27,10.53,89.1,14.3,12.74,1.56,7.95,12.73,1215.71,1.15,2.0,187.5
07.08.2016 03:00:00,1000.89,11.97,10.33,89.7,14.02,12.57,1.44,7.85,12.56,1217.04,0.54,1.64,163.1
07.08.2016 04:00:00,1001.02,11.86,10.28,90.0,13.91,12.52,1.39,7.82,12.51,1217.69,0.48,1.0,214.5
07.08.2016 05:00:00,1001.15,11.36,10.04,91.6,13.46,12.33,1.13,7.7,12.32,1220.08,0.63,1.04,140.0
07.08.2016 06:00:00,1001.51,11.97,10.3,89.5,14.02,12.54,1.47,7.83,12.53,1217.81,0.57,1.2,204.6
07.08.2016 07:00:00,1001.52,14.48,10.91,79.1,16.51,13.06,3.45,8.15,13.04,1206.96,0.75,1.44,146.4
07.08.2016 08:00:00,1001.77,16.6,11.97,74.1,18.92,14.02,4.9,8.75,14.0,1197.99,1.03,1.68,137.8
07.08.2016 09:00:00,1001.58,19.16,12.29,64.41,22.23,14.32,7.91,8.94,14.3,1187.14,2.68,4.32,238.8
07.08.2016 10:00:00,1001.24,20.74,10.6,52.19,24.51,12.79,11.72,7.99,12.78,1181.04,2.58,4.32,296.6
07.08.2016 11:00:00,1000.72,21.87,10.31,47.76,26.27,12.55,13.72,7.84,12.54,1176.02,3.24,5.92,275.0
07.08.2016 12:00:00,1000.05,23.57,9.11,39.76,29.12,11.58,17.54,7.23,11.58,1168.92,1.38,3.56,235.6
07.08.2016 13:00:00,999.44,24.12,6.58,32.36,30.1,9.74,20.36,6.08,9.75,1166.86,3.78,6.56,211.1
07.08.2016 14:00:00,998.74,25.17,8.4,34.42,32.05,11.03,21.02,6.9,11.05,1161.36,3.09,6.24,242.9
07.08.2016 15:00:00,998.02,25.96,9.93,36.43,33.59,12.24,21.35,7.66,12.26,1156.92,2.84,5.56,231.9
07.08.2016 16:00:00,997.42,26.61,10.88,37.35,34.9,13.03,21.86,8.17,13.07,1153.37,2.77,5.24,239.2
07.08.2016 17:00:00,996.9,26.26,10.75,37.81,34.19,12.93,21.26,8.1,12.97,1154.16,2.62,4.2,228.8
07.08.2016 18:00:00,996.47,26.33,10.78,37.73,34.33,12.95,21.38,8.12,13.0,1153.38,2.46,3.44,230.5
07.08.2016 19:00:00,996.23,24.57,11.74,44.63,30.92,13.8,17.12,8.66,13.85,1159.54,2.4,3.56,222.8
07.08.2016 20:00:00,996.36,23.07,11.64,48.53,28.26,13.71,14.54,8.61,13.76,1165.6,2.6,2.92,233.5
07.08.2016 21:00:00,996.39,21.47,11.39,52.6,25.64,13.49,12.15,8.46,13.53,1172.07,2.03,2.72,254.2
07.08.2016 22:00:00,996.27,20.23,11.25,56.26,23.76,13.36,10.39,8.39,13.41,1176.94,2.71,3.52,234.2
07.08.2016 23:00:00,995.99,17.87,12.46,70.6,20.5,14.48,6.03,9.09,14.53,1185.64,0.85,1.84,177.0
08.08.2016 00:00:00,995.56,17.27,12.1,71.6,19.74,14.14,5.61,8.88,14.2,1187.73,1.47,2.52,199.1
08.08.2016 01:00:00,995.26,16.4,12.22,76.3,18.68,14.25,4.43,8.96,14.32,1190.88,1.55,2.56,194.0
08.08.2016 02:00:00,994.69,15.71,12.24,79.8,17.88,14.26,3.61,8.97,14.34,1193.03,1.04,2.18,161.0
08.08.2016 03:00:00,994.19,14.85,12.14,83.8,16.91,14.17,2.74,8.92,14.26,1196.03,1.01,1.96,211.0
08.08.2016 04:00:00,993.95,14.78,12.02,83.5,16.84,14.06,2.78,8.85,14.15,1196.09,1.26,2.36,193.7
08.08.2016 05:00:00,993.66,14.01,11.85,86.8,16.02,13.9,2.11,8.75,13.99,1199.01,1.21,2.44,176.5
08.08.2016 06:00:00,993.42,15.67,12.2,79.8,17.83,14.23,3.6,8.96,14.32,1191.68,1.05,1.76,194.7
08.08.2016 07:00:00,993.09,17.86,13.06,73.5,20.49,15.06,5.43,9.49,15.17,1181.94,1.14,2.22,177.4
08.08.2016 08:00:00,992.8,21.0,13.63,62.75,24.91,15.63,9.28,9.85,15.74,1168.73,2.53,4.77,183.1
08.08.2016 09:00:00,992.16,23.14,14.5,58.27,28.38,16.54,11.84,10.43,16.67,1159.13,4.19,7.57,194.5
08.08.2016 10:00:00,991.74,24.74,14.65,53.45,31.24,16.7,14.54,10.54,16.84,1152.35,5.17,8.85,211.7
08.08.2016 11:00:00,991.4,24.66,14.33,52.59,31.09,16.35,14.74,10.32,16.49,1152.41,5.38,9.01,220.2
08.08.2016 12:00:00,991.14,25.28,14.49,51.22,32.26,16.52,15.74,10.44,16.67,1149.64,6.61,10.43,210.4
08.08.2016 13:00:00,990.82,25.91,13.61,46.62,33.49,15.61,17.88,9.86,15.76,1147.24,7.06,10.47,207.5
08.08.2016 14:00:00,990.55,26.9,13.76,44.41,35.5,15.77,19.73,9.96,15.92,1143.08,4.15,7.93,220.8
08.08.2016 15:00:00,990.22,27.25,11.78,38.19,36.23,13.84,22.4,8.74,13.97,1142.21,5.6,9.05,221.2
08.08.2016 16:00:00,990.12,27.25,10.41,34.88,36.23,12.64,23.6,7.98,12.76,1142.62,3.64,6.32,238.0
08.08.2016 17:00:00,990.2,26.44,9.77,35.04,34.55,12.11,22.44,7.64,12.23,1146.04,3.7,7.4,268.8
08.08.2016 18:00:00,990.23,25.59,11.21,40.56,32.86,13.33,19.53,8.41,13.46,1148.79,2.08,4.0,252.1
08.08.2016 19:00:00,990.46,24.53,9.63,38.88,30.85,11.99,18.86,7.57,12.11,1153.74,1.49,2.88,273.1
08.08.2016 20:00:00,991.58,20.17,12.89,62.92,23.67,14.89,8.78,9.39,15.02,1170.92,1.72,3.44,264.6
08.08.2016 21:00:00,992.4,19.14,12.65,66.0,22.2,14.65,7.55,9.24,14.77,1176.13,0.96,2.24,90.1
08.08.2016 22:00:00,992.77,18.58,12.44,67.44,21.44,14.46,6.98,9.11,14.56,1178.92,0.67,1.36,297.1
08.08.2016 23:00:00,992.9,17.83,11.37,65.88,20.45,13.47,6.98,8.48,13.57,1182.56,0.61,1.36,236.8
09.08.2016 00:00:00,992.91,17.54,11.24,66.51,20.08,13.36,6.73,8.41,13.45,1183.8,0.53,0.96,235.2
09.08.2016 01:00:00,992.8,17.34,11.22,67.25,19.83,13.34,6.49,8.4,13.43,1184.5,0.81,1.36,265.5
09.08.2016 02:00:00,992.62,17.06,11.44,69.48,19.48,13.54,5.95,8.53,13.64,1185.33,1.28,2.04,249.3
09.08.2016 03:00:00,992.35,16.71,11.52,71.4,19.05,13.6,5.45,8.57,13.71,1186.41,1.61,2.52,247.5
09.08.2016 04:00:00,992.32,16.36,11.54,73.1,18.63,13.62,5.01,8.58,13.73,1187.8,1.65,2.2,248.0
09.08.2016 05:00:00,992.44,15.96,10.95,72.1,18.16,13.1,5.07,8.25,13.2,1189.82,2.18,3.16,37.7
09.08.2016 06:00:00,992.8,15.5,10.44,71.8,17.64,12.66,4.97,7.97,12.75,1192.35,0.71,1.68,299.7
09.08.2016 07:00:00,992.79,15.61,10.05,69.47,17.76,12.34,5.42,7.77,12.43,1192.03,0.7,2.12,282.7
09.08.2016 08:00:00,993.24,15.92,9.96,67.68,18.12,12.26,5.86,7.71,12.35,1191.33,0.72,2.24,321.2
09.08.2016 09:00:00,993.74,14.75,10.82,77.3,16.81,12.99,3.81,8.17,13.07,1196.44,1.37,1.92,230.2
09.08.2016 10:00:00,993.42,15.08,11.09,77.0,17.17,13.22,3.95,8.32,13.31,1194.58,1.6,2.16,219.6
09.08.2016 11:00:00,993.61,16.92,10.29,64.93,19.31,12.54,6.77,7.89,12.62,1187.55,0.63,1.88,330.4
09.08.2016 12:00:00,993.02,18.16,9.38,56.48,20.88,11.79,9.09,7.42,11.88,1182.12,1.68,3.16,219.8
09.08.2016 13:00:00,992.73,18.41,9.38,55.59,21.21,11.79,9.42,7.42,11.88,1180.76,1.92,3.48,203.5
09.08.2016 14:00:00,992.32,19.58,8.02,47.14,22.82,10.76,12.06,6.77,10.84,1176.02,2.11,4.1,253.0
09.08.2016 15:00:00,992.1,19.76,6.91,43.2,23.07,9.97,13.11,6.27,10.05,1175.39,1.28,3.68,262.4
09.08.2016 16:00:00,991.78,19.85,6.47,41.68,23.2,9.67,13.53,6.09,9.75,1174.78,1.71,2.74,291.5
09.08.2016 17:00:00,991.92,19.4,6.68,43.48,22.56,9.81,12.75,6.18,9.89,1176.69,2.24,4.0,264.1
09.08.2016 18:00:00,992.11,18.68,6.94,46.3,21.57,9.99,11.58,6.29,10.07,1179.74,1.3,3.0,262.6
09.08.2016 19:00:00,992.29,17.92,7.21,49.45,20.57,10.17,10.4,6.4,10.25,1182.96,0.69,1.84,275.2
09.08.2016 20:00:00,992.84,17.05,6.78,50.73,19.47,9.88,9.59,6.21,9.95,1187.3,1.08,3.0,272.8
09.08.2016 21:00:00,993.48,15.31,7.69,60.36,17.42,10.52,6.91,6.61,10.59,1194.94,3.03,5.69,255.3
09.08.2016 22:00:00,993.29,13.13,8.61,74.0,15.13,11.19,3.93,7.04,11.27,1203.5,1.07,2.68,274.6
09.08.2016 23:00:00,993.41,12.93,8.87,76.3,14.93,11.39,3.54,7.16,11.47,1204.39,0.36,0.76,228.3
10.08.2016 00:00:00,993.16,12.79,8.75,76.4,14.79,11.3,3.49,7.11,11.38,1204.72,0.84,1.16,328.2
10.08.2016 01:00:00,992.93,12.49,9.03,79.4,14.5,11.52,2.99,7.25,11.6,1205.6,0.33,0.62,117.3
10.08.2016 02:00:00,992.76,12.54,9.47,81.5,14.55,11.86,2.69,7.46,11.95,1205.03,0.68,1.4,69.29
10.08.2016 03:00:00,992.55,12.39,9.61,83.1,14.41,11.97,2.44,7.54,12.06,1205.35,0.62,1.4,88.3
10.08.2016 04:00:00,992.14,12.21,8.98,80.6,14.24,11.48,2.76,7.23,11.57,1205.84,0.84,1.64,5.63
10.08.2016 05:00:00,992.21,12.03,8.75,80.3,14.07,11.3,2.77,7.11,11.39,1206.77,0.55,1.0,14.44
10.08.2016 06:00:00,992.39,11.8,9.14,83.7,13.86,11.6,2.26,7.3,11.69,1207.82,1.28,1.76,273.0
10.08.2016 07:00:00,992.92,10.68,9.55,92.7,12.87,11.93,0.94,7.51,12.01,1213.09,1.19,1.56,30.27
10.08.2016 08:00:00,992.98,10.79,9.56,92.1,12.96,11.94,1.02,7.51,12.02,1212.69,1.29,2.02,56.87
10.08.2016 09:00:00,992.94,11.43,9.92,90.4,13.52,12.23,1.3,7.69,12.31,1209.78,0.88,1.34,211.1
10.08.2016 10:00:00,992.77,12.04,10.45,90.0,14.08,12.67,1.41,7.98,12.77,1206.78,1.06,1.84,146.2
10.08.2016 11:00:00,992.43,13.74,9.85,77.3,15.74,12.17,3.57,7.66,12.26,1199.45,1.27,2.88,97.0
10.08.2016 12:00:00,992.48,12.0,7.16,72.2,14.04,10.14,3.9,6.38,10.22,1207.76,1.74,6.01,329.5
10.08.2016 13:00:00,992.7,13.61,9.37,75.5,15.61,11.78,3.82,7.42,11.87,1200.49,2.2,4.16,297.3
10.08.2016 14:00:00,992.41,14.61,7.76,63.41,16.65,10.56,6.09,6.65,10.64,1196.53,3.86,7.09,266.1
10.08.2016 15:00:00,992.73,14.47,7.61,63.35,16.5,10.46,6.05,6.58,10.53,1197.55,2.11,4.85,322.7
10.08.2016 16:00:00,992.73,14.65,6.07,56.31,16.7,9.4,7.29,5.91,9.47,1197.28,1.53,3.64,302.9
10.08.2016 17:00:00,992.94,14.37,5.9,56.67,16.4,9.29,7.1,5.84,9.36,1198.75,1.79,3.6,252.9
10.08.2016 18:00:00,993.37,14.57,3.82,48.38,16.61,8.04,8.57,5.05,8.09,1199.02,1.48,3.28,310.6
10.08.2016 19:00:00,993.57,13.94,4.15,51.56,15.95,8.22,7.72,5.16,8.28,1201.8,0.91,2.64,279.0
10.08.2016 20:00:00,994.17,12.72,3.64,53.86,14.73,7.93,6.79,4.98,7.98,1207.8,1.38,2.36,251.0
10.08.2016 21:00:00,994.59,11.61,3.9,59.04,13.69,8.08,5.61,5.07,8.12,1212.95,1.27,1.74,259.3
10.08.2016 22:00:00,995.06,9.93,5.17,72.2,12.24,8.83,3.4,5.54,8.88,1220.38,0.32,0.68,87.8
10.08.2016 23:00:00,995.41,8.73,4.73,75.9,11.28,8.57,2.72,5.37,8.6,1226.13,1.63,2.28,206.7
11.08.2016 00:00:00,995.52,7.98,4.96,81.2,10.72,8.71,2.02,5.46,8.75,1229.47,0.72,1.64,200.5
11.08.2016 01:00:00,995.76,7.42,5.17,85.6,10.32,8.83,1.49,5.54,8.87,1232.16,0.53,1.0,125.8
11.08.2016 02:00:00,995.78,6.96,5.0,87.3,10.0,8.73,1.27,5.47,8.77,1234.24,0.32,0.92,14.95
11.08.2016 03:00:00,996.16,6.44,4.8,89.2,9.65,8.61,1.04,5.39,8.64,1237.08,0.7,1.48,138.3
11.08.2016 04:00:00,996.47,6.07,4.57,90.1,9.4,8.47,0.93,5.3,8.5,1239.19,1.13,1.88,197.7
11.08.2016 05:00:00,996.7,5.48,4.33,92.3,9.02,8.33,0.69,5.21,8.36,1242.17,0.24,0.78,32.87
11.08.2016 06:00:00,997.11,6.35,4.45,87.6,9.59,8.4,1.19,5.26,8.42,1238.77,0.89,1.72,177.2
11.08.2016 07:00:00,997.13,8.34,5.14,80.2,10.99,8.81,2.18,5.52,8.84,1229.84,1.24,1.98,166.2
11.08.2016 08:00:00,997.29,10.68,6.38,74.7,12.87,9.61,3.26,6.02,9.64,1219.52,1.25,2.48,182.8
11.08.2016 09:00:00,997.19,13.37,6.42,62.69,15.37,9.63,5.73,6.03,9.66,1207.95,2.45,5.05,259.4
11.08.2016 10:00:00,997.01,14.23,4.93,53.47,16.25,8.69,7.56,5.44,8.71,1204.55,2.97,5.33,213.2
11.08.2016 11:00:00,996.55,15.73,4.05,45.63,17.9,8.17,9.73,5.11,8.2,1197.98,2.57,5.61,265.8
11.08.2016 12:00:00,996.0,16.41,3.26,41.31,18.69,7.72,10.97,4.84,7.75,1194.7,2.98,5.59,228.0
11.08.2016 13:00:00,995.83,16.79,3.6,41.3,19.15,7.91,11.24,4.95,7.94,1192.85,1.81,3.4,249.6
11.08.2016 14:00:00,995.46,16.75,4.41,43.84,19.1,8.37,10.73,5.25,8.41,1192.35,2.1,5.04,242.5
11.08.2016 15:00:00,995.2,16.93,3.21,39.82,19.32,7.69,11.63,4.82,7.73,1191.62,3.62,6.41,231.0
11.08.2016 16:00:00,994.93,17.49,4.6,42.41,20.02,8.49,11.53,5.32,8.53,1188.63,2.39,4.44,227.2
11.08.2016 17:00:00,994.86,17.01,4.39,43.08,19.42,8.37,11.05,5.25,8.41,1190.57,2.82,4.89,241.8
11.08.2016 18:00:00,995.02,16.36,4.31,44.62,18.63,8.31,10.32,5.21,8.36,1193.46,2.23,4.36,241.2
11.08.2016 19:00:00,995.02,15.89,4.73,47.37,18.08,8.57,9.52,5.37,8.61,1195.29,1.8,2.84,224.5
11.08.2016 20:00:00,994.9,15.15,5.39,52.01,17.24,8.97,8.28,5.63,9.01,1198.03,1.07,1.24,217.2
11.08.2016 21:00:00,994.89,14.51,5.92,56.26,16.55,9.31,7.24,5.84,9.36,1200.52,1.25,1.46,232.1
11.08.2016 22:00:00,994.76,14.41,6.08,57.26,16.44,9.41,7.03,5.91,9.46,1200.73,1.73,2.2,213.5
11.08.2016 23:00:00,994.97,14.27,6.53,59.57,16.29,9.7,6.59,6.09,9.75,1201.44,2.68,5.17,223.7
12.08.2016 00:00:00,994.77,12.63,8.13,74.0,14.64,10.83,3.81,6.8,10.89,1207.57,2.14,3.0,208.2
12.08.2016 01:00:00,994.59,11.48,8.91,84.2,13.57,11.43,2.14,7.18,11.49,1211.95,2.28,3.72,209.2
12.08.2016 02:00:00,994.28,11.53,9.39,86.7,13.61,11.8,1.81,7.42,11.87,1211.19,1.42,2.2,183.9
12.08.2016 03:00:00,994.02,11.51,9.49,87.4,13.6,11.88,1.71,7.47,11.95,1210.92,1.8,3.12,195.2
12.08.2016 04:00:00,993.77,11.87,9.45,85.1,13.92,11.85,2.07,7.45,11.92,1209.1,2.73,4.65,198.3
12.08.2016 05:00:00,993.95,12.05,9.49,84.3,14.09,11.88,2.21,7.47,11.95,1208.55,2.94,4.08,194.3
12.08.2016 06:00:00,994.18,12.35,9.64,83.5,14.37,12.0,2.37,7.54,12.07,1207.5,1.92,3.32,178.0
12.08.2016 07:00:00,994.63,12.13,10.36,88.9,14.16,12.59,1.57,7.91,12.66,1208.71,2.72,4.89,194.1
12.08.2016 08:00:00,994.75,11.86,10.93,94.0,13.91,13.08,0.83,8.22,13.15,1209.78,2.99,4.97,148.8
12.08.2016 09:00:00,995.05,12.44,11.66,95.0,14.46,13.73,0.72,8.63,13.8,1207.38,1.87,3.36,155.0
12.08.2016 10:00:00,995.41,13.38,12.44,94.0,15.38,14.45,0.92,9.08,14.52,1203.52,1.65,2.88,160.8
12.08.2016 11:00:00,995.75,14.61,13.13,90.8,16.65,15.12,1.53,9.5,15.19,1198.49,1.67,2.44,108.8
12.08.2016 12:00:00,995.86,15.21,13.92,92.0,17.31,15.93,1.38,10.01,15.99,1195.76,1.68,2.48,142.4
12.08.2016 13:00:00,996.0,16.2,14.25,88.2,18.44,16.27,2.18,10.22,16.33,1191.68,2.1,3.04,200.9
12.08.2016 14:00:00,996.17,16.5,14.65,88.8,18.8,16.69,2.11,10.49,16.76,1190.46,2.7,3.8,202.2
12.08.2016 15:00:00,996.37,17.99,14.76,81.4,20.66,16.82,3.84,10.57,16.88,1184.55,3.67,5.73,210.0
12.08.2016 16:00:00,996.5,17.8,14.63,81.7,20.41,16.68,3.74,10.48,16.74,1185.53,3.54,5.61,214.9
12.08.2016 17:00:00,996.72,17.76,15.23,85.1,20.36,17.33,3.03,10.89,17.39,1185.67,0.99,1.52,236.8
12.08.2016 18:00:00,996.83,18.44,15.22,81.5,21.25,17.32,3.93,10.88,17.37,1183.04,0.9,1.96,215.9
12.08.2016 19:00:00,997.06,18.3,15.21,82.2,21.07,17.32,3.75,10.87,17.37,1183.88,1.71,2.88,266.2
12.08.2016 20:00:00,997.44,17.07,15.49,90.4,19.49,17.62,1.87,11.06,17.67,1189.22,1.3,2.04,229.3
12.08.2016 21:00:00,997.7,17.12,15.28,88.9,19.56,17.38,2.17,10.91,17.42,1189.43,1.08,2.04,226.7
12.08.2016 22:00:00,997.97,16.91,15.4,90.8,19.3,17.52,1.78,10.99,17.56,1190.56,0.88,2.14,177.2
12.08.2016 23:00:00,997.94,16.67,15.25,91.3,19.0,17.35,1.65,10.89,17.39,1191.58,0.62,1.12,214.4
13.08.2016 00:00:00,997.72,16.35,15.13,92.5,18.62,17.22,1.4,10.81,17.26,1192.69,1.38,2.04,201.7
13.08.2016 01:00:00,997.35,16.28,15.05,92.4,18.54,17.13,1.41,10.75,17.18,1192.58,1.08,2.6,184.7
13.08.2016 02:00:00,997.19,15.7,14.79,94.3,17.86,16.85,1.02,10.58,16.89,1194.91,1.9,3.0,202.7
13.08.2016 03:00:00,996.96,15.0,14.22,95.1,17.08,16.24,0.84,10.2,16.29,1197.82,1.48,2.0,194.4
13.08.2016 04:00:00,996.73,14.2,13.59,96.1,16.22,15.59,0.63,9.78,15.64,1201.17,1.76,2.56,194.0
13.08.2016 05:00:00,996.61,14.05,13.6,97.1,16.06,15.59,0.47,9.79,15.65,1201.65,0.99,1.64,217.1
13.08.2016 06:00:00,996.58,14.68,14.03,95.9,16.73,16.04,0.69,10.07,16.1,1198.77,1.59,2.72,147.1
13.08.2016 07:00:00,996.68,15.98,14.2,89.2,18.19,16.22,1.96,10.19,16.28,1193.43,0.26,0.56,331.3
13.08.2016 08:00:00,996.49,19.78,15.43,76.0,23.1,17.56,5.54,11.03,17.62,1177.11,3.83,6.25,207.4
13.08.2016 09:00:00,996.41,21.2,15.21,68.63,25.22,17.31,7.91,10.88,17.37,1171.45,4.71,7.09,210.5
13.08.2016 10:00:00,996.0,21.83,14.64,63.66,26.21,16.68,9.52,10.49,16.75,1168.75,3.18,5.72,241.2
13.08.2016 11:00:00,995.5,22.87,14.48,59.17,27.92,16.52,11.4,10.39,16.59,1164.13,5.5,7.61,200.4
13.08.2016 12:00:00,994.85,24.32,13.55,51.03,30.47,15.55,14.92,9.78,15.63,1158.13,4.43,8.89,235.5
13.08.2016 13:00:00,994.41,25.37,13.26,47.05,32.43,15.26,17.17,9.6,15.35,1153.67,4.5,7.77,212.1
13.08.2016 14:00:00,994.23,25.86,12.9,44.63,33.39,14.9,18.49,9.38,14.99,1151.72,4.96,7.97,216.8
13.08.2016 15:00:00,993.81,26.28,12.87,43.46,34.23,14.88,19.35,9.36,14.97,1149.63,3.93,6.97,215.6
13.08.2016 16:00:00,993.67,26.35,12.22,41.47,34.37,14.25,20.12,8.97,14.34,1149.47,4.22,6.52,236.9
13.08.2016 17:00:00,993.53,26.4,12.01,40.77,34.47,14.05,20.42,8.85,14.15,1149.21,4.6,7.04,219.0
13.08.2016 18:00:00,993.52,26.8,12.7,41.68,35.29,14.71,20.58,9.26,14.81,1147.37,2.31,3.8,271.1
13.08.2016 19:00:00,993.82,24.82,12.85,47.32,31.39,14.85,16.54,9.35,14.95,1155.29,0.94,1.6,240.1
13.08.2016 20:00:00,994.0,22.76,12.9,53.74,27.73,14.9,12.83,9.38,14.99,1163.51,1.97,2.84,230.7
13.08.2016 21:00:00,994.25,21.1,12.98,59.76,25.06,14.98,10.09,9.42,15.06,1170.35,2.55,3.28,228.9
13.08.2016 22:00:00,994.84,21.52,13.18,59.0,25.72,15.17,10.54,9.54,15.25,1169.28,1.54,3.16,256.4
13.08.2016 23:00:00,995.54,19.3,13.92,71.0,22.42,15.92,6.5,10.01,15.99,1178.65,0.93,1.88,244.8
14.08.2016 00:00:00,995.74,18.18,13.45,73.9,20.91,15.45,5.46,9.71,15.52,1183.64,1.89,3.16,248.2
14.08.2016 01:00:00,996.09,17.56,13.18,75.5,20.11,15.18,4.93,9.53,15.24,1186.7,0.79,1.62,263.0
14.08.2016 02:00:00,995.92,16.98,13.1,77.9,19.38,15.1,4.28,9.48,15.16,1188.91,1.36,2.6,249.0
14.08.2016 03:00:00,995.63,15.87,12.81,82.0,18.06,14.81,3.25,9.3,14.87,1193.26,2.28,2.76,230.1
14.08.2016 04:00:00,995.65,14.8,12.27,84.8,16.86,14.3,2.56,8.98,14.36,1197.95,1.24,2.0,234.3
14.08.2016 05:00:00,995.5,14.08,12.16,88.2,16.09,14.19,1.9,8.92,14.26,1200.82,0.87,1.52,206.2
14.08.2016 06:00:00,995.74,13.85,12.32,90.5,15.85,14.35,1.51,9.01,14.41,1202.0,0.5,1.66,128.9
14.08.2016 07:00:00,995.91,16.15,12.82,80.6,18.39,14.82,3.57,9.31,14.88,1192.43,0.54,1.12,131.3
14.08.2016 08:00:00,995.93,17.99,13.23,73.7,20.66,15.23,5.43,9.56,15.29,1184.74,1.03,1.72,145.6
14.08.2016 09:00:00,995.92,20.5,13.7,65.01,24.15,15.7,8.45,9.87,15.77,1174.38,1.89,3.24,270.8
14.08.2016 10:00:00,995.88,20.58,12.7,60.58,24.27,14.71,9.57,9.24,14.77,1174.46,1.8,4.36,7.84
14.08.2016 11:00:00,995.88,20.97,13.04,60.46,24.86,15.03,9.83,9.44,15.09,1172.77,1.37,3.4,343.0
14.08.2016 12:00:00,995.58,21.87,12.36,54.74,26.27,14.38,11.89,9.03,14.45,1169.12,1.31,4.28,282.4
14.08.2016 13:00:00,995.27,23.16,12.23,50.19,28.41,14.26,14.15,8.96,14.33,1163.72,1.68,3.7,249.9
14.08.2016 14:00:00,995.32,22.83,12.75,52.97,27.85,14.75,13.1,9.27,14.82,1164.86,1.09,3.72,344.0
14.08.2016 15:00:00,995.38,22.32,12.8,54.81,27.0,14.8,12.2,9.3,14.87,1166.92,4.08,6.36,25.87
14.08.2016 16:00:00,995.56,22.52,12.91,54.56,27.33,14.91,12.42,9.37,14.98,1166.29,1.92,4.28,38.57
14.08.2016 17:00:00,995.52,22.92,12.35,51.32,28.0,14.37,13.63,9.03,14.44,1164.92,1.27,3.0,318.5
14.08.2016 18:00:00,995.54,21.85,11.53,51.87,26.24,13.61,12.63,8.55,13.67,1169.5,0.58,1.4,349.8
14.08.2016 19:00:00,995.64,21.07,11.09,52.85,25.02,13.22,11.8,8.3,13.28,1172.9,0.87,1.48,259.1
14.08.2016 20:00:00,996.23,19.92,10.92,56.11,23.3,13.08,10.23,8.2,13.13,1178.26,1.2,1.62,351.0
14.08.2016 21:00:00,996.52,19.06,11.37,60.96,22.09,13.47,8.62,8.45,13.51,1181.9,0.93,1.72,35.51
14.08.2016 22:00:00,996.82,17.67,11.51,67.14,20.25,13.59,6.65,8.53,13.64,1187.85,0.35,0.8,24.86
14.08.2016 23:00:00,996.87,15.89,11.33,74.3,18.08,13.44,4.65,8.43,13.48,1195.3,0.67,0.92,26.76
15.08.2016 00:00:00,997.1,15.52,11.35,76.2,17.66,13.46,4.2,8.44,13.5,1197.1,1.24,1.68,30.93
15.08.2016 01:00:00,996.99,14.68,11.16,79.4,16.73,13.28,3.45,8.33,13.32,1200.54,0.55,1.3,41.09
15.08.2016 02:00:00,996.98,14.03,11.01,82.0,16.04,13.15,2.89,8.25,13.19,1203.31,0.63,1.08,64.6
15.08.2016 03:00:00,997.14,13.45,10.39,81.7,15.45,12.62,2.83,7.91,12.66,1206.17,0.5,1.0,125.2
15.08.2016 04:00:00,997.15,13.12,10.68,85.1,15.12,12.86,2.25,8.06,12.9,1207.47,0.74,1.74,354.8
15.08.2016 05:00:00,996.98,13.18,10.81,85.5,15.18,12.98,2.2,8.14,13.01,1206.95,0.16,0.36,11.22
15.08.2016 06:00:00,997.23,12.93,10.44,84.8,14.93,12.66,2.27,7.93,12.7,1208.46,0.42,0.72,194.5
15.08.2016 07:00:00,997.55,13.96,11.29,83.9,15.97,13.4,2.57,8.4,13.43,1204.18,0.3,0.52,211.4
15.08.2016 08:00:00,997.61,15.4,11.47,77.4,17.52,13.56,3.96,8.5,13.6,1198.16,2.05,3.64,43.16
15.08.2016 09:00:00,997.58,16.89,11.65,71.2,19.27,13.72,5.55,8.6,13.75,1191.9,2.92,4.73,34.06
15.08.2016 10:00:00,997.4,18.24,12.1,67.35,20.99,14.13,6.85,8.86,14.17,1185.97,2.18,4.28,37.76
15.08.2016 11:00:00,996.99,18.73,11.87,64.33,21.64,13.92,7.72,8.73,13.96,1183.59,3.67,5.16,41.89
15.08.2016 12:00:00,996.63,20.3,11.49,56.91,23.86,13.58,10.28,8.52,13.62,1176.98,2.29,3.96,64.71
15.08.2016 13:00:00,996.24,20.22,11.59,57.57,23.74,13.67,10.07,8.58,13.72,1176.8,2.98,3.92,59.54
15.08.2016 14:00:00,995.95,21.04,11.61,54.82,24.97,13.69,11.28,8.59,13.74,1173.17,3.87,7.48,47.2
15.08.2016 15:00:00,995.68,20.66,11.09,54.21,24.39,13.22,11.17,8.3,13.28,1174.58,4.6,6.16,47.02
15.08.2016 16:00:00,995.39,20.45,11.05,54.76,24.08,13.19,10.89,8.28,13.25,1175.09,3.98,6.25,49.66
15.08.2016 17:00:00,995.25,19.97,10.47,54.28,23.38,12.69,10.69,7.97,12.75,1177.07,4.72,6.75,43.35
15.08.2016 18:00:00,994.95,20.11,9.94,51.92,23.58,12.24,11.34,7.69,12.3,1176.35,4.69,6.77,38.45
15.08.2016 19:00:00,995.1,19.03,9.52,53.98,22.05,11.9,10.15,7.47,11.96,1181.03,4.06,5.89,25.21
15.08.2016 20:00:00,995.28,17.87,9.39,57.54,20.5,11.8,8.71,7.41,11.85,1186.01,2.02,2.68,5.94
15.08.2016 21:00:00,995.38,17.57,9.28,58.22,20.12,11.71,8.41,7.35,11.77,1187.39,1.32,1.72,6.33
15.08.2016 22:00:00,995.31,16.28,9.43,63.84,18.54,11.83,6.7,7.43,11.89,1192.53,0.53,0.96,263.3
15.08.2016 23:00:00,995.36,15.21,9.91,70.6,17.31,12.22,5.09,7.67,12.28,1196.85,0.86,1.24,52.37
16.08.2016 00:00:00,995.34,13.62,9.83,77.8,15.62,12.15,3.47,7.63,12.21,1203.49,0.19,0.44,281.4
16.08.2016 01:00:00,995.08,12.82,9.35,79.4,14.82,11.77,3.05,7.39,11.83,1206.71,0.91,1.4,45.03
16.08.2016 02:00:00,994.76,11.9,8.68,80.6,13.95,11.24,2.71,7.06,11.3,1210.46,0.8,1.48,214.3
16.08.2016 03:00:00,994.55,11.49,8.97,84.5,13.58,11.47,2.1,7.21,11.54,1211.84,0.19,0.56,235.1
16.08.2016 04:00:00,994.41,10.77,8.75,87.3,12.94,11.3,1.64,7.1,11.36,1214.82,0.36,0.6,45.19
16.08.2016 05:00:00,994.27,10.13,8.34,88.6,12.4,10.99,1.41,6.9,11.05,1217.54,1.0,1.52,201.3
16.08.2016 06:00:00,994.14,10.0,8.42,89.9,12.29,11.05,1.24,6.94,11.12,1217.92,0.74,1.28,176.9
16.08.2016 07:00:00,993.81,12.19,9.05,81.1,14.22,11.53,2.69,7.25,11.61,1207.94,0.43,0.88,103.8
16.08.2016 08:00:00,993.82,14.41,9.72,73.4,16.44,12.07,4.37,7.59,12.14,1198.38,1.15,2.32,135.8
16.08.2016 09:00:00,993.64,17.45,10.14,62.15,19.97,12.41,7.56,7.81,12.49,1185.47,1.21,2.6,179.5
16.08.2016 10:00:00,993.08,19.23,10.22,55.88,22.33,12.48,9.85,7.85,12.56,1177.56,1.14,3.18,160.5
16.08.2016 11:00:00,992.55,20.16,8.87,48.16,23.65,11.39,12.26,7.17,11.48,1173.68,1.77,3.8,130.1
16.08.2016 12:00:00,992.11,20.4,8.51,46.3,24.01,11.11,12.89,7.0,11.2,1172.33,1.08,3.68,87.9
16.08.2016 13:00:00,991.45,20.57,8.14,44.69,24.26,10.84,13.42,6.83,10.93,1170.99,3.54,5.76,34.4
16.08.2016 14:00:00,991.19,20.46,8.26,45.35,24.1,10.93,13.17,6.89,11.02,1171.08,3.05,5.44,29.81
16.08.2016 15:00:00,990.76,20.83,8.19,44.13,24.65,10.88,13.77,6.86,10.98,1169.12,3.69,6.52,27.9
16.08.2016 16:00:00,990.47,21.06,8.17,43.45,25.0,10.86,14.14,6.85,10.97,1167.87,2.9,4.92,40.46
16.08.2016 17:00:00,989.93,21.06,7.97,42.86,25.0,10.72,14.29,6.76,10.82,1167.29,1.94,3.8,51.88
16.08.2016 18:00:00,989.37,20.82,8.26,44.38,24.64,10.93,13.7,6.9,11.05,1167.49,2.46,3.92,57.48
16.08.2016 19:00:00,989.19,19.42,8.35,48.67,22.59,11.0,11.6,6.94,11.12,1172.83,1.9,3.36,9.03
16.08.2016 20:00:00,989.44,18.69,8.45,51.28,21.59,11.07,10.52,6.99,11.19,1176.03,1.13,1.66,12.0
16.08.2016 21:00:00,989.49,17.08,8.71,57.78,19.51,11.27,8.24,7.12,11.39,1182.52,0.14,0.36,20.16
16.08.2016 22:00:00,989.76,15.52,8.89,64.61,17.66,11.41,6.25,7.2,11.53,1189.17,1.2,1.88,35.79
16.08.2016 23:00:00,989.98,16.17,8.65,60.96,18.41,11.22,7.19,7.08,11.34,1186.85,1.39,2.4,14.14
17.08.2016 00:00:00,989.97,15.31,8.8,65.09,17.42,11.34,6.08,7.16,11.46,1190.32,2.54,3.88,21.95
17.08.2016 01:00:00,989.99,14.53,9.24,70.5,16.57,11.68,4.89,7.37,11.8,1193.42,1.91,2.4,5.27
17.08.2016 02:00:00,989.87,13.4,9.32,76.3,15.4,11.75,3.65,7.41,11.87,1197.95,1.72,2.08,0.84
17.08.2016 03:00:00,989.57,12.45,9.16,80.3,14.47,11.62,2.85,7.33,11.74,1201.63,0.56,1.12,31.2
17.08.2016 04:00:00,989.82,10.86,8.8,87.1,13.02,11.34,1.68,7.16,11.46,1208.79,1.13,2.2,347.2
17.08.2016 05:00:00,989.7,10.46,8.76,89.2,12.68,11.31,1.37,7.14,11.43,1210.36,0.25,0.48,253.7
17.08.2016 06:00:00,989.97,10.98,8.51,84.7,13.13,11.12,2.01,7.01,11.23,1208.57,1.11,2.44,58.23
17.08.2016 07:00:00,990.34,10.14,9.06,93.0,12.41,11.54,0.87,7.28,11.65,1212.41,2.41,3.66,50.55
17.08.2016 08:00:00,990.38,11.08,9.26,88.5,13.21,11.69,1.52,7.38,11.81,1208.38,0.5,0.96,283.5
17.08.2016 09:00:00,990.6,11.36,9.09,85.9,13.46,11.56,1.9,7.29,11.67,1207.52,1.85,2.6,12.41
17.08.2016 10:00:00,990.56,13.08,9.05,76.5,15.08,11.53,3.54,7.27,11.64,1200.23,1.78,2.76,100.8
17.08.2016 11:00:00,990.22,15.09,9.19,67.78,17.18,11.64,5.53,7.35,11.76,1191.4,1.61,3.32,67.13
17.08.2016 12:00:00,989.67,16.48,8.8,60.37,18.78,11.34,7.44,7.16,11.45,1185.16,1.97,3.84,63.11
17.08.2016 13:00:00,989.14,17.79,8.65,55.01,20.4,11.22,9.18,7.09,11.35,1179.24,1.86,5.0,63.37
17.08.2016 14:00:00,988.67,18.07,8.54,53.67,20.76,11.14,9.62,7.04,11.27,1177.58,2.6,4.82,41.28
17.08.2016 15:00:00,988.15,18.71,8.56,51.62,21.61,11.16,10.46,7.05,11.29,1174.37,3.13,4.94,55.93
17.08.2016 16:00:00,987.87,18.96,8.53,50.7,21.95,11.13,10.82,7.04,11.27,1173.04,2.31,4.64,48.91
17.08.2016 17:00:00,987.51,18.66,8.44,51.37,21.55,11.07,10.48,7.0,11.21,1173.85,2.57,4.76,33.41
17.08.2016 18:00:00,987.25,19.11,8.41,49.82,22.16,11.04,11.12,6.99,11.18,1171.74,2.21,3.8,52.96
17.08.2016 19:00:00,987.13,17.52,8.31,54.7,20.06,10.97,9.09,6.94,11.11,1178.04,1.68,2.44,46.35
17.08.2016 20:00:00,987.36,16.17,8.52,60.44,18.41,11.13,7.28,7.04,11.27,1183.74,1.35,2.02,3.69
17.08.2016 21:00:00,987.61,15.33,8.43,63.4,17.44,11.06,6.38,7.0,11.2,1187.52,1.32,1.96,12.49
17.08.2016 22:00:00,987.57,13.29,8.54,72.9,15.29,11.14,4.14,7.05,11.28,1195.89,0.39,0.88,32.75
17.08.2016 23:00:00,987.31,11.78,8.02,77.7,13.84,10.75,3.09,6.8,10.89,1202.09,1.16,2.36,231.0
18.08.2016 00:00:00,987.06,11.0,7.66,79.8,13.14,10.49,2.65,6.64,10.63,1205.21,1.6,1.96,225.1
18.08.2016 01:00:00,986.71,9.97,7.59,85.1,12.27,10.44,1.83,6.61,10.58,1209.18,0.42,0.76,174.0
18.08.2016 02:00:00,986.17,8.75,6.99,88.7,11.3,10.02,1.28,6.35,10.16,1213.94,0.52,0.96,173.6
18.08.2016 03:00:00,985.71,8.39,7.01,91.0,11.03,10.03,0.99,6.36,10.18,1214.92,0.52,0.8,209.6
18.08.2016 04:00:00,985.53,7.53,6.54,93.4,10.4,9.71,0.69,6.15,9.86,1218.57,0.67,1.08,225.1
18.08.2016 05:00:00,985.36,7.0,6.01,93.4,10.03,9.37,0.66,5.93,9.5,1220.83,1.33,1.62,214.3
18.08.2016 06:00:00,985.34,7.5,6.05,90.5,10.38,9.39,0.99,5.95,9.53,1218.62,0.56,1.16,189.5
18.08.2016 07:00:00,985.06,9.15,6.54,83.7,11.61,9.72,1.89,6.16,9.87,1211.0,0.72,1.4,104.1
18.08.2016 08:00:00,984.97,11.63,7.71,76.8,13.7,10.53,3.18,6.67,10.69,1199.97,0.82,1.44,165.2
18.08.2016 09:00:00,984.94,15.72,9.0,64.27,17.89,11.5,6.39,7.29,11.67,1182.5,0.72,1.4,112.5
18.08.2016 10:00:00,984.59,17.35,8.96,57.75,19.84,11.46,8.38,7.27,11.64,1175.46,1.57,3.12,83.7
18.08.2016 11:00:00,984.14,19.23,8.95,51.32,22.33,11.46,10.87,7.27,11.64,1167.37,1.13,2.68,68.18
18.08.2016 12:00:00,983.82,20.43,8.72,46.9,24.05,11.28,12.77,7.16,11.47,1162.3,2.26,3.76,57.96
18.08.2016 13:00:00,983.35,21.52,7.31,39.84,25.72,10.25,15.47,6.51,10.42,1157.9,3.14,4.98,31.92
18.08.2016 14:00:00,983.0,22.97,7.57,37.13,28.09,10.43,17.66,6.63,10.61,1151.74,2.04,3.96,249.1
18.08.2016 15:00:00,982.79,23.22,7.08,35.37,28.52,10.09,18.43,6.41,10.26,1150.67,2.0,4.76,307.2
18.08.2016 16:00:00,982.36,23.42,6.15,32.76,28.86,9.46,19.41,6.01,9.62,1149.67,2.42,3.96,26.27
18.08.2016 17:00:00,982.24,23.29,5.33,31.2,28.64,8.93,19.7,5.68,9.1,1150.27,1.21,2.64,24.02
18.08.2016 18:00:00,982.68,24.13,5.68,30.38,30.12,9.15,20.97,5.81,9.31,1147.44,0.65,1.36,318.4
18.08.2016 19:00:00,982.73,22.01,4.99,32.91,26.5,8.72,17.78,5.54,8.87,1155.93,1.19,1.72,335.4
18.08.2016 20:00:00,983.17,19.73,5.87,40.28,23.03,9.28,13.75,5.89,9.44,1165.2,0.63,1.72,272.5
18.08.2016 21:00:00,983.67,17.29,6.36,48.55,19.77,9.6,10.17,6.09,9.76,1175.45,1.09,1.8,246.3
18.08.2016 22:00:00,983.87,16.13,6.72,53.55,18.36,9.83,8.53,6.24,9.99,1180.29,1.72,2.66,222.6
18.08.2016 23:00:00,983.99,14.26,7.0,61.58,16.28,10.03,6.26,6.36,10.19,1188.03,0.48,0.76,74.5
19.08.2016 00:00:00,984.22,13.05,6.89,66.14,15.05,9.95,5.09,6.31,10.11,1193.36,0.57,1.68,178.4
19.08.2016 01:00:00,984.29,12.02,6.9,70.8,14.06,9.96,4.11,6.32,10.12,1197.76,0.38,0.72,122.5
19.08.2016 02:00:00,984.26,10.95,6.78,75.4,13.1,9.88,3.22,6.27,10.04,1202.27,0.34,0.96,149.3
19.08.2016 03:00:00,984.13,10.61,6.38,75.0,12.81,9.6,3.2,6.09,9.76,1203.68,1.37,1.88,214.1
19.08.2016 04:00:00,984.22,9.11,6.61,84.3,11.58,9.76,1.82,6.19,9.92,1210.11,1.02,2.0,99.2
19.08.2016 05:00:00,984.43,9.62,6.46,80.6,11.98,9.66,2.32,6.13,9.81,1208.23,0.39,0.84,278.6
19.08.2016 06:00:00,984.88,10.32,6.61,77.7,12.56,9.76,2.8,6.19,9.91,1205.76,0.43,0.8,164.1
19.08.2016 07:00:00,985.23,12.07,7.63,74.2,14.11,10.47,3.64,6.64,10.63,1198.46,0.66,1.14,106.3
19.08.2016 08:00:00,985.44,14.7,8.35,65.66,16.75,11.0,5.75,6.97,11.16,1187.52,0.82,1.64,114.5
19.08.2016 09:00:00,985.29,18.27,10.26,59.49,21.03,12.51,8.52,7.93,12.69,1172.11,1.28,2.48,145.0
19.08.2016 10:00:00,985.07,20.83,10.73,52.38,24.65,12.91,11.74,8.19,13.11,1161.46,1.41,2.68,157.0
19.08.2016 11:00:00,984.92,22.7,10.9,47.24,27.63,13.05,14.58,8.29,13.25,1153.88,1.03,3.04,144.2
19.08.2016 12:00:00,984.31,24.95,12.33,45.36,31.63,14.35,17.28,9.12,14.58,1143.89,3.28,5.36,169.2
19.08.2016 13:00:00,984.09,25.33,12.24,44.1,32.36,14.27,18.09,9.07,14.5,1142.21,5.0,8.17,206.9
19.08.2016 14:00:00,984.17,24.85,12.34,45.68,31.45,14.36,17.08,9.13,14.6,1144.1,3.15,5.44,200.0
19.08.2016 15:00:00,983.83,25.2,12.39,44.88,32.11,14.41,17.7,9.16,14.65,1142.34,1.79,2.44,46.77
19.08.2016 16:00:00,983.7,25.99,12.24,42.4,33.65,14.27,19.38,9.07,14.5,1139.24,3.86,5.24,182.9
19.08.2016 17:00:00,983.69,25.49,12.49,44.4,32.67,14.5,18.16,9.22,14.74,1141.03,2.73,4.4,185.9
19.08.2016 18:00:00,983.8,25.41,12.47,44.56,32.51,14.49,18.02,9.21,14.73,1141.47,2.9,4.64,183.8
19.08.2016 19:00:00,984.19,24.76,12.71,47.06,31.28,14.72,16.56,9.36,14.96,1144.32,1.91,2.56,229.8
19.08.2016 20:00:00,984.65,22.89,12.86,53.18,27.95,14.87,13.09,9.44,15.1,1152.02,3.01,3.42,240.9
19.08.2016 21:00:00,984.99,20.73,12.86,60.67,24.5,14.86,9.64,9.44,15.09,1160.89,1.01,2.52,204.2
19.08.2016 22:00:00,985.24,20.22,12.9,62.78,23.74,14.9,8.84,9.46,15.13,1163.19,0.68,1.48,124.9
19.08.2016 23:00:00,985.26,18.64,12.87,69.1,21.52,14.87,6.65,9.44,15.09,1169.52,0.96,1.92,160.5
20.08.2016 00:00:00,985.41,18.14,12.83,71.1,20.85,14.83,6.03,9.41,15.05,1171.73,0.98,2.12,134.6
20.08.2016 01:00:00,985.56,17.41,12.77,74.2,19.92,14.78,5.14,9.38,15.0,1174.88,0.57,1.46,142.4
20.08.2016 02:00:00,985.38,16.85,12.94,77.7,19.22,14.94,4.29,9.48,15.16,1176.86,0.99,1.44,191.1
20.08.2016 03:00:00,985.9,17.01,13.38,79.2,19.42,15.38,4.04,9.76,15.6,1176.63,0.54,1.12,146.5
20.08.2016 04:00:00,986.39,16.13,13.75,85.8,18.36,15.75,2.61,9.99,15.97,1180.63,0.77,1.92,159.9
20.08.2016 05:00:00,986.32,15.41,14.12,92.0,17.53,16.13,1.4,10.24,16.36,1183.32,1.08,2.32,229.7
20.08.2016 06:00:00,986.43,15.94,14.58,91.6,18.14,16.62,1.52,10.54,16.85,1181.06,1.31,2.16,211.1
20.08.2016 07:00:00,986.81,16.52,14.96,90.5,18.82,17.04,1.79,10.81,17.26,1178.96,0.65,1.04,210.9
20.08.2016 08:00:00,986.91,17.01,15.46,90.6,19.42,17.59,1.83,11.16,17.83,1176.84,1.32,2.16,175.2
20.08.2016 09:00:00,986.91,18.34,16.18,87.2,21.12,18.42,2.7,11.69,18.66,1171.1,1.22,2.0,168.7
20.08.2016 10:00:00,986.58,21.15,15.58,70.5,25.14,17.72,7.42,11.25,17.96,1159.84,1.99,3.32,159.0
20.08.2016 11:00:00,986.19,23.98,14.23,54.43,29.85,16.25,13.6,10.31,16.48,1148.99,3.8,6.52,183.1
20.08.2016 12:00:00,986.05,24.92,14.22,51.42,31.58,16.24,15.34,10.31,16.47,1145.2,4.41,8.07,209.0
20.08.2016 13:00:00,986.3,25.41,13.82,48.67,32.51,15.82,16.69,10.04,16.04,1143.8,4.88,7.77,224.4
20.08.2016 14:00:00,986.31,25.79,13.54,46.74,33.25,15.54,17.71,9.86,15.76,1142.48,4.65,6.95,193.5
20.08.2016 15:00:00,986.27,25.16,13.13,47.21,32.03,15.12,16.91,9.59,15.33,1145.03,3.09,5.04,218.0
20.08.2016 16:00:00,986.76,24.27,13.25,50.2,30.37,15.25,15.13,9.67,15.45,1148.98,1.96,3.8,239.9
20.08.2016 17:00:00,987.58,21.59,14.75,65.08,25.83,16.81,9.02,10.65,17.02,1159.7,3.27,5.64,258.6
20.08.2016 18:00:00,987.43,20.73,14.86,69.08,24.5,16.92,7.58,10.73,17.14,1162.86,1.55,3.12,249.5
20.08.2016 19:00:00,987.79,20.2,14.32,68.94,23.71,16.35,7.36,10.36,16.55,1165.65,1.15,1.98,314.8
20.08.2016 20:00:00,988.61,19.43,13.61,69.05,22.61,15.61,7.0,9.88,15.79,1170.02,1.1,1.72,266.7
20.08.2016 21:00:00,989.1,18.37,13.62,73.8,21.16,15.61,5.54,9.88,15.79,1174.86,1.33,2.04,230.1
20.08.2016 22:00:00,989.07,17.22,14.1,81.9,19.68,16.12,3.56,10.2,16.3,1179.25,0.69,1.72,207.4
20.08.2016 23:00:00,989.32,16.89,14.21,84.2,19.27,16.23,3.04,10.27,16.4,1180.84,0.8,2.0,210.4
21.08.2016 00:00:00,989.7,16.69,13.81,83.1,19.03,15.81,3.22,10.0,15.98,1182.3,0.98,2.56,281.1
21.08.2016 01:00:00,989.75,16.48,13.46,82.3,18.78,15.45,3.32,9.77,15.61,1183.38,1.08,1.72,219.9
21.08.2016 02:00:00,989.56,15.89,12.56,80.6,18.08,14.57,3.51,9.21,14.73,1185.97,1.36,1.96,246.4
21.08.2016 03:00:00,989.9,15.54,11.86,78.7,17.68,13.92,3.77,8.79,14.06,1188.12,1.42,2.12,223.2
21.08.2016 04:00:00,989.93,15.05,12.32,83.7,17.13,14.34,2.79,9.06,14.49,1189.98,0.97,1.84,160.4
21.08.2016 05:00:00,990.13,14.51,11.22,80.6,16.55,13.34,3.21,8.42,13.47,1192.91,1.55,2.96,212.3
21.08.2016 06:00:00,990.59,13.41,11.57,88.6,15.41,13.65,1.76,8.62,13.78,1197.91,0.44,1.32,257.3
21.08.2016 07:00:00,991.1,15.9,12.23,78.8,18.09,14.26,3.84,9.0,14.39,1187.93,1.02,1.88,148.8
21.08.2016 08:00:00,991.2,16.55,11.76,73.3,18.86,13.82,5.04,8.72,13.95,1185.58,1.65,2.84,197.4
21.08.2016 09:00:00,991.32,16.41,11.81,74.2,18.69,13.87,4.82,8.75,13.99,1186.28,2.78,4.36,200.8
21.08.2016 10:00:00,991.19,19.27,11.71,61.57,22.38,13.78,8.6,8.69,13.9,1174.56,3.18,5.77,253.4
21.08.2016 11:00:00,990.9,20.96,10.19,50.12,24.85,12.45,12.39,7.85,12.57,1168.06,3.42,6.69,249.3
21.08.2016 12:00:00,990.87,20.66,9.37,48.29,24.39,11.78,12.61,7.43,11.89,1169.52,6.76,10.69,214.6
21.08.2016 13:00:00,990.91,20.63,9.7,49.47,24.35,12.05,12.3,7.6,12.16,1169.57,2.39,5.24,277.0
21.08.2016 14:00:00,991.31,20.15,8.21,46.07,23.64,10.89,12.75,6.86,10.99,1172.48,4.37,8.25,242.5
21.08.2016 15:00:00,991.69,19.81,8.86,49.2,23.15,11.39,11.76,7.17,11.48,1174.07,4.39,9.01,246.1
21.08.2016 16:00:00,992.13,19.66,8.7,49.12,22.93,11.26,11.67,7.09,11.35,1175.25,4.41,6.89,210.1
21.08.2016 17:00:00,992.34,19.75,9.55,51.72,23.06,11.93,11.13,7.51,12.02,1174.84,3.2,5.96,234.9
21.08.2016 18:00:00,992.71,19.33,9.84,54.12,22.47,12.16,10.31,7.65,12.25,1176.86,2.34,4.4,235.9
21.08.2016 19:00:00,993.36,17.11,10.92,66.88,19.54,13.07,6.47,8.22,13.16,1186.22,1.87,3.0,226.3
21.08.2016 20:00:00,994.42,15.79,10.74,71.9,17.97,12.92,5.05,8.12,12.99,1192.99,1.5,2.48,237.6
21.08.2016 21:00:00,995.1,15.25,10.47,73.1,17.36,12.69,4.67,7.97,12.75,1196.15,1.15,1.68,255.7
21.08.2016 22:00:00,995.38,14.65,10.1,74.1,16.7,12.37,4.32,7.77,12.43,1199.13,0.79,1.56,233.1
21.08.2016 23:00:00,995.53,14.59,10.44,76.1,16.63,12.66,3.98,7.95,12.71,1199.43,1.42,2.52,248.8
22.08.2016 00:00:00,995.99,14.46,10.7,78.1,16.49,12.88,3.61,8.08,12.93,1200.43,1.39,2.4,107.0
22.08.2016 01:00:00,996.17,13.95,10.82,81.4,15.96,12.99,2.97,8.15,13.04,1202.73,0.66,1.36,178.3
22.08.2016 02:00:00,996.24,13.97,10.92,81.8,15.98,13.07,2.91,8.2,13.12,1202.69,1.21,2.44,162.2
22.08.2016 03:00:00,996.37,13.92,10.99,82.5,15.93,13.14,2.79,8.24,13.19,1203.03,0.52,1.36,139.3
22.08.2016 04:00:00,996.99,14.15,11.18,82.3,16.17,13.3,2.86,8.34,13.34,1202.74,0.65,1.48,127.6
22.08.2016 05:00:00,997.39,14.07,11.36,83.7,16.08,13.46,2.62,8.44,13.5,1203.49,0.82,1.68,79.4
22.08.2016 06:00:00,998.11,14.46,11.56,82.7,16.49,13.64,2.85,8.54,13.67,1202.65,0.66,1.36,112.3
22.08.2016 07:00:00,998.69,14.56,11.69,82.9,16.6,13.76,2.84,8.62,13.78,1202.87,1.32,2.2,148.7
22.08.2016 08:00:00,999.12,16.2,12.07,76.5,18.44,14.11,4.33,8.83,14.12,1196.42,1.15,2.72,4.94
22.08.2016 09:00:00,999.06,17.83,11.93,68.35,20.45,13.98,6.47,8.75,13.99,1189.7,2.54,3.56,236.3
22.08.2016 10:00:00,999.4,19.31,11.98,62.52,22.44,14.03,8.41,8.78,14.04,1184.06,3.25,5.02,241.4
22.08.2016 11:00:00,999.31,19.84,11.36,58.07,23.19,13.47,9.72,8.42,13.48,1182.07,4.41,6.33,226.8
22.08.2016 12:00:00,999.25,19.97,10.86,55.72,23.38,13.03,10.35,8.15,13.04,1181.67,5.37,9.03,217.4
22.08.2016 13:00:00,998.84,20.85,10.69,52.18,24.68,12.88,11.8,8.06,12.89,1177.71,3.46,5.62,209.0
22.08.2016 14:00:00,998.86,21.76,10.13,47.51,26.1,12.4,13.7,7.76,12.41,1174.32,6.11,9.21,211.9
22.08.2016 15:00:00,998.72,22.35,10.39,46.65,27.05,12.62,14.43,7.9,12.64,1171.72,5.03,7.24,214.1
22.08.2016 16:00:00,999.27,22.01,10.31,47.37,26.5,12.55,13.95,7.85,12.56,1173.74,1.89,3.38,232.6
22.08.2016 17:00:00,999.36,22.01,10.93,49.37,26.5,13.08,13.42,8.18,13.09,1173.61,3.22,6.08,249.8
22.08.2016 18:00:00,999.55,22.01,11.59,51.59,26.5,13.67,12.83,8.55,13.68,1173.57,1.92,3.6,271.3
22.08.2016 19:00:00,1000.03,20.11,11.82,58.85,23.58,13.88,9.7,8.68,13.88,1181.65,2.15,4.12,273.3
22.08.2016 20:00:00,1000.57,19.13,11.99,63.24,22.19,14.03,8.16,8.77,14.02,1186.19,1.03,1.76,272.1
22.08.2016 21:00:00,1000.87,19.0,12.17,64.52,22.01,14.2,7.81,8.87,14.19,1186.99,0.43,1.24,247.3
22.08.2016 22:00:00,1001.16,18.91,12.8,67.63,21.89,14.8,7.08,9.25,14.78,1187.44,1.44,2.6,253.6
22.08.2016 23:00:00,1001.07,17.64,13.94,78.9,20.21,15.94,4.26,9.97,15.93,1192.0,2.16,3.8,219.0
23.08.2016 00:00:00,1000.91,17.77,13.79,77.5,20.37,15.79,4.58,9.87,15.78,1191.35,1.14,1.82,205.8
23.08.2016 01:00:00,1000.95,17.74,13.92,78.3,20.34,15.92,4.41,9.95,15.91,1191.45,0.82,1.52,197.1
23.08.2016 02:00:00,1000.91,17.27,13.3,77.5,19.74,15.3,4.44,9.56,15.29,1193.62,1.28,1.84,208.3
23.08.2016 03:00:00,1000.9,17.49,13.5,77.4,20.02,15.49,4.52,9.69,15.48,1192.61,0.44,1.3,254.3
23.08.2016 04:00:00,1000.84,17.05,13.96,82.0,19.47,15.96,3.5,9.98,15.95,1194.14,0.96,1.78,109.3
23.08.2016 05:00:00,1001.03,16.4,13.69,84.0,18.68,15.69,2.99,9.81,15.68,1197.17,0.76,1.48,189.6
23.08.2016 06:00:00,1001.18,16.19,13.1,81.9,18.43,15.1,3.34,9.43,15.08,1198.49,1.41,1.88,211.9
23.08.2016 07:00:00,1001.17,17.64,13.82,78.3,20.21,15.82,4.39,9.89,15.8,1192.17,0.7,1.2,169.3
23.08.2016 08:00:00,1001.15,19.8,14.31,70.6,23.13,16.33,6.8,10.21,16.31,1183.13,2.02,2.6,152.2
23.08.2016 09:00:00,1001.03,23.34,14.14,56.24,28.72,16.15,12.57,10.1,16.14,1168.95,2.03,3.92,233.7
23.08.2016 10:00:00,1000.85,23.68,13.62,53.28,29.32,15.62,13.7,9.77,15.61,1167.63,2.07,5.8,242.1
23.08.2016 11:00:00,1000.73,24.27,13.76,51.9,30.37,15.76,14.61,9.86,15.75,1165.11,1.64,3.32,19.77
23.08.2016 12:00:00,1000.23,25.19,13.9,49.58,32.09,15.91,16.18,9.95,15.91,1160.87,1.69,4.32,290.2
23.08.2016 13:00:00,999.84,25.98,12.92,44.37,33.63,14.92,18.71,9.33,14.92,1157.78,2.02,4.08,294.5
23.08.2016 14:00:00,999.52,26.11,14.18,47.8,33.89,16.2,17.69,10.14,16.21,1156.34,3.96,5.68,27.72
23.08.2016 15:00:00,999.34,26.23,13.9,46.62,34.13,15.91,18.22,9.96,15.92,1155.8,2.98,4.6,31.82
23.08.2016 16:00:00,999.06,27.73,13.63,41.95,37.26,15.63,21.63,9.79,15.65,1149.83,1.74,3.88,323.8
23.08.2016 17:00:00,999.1,25.7,14.7,50.66,33.07,16.76,16.32,10.5,16.77,1157.19,4.42,5.9,42.3
23.08.2016 18:00:00,999.07,25.76,14.87,51.02,33.19,16.93,16.26,10.61,16.95,1156.85,2.23,3.48,53.02
23.08.2016 19:00:00,999.22,24.36,14.79,55.18,30.54,16.85,13.69,10.56,16.86,1162.51,1.61,2.28,25.35
23.08.2016 20:00:00,999.57,23.1,15.1,60.71,28.31,17.19,11.12,10.76,17.19,1167.72,1.56,2.08,1.73
23.08.2016 21:00:00,999.85,21.91,15.09,65.22,26.34,17.18,9.16,10.76,17.18,1172.76,0.6,1.56,28.66
23.08.2016 22:00:00,999.95,21.08,15.13,68.79,25.03,17.22,7.81,10.78,17.22,1176.17,1.95,2.48,7.63
23.08.2016 23:00:00,999.93,19.65,14.95,74.3,22.92,17.03,5.89,10.66,17.03,1181.98,0.47,0.88,59.99
24.08.2016 00:00:00,999.89,18.87,14.93,77.9,21.83,17.01,4.82,10.65,17.01,1185.09,0.15,0.32,316.7
24.08.2016 01:00:00,999.8,17.47,14.55,83.0,19.99,16.59,3.4,10.39,16.6,1190.88,1.41,2.76,203.8
24.08.2016 02:00:00,999.67,17.18,14.57,84.6,19.63,16.61,3.02,10.4,16.61,1191.9,0.49,0.76,58.55
24.08.2016 03:00:00,999.57,16.07,14.05,87.8,18.29,16.06,2.23,10.05,16.07,1196.6,0.84,1.64,200.7
24.08.2016 04:00:00,999.39,15.08,13.57,90.7,17.17,15.57,1.6,9.75,15.58,1200.73,0.96,1.52,141.4
24.08.2016 05:00:00,999.44,14.43,13.25,92.6,16.46,15.24,1.22,9.54,15.25,1203.65,0.3,0.48,109.7
24.08.2016 06:00:00,999.56,14.94,13.62,91.8,17.01,15.62,1.4,9.78,15.62,1201.49,0.49,1.04,79.1
24.08.2016 07:00:00,999.66,16.96,13.74,81.3,19.36,15.74,3.62,9.85,15.74,1193.19,0.72,1.4,142.8
24.08.2016 08:00:00,999.66,20.22,14.8,71.0,23.74,16.86,6.88,10.56,16.86,1179.44,0.58,1.64,161.5
24.08.2016 09:00:00,999.46,22.53,14.98,62.38,27.35,17.06,10.29,10.69,17.07,1169.89,1.62,2.36,145.3
24.08.2016 10:00:00,999.12,24.98,15.26,54.79,31.69,17.36,14.33,10.88,17.38,1159.75,1.77,3.28,179.6
24.08.2016 11:00:00,998.66,26.73,14.95,48.44,35.15,17.02,18.12,10.67,17.05,1152.6,1.91,3.48,136.1
24.08.2016 12:00:00,998.1,27.65,14.89,45.71,37.09,16.95,20.14,10.63,16.99,1148.45,2.53,4.36,151.1
24.08.2016 13:00:00,997.58,28.21,14.25,42.47,38.32,16.27,22.05,10.21,16.31,1146.02,1.98,4.6,119.3
24.08.2016 14:00:00,997.11,29.2,14.35,40.36,40.58,16.38,24.2,10.28,16.43,1141.68,1.65,3.32,157.9
24.08.2016 15:00:00,996.75,29.16,13.75,38.9,40.49,15.75,24.74,9.89,15.8,1141.69,2.61,3.88,82.7
24.08.2016 16:00:00,996.48,29.72,14.18,38.73,41.81,16.19,25.62,10.17,16.25,1139.06,3.15,5.16,134.0
24.08.2016 17:00:00,996.06,29.19,13.56,38.36,40.56,15.56,25.0,9.77,15.62,1140.86,2.17,4.32,75.1
24.08.2016 18:00:00,995.7,29.24,13.93,39.18,40.67,15.94,24.74,10.02,16.01,1140.09,1.96,3.08,82.5
24.08.2016 19:00:00,995.8,27.28,13.45,42.54,36.3,15.44,20.86,9.7,15.51,1147.86,1.67,3.44,47.86
24.08.2016 20:00:00,996.19,25.87,13.35,45.93,33.41,15.34,18.06,9.64,15.4,1153.77,2.14,2.64,6.45
24.08.2016 21:00:00,996.35,24.57,13.99,51.73,30.92,16.0,14.93,10.05,16.06,1158.71,2.4,3.6,14.11
24.08.2016 22:00:00,996.25,22.96,14.27,58.02,28.07,16.29,11.78,10.23,16.35,1164.76,0.57,1.98,4.09
24.08.2016 23:00:00,996.26,21.55,14.35,63.58,25.76,16.38,9.38,10.29,16.44,1170.3,0.19,0.52,187.0
25.08.2016 00:00:00,996.12,20.53,14.12,66.67,24.2,16.13,8.07,10.14,16.2,1174.32,1.12,2.04,232.3
25.08.2016 01:00:00,996.0,18.01,13.7,75.9,20.69,15.7,4.99,9.86,15.76,1184.53,0.44,0.94,129.7
25.08.2016 02:00:00,995.98,16.64,13.27,80.5,18.97,15.27,3.7,9.59,15.33,1190.31,1.05,1.64,197.1
25.08.2016 03:00:00,995.96,16.18,13.11,82.0,18.42,15.1,3.32,9.49,15.17,1192.24,0.28,0.8,227.7
25.08.2016 04:00:00,995.42,15.41,12.99,85.5,17.53,14.99,2.54,9.42,15.06,1194.82,1.1,2.28,216.3
25.08.2016 05:00:00,995.26,14.44,12.38,87.4,16.47,14.4,2.08,9.05,14.46,1198.93,0.77,1.26,148.4
25.08.2016 06:00:00,995.49,15.51,12.66,83.1,17.65,14.67,2.98,9.21,14.73,1194.64,0.26,0.58,108.8
25.08.2016 07:00:00,995.68,16.74,12.93,78.2,19.09,14.93,4.16,9.38,14.99,1189.68,0.58,1.08,181.3
25.08.2016 08:00:00,995.6,20.7,13.78,64.54,24.45,15.78,8.67,9.92,15.85,1173.18,0.59,1.2,193.5
25.08.2016 09:00:00,995.23,23.22,14.22,56.94,28.52,16.24,12.28,10.21,16.31,1162.57,1.92,2.6,142.7
25.08.2016 10:00:00,994.75,25.86,13.92,47.7,33.39,15.93,17.46,10.02,16.01,1151.88,2.06,3.08,146.7
25.08.2016 11:00:00,993.9,28.43,11.86,35.85,38.81,13.91,24.9,8.75,14.0,1141.95,2.95,6.85,132.4
25.08.2016 12:00:00,993.34,29.5,9.86,29.49,41.29,12.18,29.11,7.66,12.26,1138.03,3.09,5.76,125.0
25.08.2016 13:00:00,993.1,30.64,10.16,28.2,44.07,12.43,31.65,7.82,12.52,1133.38,2.4,5.08,141.2
25.08.2016 14:00:00,992.62,31.16,9.23,25.71,45.4,11.67,33.73,7.35,11.76,1131.22,3.14,5.68,112.1
25.08.2016 15:00:00,992.08,31.79,10.58,27.17,47.05,12.78,34.27,8.05,12.89,1127.78,2.15,4.74,115.7
25.08.2016 16:00:00,991.57,31.54,11.48,29.25,46.39,13.57,32.82,8.56,13.68,1127.79,3.27,5.6,99.7
25.08.2016 17:00:00,991.08,31.76,11.0,27.98,46.97,13.14,33.83,8.29,13.26,1126.6,3.11,5.84,148.2
25.08.2016 18:00:00,990.81,31.54,11.8,29.87,46.39,13.86,32.53,8.74,13.98,1126.79,2.18,4.08,182.1
25.08.2016 19:00:00,990.9,28.97,11.0,32.81,40.05,13.14,26.91,8.29,13.26,1136.8,1.98,2.6,192.9
25.08.2016 20:00:00,991.39,27.35,12.11,38.81,36.45,14.15,22.3,8.92,14.27,1143.05,3.08,4.56,197.1
25.08.2016 21:00:00,991.71,25.56,12.59,44.52,32.8,14.6,18.2,9.21,14.73,1150.07,1.38,2.8,164.7
25.08.2016 22:00:00,991.62,24.39,12.6,47.74,30.59,14.61,15.99,9.21,14.73,1154.49,2.34,3.26,208.4
25.08.2016 23:00:00,991.58,23.21,12.54,51.07,28.5,14.55,13.94,9.18,14.68,1159.06,2.7,3.8,206.1
26.08.2016 00:00:00,991.56,21.77,12.43,55.31,26.11,14.44,11.67,9.11,14.57,1164.74,2.42,3.28,196.3
26.08.2016 01:00:00,991.51,20.62,12.29,58.83,24.33,14.32,10.02,9.03,14.44,1169.3,2.06,2.88,185.0
26.08.2016 02:00:00,991.33,19.93,11.85,59.65,23.32,13.91,9.41,8.77,14.03,1172.02,1.59,2.2,190.8
26.08.2016 03:00:00,991.24,17.62,11.66,68.04,20.18,13.73,6.45,8.66,13.85,1181.31,1.45,2.88,151.0
26.08.2016 04:00:00,991.32,17.73,11.47,66.74,20.32,13.56,6.76,8.55,13.68,1181.03,1.14,2.42,119.7
26.08.2016 05:00:00,991.46,17.64,11.23,66.05,20.21,13.35,6.86,8.42,13.46,1181.66,2.15,3.12,186.9
26.08.2016 06:00:00,991.57,16.91,11.15,68.8,19.3,13.28,6.02,8.37,13.39,1184.8,0.85,1.6,192.1
26.08.2016 07:00:00,991.82,18.05,11.59,65.92,20.74,13.67,7.07,8.62,13.78,1180.28,1.78,2.84,186.4
26.08.2016 08:00:00,991.61,21.8,12.38,55.04,26.16,14.4,11.76,9.08,14.52,1164.71,2.26,3.64,158.7
26.08.2016 09:00:00,991.58,24.76,13.0,47.95,31.28,15.0,16.28,9.46,15.12,1152.83,2.76,3.84,150.5
26.08.2016 10:00:00,991.32,27.32,13.21,41.79,36.38,15.2,21.18,9.6,15.34,1142.62,2.99,4.32,160.7
26.08.2016 11:00:00,991.0,28.81,12.97,37.72,39.68,14.97,24.71,9.45,15.1,1136.72,3.21,5.3,135.2
26.08.2016 12:00:00,990.68,30.43,12.2,32.68,43.55,14.23,29.32,8.98,14.37,1130.6,2.46,4.92,117.7
26.08.2016 13:00:00,990.56,31.98,11.39,28.37,47.56,13.49,34.06,8.52,13.62,1125.04,2.91,4.54,144.9
26.08.2016 14:00:00,990.07,33.09,10.47,25.07,50.62,12.69,37.93,8.01,12.82,1120.75,2.18,4.44,125.5
26.08.2016 15:00:00,989.7,34.16,10.49,23.64,53.73,12.7,41.03,8.02,12.83,1116.42,2.45,3.92,142.4
26.08.2016 16:00:00,989.52,34.29,10.88,24.09,54.12,13.04,41.08,8.24,13.18,1115.6,2.17,3.72,131.2
26.08.2016 17:00:00,989.34,34.08,11.14,24.8,53.49,13.27,40.23,8.38,13.41,1116.06,2.6,4.56,149.6
26.08.2016 18:00:00,989.46,33.53,11.35,25.93,51.88,13.45,38.43,8.5,13.6,1118.12,1.93,3.0,188.2
26.08.2016 19:00:00,989.9,31.28,11.45,29.63,45.71,13.54,32.17,8.55,13.68,1126.85,0.68,1.24,237.2
26.08.2016 20:00:00,990.46,29.26,10.99,32.26,40.72,13.14,27.58,8.29,13.26,1135.2,0.98,1.76,331.6
26.08.2016 21:00:00,990.98,26.14,11.02,38.77,33.95,13.16,20.79,8.3,13.28,1147.63,1.64,2.4,239.4
26.08.2016 22:00:00,991.45,24.56,11.52,44.03,30.91,13.61,17.3,8.58,13.73,1154.07,1.15,1.96,186.8
26.08.2016 23:00:00,991.57,21.88,12.12,53.85,26.29,14.16,12.13,8.93,14.28,1164.45,0.68,1.64,192.8
27.08.2016 00:00:00,991.69,20.54,12.46,59.78,24.21,14.48,9.74,9.13,14.6,1169.76,0.52,1.16,193.6
27.08.2016 01:00:00,991.88,20.38,12.45,60.34,23.98,14.47,9.51,9.12,14.59,1170.63,0.51,0.8,139.4
27.08.2016 02:00:00,992.14,18.68,12.66,68.01,21.57,14.67,6.9,9.25,14.79,1177.67,1.41,1.96,201.5
27.08.2016 03:00:00,992.74,17.86,12.56,71.1,20.49,14.57,5.92,9.18,14.68,1181.75,0.52,1.4,91.6
27.08.2016 04:00:00,992.96,18.14,12.45,69.36,20.85,14.46,6.39,9.11,14.57,1180.92,0.38,0.64,94.7
27.08.2016 05:00:00,992.98,16.84,12.37,74.9,19.21,14.39,4.82,9.06,14.49,1186.28,0.32,0.76,95.6
27.08.2016 06:00:00,993.22,16.5,12.52,77.3,18.8,14.53,4.27,9.15,14.63,1187.89,0.54,0.8,199.8
27.08.2016 07:00:00,993.46,17.92,12.74,71.7,20.57,14.75,5.82,9.29,14.84,1182.28,0.46,0.8,114.3
27.08.2016 08:00:00,993.69,21.42,13.73,61.55,25.56,15.73,9.83,9.91,15.83,1168.07,0.5,1.2,147.9
27.08.2016 09:00:00,993.58,22.42,16.07,67.33,27.17,18.29,8.88,11.53,18.41,1162.85,1.6,2.52,59.87
27.08.2016 10:00:00,993.38,24.97,16.84,60.66,31.67,19.21,12.46,12.12,19.34,1152.27,1.43,2.36,107.9
27.08.2016 11:00:00,992.99,26.93,16.89,54.2,35.56,19.27,16.29,12.16,19.41,1144.26,2.26,4.24,52.92
27.08.2016 12:00:00,992.59,28.97,16.66,47.44,40.05,19.0,21.05,11.99,19.14,1136.19,1.87,3.44,30.38
27.08.2016 13:00:00,992.19,30.94,15.19,38.57,44.83,17.29,27.54,10.91,17.43,1129.11,2.9,4.24,28.74
27.08.2016 14:00:00,991.55,31.78,15.63,37.83,47.02,17.79,29.23,11.23,17.94,1125.05,3.29,5.32,40.29
27.08.2016 15:00:00,991.08,32.19,15.53,36.72,48.12,17.67,30.45,11.17,17.83,1123.06,3.8,6.44,38.35
27.08.2016 16:00:00,990.66,32.36,14.93,35.0,48.59,17.01,31.58,10.75,17.17,1122.24,3.36,5.94,54.02
27.08.2016 17:00:00,990.26,32.16,14.71,34.88,48.04,16.76,31.29,10.59,16.92,1122.63,2.81,5.0,53.06
27.08.2016 18:00:00,990.09,31.73,13.89,33.9,46.89,15.9,30.99,10.05,16.05,1124.39,3.5,5.78,51.05
27.08.2016 19:00:00,990.19,29.87,13.98,37.92,42.18,15.99,26.18,10.11,16.15,1131.36,2.29,3.04,47.86
27.08.2016 20:00:00,990.36,27.92,13.82,42.0,37.68,15.83,21.85,10.0,15.98,1138.96,0.46,0.76,195.4
27.08.2016 21:00:00,990.35,26.97,14.08,45.15,35.64,16.09,19.55,10.17,16.25,1142.44,0.44,1.04,129.4
27.08.2016 22:00:00,990.47,24.07,14.04,53.49,30.01,16.05,13.96,10.14,16.21,1153.74,1.21,1.92,205.5
27.08.2016 23:00:00,990.22,22.27,14.02,59.53,26.92,16.03,10.89,10.13,16.18,1160.49,1.28,1.84,163.2
28.08.2016 00:00:00,989.98,20.45,14.07,66.77,24.08,16.08,8.0,10.16,16.24,1167.37,0.39,0.7,151.1
28.08.2016 01:00:00,989.66,20.09,13.62,66.33,23.55,15.62,7.93,9.88,15.78,1168.63,1.0,1.56,201.1
28.08.2016 02:00:00,989.48,18.36,13.88,75.1,21.14,15.88,5.27,10.04,16.05,1175.23,0.46,1.0,117.4
28.08.2016 03:00:00,989.33,17.7,13.48,76.3,20.29,15.48,4.81,9.79,15.64,1177.9,0.5,0.88,141.3
28.08.2016 04:00:00,989.07,18.04,13.07,72.7,20.72,15.07,5.66,9.53,15.23,1176.4,1.66,2.52,174.4
28.08.2016 05:00:00,988.67,17.01,12.93,76.9,19.42,14.93,4.49,9.45,15.1,1180.16,1.35,1.88,201.4
28.08.2016 06:00:00,988.87,16.3,12.62,78.8,18.56,14.63,3.94,9.25,14.79,1183.43,0.97,1.56,191.7
28.08.2016 07:00:00,988.74,17.94,13.18,73.7,20.59,15.18,5.42,9.6,15.35,1176.36,0.96,1.68,179.7
28.08.2016 08:00:00,988.81,21.32,13.76,62.04,25.4,15.76,9.64,9.97,15.94,1162.68,1.67,2.58,165.2
28.08.2016 09:00:00,988.52,24.42,14.41,53.64,30.65,16.44,14.21,10.41,16.63,1149.93,1.51,2.8,181.7
28.08.2016 10:00:00,988.15,27.81,15.34,46.62,37.44,17.45,19.99,11.06,17.66,1136.11,2.51,3.58,136.8
28.08.2016 11:00:00,987.5,30.82,15.57,39.78,44.53,17.71,26.82,11.23,17.94,1124.0,3.54,6.2,136.7
28.08.2016 12:00:00,986.85,32.81,14.93,34.12,49.83,17.0,32.83,10.79,17.23,1116.25,2.76,6.56,187.4
28.08.2016 13:00:00,986.56,33.3,14.55,32.38,51.22,16.58,34.63,10.52,16.81,1114.32,4.49,8.57,208.3
28.08.2016 14:00:00,986.12,33.02,14.95,33.76,50.42,17.02,33.4,10.81,17.26,1114.65,2.69,4.88,242.5
28.08.2016 15:00:00,985.44,33.23,13.74,30.86,51.02,15.74,35.27,10.0,15.98,1113.66,3.44,5.82,203.5
28.08.2016 16:00:00,985.06,32.65,16.58,38.27,49.39,18.9,30.49,12.02,19.19,1113.98,5.48,7.65,216.4
28.08.2016 17:00:00,985.06,31.04,15.59,39.34,45.09,17.74,27.35,11.28,18.01,1120.38,1.98,5.0,348.1
28.08.2016 18:00:00,985.24,28.35,15.8,46.53,38.63,17.98,20.66,11.43,18.25,1130.48,2.22,3.28,6.51
28.08.2016 19:00:00,985.78,27.59,14.51,44.77,36.96,16.55,20.41,10.51,16.79,1134.59,0.72,1.4,264.5
28.08.2016 20:00:00,987.68,21.15,15.42,69.77,25.14,17.54,7.6,11.12,17.76,1161.22,1.36,3.24,289.4
28.08.2016 21:00:00,987.82,20.83,15.01,69.34,24.65,17.09,7.56,10.83,17.3,1162.85,3.13,4.24,236.4
28.08.2016 22:00:00,988.14,21.17,14.4,65.27,25.17,16.43,8.74,10.41,16.63,1162.18,2.76,3.74,239.0
28.08.2016 23:00:00,988.07,20.73,14.46,67.31,24.5,16.49,8.01,10.45,16.69,1163.81,1.72,2.44,209.3
29.08.2016 00:00:00,988.62,20.15,14.84,71.5,23.64,16.9,6.74,10.7,17.1,1166.58,1.02,1.48,230.6
29.08.2016 01:00:00,989.0,19.6,15.58,77.6,22.85,17.73,5.12,11.23,17.93,1168.85,1.22,1.88,229.5
29.08.2016 02:00:00,989.18,20.14,16.04,77.3,23.62,18.26,5.36,11.56,18.46,1166.68,2.37,4.04,247.6
29.08.2016 03:00:00,989.24,19.81,15.76,77.5,23.15,17.94,5.21,11.36,18.13,1168.21,2.24,3.28,248.0
29.08.2016 04:00:00,989.28,19.62,16.0,79.6,22.87,18.21,4.67,11.53,18.41,1168.89,0.57,1.06,241.6
29.08.2016 05:00:00,989.36,19.6,15.36,76.5,22.85,17.48,5.37,11.06,17.67,1169.39,1.24,1.76,255.3
29.08.2016 06:00:00,989.63,19.16,15.26,78.1,22.23,17.36,4.87,10.98,17.54,1171.53,1.13,1.72,266.0
29.08.2016 07:00:00,990.17,19.55,14.79,74.0,22.78,16.85,5.92,10.66,17.02,1170.84,0.76,1.12,206.0
29.08.2016 08:00:00,990.28,21.39,14.98,66.85,25.51,17.06,8.46,10.78,17.22,1163.57,2.36,4.2,192.0
29.08.2016 09:00:00,990.59,21.23,14.3,64.63,25.26,16.33,8.94,10.32,16.48,1164.89,1.5,2.88,224.8
29.08.2016 10:00:00,990.63,22.63,14.35,59.53,27.52,16.38,11.14,10.35,16.53,1159.4,2.6,4.48,271.0
29.08.2016 11:00:00,990.78,23.3,14.15,56.42,28.65,16.17,12.49,10.21,16.32,1157.05,1.73,3.96,256.1
29.08.2016 12:00:00,991.09,23.01,13.45,54.85,28.16,15.44,12.71,9.75,15.58,1158.87,3.23,5.16,280.3
29.08.2016 13:00:00,991.32,22.21,12.63,54.56,26.82,14.63,12.19,9.23,14.76,1162.64,3.46,6.4,258.9
29.08.2016 14:00:00,991.15,24.14,11.6,45.39,30.14,13.68,16.46,8.63,13.8,1155.32,2.57,5.6,254.7
29.08.2016 15:00:00,991.11,24.03,11.9,46.59,29.94,13.95,15.99,8.8,14.07,1155.58,3.49,7.12,269.9
29.08.2016 16:00:00,991.68,22.8,13.29,54.99,27.8,15.29,12.51,9.64,15.42,1160.46,2.64,4.76,301.8
29.08.2016 17:00:00,992.06,21.31,11.53,53.63,25.39,13.62,11.77,8.58,13.72,1167.53,2.02,4.72,281.3
29.08.2016 18:00:00,992.54,20.82,11.73,56.01,24.64,13.8,10.84,8.69,13.9,1169.96,1.37,3.68,252.8
29.08.2016 19:00:00,993.09,20.12,12.11,59.97,23.59,14.15,9.44,8.91,14.25,1173.24,2.46,3.44,260.4
29.08.2016 20:00:00,993.64,19.16,12.34,64.62,22.23,14.36,7.86,9.04,14.46,1177.66,2.5,3.4,249.8
29.08.2016 21:00:00,994.53,18.91,12.85,67.84,21.89,14.85,7.04,9.34,14.93,1179.51,1.59,3.32,244.5
29.08.2016 22:00:00,995.41,17.98,12.22,69.03,20.65,14.25,6.39,8.95,14.32,1184.6,1.64,2.68,242.9
29.08.2016 23:00:00,996.27,17.55,12.05,70.1,20.09,14.09,6.01,8.84,14.14,1187.46,0.97,1.72,217.1
30.08.2016 00:00:00,996.81,17.13,11.77,70.7,19.57,13.83,5.73,8.68,13.88,1189.94,0.62,1.44,273.6
30.08.2016 01:00:00,997.09,16.17,11.27,72.7,18.41,13.38,5.03,8.39,13.42,1194.43,0.87,1.56,220.8
30.08.2016 02:00:00,997.4,15.31,10.75,74.2,17.42,12.93,4.49,8.1,12.96,1198.57,0.69,1.76,306.4
30.08.2016 03:00:00,997.62,15.0,10.83,76.1,17.08,13.0,4.08,8.14,13.03,1200.1,0.89,1.98,15.14
30.08.2016 04:00:00,997.9,14.11,10.3,77.8,16.12,12.54,3.58,7.86,12.57,1204.36,0.62,1.56,308.0
30.08.2016 05:00:00,998.08,13.28,9.89,79.9,15.28,12.2,3.07,7.64,12.23,1208.23,0.92,2.32,315.2
30.08.2016 06:00:00,998.65,13.13,9.97,81.1,15.13,12.27,2.86,7.68,12.28,1209.52,0.16,0.48,313.0
30.08.2016 07:00:00,999.18,14.64,10.27,75.0,16.69,12.51,4.17,7.83,12.52,1203.71,0.89,1.24,149.7
30.08.2016 08:00:00,999.8,15.42,10.32,71.6,17.55,12.56,4.98,7.85,12.57,1201.17,1.73,2.48,56.39
30.08.2016 09:00:00,1000.28,16.08,10.14,67.82,18.3,12.41,5.89,7.76,12.41,1199.08,1.98,3.28,55.13
30.08.2016 10:00:00,1000.57,16.4,9.15,62.14,18.68,11.61,7.07,7.25,11.6,1198.47,0.87,2.16,57.55
30.08.2016 11:00:00,1000.42,18.19,8.75,54.03,20.92,11.3,9.62,7.06,11.3,1191.07,1.94,3.72,23.39
30.08.2016 12:00:00,999.89,18.91,7.72,48.13,21.89,10.53,11.35,6.58,10.53,1187.85,2.67,5.04,39.82
30.08.2016 13:00:00,999.55,19.66,7.18,44.26,22.93,10.15,12.78,6.34,10.15,1184.57,1.8,3.8,66.73
30.08.2016 14:00:00,999.1,20.17,7.67,44.36,23.67,10.5,13.17,6.56,10.51,1181.83,2.85,4.48,68.62
30.08.2016 15:00:00,998.69,20.92,7.43,41.67,24.79,10.33,14.46,6.46,10.34,1178.4,2.46,4.52,43.57
30.08.2016 16:00:00,998.32,20.72,7.35,41.95,24.48,10.27,14.21,6.42,10.29,1178.79,3.76,5.7,31.34
30.08.2016 17:00:00,998.1,20.71,7.64,42.81,24.47,10.48,13.99,6.55,10.5,1178.48,2.92,4.6,40.17
30.08.2016 18:00:00,997.87,20.78,7.57,42.42,24.58,10.42,14.15,6.52,10.45,1177.95,2.91,4.36,25.86
30.08.2016 19:00:00,997.97,19.35,7.36,45.69,22.49,10.28,12.22,6.43,10.3,1183.89,1.77,2.44,10.27
30.08.2016 20:00:00,998.41,18.18,7.39,49.28,20.91,10.3,10.6,6.44,10.32,1189.16,0.82,1.8,35.22
30.08.2016 21:00:00,998.7,16.38,7.35,55.06,18.66,10.27,8.38,6.42,10.29,1196.91,0.47,0.88,81.4
30.08.2016 22:00:00,998.57,14.22,7.18,62.51,16.24,10.15,6.09,6.35,10.17,1205.81,0.77,2.12,220.5
30.08.2016 23:00:00,998.58,13.56,6.68,63.04,15.56,9.81,5.75,6.13,9.82,1208.75,1.78,2.24,222.2
31.08.2016 00:00:00,998.45,12.29,6.78,68.98,14.31,9.87,4.44,6.17,9.89,1213.95,0.75,1.28,179.5
31.08.2016 01:00:00,998.26,10.87,6.55,74.6,13.03,9.72,3.31,6.08,9.74,1219.85,0.76,1.44,204.9
31.08.2016 02:00:00,998.18,10.27,6.65,78.2,12.52,9.79,2.73,6.12,9.81,1222.3,0.43,0.72,65.34
31.08.2016 03:00:00,998.06,9.51,6.47,81.3,11.9,9.67,2.22,6.05,9.69,1225.5,0.72,1.2,184.2
31.08.2016 04:00:00,997.78,8.76,6.13,83.5,11.31,9.44,1.87,5.91,9.46,1228.51,0.43,0.64,96.8
31.08.2016 05:00:00,997.47,8.3,6.0,85.4,10.96,9.36,1.6,5.86,9.38,1230.18,0.87,1.24,211.1
31.08.2016 06:00:00,997.42,8.0,6.11,87.8,10.74,9.43,1.31,5.9,9.45,1231.4,0.59,0.92,201.8
31.08.2016 07:00:00,997.35,9.99,6.54,79.1,12.29,9.72,2.57,6.08,9.74,1222.53,0.79,1.28,184.0
31.08.2016 08:00:00,997.01,13.99,7.54,65.05,16.0,10.41,5.59,6.52,10.44,1204.77,0.84,1.36,177.1
31.08.2016 09:00:00,996.83,17.32,8.46,55.94,19.8,11.08,8.73,6.94,11.11,1190.44,1.22,2.04,113.0
31.08.2016 10:00:00,996.46,20.2,9.16,49.0,23.71,11.62,12.09,7.28,11.66,1178.06,1.55,4.02,112.4
31.08.2016 11:00:00,995.85,21.71,8.61,43.03,26.02,11.2,14.82,7.02,11.24,1171.5,2.14,3.68,107.9
31.08.2016 12:00:00,995.3,22.97,8.62,39.88,28.09,11.2,16.89,7.03,11.25,1165.86,2.53,4.44,115.7
31.08.2016 13:00:00,994.88,24.87,7.29,32.5,31.48,10.23,21.25,6.42,10.28,1158.38,1.63,3.7,166.8
31.08.2016 14:00:00,994.01,26.09,7.14,29.91,33.85,10.12,23.72,6.36,10.18,1152.69,1.7,3.24,90.2
31.08.2016 15:00:00,993.19,26.83,5.94,26.37,35.35,9.32,26.03,5.86,9.39,1149.24,2.1,4.12,192.9
31.08.2016 16:00:00,992.82,26.79,5.48,25.59,35.27,9.03,26.24,5.67,9.09,1149.09,3.17,4.84,212.3
31.08.2016 17:00:00,992.33,27.42,6.01,25.59,36.6,9.37,27.23,5.89,9.44,1145.97,1.38,2.88,184.4
31.08.2016 18:00:00,992.06,26.93,6.14,26.57,35.56,9.45,26.11,5.95,9.52,1147.49,1.09,1.84,194.2
31.08.2016 19:00:00,992.41,23.44,7.86,36.82,28.9,10.64,18.26,6.7,10.72,1160.87,1.37,2.64,342.8
31.08.2016 20:00:00,992.91,22.39,7.57,38.45,27.12,10.43,16.69,6.56,10.5,1165.68,1.25,2.92,336.8
31.08.2016 21:00:00,993.05,21.6,7.02,38.85,25.84,10.04,15.8,6.31,10.11,1169.14,0.56,0.88,93.2
31.08.2016 22:00:00,993.29,18.54,7.71,49.23,21.38,10.53,10.86,6.62,10.6,1181.48,0.36,0.86,120.4
31.08.2016 23:00:00,993.66,17.43,7.23,51.08,19.94,10.19,9.76,6.4,10.25,1186.59,1.21,1.72,225.0
01.09.2016 00:00:00,993.65,15.59,6.9,56.13,17.74,9.96,7.78,6.26,10.02,1194.25,0.51,1.3,115.7
01.09.2016 01:00:00,993.82,14.75,7.13,60.2,16.81,10.12,6.69,6.36,10.18,1197.86,0.97,1.56,180.1
01.09.2016 02:00:00,994.01,14.09,7.41,64.06,16.1,10.32,5.79,6.48,10.38,1200.75,0.67,1.12,196.6
01.09.2016 03:00:00,993.91,14.24,7.41,63.43,16.26,10.31,5.95,6.48,10.38,1200.0,0.39,0.72,268.0
01.09.2016 04:00:00,993.86,13.69,7.26,65.08,15.69,10.21,5.48,6.42,10.27,1202.29,0.53,0.96,199.9
01.09.2016 05:00:00,993.97,13.14,7.39,68.06,15.14,10.3,4.83,6.47,10.36,1204.69,0.48,0.82,93.2
01.09.2016 06:00:00,994.21,13.27,7.85,69.65,15.27,10.63,4.63,6.68,10.69,1204.29,0.26,0.64,185.3
01.09.2016 07:00:00,994.63,13.26,8.17,71.2,15.26,10.86,4.39,6.82,10.92,1204.73,0.85,1.4,226.3
01.09.2016 08:00:00,995.12,15.46,9.19,66.2,17.59,11.65,5.95,7.31,11.7,1195.78,0.48,1.04,75.3
01.09.2016 09:00:00,995.38,18.76,10.32,57.92,21.68,12.56,9.12,7.88,12.62,1182.17,0.73,1.28,142.1
01.09.2016 10:00:00,995.5,19.84,11.15,57.24,23.19,13.27,9.92,8.34,13.33,1177.62,0.65,1.1,167.2
01.09.2016 11:00:00,995.43,21.6,11.9,53.99,25.84,13.95,11.89,8.76,14.02,1170.21,0.64,1.3,112.7
01.09.2016 12:00:00,994.96,22.44,11.69,50.6,27.2,13.76,13.44,8.65,13.83,1166.41,1.95,2.56,75.0
01.09.2016 13:00:00,994.64,24.48,11.84,45.18,30.76,13.9,16.86,8.74,13.97,1157.98,1.53,2.94,168.2
01.09.2016 14:00:00,994.03,25.42,12.03,43.25,32.53,14.07,18.46,8.85,14.15,1153.55,1.29,2.4,199.1
01.09.2016 15:00:00,993.63,26.1,11.72,40.71,33.87,13.79,20.08,8.68,13.88,1150.59,2.46,5.36,253.9
01.09.2016 16:00:00,993.41,26.02,11.13,39.34,33.71,13.26,20.45,8.34,13.35,1150.87,2.01,3.64,1.96
01.09.2016 17:00:00,993.49,25.57,10.68,39.2,32.82,12.87,19.95,8.09,12.95,1152.87,1.17,2.36,270.4
01.09.2016 18:00:00,993.22,25.58,10.95,39.89,32.84,13.1,19.74,8.24,13.19,1152.42,1.11,2.36,291.4
01.09.2016 19:00:00,993.62,23.65,10.8,44.33,29.26,12.97,16.29,8.16,13.06,1160.44,1.17,1.84,250.6
01.09.2016 20:00:00,994.22,21.78,11.11,50.67,26.13,13.24,12.89,8.32,13.32,1168.39,1.11,1.88,190.7
01.09.2016 21:00:00,994.41,20.25,11.14,55.79,23.78,13.27,10.52,8.34,13.34,1174.69,0.47,0.88,36.01
01.09.2016 22:00:00,994.51,18.67,10.8,60.17,21.56,12.97,8.59,8.15,13.04,1181.3,1.58,1.92,218.2
01.09.2016 23:00:00,994.75,17.63,10.73,63.94,20.2,12.91,7.28,8.11,12.98,1185.85,1.21,2.16,195.7
02.09.2016 00:00:00,994.85,17.06,10.69,66.09,19.48,12.87,6.61,8.09,12.94,1188.3,0.74,1.48,262.0
02.09.2016 01:00:00,995.14,15.68,10.88,73.1,17.84,13.04,4.8,8.19,13.11,1194.26,0.42,0.86,223.4
02.09.2016 02:00:00,995.11,14.46,10.72,78.2,16.49,12.9,3.6,8.1,12.96,1199.36,0.65,1.44,200.0
02.09.2016 03:00:00,995.13,13.36,10.3,81.7,15.36,12.55,2.81,7.88,12.61,1204.14,0.4,0.8,194.4
02.09.2016 04:00:00,995.09,13.18,10.43,83.4,15.18,12.66,2.52,7.95,12.72,1204.8,0.42,0.88,144.0
02.09.2016 05:00:00,995.26,12.79,10.27,84.6,14.79,12.51,2.28,7.86,12.57,1206.71,0.53,0.84,218.6
02.09.2016 06:00:00,995.32,12.47,10.16,85.8,14.49,12.43,2.06,7.8,12.49,1208.18,0.32,0.66,146.8
02.09.2016 07:00:00,995.36,13.75,10.57,81.1,15.75,12.77,2.98,8.02,12.83,1202.68,0.21,0.48,30.64
02.09.2016 08:00:00,995.24,16.15,11.13,72.1,18.39,13.26,5.13,8.33,13.32,1192.34,0.54,1.04,134.9
02.09.2016 09:00:00,995.35,18.0,11.9,67.47,20.67,13.95,6.72,8.76,14.01,1184.59,0.75,1.52,113.7
02.09.2016 10:00:00,995.15,19.53,12.59,64.2,22.75,14.6,8.14,9.18,14.67,1177.85,1.34,2.18,141.2
02.09.2016 11:00:00,994.46,21.63,13.09,58.26,25.89,15.08,10.81,9.49,15.17,1168.44,1.38,3.2,128.8
02.09.2016 12:00:00,993.8,23.25,12.92,52.21,28.57,14.92,13.65,9.39,15.01,1161.35,1.34,2.68,95.3
02.09.2016 13:00:00,993.35,24.15,12.86,49.29,30.16,14.86,15.29,9.36,14.96,1157.33,1.97,3.72,104.2
02.09.2016 14:00:00,992.42,25.99,12.54,43.25,33.65,14.55,19.09,9.17,14.66,1149.27,1.42,3.48,274.9
02.09.2016 15:00:00,992.0,26.24,12.17,41.6,34.15,14.21,19.94,8.96,14.32,1147.97,1.76,3.48,208.5
02.09.2016 16:00:00,991.72,27.01,11.4,37.78,35.73,13.5,22.23,8.51,13.61,1145.01,1.84,4.44,252.5
02.09.2016 17:00:00,991.43,26.13,11.01,38.76,33.93,13.15,20.78,8.29,13.26,1148.19,1.35,3.32,312.9
02.09.2016 18:00:00,991.2,25.09,11.29,42.02,31.9,13.4,18.49,8.45,13.52,1151.82,0.86,1.66,268.2
02.09.2016 19:00:00,991.31,23.99,11.05,44.15,29.87,13.19,16.68,8.32,13.3,1156.31,1.29,2.04,248.3
02.09.2016 20:00:00,991.98,22.23,10.86,48.5,26.86,13.02,13.83,8.21,13.13,1164.06,0.77,1.92,349.7
02.09.2016 21:00:00,992.21,20.36,10.84,54.29,23.95,13.0,10.95,8.19,13.1,1171.76,0.85,1.36,245.2
02.09.2016 22:00:00,992.33,19.08,11.49,61.37,22.12,13.57,8.54,8.55,13.68,1176.78,0.51,0.96,193.1
02.09.2016 23:00:00,992.34,17.67,11.36,66.47,20.25,13.46,6.79,8.48,13.56,1182.55,0.47,0.74,189.0
03.09.2016 00:00:00,992.17,16.96,11.39,69.69,19.36,13.49,5.87,8.5,13.6,1185.22,0.29,0.56,127.8
03.09.2016 01:00:00,991.81,16.68,11.38,70.9,19.02,13.48,5.53,8.5,13.59,1185.94,1.03,1.34,186.9
03.09.2016 02:00:00,991.56,16.39,11.36,72.1,18.67,13.46,5.21,8.49,13.57,1186.83,0.34,0.68,228.3
03.09.2016 03:00:00,991.81,16.68,11.32,70.6,19.02,13.43,5.59,8.46,13.54,1185.96,0.59,1.0,184.4
03.09.2016 04:00:00,991.94,15.71,11.5,76.0,17.88,13.59,4.29,8.56,13.7,1190.03,0.3,0.84,234.5
03.09.2016 05:00:00,991.75,15.01,11.44,79.2,17.09,13.53,3.55,8.53,13.65,1192.71,1.19,2.06,191.5
03.09.2016 06:00:00,991.65,15.65,11.6,76.8,17.81,13.68,4.13,8.62,13.79,1189.88,0.36,0.96,19.62
03.09.2016 07:00:00,992.1,16.39,12.04,75.4,18.67,14.08,4.59,8.87,14.19,1187.2,0.97,1.76,40.78
03.09.2016 08:00:00,992.38,17.65,12.38,71.2,20.22,14.4,5.82,9.07,14.51,1182.25,0.73,1.2,133.0
03.09.2016 09:00:00,992.64,19.21,12.61,65.55,22.3,14.62,7.68,9.21,14.73,1176.15,1.08,1.52,153.0
03.09.2016 10:00:00,992.32,22.55,12.7,53.71,27.38,14.71,12.68,9.27,14.82,1162.45,2.78,4.86,230.0
03.09.2016 11:00:00,991.73,23.47,12.39,49.77,28.95,14.41,14.54,9.09,14.53,1158.28,3.3,5.2,214.4
03.09.2016 12:00:00,991.23,24.55,11.21,43.16,30.89,13.33,17.56,8.41,13.45,1153.97,3.44,6.08,221.2
03.09.2016 13:00:00,991.08,24.94,11.34,42.52,31.61,13.44,18.17,8.48,13.56,1152.24,3.66,6.48,227.7
03.09.2016 14:00:00,990.65,25.63,11.87,42.26,32.94,13.92,19.02,8.79,14.05,1148.87,3.13,6.32,272.5
03.09.2016 15:00:00,990.03,25.7,12.98,45.29,33.07,14.98,18.09,9.47,15.13,1147.41,2.74,4.9,251.9
03.09.2016 16:00:00,989.71,25.41,12.69,45.21,32.51,14.7,17.81,9.29,14.85,1148.27,3.63,5.08,206.4
03.09.2016 17:00:00,989.34,25.54,11.93,42.66,32.76,13.98,18.79,8.83,14.13,1147.66,3.35,6.56,219.1
03.09.2016 18:00:00,989.39,25.13,12.37,45.02,31.97,14.39,17.58,9.1,14.55,1149.11,2.6,4.16,226.7
03.09.2016 19:00:00,989.48,23.7,11.13,45.16,29.35,13.26,16.1,8.38,13.4,1155.26,1.6,2.04,258.6
03.09.2016 20:00:00,989.36,21.77,11.7,52.71,26.11,13.76,12.35,8.7,13.91,1162.45,2.76,3.36,248.3
03.09.2016 21:00:00,989.22,20.41,11.87,57.96,24.02,13.92,10.1,8.8,14.07,1167.6,0.61,1.76,244.4
03.09.2016 22:00:00,989.02,19.37,12.0,62.36,22.52,14.04,8.48,8.88,14.2,1171.46,1.62,2.48,149.8
03.09.2016 23:00:00,988.48,18.1,11.94,67.26,20.8,13.99,6.81,8.85,14.15,1175.94,1.25,2.2,151.5
04.09.2016 00:00:00,988.12,17.91,11.95,68.11,20.56,14.0,6.56,8.86,14.17,1176.27,1.14,2.12,173.1
04.09.2016 01:00:00,987.78,17.38,11.93,70.3,19.88,13.98,5.9,8.85,14.15,1178.02,0.62,1.68,178.8
04.09.2016 02:00:00,987.47,17.29,12.05,71.3,19.77,14.09,5.67,8.93,14.27,1177.96,0.92,1.96,181.7
04.09.2016 03:00:00,987.32,16.67,12.1,74.4,19.0,14.14,4.87,8.96,14.32,1180.28,0.7,1.64,89.5
04.09.2016 04:00:00,987.14,16.59,12.01,74.3,18.91,14.05,4.86,8.9,14.23,1180.43,0.58,2.08,158.4
04.09.2016 05:00:00,986.94,16.99,12.16,73.2,19.39,14.2,5.2,9.0,14.38,1178.5,1.52,2.2,207.2
04.09.2016 06:00:00,986.91,17.24,12.22,72.3,19.7,14.25,5.46,9.03,14.44,1177.42,0.8,1.32,188.2
04.09.2016 07:00:00,987.02,17.93,12.54,70.7,20.58,14.55,6.03,9.22,14.74,1174.63,1.43,2.0,192.3
04.09.2016 08:00:00,986.91,18.37,12.79,69.91,21.16,14.79,6.37,9.38,14.99,1172.61,1.8,3.08,168.3
04.09.2016 09:00:00,986.62,19.88,12.92,64.17,23.25,14.92,8.33,9.46,15.12,1166.17,1.94,3.0,155.4
04.09.2016 10:00:00,986.53,21.3,12.35,56.63,25.37,14.37,11.0,9.11,14.56,1160.69,3.84,6.41,211.9
04.09.2016 11:00:00,987.31,18.96,14.1,73.4,21.95,16.11,5.84,10.21,16.32,1170.13,3.2,5.5,248.1
04.09.2016 12:00:00,986.6,17.14,14.67,85.4,19.58,16.72,2.86,10.61,16.95,1176.34,3.75,5.61,197.9
04.09.2016 13:00:00,986.02,17.61,14.56,82.3,20.17,16.6,3.57,10.54,16.84,1173.79,4.86,7.35,205.4
04.09.2016 14:00:00,985.41,19.8,14.63,72.1,23.13,16.68,6.45,10.59,16.92,1164.26,6.18,9.49,211.9
04.09.2016 15:00:00,984.65,21.45,14.38,64.09,25.61,16.41,9.2,10.43,16.67,1156.96,3.65,7.39,225.5
04.09.2016 16:00:00,984.53,20.8,14.36,66.61,24.61,16.39,8.22,10.42,16.65,1159.38,3.88,6.6,219.7
04.09.2016 17:00:00,984.39,16.58,14.78,89.1,18.9,16.84,2.06,10.71,17.1,1175.9,1.97,5.16,170.2
04.09.2016 18:00:00,983.63,16.32,15.12,92.6,18.59,17.21,1.38,10.96,17.5,1175.87,4.06,5.73,228.0
04.09.2016 19:00:00,983.84,15.91,13.96,88.2,18.11,15.97,2.14,10.16,16.23,1178.36,1.2,3.26,238.9
04.09.2016 20:00:00,984.62,15.47,14.23,92.3,17.6,16.25,1.36,10.33,16.5,1180.97,0.6,2.1,166.3
04.09.2016 21:00:00,984.97,15.53,13.69,88.8,17.67,15.69,1.98,9.97,15.93,1181.4,2.15,3.48,246.0
04.09.2016 22:00:00,985.44,15.86,13.29,84.7,18.05,15.29,2.76,9.71,15.51,1180.8,2.37,2.92,251.6
04.09.2016 23:00:00,985.66,15.86,13.67,86.8,18.05,15.67,2.38,9.95,15.89,1180.89,0.67,1.36,135.5
05.09.2016 00:00:00,985.88,15.72,13.26,85.3,17.89,15.26,2.63,9.68,15.48,1181.92,1.84,2.48,242.9
05.09.2016 01:00:00,986.09,14.72,12.79,88.2,16.77,14.79,1.98,9.38,15.0,1186.49,1.14,1.8,255.0
05.09.2016 02:00:00,986.15,14.84,12.35,85.0,16.9,14.37,2.54,9.11,14.57,1186.26,0.73,2.36,239.8
05.09.2016 03:00:00,986.57,14.64,12.04,84.4,16.69,14.08,2.6,8.93,14.27,1187.72,1.94,3.44,255.6
05.09.2016 04:00:00,986.68,14.74,11.72,82.1,16.79,13.79,3.01,8.74,13.97,1187.58,1.42,3.12,254.1
05.09.2016 05:00:00,987.19,14.46,11.45,82.1,16.49,13.54,2.95,8.58,13.72,1189.47,1.61,2.88,250.6
05.09.2016 06:00:00,987.71,14.21,11.22,82.2,16.23,13.34,2.89,8.44,13.51,1191.23,1.0,2.12,231.0
05.09.2016 07:00:00,988.0,14.81,11.04,78.1,16.87,13.18,3.69,8.34,13.34,1189.17,1.76,3.28,254.3
05.09.2016 08:00:00,988.53,13.5,11.76,89.2,15.5,13.82,1.67,8.74,13.98,1194.95,1.75,3.2,241.0
05.09.2016 09:00:00,989.06,14.22,12.4,88.8,16.24,14.42,1.82,9.12,14.58,1192.32,0.87,2.04,288.5
05.09.2016 10:00:00,989.59,15.78,13.39,85.7,17.96,15.39,2.57,9.73,15.55,1186.08,2.05,3.6,236.4
05.09.2016 11:00:00,989.97,17.36,13.01,75.6,19.85,15.01,4.84,9.49,15.16,1180.26,2.92,5.61,268.9
05.09.2016 12:00:00,990.36,16.86,12.83,77.1,19.24,14.83,4.4,9.37,14.97,1182.85,2.35,4.72,274.7
05.09.2016 13:00:00,990.71,17.75,13.14,74.4,20.35,15.14,5.21,9.56,15.28,1179.51,2.57,4.52,270.3
05.09.2016 14:00:00,991.18,18.08,12.9,71.7,20.78,14.9,5.88,9.4,15.03,1178.84,1.78,4.6,254.2
05.09.2016 15:00:00,991.82,17.9,13.21,74.0,20.54,15.2,5.34,9.59,15.33,1180.2,2.17,4.12,261.2
05.09.2016 16:00:00,992.17,18.66,13.98,74.2,21.55,15.99,5.56,10.08,16.11,1177.19,2.1,3.8,278.7
05.09.2016 17:00:00,992.74,16.68,14.6,87.5,19.02,16.64,2.38,10.49,16.76,1185.62,2.35,3.16,251.9
05.09.2016 18:00:00,993.4,16.92,14.4,85.1,19.31,16.43,2.88,10.35,16.54,1185.52,1.0,1.64,260.4
05.09.2016 19:00:00,994.19,16.53,14.52,87.9,18.84,16.56,2.28,10.42,16.65,1188.01,1.47,2.52,247.5
05.09.2016 20:00:00,994.92,16.26,14.01,86.5,18.51,16.02,2.5,10.07,16.1,1190.25,1.78,2.56,246.9
05.09.2016 21:00:00,995.64,16.27,14.0,86.4,18.53,16.01,2.52,10.06,16.08,1191.07,1.89,2.94,248.6
05.09.2016 22:00:00,996.2,16.23,13.87,85.9,18.48,15.87,2.61,9.97,15.93,1191.98,2.07,3.32,248.9
05.09.2016 23:00:00,996.53,15.89,13.91,88.0,18.08,15.91,2.17,9.99,15.97,1193.76,1.64,2.4,224.1
06.09.2016 00:00:00,997.1,16.07,13.93,87.1,18.29,15.93,2.36,10.0,15.98,1193.69,1.54,2.6,239.4
06.09.2016 01:00:00,997.47,16.14,14.0,87.1,18.37,16.0,2.37,10.04,16.04,1193.82,0.93,1.84,150.0
06.09.2016 02:00:00,998.05,15.94,13.96,88.0,18.14,15.96,2.18,10.01,15.99,1195.36,1.33,2.4,249.0
06.09.2016 03:00:00,998.57,15.87,13.96,88.4,18.06,15.96,2.09,10.0,15.99,1196.28,1.06,1.96,248.2
06.09.2016 04:00:00,998.84,15.8,13.96,88.8,17.98,15.97,2.01,10.0,15.98,1196.89,0.6,1.42,195.2
06.09.2016 05:00:00,998.95,15.75,13.94,89.0,17.92,15.95,1.97,9.99,15.97,1197.24,0.55,1.0,230.2
06.09.2016 06:00:00,999.34,15.29,13.75,90.5,17.4,15.75,1.65,9.86,15.76,1199.71,1.23,2.28,6.9
06.09.2016 07:00:00,999.99,15.57,13.94,90.0,17.72,15.94,1.77,9.98,15.94,1199.24,0.97,2.0,235.7
06.09.2016 08:00:00,1000.41,16.28,14.08,86.8,18.54,16.09,2.45,10.07,16.08,1196.74,0.64,2.12,21.87
06.09.2016 09:00:00,1000.8,16.34,14.1,86.6,18.61,16.12,2.49,10.08,16.1,1196.95,0.61,1.48,308.6
06.09.2016 10:00:00,1001.17,17.17,13.96,81.4,19.62,15.97,3.65,9.98,15.95,1194.03,0.65,1.62,16.7
06.09.2016 11:00:00,1001.36,17.89,13.75,76.7,20.53,15.75,4.78,9.84,15.72,1191.41,1.78,2.88,11.06
06.09.2016 12:00:00,1001.06,18.43,13.55,73.2,21.24,15.55,5.69,9.72,15.53,1188.94,1.6,2.64,52.18
06.09.2016 13:00:00,1000.85,19.47,13.4,67.92,22.66,15.39,7.27,9.62,15.38,1184.53,3.22,5.28,33.74
06.09.2016 14:00:00,1000.4,20.12,12.89,63.12,23.59,14.89,8.7,9.31,14.89,1181.6,2.93,4.08,44.63
06.09.2016 15:00:00,1000.22,21.12,11.99,55.92,25.09,14.03,11.06,8.77,14.03,1177.75,3.34,4.8,51.01
06.09.2016 16:00:00,999.91,21.07,12.36,57.48,25.02,14.38,10.64,8.99,14.38,1177.43,2.98,7.42,36.38
06.09.2016 17:00:00,999.93,20.7,11.93,57.16,24.45,13.98,10.48,8.74,13.98,1179.11,2.94,4.28,70.4
06.09.2016 18:00:00,999.94,19.95,11.96,59.98,23.35,14.0,9.34,8.76,14.0,1182.13,2.77,4.48,67.8
06.09.2016 19:00:00,1000.18,18.58,12.07,65.83,21.44,14.11,7.33,8.82,14.11,1187.93,0.56,1.4,40.49
06.09.2016 20:00:00,1000.57,17.17,11.61,69.79,19.62,13.69,5.93,8.56,13.68,1194.35,0.77,1.5,262.6
06.09.2016 21:00:00,1000.88,16.02,11.25,73.3,18.23,13.37,4.87,8.35,13.35,1199.63,1.27,2.04,229.8
06.09.2016 22:00:00,1000.82,15.29,10.79,74.5,17.4,12.96,4.44,8.1,12.95,1202.77,0.53,1.04,358.7
06.09.2016 23:00:00,1000.81,13.62,10.39,80.8,15.62,12.62,3.0,7.88,12.61,1209.92,1.65,2.32,228.5
07.09.2016 00:00:00,1000.57,12.69,10.24,85.0,14.7,12.49,2.2,7.8,12.48,1213.62,1.02,1.68,234.5
07.09.2016 01:00:00,1000.34,11.4,10.15,92.0,13.5,12.42,1.08,7.76,12.41,1218.87,0.88,1.46,227.7
07.09.2016 02:00:00,1000.04,10.69,9.54,92.6,12.87,11.92,0.95,7.45,11.92,1221.78,0.7,1.22,188.2
07.09.2016 03:00:00,999.78,10.1,9.21,94.2,12.38,11.66,0.72,7.29,11.66,1224.14,0.83,1.32,181.8
07.09.2016 04:00:00,999.19,9.88,9.15,95.2,12.2,11.61,0.59,7.26,11.62,1224.38,0.83,1.44,209.0
07.09.2016 05:00:00,998.76,9.57,8.98,96.1,11.94,11.48,0.47,7.18,11.49,1225.26,0.17,0.48,10.99
07.09.2016 06:00:00,998.84,9.05,8.57,96.8,11.53,11.16,0.37,6.98,11.18,1227.76,0.51,0.94,194.9
07.09.2016 07:00:00,998.86,9.17,8.78,97.4,11.63,11.32,0.3,7.08,11.34,1227.19,0.64,1.12,241.7
07.09.2016 08:00:00,998.67,11.37,10.72,95.8,13.47,12.9,0.57,8.08,12.92,1216.73,0.85,1.8,182.0
07.09.2016 09:00:00,998.43,15.3,11.26,76.8,17.41,13.37,4.04,8.37,13.39,1199.65,0.95,1.76,181.4
07.09.2016 10:00:00,997.89,18.61,12.13,65.95,21.48,14.17,7.31,8.88,14.2,1185.04,1.32,1.88,158.2
07.09.2016 11:00:00,996.96,20.96,13.31,61.61,24.85,15.31,9.54,9.61,15.36,1173.95,1.25,2.64,197.8
07.09.2016 12:00:00,996.02,22.19,13.58,58.15,26.79,15.58,11.21,9.79,15.64,1167.85,1.58,3.0,76.3
07.09.2016 13:00:00,995.35,24.14,13.81,52.45,30.14,15.81,14.33,9.94,15.88,1159.29,2.67,4.46,165.0
07.09.2016 14:00:00,994.59,24.39,14.15,52.83,30.59,16.16,14.43,10.17,16.25,1157.28,3.11,6.52,127.4
07.09.2016 15:00:00,993.91,25.07,14.86,53.13,31.86,16.93,14.93,10.66,17.03,1153.5,2.77,4.84,107.9
07.09.2016 16:00:00,993.26,25.22,15.52,54.94,32.15,17.66,14.48,11.13,17.78,1151.85,3.34,5.12,82.9
07.09.2016 17:00:00,992.54,25.32,15.47,54.43,32.34,17.6,14.74,11.1,17.73,1150.64,2.3,3.98,92.8
07.09.2016 18:00:00,991.81,24.72,15.44,56.3,31.2,17.57,13.64,11.09,17.71,1152.12,2.52,4.0,59.0
07.09.2016 19:00:00,991.61,23.34,15.55,61.61,28.72,17.7,11.03,11.18,17.85,1157.19,0.58,1.18,351.3
07.09.2016 20:00:00,991.59,22.03,15.44,66.22,26.53,17.57,8.96,11.09,17.72,1162.36,0.27,0.92,75.8
07.09.2016 21:00:00,991.54,20.98,15.24,69.7,24.88,17.34,7.54,10.95,17.49,1166.55,0.27,0.48,23.1
07.09.2016 22:00:00,991.37,19.34,15.09,76.4,22.48,17.17,5.31,10.85,17.32,1172.96,0.16,0.36,15.88
07.09.2016 23:00:00,991.25,17.71,14.83,83.2,20.3,16.89,3.41,10.67,17.04,1179.52,0.67,1.04,212.2
08.09.2016 00:00:00,990.98,16.73,14.66,87.6,19.08,16.71,2.37,10.56,16.86,1183.27,0.65,1.04,210.4
08.09.2016 01:00:00,990.65,15.97,14.47,90.8,18.18,16.5,1.67,10.43,16.66,1186.07,0.46,0.86,39.86
08.09.2016 02:00:00,990.23,15.42,14.16,92.2,17.55,16.18,1.37,10.22,16.34,1187.98,0.5,1.12,210.7
08.09.2016 03:00:00,989.93,14.61,13.28,91.7,16.65,15.27,1.38,9.65,15.43,1191.37,0.19,0.56,60.92
08.09.2016 04:00:00,989.53,13.84,12.91,94.1,15.84,14.91,0.93,9.42,15.07,1194.25,0.39,0.56,87.4
08.09.2016 05:00:00,989.27,13.31,12.62,95.6,15.31,14.63,0.67,9.25,14.79,1196.27,0.17,0.36,19.38
08.09.2016 06:00:00,989.09,12.54,11.92,96.0,14.55,13.97,0.58,8.83,14.12,1199.58,0.72,1.44,118.1
08.09.2016 07:00:00,988.82,14.51,12.72,89.0,16.55,14.73,1.82,9.32,14.89,1190.69,0.47,0.92,128.2
08.09.2016 08:00:00,988.43,17.21,13.54,79.0,19.67,15.54,4.13,9.84,15.72,1178.78,0.76,1.52,164.3
08.09.2016 09:00:00,988.05,19.56,14.29,71.6,22.79,16.32,6.47,10.34,16.51,1168.52,1.67,2.6,145.7
08.09.2016 10:00:00,987.59,22.62,14.82,61.4,27.5,16.88,10.61,10.7,17.1,1155.63,2.52,3.36,150.5
08.09.2016 11:00:00,987.07,24.7,14.97,54.7,31.17,17.05,14.12,10.81,17.27,1146.88,2.11,3.96,138.0
08.09.2016 12:00:00,986.59,26.16,14.02,47.18,33.99,16.03,17.95,10.17,16.25,1141.18,2.58,5.04,192.8
08.09.2016 13:00:00,986.27,27.08,13.75,43.91,35.88,15.75,20.12,10.0,15.97,1137.43,3.25,4.88,178.4
08.09.2016 14:00:00,985.71,27.81,13.08,40.27,37.44,15.08,22.36,9.57,15.3,1134.32,4.1,6.28,181.4
08.09.2016 15:00:00,985.49,28.06,13.82,41.65,37.99,15.82,22.17,10.05,16.06,1132.8,3.26,5.24,165.6
08.09.2016 16:00:00,985.2,28.36,14.39,42.47,38.66,16.42,22.24,10.43,16.66,1131.08,3.08,4.8,228.2
08.09.2016 17:00:00,985.28,28.06,14.51,43.56,37.99,16.55,21.44,10.51,16.79,1132.24,2.84,5.36,213.7
08.09.2016 18:00:00,985.33,26.45,15.08,49.64,34.57,17.16,17.41,10.91,17.42,1138.11,1.82,2.96,231.0
08.09.2016 19:00:00,985.67,24.46,15.38,56.96,30.72,17.5,13.22,11.12,17.75,1145.97,2.44,2.8,227.9
08.09.2016 20:00:00,986.16,24.24,15.12,56.75,30.32,17.21,13.11,10.92,17.45,1147.52,1.49,2.48,258.4
08.09.2016 21:00:00,986.47,21.52,14.98,66.31,25.72,17.05,8.66,10.82,17.29,1158.55,1.1,2.36,204.6
08.09.2016 22:00:00,986.76,20.29,14.73,70.4,23.84,16.79,7.06,10.65,17.01,1163.87,1.26,1.72,210.7
08.09.2016 23:00:00,987.2,19.17,14.6,74.8,22.24,16.64,5.61,10.55,16.85,1168.92,0.75,1.06,188.0
09.09.2016 00:00:00,987.63,17.86,14.94,83.0,20.49,17.01,3.48,10.78,17.22,1174.53,1.01,1.84,179.5
09.09.2016 01:00:00,987.93,17.64,14.83,83.6,20.21,16.89,3.31,10.71,17.1,1175.83,0.42,0.96,48.35
09.09.2016 02:00:00,988.09,16.59,14.63,88.2,18.91,16.68,2.23,10.57,16.88,1180.38,0.81,1.52,217.2
09.09.2016 03:00:00,988.49,16.34,14.51,88.9,18.61,16.54,2.07,10.48,16.74,1181.94,0.35,0.68,246.8
09.09.2016 04:00:00,988.82,16.08,14.41,89.8,18.3,16.44,1.87,10.4,16.62,1183.45,0.55,1.3,193.6
09.09.2016 05:00:00,989.13,16.31,14.44,88.7,18.57,16.48,2.1,10.43,16.66,1182.87,0.22,0.8,49.54
09.09.2016 06:00:00,989.72,15.41,13.95,91.0,17.53,15.96,1.58,10.09,16.12,1187.5,1.25,1.72,141.6
09.09.2016 07:00:00,990.21,15.95,14.26,89.7,18.15,16.28,1.87,10.29,16.44,1185.73,0.41,1.08,128.2
09.09.2016 08:00:00,990.79,18.52,15.03,80.1,21.36,17.11,4.25,10.81,17.27,1175.6,0.79,1.76,126.6
09.09.2016 09:00:00,991.2,21.87,15.67,67.87,26.27,17.83,8.44,11.27,17.99,1162.41,1.48,2.52,111.5
09.09.2016 10:00:00,991.32,23.66,15.44,59.99,29.28,17.57,11.72,11.1,17.72,1155.66,1.02,2.16,304.2
09.09.2016 11:00:00,991.22,23.8,14.75,56.91,29.53,16.81,12.72,10.61,16.95,1155.34,2.0,3.72,50.2
09.09.2016 12:00:00,991.07,24.55,14.83,54.68,30.89,16.89,14.0,10.67,17.04,1152.21,2.67,4.6,29.16
09.09.2016 13:00:00,991.07,25.38,14.31,50.34,32.45,16.34,16.12,10.32,16.48,1149.25,2.54,4.64,10.81
09.09.2016 14:00:00,990.82,25.79,14.4,49.41,33.25,16.43,16.82,10.38,16.58,1147.34,2.9,4.12,24.19
09.09.2016 15:00:00,990.6,25.48,13.67,48.01,32.65,15.67,16.97,9.9,15.82,1148.61,1.83,3.48,19.18
09.09.2016 16:00:00,990.34,26.46,13.79,45.64,34.59,15.79,18.8,9.98,15.94,1144.5,1.13,1.84,17.2
09.09.2016 17:00:00,990.27,25.93,13.39,45.89,33.53,15.39,18.14,9.72,15.54,1146.63,2.06,3.5,41.59
09.09.2016 18:00:00,990.31,25.12,13.59,48.78,31.95,15.59,16.37,9.85,15.74,1149.7,1.19,1.88,16.78
09.09.2016 19:00:00,990.67,24.02,13.95,53.32,29.92,15.95,13.97,10.08,16.1,1154.21,1.47,1.96,1.2
09.09.2016 20:00:00,991.25,21.59,14.15,62.61,25.83,16.17,9.66,10.21,16.31,1164.32,0.54,1.08,47.54
09.09.2016 21:00:00,991.45,20.63,13.86,65.15,24.35,15.86,8.49,10.01,16.0,1168.5,0.37,0.58,43.08
09.09.2016 22:00:00,991.7,19.23,13.96,71.5,22.33,15.96,6.36,10.07,16.1,1174.34,0.21,0.44,62.7
09.09.2016 23:00:00,991.89,17.75,13.85,77.9,20.35,15.85,4.5,10.0,15.98,1180.6,0.28,0.56,287.9
10.09.2016 00:00:00,991.8,17.71,13.91,78.4,20.3,15.91,4.38,10.04,16.05,1180.62,0.39,0.68,80.2
10.09.2016 01:00:00,991.9,15.96,13.5,85.3,18.16,15.49,2.67,9.77,15.62,1188.08,0.43,1.04,178.5
10.09.2016 02:00:00,992.06,15.43,13.38,87.6,17.56,15.38,2.18,9.7,15.5,1190.51,0.79,1.04,47.38
10.09.2016 03:00:00,991.95,14.79,13.08,89.5,16.85,15.08,1.77,9.51,15.2,1193.16,0.56,0.84,160.7
10.09.2016 04:00:00,991.77,14.12,12.82,91.9,16.13,14.83,1.31,9.35,14.95,1195.84,0.59,1.12,201.3
10.09.2016 05:00:00,991.7,13.91,12.73,92.6,15.92,14.74,1.18,9.3,14.86,1196.67,0.43,0.8,209.3
10.09.2016 06:00:00,991.93,13.72,12.59,92.9,15.72,14.6,1.12,9.21,14.72,1197.8,0.42,0.86,89.0
10.09.2016 07:00:00,991.9,14.64,12.68,88.0,16.69,14.68,2.0,9.26,14.8,1193.9,0.37,0.76,191.4
10.09.2016 08:00:00,991.96,16.52,13.35,81.5,18.82,15.34,3.48,9.68,15.47,1185.93,0.83,1.4,183.1
10.09.2016 09:00:00,991.77,18.44,14.14,76.0,21.25,16.15,5.1,10.19,16.28,1177.53,0.66,1.52,128.6
10.09.2016 10:00:00,991.56,21.71,15.11,66.1,26.02,17.2,8.82,10.86,17.34,1163.75,0.81,1.48,148.1
10.09.2016 11:00:00,991.14,24.16,15.84,59.72,30.17,18.02,12.15,11.39,18.18,1153.3,0.98,2.16,222.4
10.09.2016 12:00:00,990.49,25.97,16.1,54.55,33.61,18.33,15.27,11.59,18.51,1145.43,1.76,3.02,77.0
10.09.2016 13:00:00,989.89,27.11,16.34,51.78,35.94,18.61,17.33,11.78,18.8,1140.27,1.79,3.36,50.41
10.09.2016 14:00:00,989.31,27.68,15.35,47.01,37.16,17.47,19.69,11.06,17.66,1137.93,2.06,3.92,62.24
10.09.2016 15:00:00,988.97,28.08,15.22,45.54,38.03,17.32,20.71,10.97,17.51,1136.09,1.38,2.44,135.7
10.09.2016 16:00:00,988.63,28.25,15.35,45.49,38.41,17.47,20.94,11.07,17.67,1134.99,1.62,3.44,148.3
10.09.2016 17:00:00,988.37,27.61,15.38,47.29,37.01,17.5,19.51,11.09,17.71,1137.1,1.88,3.44,167.9
10.09.2016 18:00:00,988.31,26.43,15.35,50.57,34.53,17.46,17.07,11.06,17.67,1141.52,0.72,1.76,72.2
10.09.2016 19:00:00,988.54,24.82,15.17,54.99,31.39,17.26,14.13,10.93,17.46,1148.05,0.37,0.68,246.7
10.09.2016 20:00:00,988.85,22.73,15.31,62.93,27.68,17.42,10.26,11.03,17.62,1156.45,0.85,1.2,36.67
10.09.2016 21:00:00,989.15,20.91,14.69,67.56,24.77,16.74,8.04,10.59,16.92,1164.27,1.43,2.04,211.0
10.09.2016 22:00:00,989.34,19.6,14.44,72.1,22.85,16.47,6.37,10.42,16.65,1169.82,0.72,2.2,200.6
10.09.2016 23:00:00,989.46,18.24,14.75,80.1,20.99,16.81,4.18,10.64,16.99,1175.27,0.89,1.42,180.4
11.09.2016 00:00:00,989.52,17.13,14.3,83.4,19.57,16.32,3.25,10.32,16.49,1180.06,0.71,1.3,199.6
11.09.2016 01:00:00,989.37,16.4,14.13,86.4,18.68,16.14,2.54,10.21,16.31,1182.94,0.54,1.12,188.4
11.09.2016 02:00:00,989.46,15.78,13.85,88.3,17.96,15.85,2.1,10.03,16.02,1185.72,1.39,2.76,144.3
11.09.2016 03:00:00,989.61,15.2,13.56,89.9,17.3,15.55,1.75,9.83,15.72,1188.42,0.38,0.78,118.2
11.09.2016 04:00:00,989.66,14.62,13.19,91.1,16.66,15.18,1.48,9.6,15.34,1191.05,1.21,1.88,162.1
11.09.2016 05:00:00,989.71,14.16,13.01,92.8,16.18,15.01,1.16,9.49,15.17,1193.09,0.52,1.44,44.05
11.09.2016 06:00:00,990.31,14.08,12.82,92.1,16.09,14.82,1.27,9.36,14.97,1194.24,0.22,0.72,39.41
11.09.2016 07:00:00,990.84,15.07,13.05,87.7,17.16,15.05,2.11,9.5,15.18,1190.67,0.54,0.96,210.0
11.09.2016 08:00:00,991.31,18.09,13.82,76.1,20.79,15.82,4.97,9.99,15.96,1178.54,0.67,1.2,139.3
11.09.2016 09:00:00,991.59,19.84,14.11,69.54,23.19,16.13,7.06,10.18,16.26,1171.7,1.09,1.74,132.9
11.09.2016 10:00:00,991.79,22.6,15.29,63.36,27.47,17.4,10.06,10.99,17.55,1160.43,0.89,1.6,130.8
11.09.2016 11:00:00,991.65,25.14,16.07,57.18,31.99,18.29,13.7,11.55,18.45,1149.99,1.61,2.16,70.8
11.09.2016 12:00:00,991.52,26.64,16.31,53.14,34.96,18.58,16.38,11.74,18.74,1143.96,1.96,3.28,81.4
11.09.2016 13:00:00,991.31,28.08,16.1,48.19,38.03,18.33,19.7,11.58,18.49,1138.36,1.87,3.16,91.9
11.09.2016 14:00:00,991.08,28.68,15.56,44.96,39.38,17.71,21.67,11.19,17.86,1136.1,1.73,3.7,33.31
11.09.2016 15:00:00,990.95,28.78,15.31,44.0,39.61,17.43,22.18,11.01,17.59,1135.7,1.46,2.8,31.59
11.09.2016 16:00:00,990.95,27.89,15.19,45.97,37.61,17.29,20.32,10.93,17.45,1139.11,1.72,2.48,47.31
11.09.2016 17:00:00,990.94,27.95,15.31,46.17,37.75,17.43,20.32,11.01,17.59,1138.82,2.05,3.68,43.23
11.09.2016 18:00:00,990.87,26.77,15.02,48.54,35.23,17.1,18.13,10.8,17.26,1143.36,1.88,2.42,2.58
11.09.2016 19:00:00,991.46,25.38,14.84,52.1,32.45,16.91,15.54,10.68,17.05,1149.46,0.24,0.48,11.22
11.09.2016 20:00:00,992.04,23.35,15.7,62.15,28.74,17.86,10.88,11.28,18.01,1157.58,0.35,0.68,94.0
11.09.2016 21:00:00,992.28,22.02,15.37,65.97,26.51,17.49,9.02,11.04,17.63,1163.25,0.26,0.56,169.4
11.09.2016 22:00:00,992.51,21.66,14.53,63.88,25.94,16.57,9.37,10.45,16.69,1165.35,0.67,1.44,189.0
11.09.2016 23:00:00,992.7,19.94,14.57,71.2,23.33,16.61,6.72,10.48,16.74,1172.4,0.35,0.72,15.53
12.09.2016 00:00:00,992.82,19.0,14.16,73.5,22.01,16.18,5.83,10.2,16.29,1176.51,0.92,1.64,22.31
12.09.2016 01:00:00,992.96,17.51,14.16,80.7,20.04,16.18,3.87,10.19,16.29,1182.71,0.24,0.72,147.0
12.09.2016 02:00:00,992.96,17.0,14.26,83.9,19.41,16.28,3.12,10.26,16.4,1184.74,0.41,0.72,23.56
12.09.2016 03:00:00,992.9,16.17,13.97,86.8,18.41,15.98,2.43,10.07,16.09,1188.2,0.55,1.16,162.2
12.09.2016 04:00:00,992.85,15.2,13.23,88.0,17.3,15.22,2.08,9.59,15.33,1192.48,0.47,0.76,184.6
12.09.2016 05:00:00,992.78,15.06,13.37,89.6,17.14,15.36,1.78,9.68,15.47,1192.92,0.45,0.98,130.3
12.09.2016 06:00:00,992.82,14.4,12.95,91.0,16.43,14.95,1.48,9.42,15.06,1195.89,0.44,0.76,195.6
12.09.2016 07:00:00,993.04,15.95,13.43,85.0,18.15,15.43,2.72,9.72,15.54,1189.52,0.33,0.76,123.0
12.09.2016 08:00:00,993.16,18.05,13.96,77.0,20.74,15.97,4.77,10.06,16.08,1180.85,0.76,1.2,153.4
12.09.2016 09:00:00,993.13,20.31,14.61,69.78,23.87,16.66,7.21,10.5,16.77,1171.4,0.79,1.84,110.6
12.09.2016 10:00:00,992.89,23.44,15.84,62.36,28.9,18.02,10.88,11.37,18.15,1158.16,0.67,1.2,124.0
12.09.2016 11:00:00,992.49,27.33,15.51,48.47,36.4,17.65,18.76,11.13,17.78,1142.87,1.09,1.96,160.3
12.09.2016 12:00:00,992.11,29.03,15.07,42.69,40.18,17.15,23.03,10.83,17.29,1136.21,1.77,3.48,115.7
12.09.2016 13:00:00,991.59,30.16,14.02,37.39,42.88,16.03,26.85,10.12,16.17,1131.87,2.12,5.72,135.1
12.09.2016 14:00:00,991.08,30.55,14.17,36.91,43.85,16.18,27.66,10.22,16.33,1129.77,2.27,4.14,119.6
12.09.2016 15:00:00,990.68,30.95,14.24,36.24,44.86,16.26,28.6,10.27,16.41,1127.79,2.86,4.88,116.1
12.09.2016 16:00:00,990.48,31.03,14.4,36.45,45.06,16.43,28.64,10.38,16.58,1127.19,2.43,5.0,98.2
12.09.2016 17:00:00,990.34,30.34,14.89,39.14,43.33,16.96,26.37,10.72,17.12,1129.36,2.4,4.6,113.8
12.09.2016 18:00:00,990.28,29.16,14.62,41.15,40.49,16.66,23.83,10.53,16.82,1133.83,2.12,3.18,56.92
12.09.2016 19:00:00,990.36,27.43,14.64,45.57,36.62,16.69,19.93,10.55,16.85,1140.44,0.66,1.88,45.17
12.09.2016 20:00:00,990.7,26.47,14.37,47.38,34.61,16.4,18.21,10.36,16.55,1144.61,0.42,0.76,18.64
12.09.2016 21:00:00,990.96,25.15,14.12,50.4,32.01,16.13,15.88,10.19,16.28,1150.1,1.11,2.12,213.7
12.09.2016 22:00:00,991.24,24.34,14.13,52.92,30.5,16.14,14.36,10.19,16.28,1153.56,0.58,1.08,216.0
12.09.2016 23:00:00,991.45,22.49,14.35,60.04,27.28,16.38,10.9,10.34,16.52,1160.92,0.39,0.56,20.73
13.09.2016 00:00:00,991.55,20.47,13.97,66.26,24.11,15.98,8.13,10.08,16.11,1169.2,0.31,0.86,280.2
13.09.2016 01:00:00,991.5,18.43,14.05,75.6,21.24,16.06,5.18,10.13,16.19,1177.29,0.7,1.16,202.2
13.09.2016 02:00:00,991.37,17.98,13.83,76.7,20.65,15.84,4.81,10.0,15.97,1179.05,0.15,0.44,346.1
13.09.2016 03:00:00,991.13,16.53,13.64,83.0,18.84,15.63,3.2,9.87,15.77,1184.75,0.36,0.84,125.5
13.09.2016 04:00:00,991.06,16.17,13.52,84.3,18.41,15.52,2.89,9.8,15.66,1186.2,0.18,0.48,3.3
13.09.2016 05:00:00,990.96,15.38,13.2,86.8,17.5,15.19,2.31,9.59,15.33,1189.47,0.74,1.28,134.9
13.09.2016 06:00:00,991.17,14.82,13.1,89.4,16.88,15.09,1.79,9.53,15.23,1192.09,0.81,1.32,58.03
13.09.2016 07:00:00,991.41,16.43,13.41,82.3,18.72,15.4,3.31,9.72,15.54,1185.6,0.26,0.8,37.44
13.09.2016 08:00:00,991.51,18.98,13.89,72.3,21.98,15.89,6.09,10.03,16.03,1175.16,0.8,1.5,138.2
13.09.2016 09:00:00,991.3,21.56,14.48,64.05,25.78,16.51,9.27,10.43,16.66,1164.34,0.72,1.32,109.1
13.09.2016 10:00:00,991.2,23.64,14.94,58.18,29.25,17.02,12.23,10.75,17.17,1155.84,1.06,1.88,51.15
13.09.2016 11:00:00,990.8,27.21,15.33,48.25,36.15,17.44,18.71,11.02,17.6,1141.45,1.25,2.66,106.1
13.09.2016 12:00:00,990.22,29.11,15.22,42.92,40.37,17.33,23.04,10.96,17.5,1133.66,1.14,2.6,87.5
13.09.2016 13:00:00,989.68,30.44,14.7,38.44,43.57,16.75,26.82,10.59,16.92,1128.32,1.44,3.28,107.0
13.09.2016 14:00:00,989.14,30.83,13.68,35.18,44.55,15.67,28.88,9.92,15.85,1126.72,1.84,5.22,150.6
13.09.2016 15:00:00,988.71,30.9,12.88,33.27,44.73,14.88,29.85,9.42,15.05,1126.32,2.53,4.36,100.4
13.09.2016 16:00:00,988.29,30.49,12.74,33.75,43.7,14.75,28.95,9.33,14.92,1127.41,3.3,4.96,58.45
13.09.2016 17:00:00,988.1,29.77,12.94,35.62,41.93,14.94,27.0,9.46,15.12,1129.79,3.02,4.58,54.01
13.09.2016 18:00:00,988.01,28.78,12.63,36.95,39.61,14.64,24.97,9.27,14.81,1133.52,2.45,3.46,42.52
13.09.2016 19:00:00,987.95,27.02,12.59,40.85,35.75,14.6,21.15,9.25,14.78,1140.11,1.2,2.88,358.6
13.09.2016 20:00:00,988.13,25.49,13.04,46.03,32.67,15.04,17.63,9.52,15.22,1145.97,1.12,2.06,348.9
13.09.2016 21:00:00,988.24,25.07,14.44,51.69,31.86,16.47,15.39,10.43,16.66,1147.08,2.54,3.12,356.4
13.09.2016 22:00:00,988.63,23.36,14.16,56.25,28.76,16.18,12.58,10.24,16.36,1154.29,0.35,0.92,20.01
13.09.2016 23:00:00,988.8,21.6,14.11,62.41,25.84,16.13,9.71,10.21,16.31,1161.4,0.16,0.3,223.9
14.09.2016 00:00:00,988.7,19.7,14.03,69.78,22.99,16.04,6.95,10.15,16.22,1168.86,0.57,1.04,228.0
14.09.2016 01:00:00,988.65,18.58,13.92,74.3,21.44,15.93,5.51,10.08,16.11,1173.33,0.32,0.64,61.72
14.09.2016 02:00:00,988.72,17.6,13.82,78.5,20.16,15.82,4.33,10.02,16.0,1177.42,0.31,0.6,115.2
14.09.2016 03:00:00,988.69,16.88,13.72,81.6,19.26,15.72,3.54,9.95,15.9,1180.36,0.34,0.7,26.68
14.09.2016 04:00:00,988.74,16.27,13.57,84.0,18.53,15.56,2.96,9.85,15.74,1182.97,0.75,1.04,46.08
14.09.2016 05:00:00,988.91,15.61,13.23,85.7,17.76,15.22,2.54,9.63,15.39,1186.04,0.9,1.32,57.95
14.09.2016 06:00:00,989.0,14.85,12.99,88.6,16.91,14.99,1.93,9.48,15.15,1189.39,0.33,0.56,158.7
14.09.2016 07:00:00,989.14,16.13,13.12,82.3,18.36,15.11,3.25,9.56,15.28,1184.23,0.39,0.92,144.0
14.09.2016 08:00:00,989.34,17.83,13.65,76.5,20.45,15.65,4.81,9.9,15.81,1177.31,0.67,1.26,144.6
14.09.2016 09:00:00,989.37,20.22,14.25,68.53,23.74,16.27,7.47,10.29,16.44,1167.48,0.76,1.72,114.3
14.09.2016 10:00:00,989.43,23.01,14.47,58.61,28.16,16.5,11.65,10.44,16.68,1156.45,0.81,1.58,144.5
14.09.2016 11:00:00,989.24,25.74,14.71,50.55,33.15,16.76,16.39,10.61,16.94,1145.55,0.85,1.88,183.7
14.09.2016 12:00:00,989.09,26.69,14.13,46.05,35.06,16.15,18.92,10.22,16.32,1142.02,2.56,3.8,69.0
14.09.2016 13:00:00,988.88,28.18,13.02,39.25,38.25,15.01,23.24,9.5,15.18,1136.62,3.88,6.87,105.3
14.09.2016 14:00:00,988.36,28.49,12.6,37.5,38.95,14.61,24.34,9.24,14.78,1135.03,3.79,6.56,65.2
14.09.2016 15:00:00,988.0,28.87,12.22,35.8,39.81,14.25,25.56,9.02,14.43,1133.34,2.77,4.56,128.5
14.09.2016 16:00:00,987.72,28.72,12.0,35.58,39.47,14.04,25.43,8.89,14.22,1133.67,2.61,6.4,58.59
14.09.2016 17:00:00,987.65,28.12,11.64,35.97,38.12,13.71,24.41,8.68,13.88,1135.99,2.77,3.92,62.85
14.09.2016 18:00:00,987.67,27.07,12.5,40.49,35.85,14.52,21.34,9.19,14.7,1139.64,3.36,5.04,61.32
14.09.2016 19:00:00,988.08,25.39,14.17,49.84,32.47,16.18,16.29,10.25,16.38,1145.79,4.87,7.36,52.74
14.09.2016 20:00:00,988.37,24.2,15.04,56.62,30.25,17.13,13.12,10.85,17.33,1150.3,4.05,7.35,61.08
14.09.2016 21:00:00,988.74,23.01,14.81,59.92,28.16,16.87,11.29,10.68,17.06,1155.47,1.8,3.8,3.42
14.09.2016 22:00:00,988.68,22.27,14.42,61.1,26.92,16.45,10.47,10.41,16.64,1158.48,2.34,3.64,313.1
14.09.2016 23:00:00,988.72,21.82,14.12,61.61,26.19,16.14,10.06,10.21,16.32,1160.44,2.63,4.4,13.61
15.09.2016 00:00:00,988.64,20.77,13.86,64.6,24.56,15.87,8.69,10.04,16.05,1164.61,0.69,1.16,63.42
15.09.2016 01:00:00,988.43,19.68,13.48,67.42,22.96,15.48,7.48,9.8,15.66,1168.87,1.73,2.28,25.67
15.09.2016 02:00:00,988.1,19.06,13.05,68.11,22.09,15.05,7.04,9.53,15.23,1171.15,2.25,2.88,12.96
15.09.2016 03:00:00,987.86,18.07,12.76,71.1,20.76,14.76,6.0,9.35,14.94,1174.97,0.27,0.4,25.56
15.09.2016 04:00:00,987.81,16.78,12.67,76.7,19.14,14.68,4.46,9.3,14.86,1180.18,1.87,2.52,354.6
15.09.2016 05:00:00,987.63,15.73,11.42,75.5,17.9,13.51,4.39,8.55,13.68,1184.78,0.79,1.84,347.5
15.09.2016 06:00:00,987.98,15.11,10.88,75.8,17.2,13.04,4.16,8.25,13.2,1187.97,0.88,1.36,10.37
15.09.2016 07:00:00,988.26,15.6,10.52,71.7,17.75,12.73,5.02,8.05,12.88,1186.43,1.87,2.92,2.93
15.09.2016 08:00:00,988.1,17.45,10.97,65.68,19.97,13.11,6.85,8.3,13.27,1178.51,1.0,1.56,26.47
15.09.2016 09:00:00,987.99,18.87,11.4,61.84,21.83,13.5,8.33,8.54,13.66,1172.48,1.76,2.38,42.06
15.09.2016 10:00:00,987.65,21.11,12.3,57.13,25.08,14.33,10.75,9.07,14.51,1162.78,2.64,4.08,34.23
15.09.2016 11:00:00,987.1,23.68,12.86,50.68,29.32,14.86,14.46,9.42,15.05,1151.83,4.32,5.78,35.57
15.09.2016 12:00:00,986.71,24.96,12.25,45.1,31.65,14.28,17.38,9.05,14.47,1146.69,5.05,7.0,58.79
15.09.2016 13:00:00,986.38,26.47,12.16,41.0,34.61,14.19,20.42,9.0,14.39,1140.56,3.57,5.84,106.4
15.09.2016 14:00:00,985.69,26.82,12.04,39.85,35.33,14.08,21.25,8.93,14.28,1138.48,3.67,5.94,93.0
15.09.2016 15:00:00,985.12,27.14,12.07,39.19,36.0,14.11,21.89,8.96,14.32,1136.59,4.47,6.87,60.15
15.09.2016 16:00:00,984.82,27.14,12.27,39.72,36.0,14.3,21.7,9.08,14.52,1136.16,4.99,7.12,52.66
15.09.2016 17:00:00,984.8,26.31,12.14,41.33,34.29,14.17,20.12,9.0,14.39,1139.34,4.49,7.93,56.53
15.09.2016 18:00:00,985.05,25.19,11.81,43.21,32.09,13.87,18.22,8.8,14.08,1144.05,3.66,8.07,59.74
15.09.2016 19:00:00,985.13,23.54,11.86,47.85,29.07,13.91,15.16,8.83,14.12,1150.48,0.68,2.32,121.3
15.09.2016 20:00:00,985.42,22.95,11.76,49.28,28.05,13.83,14.23,8.77,14.03,1153.15,3.81,5.7,20.9
15.09.2016 21:00:00,985.46,21.89,11.73,52.43,26.3,13.79,12.51,8.75,13.99,1157.36,3.03,3.74,9.87
15.09.2016 22:00:00,985.6,20.8,11.74,56.09,24.61,13.8,10.8,8.76,14.0,1161.81,0.68,1.36,19.9
15.09.2016 23:00:00,985.49,19.69,11.66,59.77,22.97,13.73,9.24,8.71,13.93,1166.12,0.54,0.92,228.6
16.09.2016 00:00:00,985.46,18.49,11.7,64.57,21.32,13.76,7.55,8.73,13.97,1170.86,0.19,0.44,84.3
16.09.2016 01:00:00,985.38,17.18,11.73,70.3,19.63,13.8,5.83,8.76,14.0,1176.04,0.27,0.86,79.0
16.09.2016 02:00:00,985.64,16.02,11.6,75.0,18.23,13.68,4.56,8.68,13.87,1181.12,0.3,0.74,207.5
16.09.2016 03:00:00,985.83,15.28,11.59,78.6,17.39,13.67,3.72,8.67,13.86,1184.39,0.32,0.64,100.5
16.09.2016 04:00:00,985.94,14.93,11.59,80.4,17.0,13.67,3.33,8.67,13.86,1185.96,0.29,0.56,204.4
16.09.2016 05:00:00,986.1,14.53,11.37,81.3,16.57,13.47,3.1,8.54,13.66,1187.89,0.68,1.24,215.6
16.09.2016 06:00:00,986.05,14.32,11.57,83.5,16.34,13.65,2.7,8.65,13.84,1188.62,0.92,1.9,139.8
16.09.2016 07:00:00,986.27,16.25,12.55,78.7,18.5,14.56,3.94,9.24,14.76,1180.54,0.49,1.0,174.1
16.09.2016 08:00:00,986.63,17.64,13.16,75.0,20.21,15.16,5.05,9.61,15.36,1175.06,0.99,1.64,108.0
16.09.2016 09:00:00,986.61,19.33,14.52,73.7,22.47,16.56,5.91,10.51,16.78,1167.61,0.98,1.64,180.8
16.09.2016 10:00:00,986.95,18.52,15.75,83.9,21.36,17.92,3.44,11.37,18.16,1170.65,0.69,1.28,118.5
16.09.2016 11:00:00,987.13,18.28,16.3,88.2,21.04,18.56,2.48,11.78,18.8,1171.54,0.46,0.96,190.6
16.09.2016 12:00:00,987.07,19.61,17.11,85.5,22.86,19.55,3.31,12.41,19.8,1165.7,0.82,1.48,47.82
16.09.2016 13:00:00,986.57,20.43,15.68,74.2,24.05,17.85,6.21,11.33,18.09,1162.61,1.35,3.16,268.1
16.09.2016 14:00:00,986.51,21.0,15.5,70.8,24.91,17.64,7.27,11.2,17.88,1160.38,1.13,3.18,289.0
16.09.2016 15:00:00,986.39,21.21,15.23,68.71,25.23,17.34,7.9,11.01,17.58,1159.55,2.05,4.28,330.4
16.09.2016 16:00:00,985.95,21.39,14.87,66.39,25.51,16.94,8.57,10.76,17.18,1158.5,1.1,3.56,323.0
16.09.2016 17:00:00,985.64,21.36,14.61,65.39,25.47,16.65,8.81,10.58,16.89,1158.38,0.95,2.44,308.1
16.09.2016 18:00:00,985.48,20.35,14.35,68.43,23.93,16.38,7.56,10.4,16.62,1162.3,0.53,1.5,256.5
16.09.2016 19:00:00,985.6,19.38,14.48,73.3,22.54,16.52,6.02,10.49,16.76,1166.23,0.84,1.44,243.7
16.09.2016 20:00:00,986.1,19.29,14.4,73.3,22.41,16.43,5.98,10.43,16.66,1167.22,0.47,1.24,11.09
16.09.2016 21:00:00,985.73,18.87,14.73,76.9,21.83,16.79,5.04,10.66,17.03,1168.3,1.08,2.18,36.21
16.09.2016 22:00:00,986.0,17.99,15.4,84.8,20.66,17.52,3.14,11.13,17.77,1171.82,2.62,4.0,250.0
16.09.2016 23:00:00,986.45,16.09,14.94,92.9,18.32,17.01,1.3,10.8,17.25,1180.29,0.91,2.36,239.0
17.09.2016 00:00:00,986.4,15.59,14.74,94.7,17.74,16.8,0.94,10.66,17.03,1182.37,1.15,2.4,15.24
17.09.2016 01:00:00,986.36,15.09,14.31,95.1,17.18,16.34,0.84,10.37,16.56,1184.59,1.64,2.12,25.86
17.09.2016 02:00:00,985.91,15.26,14.48,95.1,17.37,16.52,0.85,10.49,16.75,1183.26,1.37,2.42,212.4
17.09.2016 03:00:00,985.67,15.4,14.52,94.5,17.52,16.56,0.96,10.52,16.8,1182.38,1.27,2.28,249.4
17.09.2016 04:00:00,985.58,15.09,13.93,92.8,17.18,15.94,1.24,10.12,16.17,1183.83,1.69,3.72,255.5
17.09.2016 05:00:00,985.24,14.87,13.87,93.7,16.94,15.87,1.07,10.08,16.11,1184.35,2.06,3.52,248.0
17.09.2016 06:00:00,985.28,14.93,13.86,93.3,17.0,15.86,1.14,10.08,16.1,1184.16,2.07,3.68,262.1
17.09.2016 07:00:00,985.56,14.81,13.57,92.3,16.87,15.57,1.3,9.89,15.8,1185.12,1.51,3.4,228.6
17.09.2016 08:00:00,985.72,14.87,13.85,93.6,16.94,15.85,1.08,10.06,16.08,1184.94,1.31,2.12,248.9
17.09.2016 09:00:00,985.66,15.13,14.19,94.1,17.22,16.21,1.02,10.29,16.44,1183.64,2.11,4.0,258.6
17.09.2016 10:00:00,985.49,15.33,14.35,93.9,17.44,16.38,1.06,10.4,16.62,1182.53,1.6,2.76,245.9
17.09.2016 11:00:00,985.22,15.34,14.33,93.7,17.46,16.36,1.1,10.39,16.6,1182.17,2.42,4.77,260.2
17.09.2016 12:00:00,985.07,15.53,14.47,93.4,17.67,16.5,1.17,10.49,16.75,1181.15,1.11,1.96,221.9
17.09.2016 13:00:00,985.0,15.46,14.27,92.6,17.59,16.29,1.3,10.35,16.54,1181.45,2.9,4.97,27.43
17.09.2016 14:00:00,985.39,15.17,14.08,93.2,17.27,16.09,1.17,10.22,16.33,1183.2,3.61,5.65,22.4
17.09.2016 15:00:00,985.32,14.74,13.92,94.8,16.79,15.92,0.87,10.11,16.16,1184.96,0.72,1.72,295.8
17.09.2016 16:00:00,985.35,14.62,13.49,92.9,16.66,15.48,1.18,9.83,15.71,1185.69,2.52,5.37,12.88
17.09.2016 17:00:00,985.6,14.35,13.37,93.8,16.38,15.36,1.02,9.75,15.59,1187.16,3.38,5.45,17.81
17.09.2016 18:00:00,985.66,14.33,13.54,95.0,16.35,15.54,0.82,9.86,15.76,1187.24,1.96,3.6,23.56
17.09.2016 19:00:00,985.67,14.6,13.71,94.4,16.64,15.71,0.93,9.97,15.94,1186.06,3.0,4.69,23.46
17.09.2016 20:00:00,986.14,14.76,13.81,94.0,16.82,15.81,1.01,10.03,16.03,1185.92,0.81,2.16,246.3
17.09.2016 21:00:00,986.52,14.9,13.93,93.9,16.97,15.93,1.04,10.11,16.15,1185.75,0.49,1.2,246.9
17.09.2016 22:00:00,986.61,15.16,13.82,91.7,17.26,15.82,1.43,10.04,16.04,1184.84,1.05,1.9,342.1
17.09.2016 23:00:00,986.68,15.34,13.74,90.2,17.46,15.75,1.71,9.99,15.96,1184.22,1.38,2.04,339.9
18.09.2016 00:00:00,986.71,15.15,13.73,91.2,17.24,15.73,1.52,9.97,15.94,1185.04,1.19,2.72,354.9
18.09.2016 01:00:00,986.53,15.21,13.24,88.0,17.31,15.23,2.08,9.66,15.44,1184.8,1.03,2.38,298.4
18.09.2016 02:00:00,986.6,14.98,12.85,87.1,17.06,14.86,2.2,9.42,15.06,1186.01,2.65,4.24,27.89
18.09.2016 03:00:00,986.57,14.38,12.95,91.1,16.41,14.95,1.46,9.48,15.15,1188.4,1.55,3.58,11.7
18.09.2016 04:00:00,986.61,14.47,12.89,90.2,16.5,14.89,1.62,9.44,15.09,1188.11,1.46,2.76,13.35
18.09.2016 05:00:00,986.54,14.33,12.82,90.6,16.35,14.82,1.54,9.4,15.02,1188.63,3.47,5.93,26.46
18.09.2016 06:00:00,986.58,13.9,12.37,90.5,15.9,14.39,1.51,9.13,14.59,1190.66,3.61,5.09,27.51
18.09.2016 07:00:00,986.79,13.44,11.73,89.4,15.44,13.8,1.64,8.74,13.98,1193.1,5.14,8.09,23.07
18.09.2016 08:00:00,987.12,13.04,11.22,88.7,15.04,13.34,1.7,8.45,13.51,1195.38,5.32,7.73,28.2
18.09.2016 09:00:00,987.45,12.99,11.02,87.8,14.99,13.16,1.83,8.33,13.33,1196.07,5.28,7.33,33.57
18.09.2016 10:00:00,987.71,13.09,11.05,87.4,15.09,13.19,1.9,8.35,13.35,1195.96,3.96,5.81,31.31
18.09.2016 11:00:00,987.49,14.31,11.52,83.3,16.33,13.61,2.73,8.62,13.78,1190.42,3.1,5.33,34.64
18.09.2016 12:00:00,987.5,15.01,11.42,79.1,17.09,13.52,3.57,8.56,13.69,1187.58,4.03,5.73,44.12
18.09.2016 13:00:00,987.25,15.8,11.47,75.4,17.98,13.56,4.42,8.59,13.73,1184.02,4.91,6.85,43.75
18.09.2016 14:00:00,986.97,16.67,11.56,71.8,19.0,13.65,5.36,8.64,13.83,1180.09,4.5,6.01,34.77
18.09.2016 15:00:00,986.94,17.03,11.61,70.4,19.44,13.69,5.76,8.67,13.87,1178.57,3.7,5.97,43.41
18.09.2016 16:00:00,987.11,16.8,11.54,71.1,19.16,13.62,5.54,8.63,13.8,1179.73,3.19,5.05,40.05
18.09.2016 17:00:00,987.18,16.18,11.87,75.6,18.42,13.93,4.49,8.82,14.11,1182.21,2.9,3.84,26.83
18.09.2016 18:00:00,987.98,13.98,11.41,84.5,15.99,13.51,2.48,8.55,13.67,1192.43,2.15,4.0,59.96
18.09.2016 19:00:00,988.33,12.95,10.77,86.6,14.95,12.95,2.0,8.19,13.1,1197.41,2.43,3.68,51.69
18.09.2016 20:00:00,988.55,12.91,10.33,84.3,14.91,12.57,2.34,7.95,12.71,1198.02,2.12,3.8,24.12
18.09.2016 21:00:00,988.66,12.6,10.24,85.5,14.61,12.49,2.12,7.9,12.63,1199.49,1.19,2.08,14.46
18.09.2016 22:00:00,988.69,12.53,10.27,86.1,14.54,12.52,2.02,7.92,12.66,1199.8,2.17,3.32,26.41
18.09.2016 23:00:00,988.65,12.58,10.25,85.7,14.59,12.5,2.09,7.9,12.65,1199.55,1.05,3.16,33.5
19.09.2016 00:00:00,988.87,11.98,9.7,85.9,14.03,12.05,1.98,7.61,12.18,1202.56,3.23,5.33,26.41
19.09.2016 01:00:00,988.98,11.62,9.7,88.0,13.7,12.05,1.64,7.61,12.19,1204.21,3.8,5.89,22.8
19.09.2016 02:00:00,988.97,11.46,9.91,90.2,13.55,12.22,1.33,7.72,12.36,1204.79,2.94,5.09,25.25
19.09.2016 03:00:00,989.08,11.31,10.11,92.3,13.42,12.38,1.03,7.82,12.52,1205.49,1.58,2.56,17.68
19.09.2016 04:00:00,989.16,11.24,10.38,94.4,13.35,12.61,0.75,7.97,12.75,1205.78,1.87,2.92,27.59
19.09.2016 05:00:00,989.24,11.2,10.59,96.0,13.32,12.79,0.53,8.08,12.93,1205.96,1.68,3.36,9.34
19.09.2016 06:00:00,989.38,11.47,10.51,93.8,13.56,12.72,0.84,8.04,12.86,1205.02,0.78,1.4,232.8
19.09.2016 07:00:00,989.69,11.54,10.48,93.2,13.62,12.7,0.93,8.02,12.83,1205.12,1.97,4.28,10.33
19.09.2016 08:00:00,989.85,11.4,10.61,94.9,13.5,12.81,0.69,8.09,12.94,1205.85,1.75,3.04,25.04
19.09.2016 09:00:00,990.52,11.45,10.65,94.8,13.54,12.84,0.7,8.1,12.96,1206.45,4.83,6.57,25.19
19.09.2016 10:00:00,991.21,11.7,10.72,93.7,13.77,12.9,0.87,8.14,13.02,1206.2,3.28,5.09,27.13
19.09.2016 11:00:00,991.35,12.59,10.93,89.6,14.6,13.08,1.52,8.25,13.2,1202.53,2.24,3.68,23.55
19.09.2016 12:00:00,991.44,13.71,11.04,83.9,15.71,13.18,2.53,8.31,13.29,1197.9,2.48,4.73,19.58
19.09.2016 13:00:00,991.34,14.53,9.76,73.0,16.57,12.09,4.47,7.62,12.2,1194.87,2.67,4.61,22.74
19.09.2016 14:00:00,991.33,14.98,9.82,71.2,17.06,12.14,4.91,7.66,12.25,1192.96,3.29,4.53,44.01
19.09.2016 15:00:00,991.35,15.58,9.99,69.3,17.73,12.28,5.44,7.74,12.39,1190.45,2.84,4.04,34.04
19.09.2016 16:00:00,991.34,15.39,10.34,71.8,17.51,12.57,4.94,7.93,12.68,1191.09,2.18,3.84,14.91
19.09.2016 17:00:00,991.47,15.02,10.29,73.3,17.1,12.53,4.57,7.9,12.64,1192.79,1.29,3.32,3.48
19.09.2016 18:00:00,991.54,14.36,10.37,76.9,16.39,12.6,3.79,7.94,12.71,1195.58,0.96,1.72,214.6
19.09.2016 19:00:00,991.81,13.87,10.24,78.7,15.87,12.49,3.38,7.87,12.6,1198.0,1.03,1.62,225.8
19.09.2016 20:00:00,992.19,13.85,9.62,75.6,15.85,11.99,3.87,7.55,12.08,1198.78,0.96,1.88,244.0
19.09.2016 21:00:00,992.32,13.79,9.29,74.2,15.79,11.72,4.07,7.38,11.81,1199.31,0.45,0.86,197.6
19.09.2016 22:00:00,992.26,13.49,8.9,73.7,15.49,11.41,4.07,7.19,11.5,1200.63,0.51,1.0,246.5
19.09.2016 23:00:00,992.31,13.2,8.95,75.4,15.2,11.46,3.74,7.21,11.55,1201.89,0.74,1.12,260.9
20.09.2016 00:00:00,992.33,12.91,9.21,78.2,14.91,11.66,3.25,7.34,11.75,1203.04,0.37,0.8,228.3
20.09.2016 01:00:00,992.31,13.02,9.66,80.0,15.02,12.01,3.0,7.57,12.11,1202.39,0.37,0.84,160.8
20.09.2016 02:00:00,992.08,12.93,9.4,79.1,14.93,11.81,3.12,7.44,11.9,1202.58,0.92,1.72,2.3
20.09.2016 03:00:00,991.85,12.36,9.83,84.5,14.38,12.15,2.23,7.66,12.25,1204.54,0.26,0.56,91.5
20.09.2016 04:00:00,991.82,11.96,9.92,87.3,14.01,12.23,1.78,7.7,12.33,1206.16,0.52,1.0,100.1
20.09.2016 05:00:00,991.82,12.18,9.6,84.2,14.21,11.97,2.25,7.54,12.06,1205.35,0.35,0.76,300.6
20.09.2016 06:00:00,992.02,11.61,9.25,85.4,13.69,11.69,2.0,7.36,11.78,1208.14,0.56,1.28,224.5
20.09.2016 07:00:00,992.55,11.26,8.66,84.0,13.37,11.23,2.14,7.07,11.32,1210.48,1.42,3.04,6.1
20.09.2016 08:00:00,992.8,11.58,7.71,77.1,13.66,10.53,3.13,6.62,10.61,1209.75,1.04,1.8,357.1
20.09.2016 09:00:00,993.02,12.35,8.13,75.4,14.37,10.84,3.54,6.82,10.91,1206.62,1.25,2.48,31.7
20.09.2016 10:00:00,993.35,12.82,7.93,72.1,14.82,10.69,4.14,6.72,10.76,1205.1,2.59,4.04,36.12
20.09.2016 11:00:00,993.11,13.86,7.83,66.91,15.86,10.61,5.25,6.67,10.69,1200.48,2.44,3.56,64.73
20.09.2016 12:00:00,992.92,14.53,7.25,61.59,16.57,10.2,6.36,6.42,10.28,1197.64,2.14,3.68,39.58
20.09.2016 13:00:00,992.72,14.19,6.48,59.69,16.21,9.67,6.53,6.08,9.75,1199.06,2.44,3.78,46.08
20.09.2016 14:00:00,992.48,14.01,7.36,64.17,16.02,10.28,5.74,6.47,10.36,1199.24,3.27,4.57,29.7
20.09.2016 15:00:00,992.32,14.32,7.58,63.84,16.34,10.43,5.91,6.57,10.52,1197.69,2.24,3.56,42.63
20.09.2016 16:00:00,992.37,14.57,7.01,60.42,16.61,10.04,6.57,6.31,10.11,1196.89,1.29,2.12,32.3
20.09.2016 17:00:00,992.4,14.31,6.85,60.75,16.33,9.92,6.41,6.24,10.0,1198.06,3.38,5.21,40.0
20.09.2016 18:00:00,992.68,14.02,7.14,63.18,16.03,10.13,5.9,6.37,10.2,1199.52,0.24,0.56,358.9
20.09.2016 19:00:00,993.04,13.64,6.94,63.85,15.64,9.98,5.65,6.28,10.05,1201.61,0.92,1.46,14.05
20.09.2016 20:00:00,993.33,12.86,8.25,73.5,14.86,10.92,3.94,6.87,11.0,1204.81,0.73,2.24,312.4
20.09.2016 21:00:00,993.4,12.55,8.17,74.6,14.56,10.86,3.7,6.83,10.94,1206.23,0.34,0.68,123.8
20.09.2016 22:00:00,993.59,11.89,8.03,77.2,13.94,10.76,3.18,6.77,10.83,1209.29,0.59,0.84,348.7
20.09.2016 23:00:00,993.76,10.74,7.89,82.5,12.92,10.66,2.26,6.7,10.72,1214.45,0.64,0.88,39.27
21.09.2016 00:00:00,993.67,9.48,7.73,88.8,11.87,10.54,1.33,6.63,10.61,1219.81,0.26,0.62,32.24
21.09.2016 01:00:00,993.51,8.78,6.71,86.8,11.32,9.83,1.49,6.18,9.89,1222.97,0.91,1.32,222.3
21.09.2016 02:00:00,993.45,8.21,6.49,88.9,10.89,9.68,1.21,6.09,9.75,1225.44,0.41,0.68,112.8
21.09.2016 03:00:00,993.38,7.52,6.23,91.5,10.39,9.51,0.88,5.98,9.57,1228.45,0.99,1.56,224.9
21.09.2016 04:00:00,993.45,7.06,6.07,93.4,10.07,9.4,0.66,5.91,9.47,1230.6,0.62,0.84,206.6
21.09.2016 05:00:00,993.5,5.96,5.14,94.4,9.33,8.81,0.52,5.54,8.87,1235.79,0.54,1.1,168.8
21.09.2016 06:00:00,993.64,5.19,4.77,97.1,8.85,8.59,0.26,5.4,8.65,1239.48,1.68,2.4,194.0
21.09.2016 07:00:00,993.77,5.78,5.46,97.8,9.22,9.02,0.2,5.66,9.07,1236.82,1.67,2.4,181.0
21.09.2016 08:00:00,993.8,6.52,6.24,98.1,9.7,9.52,0.18,5.98,9.58,1233.37,0.71,1.6,212.6
21.09.2016 09:00:00,994.12,7.49,7.14,97.6,10.37,10.12,0.25,6.36,10.18,1229.21,1.43,2.0,201.7
21.09.2016 10:00:00,994.34,9.25,8.62,95.8,11.69,11.2,0.49,7.03,11.26,1221.32,0.88,1.8,156.4
21.09.2016 11:00:00,994.28,12.01,8.66,79.9,14.05,11.23,2.82,7.05,11.29,1209.41,1.37,2.16,159.1
21.09.2016 12:00:00,993.91,15.17,9.61,69.38,17.27,11.98,5.29,7.53,12.05,1195.37,1.42,2.44,141.9
21.09.2016 13:00:00,993.43,17.27,9.68,60.94,19.74,12.03,7.71,7.57,12.11,1186.13,1.3,2.6,92.5
21.09.2016 14:00:00,993.34,17.29,9.3,59.35,19.77,11.73,8.04,7.38,11.81,1186.08,1.67,2.84,352.7
21.09.2016 15:00:00,993.32,16.73,9.88,63.92,19.08,12.19,6.88,7.67,12.28,1188.13,2.08,3.72,20.96
21.09.2016 16:00:00,992.83,18.87,9.67,55.09,21.83,12.03,9.8,7.57,12.11,1178.92,1.04,1.8,202.3
21.09.2016 17:00:00,992.79,17.45,9.76,60.57,19.97,12.09,7.87,7.61,12.18,1184.6,1.41,2.12,51.18
21.09.2016 18:00:00,993.0,16.65,10.27,65.97,18.98,12.52,6.46,7.88,12.61,1187.93,0.44,0.96,232.5
21.09.2016 19:00:00,993.41,14.93,9.77,71.2,17.0,12.11,4.9,7.61,12.19,1195.71,0.21,0.52,334.7
21.09.2016 20:00:00,993.95,13.38,9.97,79.8,15.38,12.27,3.11,7.71,12.34,1202.76,0.59,0.88,49.4
21.09.2016 21:00:00,994.21,12.67,9.68,82.0,14.68,12.04,2.64,7.56,12.11,1206.17,1.14,1.72,222.2
21.09.2016 22:00:00,994.42,11.39,9.38,87.4,13.49,11.79,1.7,7.41,11.86,1211.96,0.22,0.56,220.9
21.09.2016 23:00:00,994.69,10.74,9.2,90.2,12.92,11.65,1.27,7.32,11.71,1215.13,0.88,1.28,196.7
22.09.2016 00:00:00,994.68,9.7,8.67,93.3,12.05,11.24,0.81,7.06,11.3,1219.78,0.65,1.12,179.0
22.09.2016 01:00:00,995.01,9.24,8.61,95.8,11.68,11.19,0.49,7.03,11.25,1222.2,0.61,1.08,212.6
22.09.2016 02:00:00,995.14,8.97,8.21,95.0,11.47,10.9,0.57,6.84,10.95,1223.66,0.66,1.0,187.7
22.09.2016 03:00:00,995.16,8.27,7.67,96.0,10.94,10.5,0.44,6.59,10.55,1226.92,0.64,0.88,192.9
22.09.2016 04:00:00,995.28,7.35,6.92,97.1,10.27,9.97,0.3,6.26,10.02,1231.33,0.79,1.2,188.7
22.09.2016 05:00:00,995.18,7.13,6.82,97.9,10.12,9.91,0.21,6.21,9.95,1232.21,0.67,1.32,193.2
22.09.2016 06:00:00,995.4,6.84,6.57,98.2,9.92,9.74,0.18,6.11,9.78,1233.85,1.57,2.08,218.3
22.09.2016 07:00:00,995.66,6.74,6.51,98.4,9.85,9.69,0.16,6.08,9.73,1234.63,1.29,1.88,221.9
22.09.2016 08:00:00,996.09,7.1,6.87,98.4,10.1,9.94,0.16,6.23,9.97,1233.46,1.44,2.24,185.0
22.09.2016 09:00:00,996.46,8.87,8.57,98.0,11.39,11.16,0.23,7.0,11.2,1225.61,0.62,1.88,123.0
22.09.2016 10:00:00,996.48,11.71,11.17,96.5,13.78,13.3,0.48,8.34,13.34,1212.43,0.91,1.68,93.8
22.09.2016 11:00:00,996.3,15.97,10.75,71.1,18.18,12.92,5.25,8.11,12.97,1194.51,1.27,2.2,100.7
22.09.2016 12:00:00,995.82,18.41,10.74,60.88,21.21,12.91,8.3,8.11,12.97,1183.95,1.76,2.84,55.18
22.09.2016 13:00:00,995.55,18.08,10.24,60.14,20.78,12.49,8.28,7.84,12.55,1185.16,1.7,3.02,55.81
22.09.2016 14:00:00,995.23,18.29,10.08,58.72,21.05,12.36,8.69,7.76,12.42,1183.98,0.83,1.36,280.9
22.09.2016 15:00:00,995.14,18.43,10.5,59.84,21.24,12.71,8.53,7.98,12.77,1183.15,1.37,2.2,62.85
22.09.2016 16:00:00,994.88,18.48,10.38,59.19,21.3,12.61,8.69,7.92,12.67,1182.68,0.67,0.84,240.8
22.09.2016 17:00:00,994.77,19.15,10.18,56.0,22.22,12.44,9.77,7.82,12.51,1179.91,1.39,2.12,156.9
22.09.2016 18:00:00,994.94,17.24,10.51,64.58,19.7,12.72,6.98,7.99,12.79,1187.74,1.52,2.1,219.6
22.09.2016 19:00:00,995.14,15.47,10.95,74.4,17.6,13.1,4.51,8.23,13.16,1195.1,0.74,0.94,50.01
22.09.2016 20:00:00,995.29,14.28,10.27,76.8,16.3,12.52,3.78,7.86,12.58,1200.5,1.65,2.04,228.5
22.09.2016 21:00:00,995.43,13.16,10.23,82.4,15.16,12.49,2.67,7.84,12.55,1205.38,1.95,2.28,226.6
22.09.2016 22:00:00,995.64,12.12,10.15,87.7,14.16,12.41,1.74,7.79,12.47,1210.07,0.91,1.36,174.5
22.09.2016 23:00:00,995.82,11.48,10.0,90.6,13.57,12.29,1.28,7.71,12.35,1213.06,0.95,1.68,205.5
23.09.2016 00:00:00,995.82,11.03,9.96,93.1,13.17,12.26,0.91,7.69,12.31,1214.99,0.83,1.44,151.3
23.09.2016 01:00:00,995.69,10.6,9.76,94.5,12.8,12.09,0.7,7.59,12.15,1216.75,1.53,2.36,168.1
23.09.2016 02:00:00,995.86,10.06,9.25,94.7,12.34,11.69,0.65,7.33,11.74,1219.47,1.22,2.22,173.1
23.09.2016 03:00:00,995.9,9.66,8.92,95.1,12.02,11.43,0.59,7.17,11.47,1221.37,1.07,2.0,180.7
23.09.2016 04:00:00,995.98,9.48,8.69,94.8,11.87,11.25,0.62,7.06,11.3,1222.32,1.13,1.56,197.2
23.09.2016 05:00:00,995.86,9.59,8.72,94.3,11.96,11.28,0.68,7.07,11.32,1221.69,0.88,1.4,198.1
23.09.2016 06:00:00,996.11,9.53,8.66,94.3,11.91,11.23,0.68,7.04,11.28,1222.28,1.28,1.88,187.0
23.09.2016 07:00:00,996.7,9.58,8.73,94.4,11.95,11.28,0.67,7.07,11.32,1222.77,1.18,1.86,187.1
23.09.2016 08:00:00,997.06,11.28,9.3,87.6,13.39,11.73,1.66,7.35,11.76,1215.7,1.12,1.78,179.4
23.09.2016 09:00:00,997.47,14.07,9.66,74.7,16.08,12.01,4.07,7.53,12.04,1204.25,0.55,1.36,177.7
23.09.2016 10:00:00,997.55,16.48,10.03,65.6,18.78,12.32,6.46,7.72,12.35,1194.19,1.39,2.56,174.3
23.09.2016 11:00:00,997.47,19.53,8.82,49.92,22.75,11.36,11.39,7.11,11.38,1182.08,1.95,3.12,297.7
23.09.2016 12:00:00,997.46,19.78,8.2,47.12,23.1,10.89,12.22,6.82,10.91,1181.28,1.34,2.64,330.4
23.09.2016 13:00:00,997.57,19.91,8.18,46.67,23.29,10.87,12.42,6.81,10.9,1180.89,1.51,3.2,329.6
23.09.2016 14:00:00,997.52,20.56,8.49,45.79,24.24,11.1,13.14,6.95,11.13,1178.1,1.61,2.88,327.2
23.09.2016 15:00:00,997.39,21.1,8.17,43.33,25.06,10.86,14.2,6.8,10.89,1175.91,1.26,3.36,299.2
23.09.2016 16:00:00,997.54,21.37,7.98,42.08,25.48,10.72,14.76,6.71,10.75,1175.06,1.23,2.4,299.8
23.09.2016 17:00:00,997.57,20.26,7.58,43.83,23.8,10.43,13.37,6.53,10.46,1179.68,1.11,1.56,250.7
23.09.2016 18:00:00,997.63,19.39,7.56,46.22,22.55,10.42,12.13,6.52,10.45,1183.26,1.76,2.16,267.3
23.09.2016 19:00:00,998.1,16.94,8.0,55.54,19.33,10.74,8.6,6.72,10.76,1193.68,2.76,4.0,246.6
23.09.2016 20:00:00,998.78,15.02,8.5,64.97,17.1,11.11,5.99,6.95,11.12,1202.27,1.09,2.0,223.1
23.09.2016 21:00:00,999.06,13.7,9.06,73.5,15.7,11.54,4.16,7.22,11.55,1207.95,0.81,1.64,190.8
23.09.2016 22:00:00,999.22,12.84,8.67,75.7,14.84,11.24,3.61,7.02,11.24,1211.92,1.21,2.08,201.1
23.09.2016 23:00:00,999.44,11.32,8.63,83.5,13.43,11.21,2.22,7.01,11.22,1218.68,1.3,1.88,153.7
24.09.2016 00:00:00,999.54,10.53,8.41,86.7,12.74,11.04,1.69,6.9,11.05,1222.26,1.1,1.5,185.2
24.09.2016 01:00:00,999.29,9.82,8.36,90.6,12.15,11.0,1.14,6.88,11.01,1225.04,0.55,1.32,162.6
24.09.2016 02:00:00,999.39,9.76,8.17,89.8,12.1,10.86,1.23,6.79,10.87,1225.5,0.33,0.78,340.8
24.09.2016 03:00:00,999.51,9.08,7.88,92.2,11.56,10.65,0.9,6.66,10.66,1228.69,0.2,0.48,141.8
24.09.2016 04:00:00,999.64,8.44,7.53,94.0,11.06,10.4,0.66,6.5,10.4,1231.76,0.48,1.16,168.9
24.09.2016 05:00:00,999.68,8.54,7.57,93.6,11.14,10.43,0.71,6.51,10.43,1231.36,0.71,1.36,203.3
24.09.2016 06:00:00,999.93,7.82,6.98,94.4,10.61,10.01,0.59,6.25,10.01,1235.02,0.38,1.08,167.1
24.09.2016 07:00:00,1000.2,7.72,7.05,95.5,10.53,10.06,0.47,6.28,10.06,1235.78,0.43,1.1,174.7
24.09.2016 08:00:00,1000.42,10.77,8.11,83.6,12.94,10.82,2.12,6.76,10.82,1222.42,0.55,1.04,136.1
24.09.2016 09:00:00,1000.53,12.52,8.74,77.7,14.53,11.29,3.24,7.05,11.29,1214.84,0.91,1.72,166.2
24.09.2016 10:00:00,1000.44,15.08,9.72,70.3,17.17,12.07,5.1,7.54,12.06,1203.6,0.88,1.72,151.5
24.09.2016 11:00:00,1000.02,17.44,10.89,65.4,19.95,13.05,6.9,8.16,13.05,1192.87,1.54,2.68,147.7
24.09.2016 12:00:00,999.58,19.15,11.14,59.72,22.22,13.27,8.95,8.3,13.27,1185.27,1.51,3.2,144.4
24.09.2016 13:00:00,998.92,19.73,9.86,52.87,23.03,12.18,10.85,7.62,12.19,1182.63,1.83,2.9,102.3
24.09.2016 14:00:00,998.48,20.51,10.35,52.06,24.17,12.58,11.59,7.88,12.6,1178.79,1.57,2.72,62.63
24.09.2016 15:00:00,998.05,21.31,10.48,50.02,25.39,12.7,12.69,7.95,12.72,1175.02,0.8,1.84,95.3
24.09.2016 16:00:00,997.48,20.91,10.69,51.97,24.77,12.87,11.9,8.07,12.91,1175.86,1.07,1.8,69.83
24.09.2016 17:00:00,997.1,19.84,10.92,56.37,23.19,13.07,10.12,8.19,13.11,1179.62,2.14,3.44,28.15
24.09.2016 18:00:00,997.07,18.89,11.14,60.7,21.86,13.27,8.59,8.32,13.31,1183.34,1.25,1.6,12.37
24.09.2016 19:00:00,997.06,17.33,11.2,67.22,19.82,13.32,6.5,8.35,13.36,1189.66,0.22,0.52,45.3
24.09.2016 20:00:00,997.31,15.42,11.24,76.1,17.55,13.35,4.19,8.37,13.39,1197.82,0.46,0.9,43.35
24.09.2016 21:00:00,997.23,14.07,10.51,79.1,16.08,12.72,3.36,7.97,12.76,1203.63,1.73,2.44,227.1
24.09.2016 22:00:00,997.05,13.47,10.39,81.6,15.47,12.62,2.85,7.91,12.66,1205.98,0.97,1.64,226.4
24.09.2016 23:00:00,996.79,12.84,10.19,83.9,14.84,12.45,2.39,7.81,12.49,1208.4,1.13,1.72,211.8
25.09.2016 00:00:00,996.57,11.26,9.85,91.0,13.37,12.17,1.2,7.63,12.21,1214.97,0.36,0.92,132.6
25.09.2016 01:00:00,996.73,10.42,9.53,94.2,12.64,11.91,0.73,7.47,11.95,1218.88,0.28,0.68,15.85
25.09.2016 02:00:00,996.62,10.08,9.1,93.6,12.36,11.57,0.79,7.25,11.61,1220.38,0.92,1.52,155.6
25.09.2016 03:00:00,996.29,9.58,8.84,95.1,11.95,11.37,0.59,7.13,11.41,1222.22,0.91,1.32,194.1
25.09.2016 04:00:00,995.98,8.73,8.13,96.0,11.28,10.83,0.45,6.79,10.88,1225.77,0.63,1.52,192.7
25.09.2016 05:00:00,995.64,8.22,7.68,96.4,10.9,10.51,0.39,6.59,10.55,1227.73,0.71,1.44,169.5
25.09.2016 06:00:00,995.51,7.41,7.0,97.2,10.31,10.02,0.29,6.29,10.07,1231.34,0.94,1.48,201.5
25.09.2016 07:00:00,995.65,7.02,6.7,97.8,10.04,9.82,0.22,6.16,9.86,1233.31,0.86,1.36,209.6
25.09.2016 08:00:00,995.7,7.8,7.5,98.0,10.59,10.38,0.21,6.51,10.43,1229.7,0.82,1.64,215.8
25.09.2016 09:00:00,995.55,11.82,11.2,96.0,13.88,13.32,0.56,8.37,13.38,1210.81,0.96,2.0,169.0
25.09.2016 10:00:00,995.19,15.08,10.14,72.3,17.17,12.41,4.76,7.79,12.47,1197.09,1.24,2.16,120.9
25.09.2016 11:00:00,994.56,18.32,10.9,61.89,21.09,13.05,8.04,8.2,13.13,1182.74,2.33,3.9,154.8
25.09.2016 12:00:00,994.06,20.07,10.63,54.53,23.52,12.83,10.7,8.07,12.9,1175.19,3.61,5.6,165.5
25.09.2016 13:00:00,993.43,21.18,10.26,49.68,25.19,12.51,12.67,7.87,12.6,1170.15,3.0,4.8,181.8
25.09.2016 14:00:00,992.88,21.89,9.47,45.1,26.3,11.86,14.44,7.47,11.95,1166.98,2.06,4.72,163.6
25.09.2016 15:00:00,992.54,21.97,9.66,45.47,26.43,12.02,14.41,7.57,12.11,1166.19,2.27,3.84,142.2
25.09.2016 16:00:00,992.3,22.19,9.34,43.91,26.79,11.76,15.03,7.41,11.85,1165.16,1.99,3.64,188.2
25.09.2016 17:00:00,992.42,21.17,8.92,45.4,25.17,11.43,13.74,7.19,11.51,1169.49,1.06,1.44,239.4
25.09.2016 18:00:00,992.48,20.05,8.43,47.08,23.49,11.06,12.43,6.96,11.14,1174.19,0.31,0.92,60.33
25.09.2016 19:00:00,992.79,17.93,9.8,58.92,20.58,12.13,8.45,7.63,12.21,1182.63,0.16,0.3,308.9
25.09.2016 20:00:00,993.0,16.5,9.61,63.71,18.8,11.98,6.82,7.54,12.06,1188.79,1.33,2.56,228.4
25.09.2016 21:00:00,993.17,15.13,10.04,71.6,17.22,12.33,4.89,7.76,12.42,1194.48,0.37,0.92,226.7
25.09.2016 22:00:00,993.21,14.72,9.53,71.0,16.77,11.91,4.86,7.49,11.99,1196.43,2.16,2.76,226.8
25.09.2016 23:00:00,993.41,12.47,9.99,84.8,14.49,12.28,2.2,7.73,12.37,1205.92,0.89,2.0,184.4
26.09.2016 00:00:00,993.54,12.62,9.58,81.7,14.63,11.95,2.68,7.52,12.03,1205.6,0.6,1.12,202.2
26.09.2016 01:00:00,993.65,11.56,9.53,87.3,13.64,11.91,1.73,7.49,11.98,1210.24,0.43,0.92,192.7
26.09.2016 02:00:00,993.83,10.97,9.15,88.5,13.12,11.61,1.51,7.3,11.68,1213.11,0.97,1.72,171.3
26.09.2016 03:00:00,993.86,11.33,9.13,86.3,13.43,11.59,1.84,7.29,11.67,1211.63,0.58,1.16,204.4
26.09.2016 04:00:00,993.96,10.14,8.41,89.0,12.41,11.04,1.37,6.94,11.11,1217.09,0.75,1.2,155.6
26.09.2016 05:00:00,994.34,9.54,8.42,92.7,11.92,11.05,0.87,6.94,11.11,1220.14,0.31,0.8,182.8
26.09.2016 06:00:00,994.57,9.08,8.12,93.7,11.56,10.83,0.73,6.8,10.89,1222.51,0.65,1.08,180.8
26.09.2016 07:00:00,995.17,9.33,8.34,93.5,11.75,10.99,0.76,6.9,11.04,1222.1,0.72,1.82,162.8
26.09.2016 08:00:00,995.37,12.34,9.22,81.2,14.36,11.66,2.7,7.32,11.72,1209.15,0.45,0.98,137.0
26.09.2016 09:00:00,995.8,12.63,9.64,82.0,14.64,12.0,2.63,7.53,12.05,1208.29,0.32,0.68,70.8
26.09.2016 10:00:00,996.13,13.46,10.31,81.2,15.46,12.55,2.91,7.87,12.6,1204.94,0.52,0.88,188.8
26.09.2016 11:00:00,996.34,14.61,11.43,81.2,16.65,13.52,3.13,8.49,13.57,1199.94,0.74,1.56,124.3
26.09.2016 12:00:00,996.25,15.41,12.26,81.5,17.53,14.29,3.24,8.97,14.34,1196.14,1.3,1.64,228.9
26.09.2016 13:00:00,995.89,16.7,12.43,75.9,19.04,14.45,4.59,9.08,14.51,1190.31,1.95,3.04,274.2
26.09.2016 14:00:00,995.79,16.83,12.4,75.1,19.2,14.42,4.78,9.06,14.48,1189.67,1.71,2.8,219.9
26.09.2016 15:00:00,995.81,17.59,12.43,71.7,20.14,14.44,5.7,9.07,14.5,1186.58,0.83,1.56,239.8
26.09.2016 16:00:00,995.74,17.37,12.61,73.6,19.87,14.62,5.24,9.18,14.68,1187.32,1.39,2.2,47.13
26.09.2016 17:00:00,995.78,17.46,12.84,74.3,19.98,14.85,5.13,9.33,14.91,1186.9,0.37,0.52,269.8
26.09.2016 18:00:00,996.05,17.19,12.62,74.5,19.64,14.63,5.01,9.19,14.69,1188.42,0.89,1.08,259.9
26.09.2016 19:00:00,996.15,16.53,13.11,80.2,18.84,15.11,3.73,9.49,15.16,1191.03,0.62,1.12,141.3
26.09.2016 20:00:00,996.64,16.2,12.98,81.2,18.44,14.98,3.47,9.4,15.03,1193.04,1.02,1.34,240.9
26.09.2016 21:00:00,996.85,15.88,12.91,82.5,18.07,14.91,3.16,9.36,14.96,1194.64,0.93,1.28,230.7
26.09.2016 22:00:00,996.85,15.71,13.09,84.4,17.88,15.09,2.79,9.47,15.13,1195.26,0.71,1.44,355.8
26.09.2016 23:00:00,996.66,15.05,12.78,86.3,17.13,14.79,2.35,9.28,14.84,1197.9,0.41,0.94,221.4
27.09.2016 00:00:00,996.62,13.9,12.67,92.3,15.9,14.68,1.22,9.21,14.73,1202.71,0.83,1.32,222.3
27.09.2016 01:00:00,996.86,13.28,12.09,92.5,15.28,14.13,1.15,8.86,14.17,1205.85,1.44,2.4,212.4
27.09.2016 02:00:00,996.96,13.47,12.28,92.5,15.47,14.31,1.16,8.97,14.35,1205.1,0.37,0.84,78.4
27.09.2016 03:00:00,996.97,13.16,12.18,93.8,15.16,14.22,0.94,8.92,14.26,1206.46,0.23,0.52,197.9
27.09.2016 04:00:00,997.14,12.73,11.92,94.8,14.74,13.97,0.77,8.76,14.01,1208.59,0.48,0.8,46.4
27.09.2016 05:00:00,997.47,12.47,11.68,94.9,14.49,13.75,0.74,8.62,13.78,1210.2,0.21,0.46,117.3
27.09.2016 06:00:00,997.95,12.4,11.64,95.1,14.42,13.71,0.71,8.59,13.74,1211.09,0.42,0.96,214.7
27.09.2016 07:00:00,998.52,12.14,11.49,95.8,14.17,13.58,0.6,8.5,13.6,1212.96,0.31,0.52,205.1
27.09.2016 08:00:00,999.01,12.41,11.6,94.8,14.43,13.68,0.75,8.56,13.69,1212.36,0.75,1.32,197.4
27.09.2016 09:00:00,999.47,13.6,12.38,92.3,15.6,14.4,1.2,9.01,14.4,1207.56,0.68,1.22,112.2
27.09.2016 10:00:00,999.76,16.2,13.3,82.9,18.44,15.29,3.15,9.57,15.29,1196.65,0.89,1.76,123.0
27.09.2016 11:00:00,999.69,17.61,13.25,75.6,20.17,15.25,4.92,9.54,15.25,1190.79,1.52,2.52,97.1
27.09.2016 12:00:00,999.55,18.98,13.18,69.02,21.98,15.17,6.81,9.5,15.18,1185.07,1.37,2.44,132.8
27.09.2016 13:00:00,999.58,19.63,13.02,65.61,22.89,15.02,7.87,9.4,15.02,1182.54,1.12,1.72,259.0
27.09.2016 14:00:00,999.54,19.82,12.51,62.7,23.16,14.52,8.64,9.09,14.53,1181.95,0.63,1.36,27.82
27.09.2016 15:00:00,999.42,21.51,12.44,56.26,25.7,14.46,11.24,9.05,14.47,1175.06,1.42,2.84,159.6
27.09.2016 16:00:00,999.29,21.43,12.3,56.02,25.58,14.33,11.25,8.97,14.34,1175.28,1.37,2.48,177.8
27.09.2016 17:00:00,999.52,20.0,12.28,61.08,23.42,14.3,9.12,8.95,14.31,1181.29,1.15,1.62,214.2
27.09.2016 18:00:00,999.69,18.95,11.83,63.29,21.94,13.89,8.05,8.69,13.89,1185.94,1.09,1.68,239.7
27.09.2016 19:00:00,999.94,17.44,12.11,70.9,19.95,14.15,5.81,8.85,14.15,1192.27,0.27,0.68,305.6
27.09.2016 20:00:00,1000.26,15.82,11.88,77.4,18.0,13.93,4.07,8.71,13.93,1199.44,1.35,1.96,212.9
27.09.2016 21:00:00,1000.37,14.89,11.92,82.4,16.96,13.97,2.98,8.73,13.97,1203.43,1.64,2.12,220.1
27.09.2016 22:00:00,1000.46,13.76,11.86,88.3,15.76,13.92,1.84,8.7,13.91,1208.31,0.85,1.48,215.0
27.09.2016 23:00:00,1000.42,12.63,11.24,91.2,14.64,13.35,1.29,8.34,13.34,1213.3,1.65,2.64,181.3
28.09.2016 00:00:00,1000.5,11.95,11.1,94.5,14.0,13.23,0.77,8.26,13.22,1216.35,0.71,1.4,206.3
28.09.2016 01:00:00,1000.2,11.4,10.63,95.0,13.5,12.82,0.67,8.01,12.82,1218.52,0.51,1.3,148.9
28.09.2016 02:00:00,999.94,11.3,10.53,95.0,13.41,12.74,0.67,7.96,12.74,1218.66,0.95,1.36,197.6
28.09.2016 03:00:00,999.82,10.79,10.18,96.0,12.96,12.44,0.52,7.78,12.44,1220.84,0.7,1.76,233.8
28.09.2016 04:00:00,999.58,10.33,9.81,96.6,12.57,12.14,0.43,7.59,12.15,1222.67,1.38,2.08,208.3
28.09.2016 05:00:00,999.42,10.09,9.7,97.4,12.37,12.05,0.32,7.53,12.05,1223.55,1.25,2.4,193.7
28.09.2016 06:00:00,999.38,9.81,9.45,97.6,12.14,11.85,0.29,7.41,11.85,1224.81,1.88,2.56,183.5
28.09.2016 07:00:00,999.3,9.97,9.61,97.6,12.27,11.97,0.29,7.49,11.98,1223.96,0.52,1.56,170.5
28.09.2016 08:00:00,999.15,11.17,10.54,95.9,13.29,12.75,0.55,7.97,12.76,1218.25,2.2,3.28,151.7
28.09.2016 09:00:00,999.11,16.01,12.53,79.8,18.22,14.54,3.68,9.1,14.55,1197.0,1.44,5.53,155.4
28.09.2016 10:00:00,999.01,19.77,12.41,62.49,23.09,14.43,8.66,9.03,14.44,1181.57,3.95,6.49,229.8
28.09.2016 11:00:00,998.08,19.73,10.78,56.22,23.03,12.95,10.08,8.11,12.97,1181.28,5.32,8.35,215.8
28.09.2016 12:00:00,997.76,20.75,10.45,51.66,24.53,12.67,11.86,7.94,12.7,1176.92,5.55,11.25,216.5
28.09.2016 13:00:00,997.26,20.85,11.13,53.72,24.68,13.26,11.42,8.31,13.3,1175.67,4.62,7.61,214.0
28.09.2016 14:00:00,997.05,21.02,11.54,54.61,24.94,13.62,11.32,8.54,13.66,1174.58,3.66,7.49,234.3
28.09.2016 15:00:00,996.99,20.92,11.8,55.9,24.79,13.86,10.93,8.69,13.9,1174.81,3.66,7.13,258.8
28.09.2016 16:00:00,997.1,20.04,11.72,58.73,23.48,13.79,9.69,8.65,13.83,1178.5,2.48,5.08,248.5
28.09.2016 17:00:00,997.09,19.85,11.49,58.5,23.2,13.57,9.63,8.51,13.61,1179.35,2.26,5.04,244.5
28.09.2016 18:00:00,997.04,19.04,10.82,58.87,22.06,12.99,9.07,8.14,13.03,1182.82,3.93,6.01,231.2
28.09.2016 19:00:00,997.52,18.51,10.95,61.39,21.34,13.1,8.24,8.21,13.14,1185.48,0.84,1.64,108.7
28.09.2016 20:00:00,997.49,17.36,10.87,65.61,19.85,13.03,6.83,8.16,13.06,1190.18,1.39,2.9,203.2
28.09.2016 21:00:00,997.47,17.2,11.01,66.9,19.65,13.15,6.51,8.24,13.18,1190.76,3.42,5.29,217.1
28.09.2016 22:00:00,997.49,16.91,11.14,68.77,19.3,13.27,6.03,8.32,13.3,1191.91,2.81,4.53,219.3
28.09.2016 23:00:00,997.23,16.79,11.04,68.81,19.15,13.18,5.97,8.26,13.21,1192.13,1.32,2.2,153.5
29.09.2016 00:00:00,997.19,16.47,10.92,69.68,18.76,13.07,5.69,8.2,13.11,1193.45,2.23,3.56,175.3
29.09.2016 01:00:00,997.13,15.72,10.86,72.8,17.89,13.02,4.87,8.16,13.06,1196.51,0.48,1.36,94.7
29.09.2016 02:00:00,996.62,15.01,10.72,75.5,17.09,12.9,4.19,8.09,12.95,1198.88,0.64,1.5,143.5
29.09.2016 03:00:00,996.05,14.46,10.68,78.0,16.49,12.86,3.63,8.07,12.92,1200.51,0.99,1.88,61.27
29.09.2016 04:00:00,995.51,15.67,10.75,72.5,17.83,12.93,4.9,8.12,12.98,1194.8,2.86,4.46,214.2
29.09.2016 05:00:00,995.21,14.7,10.87,77.8,16.75,13.03,3.72,8.19,13.1,1198.42,2.32,3.32,191.9
29.09.2016 06:00:00,994.83,14.19,10.83,80.2,16.21,13.0,3.21,8.17,13.07,1200.09,0.6,1.4,177.1
29.09.2016 07:00:00,994.51,14.6,10.95,78.7,16.64,13.1,3.54,8.23,13.17,1197.95,0.9,1.56,127.1
29.09.2016 08:00:00,994.15,15.81,11.45,75.3,17.99,13.55,4.44,8.52,13.63,1192.3,2.12,3.8,189.6
29.09.2016 09:00:00,993.8,18.04,11.87,67.2,20.72,13.93,6.8,8.76,14.01,1182.57,2.69,4.4,145.5
29.09.2016 10:00:00,993.06,20.03,11.54,58.08,23.46,13.63,9.84,8.58,13.72,1173.8,2.94,4.86,199.0
29.09.2016 11:00:00,992.04,21.13,11.79,55.17,25.11,13.85,11.26,8.73,13.96,1168.11,4.5,7.36,204.5
29.09.2016 12:00:00,991.22,22.76,11.65,49.47,27.73,13.72,14.01,8.65,13.84,1160.77,6.02,8.81,200.1
29.09.2016 13:00:00,990.17,23.05,11.54,48.26,28.22,13.62,14.6,8.6,13.76,1158.44,5.8,9.01,205.5
29.09.2016 14:00:00,989.12,23.57,11.23,45.81,29.12,13.34,15.78,8.43,13.49,1155.3,6.92,11.01,206.1
29.09.2016 15:00:00,988.05,23.8,11.36,45.6,29.53,13.47,16.06,8.52,13.63,1153.1,9.1,12.97,212.2
29.09.2016 16:00:00,987.64,23.82,11.72,46.62,29.57,13.78,15.78,8.73,13.96,1152.4,7.19,10.53,217.7
29.09.2016 17:00:00,987.33,22.97,12.02,50.08,28.09,14.07,14.02,8.91,14.25,1155.22,6.09,8.61,212.8
29.09.2016 18:00:00,987.05,21.82,12.07,53.87,26.19,14.11,12.08,8.94,14.29,1159.37,7.35,9.91,211.3
29.09.2016 19:00:00,986.98,20.83,11.97,56.84,24.65,14.01,10.64,8.88,14.2,1163.24,6.73,9.13,216.2
29.09.2016 20:00:00,987.24,19.99,11.72,58.89,23.41,13.78,9.62,8.73,13.96,1166.98,5.15,6.53,213.8
29.09.2016 21:00:00,987.2,19.8,11.58,59.06,23.13,13.66,9.47,8.65,13.84,1167.74,3.83,5.21,217.3
29.09.2016 22:00:00,987.19,19.32,11.47,60.41,22.45,13.56,8.89,8.59,13.74,1169.69,3.37,4.57,218.8
29.09.2016 23:00:00,987.48,18.29,11.3,63.71,21.05,13.41,7.64,8.49,13.58,1174.24,3.14,3.88,217.8
30.09.2016 00:00:00,987.41,16.82,11.05,68.74,19.19,13.19,6.0,8.35,13.36,1180.21,3.22,4.0,218.4
30.09.2016 01:00:00,987.33,17.12,11.02,67.28,19.56,13.16,6.4,8.33,13.33,1178.91,3.75,5.05,216.5
30.09.2016 02:00:00,987.4,16.53,11.05,70.0,18.84,13.19,5.65,8.35,13.35,1181.38,1.01,2.16,219.7
30.09.2016 03:00:00,987.27,15.74,11.06,73.7,17.91,13.2,4.71,8.36,13.37,1184.45,1.81,2.74,224.0
30.09.2016 04:00:00,987.1,15.36,11.1,75.7,17.48,13.23,4.25,8.38,13.4,1185.79,2.25,3.72,218.5
30.09.2016 05:00:00,987.18,15.61,11.12,74.6,17.76,13.25,4.51,8.39,13.42,1184.85,2.05,3.16,226.6
30.09.2016 06:00:00,987.95,15.76,11.29,74.7,17.93,13.4,4.54,8.48,13.56,1185.1,1.67,3.4,8.72
30.09.2016 07:00:00,988.02,14.9,10.64,75.6,16.97,12.83,4.14,8.12,12.98,1188.98,1.07,1.48,18.62
30.09.2016 08:00:00,987.9,14.83,10.35,74.5,16.89,12.58,4.31,7.96,12.74,1189.24,1.06,1.66,349.1
30.09.2016 09:00:00,988.24,15.3,10.46,72.8,17.41,12.68,4.74,8.02,12.83,1187.67,1.17,1.96,28.15
30.09.2016 10:00:00,988.13,15.4,10.49,72.5,17.52,12.7,4.82,8.04,12.86,1187.11,2.11,3.12,45.94
30.09.2016 11:00:00,988.13,16.2,10.99,71.2,18.44,13.13,5.31,8.31,13.29,1183.63,4.31,5.45,31.83
30.09.2016 12:00:00,988.19,16.44,11.11,70.7,18.73,13.24,5.49,8.38,13.4,1182.67,0.78,2.08,6.1
30.09.2016 13:00:00,988.26,16.04,11.15,72.7,18.26,13.27,4.98,8.4,13.43,1184.38,1.33,4.0,289.1
30.09.2016 14:00:00,988.73,13.78,11.74,87.5,15.78,13.81,1.97,8.73,13.97,1194.03,1.01,2.2,276.9
30.09.2016 15:00:00,988.72,13.83,12.3,90.5,15.83,14.33,1.5,9.06,14.49,1193.57,1.08,1.88,138.0
30.09.2016 16:00:00,988.38,12.88,10.74,86.8,14.88,12.92,1.96,8.17,13.07,1197.77,1.66,3.28,240.5
30.09.2016 17:00:00,988.51,13.07,11.79,91.9,15.07,13.85,1.22,8.76,14.01,1196.71,0.6,1.3,108.8
30.09.2016 18:00:00,988.62,13.09,12.05,93.4,15.09,14.09,1.0,8.91,14.25,1196.65,0.63,1.2,180.2
30.09.2016 19:00:00,988.94,12.66,11.9,95.1,14.67,13.95,0.72,8.82,14.1,1198.9,0.81,1.82,2.73
30.09.2016 20:00:00,989.12,12.1,11.42,95.6,14.14,13.51,0.62,8.54,13.66,1201.68,0.26,0.46,222.5
30.09.2016 21:00:00,989.4,11.58,10.98,96.1,13.66,13.13,0.53,8.29,13.27,1204.39,0.86,1.4,226.7
30.09.2016 22:00:00,989.39,10.81,10.38,97.2,12.98,12.61,0.36,7.97,12.75,1207.88,1.81,2.48,234.5
30.09.2016 23:00:00,989.07,10.4,10.08,97.9,12.63,12.36,0.27,7.81,12.5,1209.36,1.57,2.16,206.2
01.10.2016 00:00:00,988.82,10.03,9.76,98.2,12.32,12.1,0.22,7.64,12.23,1210.75,0.96,1.84,263.5
01.10.2016 01:00:00,988.44,9.97,9.73,98.4,12.27,12.07,0.2,7.63,12.21,1210.55,0.69,1.36,231.1
01.10.2016 02:00:00,987.72,9.93,9.71,98.5,12.24,12.05,0.18,7.63,12.2,1209.85,0.93,1.3,228.7
01.10.2016 03:00:00,987.03,9.84,9.65,98.7,12.16,12.0,0.16,7.6,12.16,1209.4,0.8,1.16,228.0
01.10.2016 04:00:00,986.75,9.86,9.67,98.7,12.18,12.02,0.16,7.61,12.18,1208.97,1.04,1.36,215.2
01.10.2016 05:00:00,986.28,10.05,9.89,98.9,12.34,12.2,0.14,7.73,12.37,1207.49,0.54,1.2,136.0
01.10.2016 06:00:00,985.7,9.95,9.79,98.9,12.25,12.12,0.13,7.68,12.29,1207.24,0.46,0.76,211.6
01.10.2016 07:00:00,985.19,10.12,9.97,99.0,12.39,12.27,0.12,7.78,12.45,1205.82,0.64,1.04,216.8
01.10.2016 08:00:00,985.06,10.45,10.3,99.0,12.67,12.54,0.13,7.96,12.73,1204.13,0.35,0.68,187.8
01.10.2016 09:00:00,984.91,10.66,10.51,99.0,12.85,12.72,0.13,8.07,12.92,1202.98,0.43,0.76,220.4
01.10.2016 10:00:00,984.68,11.5,11.33,98.9,13.59,13.44,0.15,8.53,13.65,1198.81,0.55,1.4,127.0
01.10.2016 11:00:00,984.38,11.86,11.68,98.8,13.91,13.75,0.17,8.73,13.97,1196.79,0.84,1.24,209.6
01.10.2016 12:00:00,984.2,13.13,12.95,98.8,15.13,14.94,0.18,9.5,15.18,1190.71,1.31,1.96,182.7
01.10.2016 13:00:00,983.59,15.08,14.54,96.6,17.17,16.58,0.58,10.55,16.86,1181.17,0.78,1.48,192.8
01.10.2016 14:00:00,983.15,16.2,14.18,87.8,18.44,16.19,2.25,10.31,16.47,1176.24,0.71,1.7,125.7
01.10.2016 15:00:00,982.67,17.62,13.74,78.0,20.18,15.74,4.44,10.03,16.02,1170.13,2.36,4.76,202.9
01.10.2016 16:00:00,982.37,18.23,13.13,72.1,20.97,15.12,5.85,9.63,15.39,1167.6,3.94,6.11,199.2
01.10.2016 17:00:00,982.61,16.96,12.3,74.0,19.36,14.32,5.03,9.12,14.58,1173.36,5.04,6.37,205.5
01.10.2016 18:00:00,982.82,15.9,12.48,80.1,18.09,14.49,3.6,9.22,14.75,1177.84,2.21,3.4,187.0
01.10.2016 19:00:00,983.11,15.12,12.82,86.1,17.21,14.82,2.39,9.43,15.07,1181.23,2.67,4.2,184.8
01.10.2016 20:00:00,983.11,14.77,12.93,88.7,16.83,14.93,1.9,9.5,15.18,1182.62,2.52,3.68,191.9
01.10.2016 21:00:00,983.54,15.32,12.91,85.5,17.43,14.91,2.53,9.48,15.16,1180.89,2.66,4.24,190.4
01.10.2016 22:00:00,983.74,15.26,12.56,83.9,17.37,14.57,2.8,9.26,14.81,1181.53,2.38,3.48,223.5
01.10.2016 23:00:00,984.15,14.13,11.84,86.1,16.14,13.9,2.24,8.83,14.12,1186.98,0.67,1.56,193.3
02.10.2016 00:00:00,984.49,14.22,11.65,84.5,16.24,13.72,2.52,8.72,13.94,1187.11,2.17,3.12,225.9
02.10.2016 01:00:00,984.98,12.94,11.0,88.0,14.94,13.15,1.79,8.34,13.35,1193.28,3.49,4.08,218.4
02.10.2016 02:00:00,985.31,12.94,10.41,84.6,14.94,12.64,2.3,8.02,12.83,1193.91,2.58,4.0,234.6
02.10.2016 03:00:00,985.22,12.27,9.31,82.1,14.3,11.74,2.56,7.44,11.91,1197.02,1.32,2.76,253.6
02.10.2016 04:00:00,985.53,11.47,9.23,86.1,13.56,11.68,1.88,7.4,11.85,1200.79,1.26,2.08,189.5
02.10.2016 05:00:00,985.38,10.42,9.11,91.6,12.64,11.58,1.06,7.34,11.75,1205.1,1.25,2.4,172.0
02.10.2016 06:00:00,985.67,10.0,8.63,91.2,12.29,11.21,1.08,7.11,11.38,1207.42,1.08,2.06,208.6
02.10.2016 07:00:00,985.72,10.81,8.79,87.3,12.98,11.33,1.65,7.18,11.49,1203.98,1.07,2.16,173.6
02.10.2016 08:00:00,985.9,11.61,9.13,84.7,13.69,11.59,2.09,7.35,11.76,1200.7,2.01,3.44,184.6
02.10.2016 09:00:00,986.28,12.6,10.1,84.7,14.61,12.37,2.24,7.84,12.55,1196.64,4.1,5.29,204.0
02.10.2016 10:00:00,986.31,15.12,10.32,73.0,17.21,12.56,4.65,7.96,12.74,1186.13,5.32,7.47,201.7
02.10.2016 11:00:00,986.56,15.77,8.7,62.74,17.94,11.26,6.69,7.13,11.41,1184.36,6.29,9.27,214.0
02.10.2016 12:00:00,986.67,15.55,7.46,58.51,17.69,10.35,7.34,6.55,10.49,1185.8,7.35,9.29,207.3
02.10.2016 13:00:00,986.65,15.89,7.64,57.95,18.08,10.48,7.6,6.63,10.62,1184.33,4.56,7.25,209.2
02.10.2016 14:00:00,986.85,14.06,7.86,66.18,16.07,10.64,5.44,6.73,10.78,1192.04,2.62,4.81,237.4
02.10.2016 15:00:00,986.55,16.69,6.54,51.05,19.03,9.71,9.31,6.15,9.85,1181.29,4.41,7.89,232.4
02.10.2016 16:00:00,986.53,16.13,5.78,50.2,18.36,9.22,9.14,5.83,9.34,1183.78,3.37,5.73,223.6
02.10.2016 17:00:00,986.86,15.29,5.91,53.45,17.4,9.3,8.1,5.88,9.42,1187.58,2.33,3.1,212.6
02.10.2016 18:00:00,987.59,14.2,5.04,53.98,16.22,8.75,7.46,5.53,8.86,1193.22,2.65,3.22,226.1
02.10.2016 19:00:00,988.27,13.96,5.09,55.02,15.97,8.79,7.18,5.55,8.89,1195.03,2.39,2.8,218.2
02.10.2016 20:00:00,988.85,13.37,5.19,57.55,15.37,8.84,6.52,5.58,8.94,1198.17,1.73,2.8,240.3
02.10.2016 21:00:00,989.23,11.79,5.82,66.72,13.85,9.24,4.61,5.83,9.34,1205.09,1.48,2.08,217.6
02.10.2016 22:00:00,989.64,11.4,5.92,68.94,13.5,9.31,4.19,5.87,9.4,1207.22,2.11,2.6,218.4
02.10.2016 23:00:00,989.75,10.91,6.21,72.7,13.06,9.5,3.57,5.99,9.6,1209.35,3.51,4.32,214.8
03.10.2016 00:00:00,989.97,10.68,6.31,74.3,12.87,9.56,3.31,6.03,9.66,1210.57,3.81,4.53,220.3
03.10.2016 01:00:00,990.1,10.28,6.36,76.6,12.53,9.6,2.93,6.05,9.69,1212.42,3.38,4.61,208.5
03.10.2016 02:00:00,990.11,10.2,6.86,79.7,12.46,9.93,2.53,6.26,10.03,1212.62,2.39,3.68,193.8
03.10.2016 03:00:00,990.2,10.63,7.73,82.2,12.82,10.54,2.28,6.65,10.65,1210.61,0.94,1.52,190.6
03.10.2016 04:00:00,990.42,11.15,8.24,82.2,13.28,10.91,2.36,6.88,11.02,1208.49,2.09,3.76,202.2
03.10.2016 05:00:00,990.75,11.37,8.34,81.6,13.47,10.99,2.48,6.93,11.09,1207.92,3.59,4.85,200.6
03.10.2016 06:00:00,991.18,10.93,9.01,87.9,13.08,11.5,1.58,7.25,11.6,1210.09,1.97,3.52,210.1
03.10.2016 07:00:00,991.84,11.02,9.11,88.0,13.16,11.58,1.58,7.3,11.68,1210.47,1.99,3.96,241.5
03.10.2016 08:00:00,992.76,11.2,8.5,83.4,13.32,11.11,2.21,6.99,11.19,1211.05,1.76,4.48,260.5
03.10.2016 09:00:00,993.58,10.16,8.3,88.2,12.43,10.96,1.47,6.89,11.03,1216.57,1.98,3.68,251.8
03.10.2016 10:00:00,994.27,11.05,7.96,81.2,13.19,10.71,2.48,6.73,10.77,1213.73,2.51,5.13,252.9
03.10.2016 11:00:00,994.71,11.79,7.65,75.7,13.85,10.48,3.37,6.58,10.54,1211.22,3.2,5.81,260.2
03.10.2016 12:00:00,995.46,10.95,7.5,79.2,13.1,10.37,2.72,6.51,10.42,1215.76,2.73,4.93,270.5
03.10.2016 13:00:00,995.91,9.98,8.63,91.3,12.28,11.21,1.07,7.03,11.26,1220.11,3.38,5.05,256.9
03.10.2016 14:00:00,996.29,10.31,9.07,92.0,12.55,11.55,1.0,7.24,11.59,1218.99,1.99,3.88,259.7
03.10.2016 15:00:00,996.58,11.25,9.57,89.4,13.36,11.95,1.42,7.49,11.99,1215.13,2.04,3.32,248.1
03.10.2016 16:00:00,997.02,11.0,9.38,89.7,13.14,11.79,1.35,7.39,11.82,1216.82,1.87,3.0,251.5
03.10.2016 17:00:00,997.38,10.8,9.11,89.3,12.97,11.58,1.39,7.25,11.61,1218.21,2.3,3.24,240.2
03.10.2016 18:00:00,998.13,10.66,9.21,90.7,12.85,11.65,1.19,7.29,11.68,1219.7,2.0,3.4,247.5
03.10.2016 19:00:00,998.77,10.53,9.26,91.8,12.74,11.69,1.04,7.31,11.71,1221.02,2.28,3.56,246.4
03.10.2016 20:00:00,999.14,10.4,9.03,91.2,12.63,11.52,1.11,7.2,11.53,1222.12,2.21,3.5,247.0
03.10.2016 21:00:00,999.56,10.4,8.97,90.8,12.63,11.47,1.16,7.17,11.47,1222.66,1.87,3.4,228.8
03.10.2016 22:00:00,999.96,10.33,8.9,90.8,12.57,11.41,1.16,7.13,11.41,1223.48,1.12,2.32,182.7
03.10.2016 23:00:00,1000.17,10.29,9.02,91.8,12.54,11.51,1.03,7.19,11.51,1223.87,0.46,0.92,54.23
04.10.2016 00:00:00,1000.46,10.39,9.15,92.0,12.62,11.61,1.01,7.25,11.6,1223.74,1.22,2.2,206.9
04.10.2016 01:00:00,1000.65,10.44,9.41,93.3,12.66,11.81,0.85,7.38,11.81,1223.67,1.89,3.32,221.9
04.10.2016 02:00:00,1000.88,10.4,9.38,93.4,12.63,11.79,0.83,7.36,11.78,1224.13,1.48,2.4,207.2
04.10.2016 03:00:00,1000.89,10.24,9.24,93.5,12.49,11.68,0.81,7.29,11.67,1224.88,0.93,1.56,203.7
04.10.2016 04:00:00,1000.83,10.33,9.33,93.5,12.57,11.75,0.82,7.34,11.74,1224.39,1.56,3.4,242.4
04.10.2016 05:00:00,1001.06,10.38,9.66,95.3,12.61,12.02,0.59,7.5,12.01,1224.33,1.2,2.64,185.6
04.10.2016 06:00:00,1001.41,10.83,10.14,95.5,13.0,12.41,0.58,7.74,12.39,1222.64,4.25,6.77,26.59
04.10.2016 07:00:00,1002.24,10.88,10.16,95.3,13.04,12.43,0.61,7.75,12.4,1223.44,4.64,8.05,33.09
04.10.2016 08:00:00,1002.8,10.52,9.85,95.6,12.73,12.17,0.56,7.58,12.14,1225.79,7.33,10.67,29.4
04.10.2016 09:00:00,1003.62,10.26,9.15,92.8,12.51,11.61,0.9,7.23,11.57,1228.19,5.86,9.19,30.41
04.10.2016 10:00:00,1004.24,10.04,8.4,89.5,12.33,11.03,1.29,6.86,10.99,1230.17,6.02,9.05,35.24
04.10.2016 11:00:00,1004.57,10.28,8.28,87.4,12.53,10.95,1.58,6.81,10.9,1229.58,4.21,5.77,34.43
04.10.2016 12:00:00,1005.06,11.19,7.43,77.6,13.31,10.33,2.98,6.42,10.28,1226.52,2.74,4.97,60.06
04.10.2016 13:00:00,1005.07,12.19,6.74,69.28,14.22,9.85,4.37,6.12,9.8,1222.46,5.75,8.61,37.67
04.10.2016 14:00:00,1004.99,13.16,6.07,62.05,15.16,9.4,5.75,5.84,9.36,1218.43,5.37,9.33,44.99
04.10.2016 15:00:00,1005.07,13.67,5.33,56.99,15.67,8.93,6.74,5.54,8.88,1216.57,6.69,10.37,34.37
04.10.2016 16:00:00,1005.15,13.32,3.76,52.23,15.32,8.0,7.32,4.96,7.96,1218.59,5.57,7.45,30.6
04.10.2016 17:00:00,1005.32,12.86,2.43,48.97,14.86,7.28,7.58,4.52,7.24,1221.08,4.49,5.77,25.07
04.10.2016 18:00:00,1005.74,11.83,3.18,55.31,13.89,7.68,6.21,4.76,7.64,1225.83,2.21,3.2,9.34
04.10.2016 19:00:00,1005.94,11.06,3.59,59.92,13.2,7.91,5.29,4.9,7.86,1229.29,1.87,2.68,3.45
04.10.2016 20:00:00,1005.9,9.62,4.27,69.2,11.98,8.29,3.69,5.14,8.24,1235.32,0.62,1.8,58.53
04.10.2016 21:00:00,1006.19,9.57,4.02,68.21,11.94,8.15,3.8,5.05,8.1,1235.96,2.31,3.56,24.1
04.10.2016 22:00:00,1006.68,9.27,5.04,74.8,11.7,8.76,2.95,5.43,8.7,1237.6,3.77,5.73,26.39
04.10.2016 23:00:00,1006.89,8.93,4.89,75.7,11.44,8.66,2.78,5.37,8.6,1239.4,3.58,4.77,21.41
05.10.2016 00:00:00,1006.93,8.5,5.2,79.7,11.11,8.85,2.26,5.49,8.79,1241.24,4.02,5.65,27.06
05.10.2016 01:00:00,1007.13,8.09,4.7,79.1,10.8,8.55,2.26,5.3,8.49,1243.45,5.11,7.25,37.28
05.10.2016 02:00:00,1006.85,7.22,4.05,80.2,10.18,8.16,2.02,5.06,8.11,1247.13,4.42,5.73,34.68
05.10.2016 03:00:00,1006.66,6.33,3.55,82.3,9.58,7.88,1.7,4.88,7.83,1250.98,3.74,5.61,25.89
05.10.2016 04:00:00,1006.22,5.68,2.98,82.7,9.15,7.57,1.58,4.69,7.52,1253.5,2.89,3.89,17.75
05.10.2016 05:00:00,1006.21,5.13,2.78,84.7,8.81,7.46,1.35,4.63,7.42,1256.02,2.13,3.0,17.01
05.10.2016 06:00:00,1005.87,4.43,2.51,87.3,8.39,7.32,1.07,4.54,7.28,1258.84,0.86,1.4,336.2
05.10.2016 07:00:00,1005.83,4.64,2.69,87.1,8.51,7.41,1.1,4.6,7.37,1257.78,0.75,1.76,70.9
05.10.2016 08:00:00,1005.64,5.2,3.25,87.2,8.85,7.72,1.13,4.79,7.67,1254.91,1.8,3.41,29.56
05.10.2016 09:00:00,1005.41,5.94,3.97,87.1,9.32,8.12,1.2,5.04,8.08,1251.07,2.13,3.85,8.21
05.10.2016 10:00:00,1005.51,6.64,4.45,85.9,9.78,8.4,1.38,5.21,8.36,1247.94,2.72,4.61,25.41
05.10.2016 11:00:00,1004.87,7.72,4.83,81.9,10.53,8.63,1.91,5.36,8.59,1242.24,3.35,5.73,25.68
05.10.2016 12:00:00,1004.03,8.42,4.54,76.5,11.05,8.45,2.6,5.25,8.42,1238.2,3.49,6.57,22.55
05.10.2016 13:00:00,1003.48,8.94,4.82,75.3,11.45,8.62,2.83,5.36,8.59,1235.16,2.75,6.41,19.0
05.10.2016 14:00:00,1002.87,9.7,4.87,71.8,12.05,8.65,3.4,5.38,8.63,1231.07,3.15,5.17,26.78
05.10.2016 15:00:00,1002.1,10.56,5.04,68.56,12.76,8.75,4.01,5.45,8.73,1226.35,1.35,3.6,253.8
05.10.2016 16:00:00,1001.71,7.49,5.26,85.7,10.37,8.89,1.48,5.54,8.87,1239.21,1.2,2.44,236.5
05.10.2016 17:00:00,1000.97,8.01,5.98,87.0,10.75,9.35,1.4,5.83,9.34,1235.79,1.31,2.48,221.8
05.10.2016 18:00:00,1000.37,7.83,5.81,87.0,10.61,9.23,1.38,5.76,9.23,1235.89,1.7,4.16,247.1
05.10.2016 19:00:00,1000.06,7.71,6.03,89.1,10.53,9.38,1.15,5.85,9.38,1235.97,1.54,3.24,194.3
05.10.2016 20:00:00,999.41,7.66,6.0,89.2,10.49,9.36,1.13,5.85,9.36,1235.39,2.1,5.73,332.7
05.10.2016 21:00:00,998.88,7.51,5.98,90.0,10.38,9.35,1.04,5.84,9.36,1235.4,1.72,3.6,165.6
05.10.2016 22:00:00,998.06,7.13,5.94,92.1,10.12,9.32,0.8,5.83,9.34,1236.07,2.4,5.21,18.95
05.10.2016 23:00:00,997.4,6.8,5.88,93.8,9.89,9.28,0.61,5.81,9.3,1236.7,1.58,4.81,337.1
06.10.2016 00:00:00,996.83,6.84,5.63,92.0,9.91,9.12,0.79,5.71,9.15,1235.93,1.79,3.93,204.3
06.10.2016 01:00:00,996.33,6.73,5.64,92.7,9.84,9.13,0.72,5.72,9.16,1235.76,1.72,3.89,114.1
06.10.2016 02:00:00,995.77,6.53,5.61,93.8,9.71,9.11,0.6,5.71,9.15,1235.95,1.95,3.32,191.7
06.10.2016 03:00:00,995.21,6.67,5.57,92.7,9.8,9.08,0.72,5.7,9.13,1234.69,2.17,4.53,218.4
06.10.2016 04:00:00,994.63,6.5,5.61,94.0,9.69,9.11,0.58,5.71,9.16,1234.68,1.94,3.52,213.3
06.10.2016 05:00:00,994.14,6.49,5.62,94.2,9.68,9.12,0.56,5.72,9.17,1234.12,2.35,3.89,202.3
06.10.2016 06:00:00,993.74,6.6,5.78,94.5,9.75,9.22,0.54,5.79,9.28,1233.08,1.6,4.65,159.9
06.10.2016 07:00:00,993.59,6.61,5.9,95.2,9.76,9.29,0.47,5.84,9.35,1232.82,2.0,3.42,179.0
06.10.2016 08:00:00,993.46,6.8,6.16,95.7,9.89,9.46,0.43,5.95,9.52,1231.76,2.06,3.2,174.7
06.10.2016 09:00:00,993.34,7.26,6.71,96.3,10.21,9.83,0.38,6.18,9.9,1229.39,1.81,3.4,176.7
06.10.2016 10:00:00,993.33,8.01,7.44,96.2,10.75,10.34,0.41,6.5,10.41,1225.86,1.29,4.0,186.9
06.10.2016 11:00:00,992.94,8.78,8.03,95.0,11.32,10.76,0.57,6.77,10.83,1221.84,1.77,4.44,24.01
06.10.2016 12:00:00,992.91,9.27,8.18,92.9,11.7,10.87,0.83,6.84,10.95,1219.63,3.96,6.71,23.55
06.10.2016 13:00:00,992.64,9.27,8.23,93.2,11.7,10.91,0.8,6.86,10.99,1219.28,3.8,5.17,28.3
06.10.2016 14:00:00,992.3,9.33,8.53,94.7,11.75,11.13,0.62,7.01,11.22,1218.49,3.64,5.89,26.98
06.10.2016 15:00:00,992.13,8.89,8.32,96.2,11.41,10.97,0.43,6.91,11.06,1220.26,4.03,5.43,26.35
06.10.2016 16:00:00,992.09,9.15,8.56,96.1,11.61,11.16,0.45,7.03,11.25,1219.0,4.86,6.71,29.41
06.10.2016 17:00:00,992.01,8.99,8.14,94.4,11.49,10.84,0.64,6.83,10.93,1219.74,5.75,8.15,28.89
06.10.2016 18:00:00,991.99,9.0,8.1,94.1,11.49,10.81,0.68,6.81,10.9,1219.68,4.01,5.61,25.67
06.10.2016 19:00:00,992.08,8.86,8.29,96.2,11.38,10.95,0.43,6.9,11.04,1220.34,4.19,6.69,26.85
06.10.2016 20:00:00,992.07,8.86,8.17,95.4,11.38,10.86,0.52,6.84,10.95,1220.37,3.0,4.38,33.17
06.10.2016 21:00:00,992.13,8.96,8.27,95.4,11.46,10.93,0.53,6.88,11.02,1219.97,3.12,4.49,28.9
06.10.2016 22:00:00,992.3,8.73,8.18,96.3,11.28,10.87,0.42,6.84,10.95,1221.21,2.02,3.28,23.34
06.10.2016 23:00:00,992.35,8.66,8.18,96.8,11.23,10.87,0.36,6.84,10.96,1221.57,3.14,4.14,27.38
07.10.2016 00:00:00,992.3,8.65,8.23,97.2,11.22,10.91,0.31,6.87,10.99,1221.54,2.14,3.2,60.96
07.10.2016 01:00:00,992.31,8.39,7.91,96.8,11.03,10.67,0.35,6.72,10.76,1222.79,3.22,4.51,27.17
07.10.2016 02:00:00,992.16,8.12,7.7,97.2,10.83,10.52,0.3,6.62,10.61,1223.85,3.4,4.71,31.91
07.10.2016 03:00:00,992.06,7.66,7.16,96.6,10.49,10.14,0.36,6.38,10.22,1225.91,2.79,4.2,23.47
07.10.2016 04:00:00,992.07,7.53,6.8,95.1,10.4,9.89,0.51,6.22,9.97,1226.6,2.49,3.48,23.11
07.10.2016 05:00:00,992.08,7.47,6.54,93.8,10.36,9.71,0.64,6.11,9.79,1226.96,3.44,4.16,25.37
07.10.2016 06:00:00,992.08,7.47,6.57,94.0,10.36,9.73,0.62,6.13,9.81,1226.95,1.77,2.44,20.06
07.10.2016 07:00:00,992.21,7.47,6.62,94.3,10.36,9.77,0.59,6.14,9.84,1227.1,1.43,2.26,11.86
07.10.2016 08:00:00,992.56,7.4,6.71,95.4,10.31,9.83,0.47,6.18,9.91,1227.81,1.83,2.68,47.44
07.10.2016 09:00:00,992.81,7.53,6.86,95.5,10.4,9.93,0.47,6.25,10.0,1227.5,2.02,2.9,37.99
07.10.2016 10:00:00,992.95,8.29,7.21,92.9,10.95,10.17,0.78,6.4,10.25,1224.25,1.9,2.84,32.43
07.10.2016 11:00:00,992.93,9.46,7.12,85.3,11.86,10.11,1.74,6.36,10.18,1219.18,2.09,3.12,53.49
07.10.2016 12:00:00,992.96,9.42,6.83,83.8,11.82,9.91,1.92,6.23,9.98,1219.49,2.18,3.24,27.47
07.10.2016 13:00:00,992.93,10.46,6.55,76.7,12.68,9.72,2.95,6.11,9.79,1215.07,3.25,4.4,43.33
07.10.2016 14:00:00,992.87,9.74,6.86,82.2,12.08,9.93,2.15,6.24,10.0,1217.99,3.22,4.4,35.55
07.10.2016 15:00:00,992.71,9.84,6.44,79.3,12.16,9.64,2.52,6.07,9.72,1217.49,1.36,2.4,41.06
07.10.2016 16:00:00,992.79,10.24,6.44,77.2,12.49,9.64,2.85,6.06,9.71,1215.87,3.9,5.21,38.63
07.10.2016 17:00:00,992.8,9.71,6.94,82.8,12.06,9.98,2.07,6.28,10.06,1218.01,1.08,1.88,343.3
07.10.2016 18:00:00,992.94,9.35,6.71,83.5,11.77,9.83,1.94,6.18,9.9,1219.81,0.86,1.24,356.5
07.10.2016 19:00:00,993.19,8.79,6.88,87.8,11.33,9.95,1.38,6.25,10.02,1222.48,1.91,2.36,248.8
07.10.2016 20:00:00,993.28,9.01,7.28,88.9,11.5,10.22,1.28,6.43,10.29,1221.51,0.26,0.64,68.05
07.10.2016 21:00:00,993.31,8.54,6.95,89.7,11.14,9.99,1.15,6.28,10.06,1223.69,0.66,1.22,226.8
07.10.2016 22:00:00,993.17,8.38,6.92,90.5,11.02,9.97,1.05,6.27,10.04,1224.23,0.66,1.48,239.9
07.10.2016 23:00:00,993.21,8.63,7.07,89.9,11.21,10.08,1.13,6.33,10.15,1223.14,0.43,0.8,187.4
08.10.2016 00:00:00,993.05,8.5,7.17,91.3,11.11,10.14,0.97,6.38,10.21,1223.48,0.54,0.96,203.9
08.10.2016 01:00:00,993.37,7.68,6.82,94.3,10.51,9.91,0.6,6.23,9.97,1227.56,2.19,4.81,25.09
08.10.2016 02:00:00,993.39,7.75,6.74,93.3,10.56,9.85,0.71,6.19,9.91,1227.3,1.14,1.96,18.83
08.10.2016 03:00:00,993.31,7.55,6.53,93.2,10.41,9.71,0.71,6.1,9.77,1228.14,2.52,3.6,25.18
08.10.2016 04:00:00,993.37,6.85,5.53,91.3,9.92,9.06,0.86,5.69,9.12,1231.6,2.32,3.36,20.96
08.10.2016 05:00:00,993.53,6.44,5.05,90.8,9.65,8.76,0.89,5.5,8.81,1233.76,1.96,3.12,25.9
08.10.2016 06:00:00,993.57,6.39,5.24,92.3,9.62,8.88,0.74,5.58,8.93,1233.94,0.88,1.7,216.5
08.10.2016 07:00:00,993.59,6.58,5.28,91.4,9.74,8.9,0.84,5.59,8.96,1233.14,0.64,1.48,273.1
08.10.2016 08:00:00,993.79,6.73,5.58,92.3,9.85,9.09,0.76,5.71,9.14,1232.61,0.58,1.12,211.1
08.10.2016 09:00:00,994.09,7.2,5.79,90.7,10.17,9.22,0.95,5.79,9.28,1230.88,0.96,1.84,245.2
08.10.2016 10:00:00,994.28,7.81,6.02,88.4,10.6,9.37,1.23,5.88,9.42,1228.36,1.51,3.68,247.9
08.10.2016 11:00:00,994.52,8.61,6.14,84.4,11.19,9.45,1.75,5.93,9.5,1225.14,1.05,2.12,298.5
08.10.2016 12:00:00,994.71,9.03,6.08,81.7,11.52,9.41,2.11,5.9,9.46,1223.57,1.36,2.8,24.4
08.10.2016 13:00:00,994.75,9.64,5.93,77.6,12.0,9.31,2.69,5.84,9.36,1221.03,1.06,2.4,20.78
08.10.2016 14:00:00,994.85,9.25,5.93,79.7,11.69,9.32,2.37,5.85,9.36,1222.84,2.1,3.36,34.31
08.10.2016 15:00:00,995.14,9.19,6.3,82.1,11.64,9.56,2.08,6.0,9.6,1223.33,2.16,3.68,28.16
08.10.2016 16:00:00,995.37,9.11,6.78,85.3,11.58,9.88,1.7,6.2,9.92,1223.81,0.82,1.68,303.1
08.10.2016 17:00:00,995.63,8.99,6.8,86.1,11.49,9.89,1.6,6.2,9.93,1224.66,0.76,1.64,15.77
08.10.2016 18:00:00,995.9,8.43,6.86,89.8,11.06,9.93,1.13,6.23,9.97,1227.4,0.65,1.52,238.5
08.10.2016 19:00:00,996.37,8.18,6.74,90.6,10.87,9.85,1.02,6.17,9.88,1229.11,1.45,2.12,223.6
08.10.2016 20:00:00,996.59,8.05,6.4,89.3,10.77,9.62,1.15,6.03,9.66,1230.06,0.93,1.88,241.0
08.10.2016 21:00:00,996.74,7.8,6.2,89.6,10.59,9.49,1.1,5.94,9.52,1231.4,0.88,1.46,265.4
08.10.2016 22:00:00,997.0,7.61,5.84,88.5,10.46,9.25,1.2,5.79,9.28,1232.67,0.69,1.24,224.9
08.10.2016 23:00:00,996.97,7.25,5.69,89.8,10.2,9.16,1.04,5.74,9.19,1234.26,0.92,1.52,229.4
09.10.2016 00:00:00,996.76,7.26,5.7,89.8,10.21,9.17,1.04,5.74,9.2,1233.96,1.74,3.16,247.0
09.10.2016 01:00:00,996.89,7.16,5.75,90.7,10.14,9.2,0.94,5.76,9.22,1234.54,1.61,2.36,240.6
09.10.2016 02:00:00,996.78,7.18,5.72,90.4,10.15,9.18,0.97,5.75,9.21,1234.32,1.27,2.44,217.4
09.10.2016 03:00:00,996.53,7.11,5.71,90.8,10.1,9.17,0.93,5.75,9.21,1234.32,0.85,1.58,189.8
09.10.2016 04:00:00,996.49,6.86,5.61,91.7,9.93,9.11,0.82,5.7,9.14,1235.41,1.25,2.4,231.1
09.10.2016 05:00:00,996.39,6.91,5.61,91.4,9.97,9.11,0.86,5.71,9.14,1235.06,0.75,1.52,68.28
09.10.2016 06:00:00,996.31,6.68,5.37,91.3,9.81,8.96,0.85,5.61,8.99,1236.04,2.16,3.08,235.8
09.10.2016 07:00:00,996.6,6.77,5.28,90.2,9.87,8.9,0.97,5.57,8.93,1236.05,0.72,1.88,274.0
09.10.2016 08:00:00,996.81,6.85,5.04,88.2,9.92,8.75,1.17,5.48,8.78,1236.01,0.67,2.54,273.1
09.10.2016 09:00:00,996.98,7.52,4.97,83.8,10.39,8.71,1.68,5.45,8.73,1233.3,1.19,2.52,243.1
09.10.2016 10:00:00,997.15,8.27,4.6,77.6,10.94,8.49,2.45,5.31,8.51,1230.33,1.09,2.88,341.3
09.10.2016 11:00:00,997.23,8.92,4.02,71.3,11.43,8.15,3.28,5.1,8.17,1227.75,1.58,3.28,284.8
09.10.2016 12:00:00,997.15,9.96,4.32,67.89,12.26,8.32,3.94,5.21,8.35,1223.06,0.9,2.5,207.3
09.10.2016 13:00:00,996.99,9.34,3.41,66.39,11.76,7.81,3.95,4.89,7.83,1225.78,1.58,3.16,289.9
09.10.2016 14:00:00,996.79,10.43,3.68,62.89,12.65,7.96,4.7,4.98,7.98,1220.76,1.63,2.84,252.8
09.10.2016 15:00:00,996.58,10.95,3.41,59.59,13.1,7.81,5.29,4.89,7.83,1218.33,2.45,4.53,217.1
09.10.2016 16:00:00,996.65,9.76,4.65,70.4,12.1,8.52,3.58,5.33,8.55,1223.21,0.77,1.68,65.72
09.10.2016 17:00:00,996.85,9.14,4.92,74.8,11.6,8.68,2.92,5.43,8.71,1226.08,0.8,1.68,175.1
09.10.2016 18:00:00,997.32,8.25,4.51,77.2,10.92,8.43,2.49,5.28,8.45,1230.65,0.49,1.32,299.5
09.10.2016 19:00:00,997.6,7.09,4.78,85.2,10.09,8.6,1.49,5.38,8.62,1236.01,1.2,1.8,253.2
09.10.2016 20:00:00,997.93,7.19,5.49,88.9,10.16,9.03,1.13,5.65,9.05,1235.78,0.38,0.76,338.9
09.10.2016 21:00:00,998.14,7.06,5.5,89.8,10.07,9.04,1.03,5.65,9.06,1236.6,0.27,0.56,42.84
09.10.2016 22:00:00,998.34,6.38,5.2,92.1,9.61,8.85,0.76,5.53,8.87,1239.94,0.85,1.16,204.3
09.10.2016 23:00:00,998.34,6.26,5.06,92.0,9.53,8.77,0.76,5.48,8.78,1240.51,0.51,1.0,139.6
10.10.2016 00:00:00,998.33,6.45,5.17,91.5,9.66,8.84,0.82,5.52,8.85,1239.63,0.38,0.76,78.0
10.10.2016 01:00:00,998.28,6.14,5.19,93.6,9.45,8.84,0.6,5.53,8.86,1240.96,0.7,1.04,203.9
10.10.2016 02:00:00,998.21,5.71,4.83,94.0,9.17,8.62,0.55,5.39,8.64,1242.87,0.55,1.04,38.07
10.10.2016 03:00:00,998.1,5.65,4.78,94.1,9.13,8.59,0.54,5.37,8.61,1243.03,0.74,1.0,233.3
10.10.2016 04:00:00,997.85,5.56,4.72,94.3,9.08,8.56,0.52,5.35,8.58,1243.13,1.22,1.52,235.4
10.10.2016 05:00:00,997.73,5.16,4.4,94.8,8.83,8.37,0.46,5.23,8.39,1244.86,1.07,1.62,148.6
10.10.2016 06:00:00,997.73,4.77,4.25,96.4,8.59,8.28,0.31,5.18,8.3,1246.63,1.14,1.64,139.7
10.10.2016 07:00:00,997.81,5.13,4.54,96.0,8.81,8.45,0.35,5.29,8.47,1245.07,0.99,1.42,192.4
10.10.2016 08:00:00,997.76,5.44,4.57,94.1,9.0,8.47,0.53,5.3,8.49,1243.59,0.99,1.44,140.9
10.10.2016 09:00:00,997.79,5.59,4.63,93.5,9.1,8.51,0.59,5.32,8.53,1242.93,1.18,1.76,143.7
10.10.2016 10:00:00,997.83,6.2,4.89,91.3,9.49,8.66,0.83,5.42,8.68,1240.2,0.91,1.52,132.8
10.10.2016 11:00:00,997.8,6.75,4.96,88.3,9.86,8.71,1.15,5.44,8.72,1237.69,1.91,2.6,149.9
10.10.2016 12:00:00,997.33,7.77,5.4,84.9,10.57,8.97,1.6,5.62,9.0,1232.51,0.24,0.72,21.43
10.10.2016 13:00:00,996.86,8.35,5.29,81.0,11.0,8.91,2.09,5.58,8.94,1229.41,0.98,1.62,195.0
10.10.2016 14:00:00,996.51,8.83,4.52,74.3,11.36,8.44,2.92,5.29,8.47,1227.11,1.08,1.84,177.9
10.10.2016 15:00:00,996.06,9.31,4.67,72.7,11.74,8.53,3.2,5.35,8.57,1224.43,0.82,1.84,128.0
10.10.2016 16:00:00,995.64,9.17,4.83,74.2,11.63,8.63,3.0,5.41,8.66,1224.47,0.53,1.04,276.1
10.10.2016 17:00:00,995.61,8.63,4.87,77.2,11.21,8.65,2.56,5.42,8.69,1226.77,0.65,1.0,21.79
10.10.2016 18:00:00,995.49,8.26,4.88,79.2,10.93,8.66,2.27,5.43,8.7,1228.24,0.66,1.32,259.8
10.10.2016 19:00:00,995.51,8.09,5.3,82.5,10.8,8.91,1.89,5.59,8.95,1228.88,0.78,1.6,7.93
10.10.2016 20:00:00,995.52,7.42,5.39,86.9,10.32,8.97,1.35,5.62,9.01,1231.8,0.2,0.4,201.1
10.10.2016 21:00:00,995.5,7.12,5.4,88.8,10.11,8.98,1.13,5.63,9.02,1233.1,0.3,0.44,52.93
10.10.2016 22:00:00,995.47,6.91,5.21,88.9,9.97,8.86,1.11,5.55,8.9,1234.03,1.6,1.76,245.7
10.10.2016 23:00:00,995.27,6.49,5.19,91.4,9.68,8.85,0.83,5.55,8.89,1235.65,0.44,1.12,275.4
11.10.2016 00:00:00,995.04,5.85,4.81,93.0,9.26,8.62,0.65,5.4,8.66,1238.28,1.55,2.34,235.6
11.10.2016 01:00:00,994.92,5.16,4.29,94.1,8.83,8.3,0.52,5.21,8.35,1241.38,0.61,0.84,51.68
11.10.2016 02:00:00,994.64,5.17,4.55,95.7,8.84,8.46,0.38,5.3,8.5,1240.89,0.26,0.68,323.0
11.10.2016 03:00:00,994.4,5.06,4.42,95.6,8.76,8.38,0.39,5.26,8.43,1241.13,0.31,0.62,241.3
11.10.2016 04:00:00,993.85,4.66,4.03,95.7,8.52,8.16,0.37,5.12,8.21,1242.33,1.29,1.9,312.6
11.10.2016 05:00:00,993.71,4.88,4.14,95.0,8.65,8.22,0.43,5.16,8.27,1241.17,0.96,1.96,226.9
11.10.2016 06:00:00,993.57,4.92,4.32,95.9,8.68,8.32,0.36,5.23,8.38,1240.74,0.55,1.24,359.7
11.10.2016 07:00:00,993.43,5.55,4.85,95.2,9.07,8.64,0.44,5.42,8.69,1237.62,1.34,3.0,305.7
11.10.2016 08:00:00,993.57,5.8,5.0,94.6,9.23,8.73,0.5,5.48,8.79,1236.65,1.21,1.88,26.45
11.10.2016 09:00:00,993.5,5.96,5.03,93.7,9.33,8.75,0.59,5.49,8.8,1235.82,0.75,1.28,10.77
11.10.2016 10:00:00,993.55,6.68,5.08,89.5,9.81,8.78,1.03,5.51,8.84,1232.7,0.79,1.76,4.96
11.10.2016 11:00:00,993.41,7.08,5.14,87.4,10.08,8.81,1.27,5.54,8.87,1230.75,0.89,1.64,56.68
11.10.2016 12:00:00,993.22,7.98,5.11,82.0,10.72,8.79,1.93,5.53,8.85,1226.58,0.82,1.92,313.4
11.10.2016 13:00:00,992.77,8.09,4.98,80.7,10.8,8.72,2.09,5.48,8.78,1225.58,2.01,3.16,31.41
11.10.2016 14:00:00,992.42,7.88,4.99,81.9,10.65,8.72,1.93,5.49,8.79,1226.06,1.35,2.64,12.78
11.10.2016 15:00:00,992.21,8.04,4.47,78.1,10.77,8.41,2.36,5.29,8.48,1225.25,2.95,4.38,30.44
11.10.2016 16:00:00,992.12,7.76,5.27,84.2,10.56,8.89,1.67,5.6,8.97,1226.13,2.11,4.04,28.41
11.10.2016 17:00:00,992.08,7.32,5.16,86.1,10.25,8.83,1.42,5.55,8.9,1228.04,1.42,2.08,23.0
11.10.2016 18:00:00,992.16,7.3,5.39,87.6,10.24,8.97,1.27,5.64,9.04,1228.16,0.52,1.48,343.0
11.10.2016 19:00:00,992.18,6.92,5.52,90.8,9.97,9.05,0.92,5.69,9.12,1229.83,0.36,1.08,337.7
11.10.2016 20:00:00,992.18,6.79,5.57,91.9,9.89,9.08,0.8,5.72,9.16,1230.35,0.46,1.08,318.0
11.10.2016 21:00:00,992.1,6.82,5.52,91.4,9.9,9.05,0.85,5.7,9.13,1230.14,1.02,1.64,281.8
11.10.2016 22:00:00,992.02,6.73,5.71,93.2,9.84,9.17,0.67,5.77,9.24,1230.4,0.6,0.96,234.6
11.10.2016 23:00:00,991.83,6.74,5.95,94.7,9.85,9.33,0.52,5.87,9.4,1230.03,0.35,0.76,259.7
12.10.2016 00:00:00,991.75,6.82,6.15,95.5,9.9,9.46,0.45,5.95,9.54,1229.52,0.32,0.72,218.2
12.10.2016 01:00:00,991.48,6.73,6.21,96.5,9.84,9.5,0.34,5.98,9.58,1229.58,2.63,3.94,30.17
12.10.2016 02:00:00,991.43,6.51,5.98,96.4,9.69,9.34,0.35,5.88,9.42,1230.55,3.25,4.28,26.44
12.10.2016 03:00:00,991.68,5.69,5.25,97.0,9.16,8.88,0.27,5.59,8.96,1234.7,4.48,6.01,34.01
12.10.2016 04:00:00,991.98,5.22,4.8,97.1,8.87,8.61,0.26,5.42,8.68,1237.26,3.37,5.05,28.14
12.10.2016 05:00:00,992.06,5.0,4.61,97.3,8.73,8.49,0.24,5.34,8.56,1238.4,3.69,5.33,29.78
12.10.2016 06:00:00,992.23,4.99,4.5,96.6,8.73,8.43,0.3,5.3,8.49,1238.68,3.74,5.21,27.3
12.10.2016 07:00:00,992.52,4.94,4.47,96.8,8.69,8.41,0.28,5.29,8.47,1239.31,3.4,4.89,32.11
12.10.2016 08:00:00,992.75,5.09,4.61,96.7,8.78,8.49,0.29,5.34,8.56,1238.87,3.06,4.27,43.6
12.10.2016 09:00:00,993.12,5.2,4.65,96.2,8.85,8.52,0.34,5.35,8.58,1238.83,2.81,4.09,32.05
12.10.2016 10:00:00,993.36,5.86,5.11,94.9,9.27,8.8,0.47,5.53,8.86,1236.06,2.07,3.32,48.42
12.10.2016 11:00:00,993.53,6.34,4.94,90.7,9.58,8.69,0.89,5.46,8.75,1234.2,2.34,3.73,50.22
12.10.2016 12:00:00,993.6,6.24,4.84,90.7,9.51,8.63,0.88,5.42,8.68,1234.78,3.09,4.21,41.01
12.10.2016 13:00:00,993.75,6.26,4.98,91.5,9.53,8.72,0.81,5.48,8.77,1234.82,2.87,4.33,44.43
12.10.2016 14:00:00,993.86,6.51,4.82,88.9,9.7,8.62,1.08,5.41,8.67,1233.89,1.4,1.92,79.5
12.10.2016 15:00:00,993.67,6.4,5.58,94.5,9.62,9.09,0.53,5.71,9.15,1233.95,1.89,2.56,36.84
12.10.2016 16:00:00,993.65,6.79,5.62,92.2,9.89,9.12,0.77,5.73,9.17,1232.16,2.13,3.0,37.79
12.10.2016 17:00:00,993.6,6.82,5.74,92.8,9.91,9.19,0.71,5.78,9.25,1231.92,2.74,3.68,28.81
12.10.2016 18:00:00,993.91,6.76,5.59,92.2,9.86,9.09,0.77,5.71,9.15,1232.65,3.23,4.53,39.89
12.10.2016 19:00:00,994.22,6.49,5.63,94.2,9.68,9.12,0.56,5.72,9.17,1234.21,2.16,3.1,42.46
12.10.2016 20:00:00,994.53,6.15,5.09,92.9,9.46,8.78,0.67,5.51,8.83,1236.25,2.49,3.65,42.53
12.10.2016 21:00:00,994.66,6.27,4.8,90.3,9.54,8.61,0.92,5.4,8.66,1235.97,2.25,2.96,35.43
12.10.2016 22:00:00,994.59,6.27,4.85,90.6,9.53,8.64,0.9,5.42,8.69,1235.87,2.41,3.93,42.62
12.10.2016 23:00:00,994.64,6.0,5.07,93.7,9.36,8.77,0.59,5.5,8.82,1237.05,2.95,4.11,40.81
13.10.2016 00:00:00,994.63,5.94,5.11,94.4,9.32,8.8,0.52,5.52,8.84,1237.32,2.53,3.12,34.34
13.10.2016 01:00:00,994.29,5.87,5.27,95.9,9.27,8.89,0.38,5.58,8.95,1237.14,2.29,3.16,21.38
13.10.2016 02:00:00,994.31,5.85,5.3,96.3,9.26,8.92,0.34,5.6,8.97,1237.27,3.02,3.95,33.36
13.10.2016 03:00:00,994.09,5.88,5.45,97.1,9.28,9.01,0.27,5.66,9.06,1236.82,2.56,3.57,32.44
13.10.2016 04:00:00,993.9,5.94,5.5,97.0,9.32,9.04,0.28,5.68,9.09,1236.29,2.93,3.89,41.94
13.10.2016 05:00:00,993.7,6.05,5.64,97.2,9.39,9.13,0.26,5.73,9.19,1235.5,2.22,3.67,51.92
13.10.2016 06:00:00,993.54,6.11,5.72,97.3,9.43,9.18,0.25,5.77,9.24,1235.0,2.53,3.41,45.37
13.10.2016 07:00:00,993.18,6.31,5.55,94.9,9.56,9.07,0.49,5.7,9.14,1233.73,3.02,3.73,36.66
13.10.2016 08:00:00,993.15,6.7,5.55,92.4,9.82,9.07,0.75,5.7,9.14,1231.99,3.43,4.41,42.8
13.10.2016 09:00:00,993.41,7.24,5.51,88.7,10.19,9.04,1.15,5.68,9.1,1229.94,1.9,2.98,51.91
13.10.2016 10:00:00,993.32,7.19,5.52,89.1,10.16,9.05,1.11,5.69,9.11,1230.04,3.43,4.97,49.13
13.10.2016 11:00:00,992.92,7.73,5.61,86.4,10.54,9.11,1.43,5.73,9.17,1227.15,3.58,5.77,51.55
13.10.2016 12:00:00,992.28,7.97,5.73,85.7,10.72,9.18,1.53,5.78,9.26,1225.28,3.28,5.49,53.93
13.10.2016 13:00:00,991.86,7.99,5.55,84.5,10.73,9.07,1.66,5.71,9.14,1224.72,3.94,6.57,52.48
13.10.2016 14:00:00,991.57,7.79,5.54,85.6,10.59,9.06,1.52,5.7,9.14,1225.24,4.7,7.57,56.45
13.10.2016 15:00:00,991.49,7.8,5.39,84.7,10.59,8.97,1.62,5.65,9.05,1225.14,4.4,6.49,59.44
13.10.2016 16:00:00,991.09,7.49,5.36,86.3,10.37,8.95,1.42,5.64,9.03,1226.0,5.24,8.45,60.29
13.10.2016 17:00:00,991.06,7.14,5.28,87.9,10.12,8.9,1.23,5.6,8.98,1227.52,4.42,6.61,62.71
13.10.2016 18:00:00,991.05,6.87,4.98,87.7,9.94,8.72,1.22,5.49,8.8,1228.77,4.06,6.17,64.61
13.10.2016 19:00:00,991.29,6.75,4.74,87.0,9.86,8.57,1.28,5.4,8.65,1229.68,3.36,5.49,77.7
13.10.2016 20:00:00,990.67,6.54,4.73,88.2,9.71,8.57,1.15,5.4,8.65,1229.82,3.58,5.89,62.99
13.10.2016 21:00:00,990.47,6.6,4.72,87.8,9.75,8.56,1.19,5.39,8.64,1229.34,2.59,4.33,57.19
13.10.2016 22:00:00,990.06,6.53,4.58,87.3,9.71,8.48,1.23,5.34,8.56,1229.13,3.8,5.73,57.45
13.10.2016 23:00:00,990.17,6.59,4.44,86.1,9.74,8.39,1.35,5.29,8.47,1229.09,3.04,5.45,62.31
14.10.2016 00:00:00,989.76,6.27,4.44,88.0,9.54,8.39,1.14,5.29,8.48,1229.96,3.07,5.29,72.7
14.10.2016 01:00:00,989.52,6.21,4.33,87.7,9.49,8.33,1.17,5.25,8.41,1229.97,2.53,4.53,73.5
14.10.2016 02:00:00,989.37,6.0,4.25,88.5,9.36,8.28,1.08,5.22,8.37,1230.71,1.72,3.08,53.33
14.10.2016 03:00:00,988.89,5.8,4.15,89.1,9.23,8.22,1.01,5.19,8.32,1231.03,3.0,4.81,39.86
14.10.2016 04:00:00,988.31,5.74,4.15,89.5,9.19,8.22,0.96,5.19,8.32,1230.59,3.39,5.65,55.58
14.10.2016 05:00:00,987.62,5.66,4.13,89.9,9.14,8.21,0.92,5.19,8.32,1230.09,2.82,3.57,42.86
14.10.2016 06:00:00,987.42,5.54,4.06,90.2,9.06,8.17,0.89,5.16,8.28,1230.38,3.09,3.97,35.8
14.10.2016 07:00:00,987.18,5.47,4.05,90.5,9.02,8.16,0.86,5.16,8.27,1230.38,2.11,2.78,23.63
14.10.2016 08:00:00,987.23,5.81,4.32,90.1,9.24,8.32,0.91,5.26,8.43,1228.87,2.05,2.88,32.75
14.10.2016 09:00:00,987.6,6.8,4.77,86.8,9.89,8.59,1.31,5.43,8.69,1224.84,1.01,1.86,181.6
14.10.2016 10:00:00,987.16,7.94,5.29,83.3,10.69,8.91,1.79,5.63,9.02,1219.19,0.81,2.36,58.84
14.10.2016 11:00:00,986.66,9.91,5.23,72.6,12.22,8.87,3.35,5.61,8.99,1210.11,3.0,4.28,139.6
14.10.2016 12:00:00,986.48,10.62,5.51,70.6,12.81,9.05,3.77,5.72,9.17,1206.78,2.73,5.01,122.7
14.10.2016 13:00:00,985.33,11.5,5.75,67.69,13.59,9.2,4.39,5.83,9.33,1201.57,3.79,7.05,66.94
14.10.2016 14:00:00,985.07,12.49,6.15,65.19,14.5,9.46,5.05,5.99,9.6,1196.97,3.12,5.17,78.5
14.10.2016 15:00:00,985.01,12.4,6.61,67.69,14.42,9.76,4.66,6.19,9.91,1197.13,2.66,4.73,97.1
14.10.2016 16:00:00,984.03,12.03,7.01,71.3,14.07,10.03,4.04,6.37,10.2,1197.36,3.52,5.29,56.64
14.10.2016 17:00:00,984.52,11.26,7.0,75.0,13.37,10.03,3.34,6.36,10.19,1201.21,2.25,3.28,74.6
14.10.2016 18:00:00,984.48,10.14,6.69,79.1,12.41,9.82,2.59,6.23,9.97,1206.01,1.89,3.36,84.8
14.10.2016 19:00:00,983.0,8.93,6.29,83.5,11.44,9.55,1.89,6.07,9.72,1209.47,2.5,3.64,46.45
14.10.2016 20:00:00,983.63,8.39,6.21,86.1,11.03,9.49,1.53,6.03,9.65,1212.6,0.95,1.64,78.2
14.10.2016 21:00:00,983.34,7.74,5.87,87.9,10.55,9.27,1.28,5.89,9.43,1215.15,0.76,1.7,55.92
14.10.2016 22:00:00,982.84,7.3,5.58,88.8,10.24,9.09,1.15,5.77,9.25,1216.52,0.57,1.36,49.68
14.10.2016 23:00:00,982.46,6.76,5.44,91.3,9.86,9.0,0.86,5.72,9.16,1218.45,1.16,2.44,259.1
15.10.2016 00:00:00,981.97,6.41,5.21,92.0,9.63,8.86,0.77,5.63,9.02,1219.43,1.1,2.12,354.3
15.10.2016 01:00:00,981.8,6.21,5.26,93.6,9.49,8.89,0.61,5.65,9.05,1220.07,0.79,1.56,264.2
15.10.2016 02:00:00,981.87,6.4,5.24,92.3,9.62,8.88,0.74,5.64,9.04,1219.34,0.61,1.0,351.8
15.10.2016 03:00:00,981.77,6.26,5.08,92.1,9.53,8.78,0.75,5.58,8.94,1219.85,0.46,1.3,358.0
15.10.2016 04:00:00,982.02,6.21,5.26,93.6,9.49,8.89,0.61,5.65,9.05,1220.35,0.26,0.52,286.3
15.10.2016 05:00:00,982.37,5.83,4.9,93.7,9.25,8.67,0.58,5.51,8.82,1222.54,0.26,0.52,327.1
15.10.2016 06:00:00,982.72,5.93,5.18,94.9,9.31,8.84,0.47,5.61,8.99,1222.47,0.45,1.04,230.9
15.10.2016 07:00:00,983.22,6.11,5.51,95.9,9.43,9.05,0.39,5.74,9.2,1222.18,1.17,1.84,221.3
15.10.2016 08:00:00,983.78,6.59,5.67,93.8,9.75,9.14,0.6,5.8,9.29,1220.75,1.17,1.96,128.0
15.10.2016 09:00:00,984.45,7.95,6.56,90.9,10.7,9.73,0.97,6.17,9.88,1215.41,0.89,1.84,189.4
15.10.2016 10:00:00,985.36,10.18,7.83,85.3,12.44,10.61,1.83,6.73,10.77,1206.55,0.67,2.06,304.9
15.10.2016 11:00:00,985.83,12.73,9.04,78.2,14.74,11.52,3.21,7.3,11.69,1195.94,1.2,2.3,103.9
15.10.2016 12:00:00,986.56,15.11,10.15,72.2,17.2,12.42,4.78,7.87,12.59,1186.54,0.82,1.32,132.4
15.10.2016 13:00:00,987.18,16.48,10.31,66.87,18.78,12.56,6.22,7.95,12.72,1181.61,4.42,7.33,216.4
15.10.2016 14:00:00,987.8,16.41,10.0,65.79,18.69,12.3,6.39,7.78,12.45,1182.76,6.55,9.97,208.8
15.10.2016 15:00:00,988.32,15.62,9.95,68.93,17.77,12.25,5.52,7.75,12.4,1186.64,2.57,4.24,219.7
15.10.2016 16:00:00,989.09,14.83,9.92,72.4,16.89,12.23,4.66,7.73,12.36,1190.84,2.15,4.86,246.4
15.10.2016 17:00:00,989.66,14.27,9.81,74.5,16.29,12.14,4.15,7.66,12.26,1193.89,1.38,2.28,214.5
15.10.2016 18:00:00,990.46,12.79,9.32,79.4,14.79,11.75,3.05,7.41,11.86,1201.23,1.69,2.08,236.0
15.10.2016 19:00:00,991.21,12.46,9.19,80.4,14.48,11.64,2.84,7.34,11.74,1203.58,2.54,3.06,251.6
15.10.2016 20:00:00,991.64,11.77,9.2,84.2,13.83,11.65,2.19,7.34,11.74,1207.01,1.38,1.74,205.7
15.10.2016 21:00:00,992.16,11.07,9.25,88.5,13.2,11.69,1.52,7.36,11.78,1210.61,0.89,1.92,187.8
15.10.2016 22:00:00,992.45,11.05,9.34,89.2,13.19,11.76,1.42,7.41,11.85,1211.01,0.71,1.38,220.6
15.10.2016 23:00:00,992.84,11.05,9.38,89.4,13.19,11.79,1.4,7.42,11.87,1211.48,0.74,1.24,231.7
16.10.2016 00:00:00,993.25,11.01,9.37,89.6,13.15,11.78,1.37,7.41,11.86,1212.16,0.92,1.58,145.2
16.10.2016 01:00:00,993.67,10.64,9.41,92.1,12.83,11.82,1.01,7.43,11.89,1214.23,0.47,0.8,352.9
16.10.2016 02:00:00,994.04,10.6,9.44,92.5,12.8,11.84,0.96,7.44,11.91,1214.85,0.59,0.88,213.7
16.10.2016 03:00:00,994.22,10.66,9.5,92.5,12.85,11.89,0.96,7.47,11.95,1214.79,0.26,0.64,173.0
16.10.2016 04:00:00,994.41,10.45,9.48,93.7,12.67,11.87,0.8,7.46,11.94,1215.92,0.64,1.04,226.7
16.10.2016 05:00:00,994.77,9.83,9.07,95.0,12.15,11.55,0.61,7.25,11.61,1219.18,0.79,1.4,181.8
16.10.2016 06:00:00,995.11,8.4,7.82,96.1,11.03,10.6,0.43,6.66,10.66,1226.25,0.7,2.24,191.6
16.10.2016 07:00:00,995.42,8.11,7.75,97.6,10.82,10.56,0.26,6.62,10.61,1227.91,1.3,1.8,215.9
16.10.2016 08:00:00,996.0,7.59,7.32,98.2,10.44,10.25,0.19,6.43,10.29,1231.04,0.84,1.36,189.1
16.10.2016 09:00:00,996.24,7.83,7.59,98.4,10.61,10.44,0.17,6.55,10.48,1230.21,0.56,1.0,215.2
16.10.2016 10:00:00,996.55,9.46,9.16,98.0,11.86,11.62,0.24,7.28,11.66,1222.94,0.63,1.84,95.5
16.10.2016 11:00:00,996.49,12.61,12.16,97.1,14.62,14.2,0.42,8.91,14.25,1208.2,1.22,2.16,127.6
16.10.2016 12:00:00,996.36,16.03,10.03,67.53,18.25,12.32,5.92,7.73,12.37,1194.61,2.15,2.88,146.6
16.10.2016 13:00:00,995.77,17.44,9.84,60.93,19.95,12.16,7.8,7.63,12.21,1188.18,2.66,4.52,158.6
16.10.2016 14:00:00,995.72,18.21,10.01,58.73,20.95,12.3,8.64,7.72,12.35,1184.91,1.72,3.28,188.4
16.10.2016 15:00:00,995.58,19.09,10.11,55.96,22.13,12.39,9.75,7.77,12.44,1181.15,1.04,3.12,170.7
16.10.2016 16:00:00,995.48,18.21,10.08,59.0,20.95,12.36,8.59,7.76,12.41,1184.61,1.02,2.12,114.4
16.10.2016 17:00:00,995.62,15.98,10.07,67.93,18.19,12.35,5.83,7.75,12.41,1193.92,1.77,2.5,33.0
16.10.2016 18:00:00,996.12,14.69,10.05,73.7,16.74,12.34,4.4,7.74,12.39,1199.88,1.12,2.0,6.6
16.10.2016 19:00:00,996.49,13.93,9.7,75.6,15.94,12.05,3.89,7.55,12.09,1203.63,0.96,1.8,55.43
16.10.2016 20:00:00,996.73,12.19,9.64,84.4,14.22,12.0,2.22,7.52,12.04,1211.29,0.33,0.92,20.54
16.10.2016 21:00:00,996.82,11.05,9.29,88.9,13.19,11.72,1.46,7.35,11.76,1216.38,0.13,0.24,18.75
16.10.2016 22:00:00,996.98,9.59,8.36,92.0,11.96,11.0,0.96,6.89,11.04,1223.19,1.57,2.48,222.2
16.10.2016 23:00:00,997.0,8.82,8.02,94.7,11.35,10.75,0.6,6.74,10.78,1226.68,0.48,0.68,138.6
17.10.2016 00:00:00,996.86,7.16,6.58,96.1,10.14,9.74,0.4,6.1,9.77,1234.25,0.44,0.8,132.7
17.10.2016 01:00:00,997.23,6.84,6.5,97.7,9.92,9.69,0.23,6.07,9.72,1236.14,0.67,1.92,163.3
17.10.2016 02:00:00,997.23,6.09,5.81,98.1,9.42,9.24,0.18,5.78,9.26,1239.69,0.56,1.16,149.5
17.10.2016 03:00:00,997.09,6.04,5.83,98.6,9.38,9.25,0.13,5.79,9.28,1239.73,0.7,1.36,233.8
17.10.2016 04:00:00,996.95,5.54,5.34,98.6,9.06,8.94,0.13,5.59,8.96,1241.91,0.65,1.42,101.7
17.10.2016 05:00:00,996.85,5.44,5.29,98.9,9.0,8.9,0.1,5.58,8.93,1242.23,0.5,0.96,185.6
17.10.2016 06:00:00,996.89,4.79,4.63,98.9,8.6,8.5,0.09,5.32,8.53,1245.41,0.45,0.94,163.8
17.10.2016 07:00:00,996.82,5.04,4.92,99.2,8.75,8.68,0.07,5.44,8.71,1244.11,0.92,1.28,207.1
17.10.2016 08:00:00,996.99,6.0,5.86,99.0,9.36,9.27,0.09,5.8,9.29,1239.75,0.77,1.84,157.9
17.10.2016 09:00:00,996.73,7.21,6.98,98.4,10.17,10.01,0.16,6.27,10.04,1233.73,1.08,2.08,196.2
17.10.2016 10:00:00,996.61,9.26,8.96,98.0,11.7,11.46,0.23,7.19,11.5,1223.96,1.22,1.84,190.5
17.10.2016 11:00:00,996.71,11.8,11.32,96.9,13.86,13.43,0.43,8.42,13.47,1212.26,0.47,1.2,143.1
17.10.2016 12:00:00,996.38,14.04,10.12,77.2,16.05,12.39,3.66,7.77,12.44,1202.88,2.33,3.36,158.2
17.10.2016 13:00:00,995.61,16.35,10.8,69.65,18.62,12.97,5.65,8.14,13.03,1192.09,3.43,5.09,167.3
17.10.2016 14:00:00,995.07,17.14,10.57,65.24,19.58,12.77,6.81,8.02,12.84,1188.29,2.11,3.48,176.3
17.10.2016 15:00:00,994.88,17.36,10.71,64.95,19.85,12.9,6.96,8.1,12.96,1187.11,1.98,3.12,186.8
17.10.2016 16:00:00,994.68,16.83,10.71,67.14,19.2,12.89,6.31,8.1,12.96,1189.03,1.15,1.4,206.1
17.10.2016 17:00:00,994.85,15.9,11.07,73.0,18.09,13.21,4.89,8.3,13.28,1192.93,0.76,1.2,231.8
17.10.2016 18:00:00,995.16,14.61,10.63,77.0,16.65,12.82,3.83,8.05,12.89,1198.82,1.18,1.9,255.3
17.10.2016 19:00:00,995.44,13.22,10.67,84.5,15.22,12.86,2.36,8.07,12.92,1204.96,0.23,0.48,289.8
17.10.2016 20:00:00,995.45,12.13,10.53,89.9,14.16,12.73,1.43,8.0,12.79,1209.65,0.28,0.76,1.7
17.10.2016 21:00:00,995.65,11.53,10.29,92.1,13.61,12.54,1.08,7.87,12.59,1212.53,0.23,0.56,45.12
17.10.2016 22:00:00,995.67,11.15,10.25,94.2,13.28,12.51,0.77,7.85,12.56,1214.18,0.62,1.12,200.4
17.10.2016 23:00:00,995.64,10.57,9.93,95.8,12.77,12.24,0.54,7.68,12.29,1216.76,0.72,1.4,161.6
18.10.2016 00:00:00,995.49,10.45,9.64,94.7,12.67,12.0,0.67,7.53,12.05,1217.19,1.58,2.16,238.8
18.10.2016 01:00:00,995.33,10.29,9.51,94.9,12.54,11.9,0.64,7.47,11.95,1217.74,0.88,1.38,199.3
18.10.2016 02:00:00,995.18,10.44,9.57,94.3,12.66,11.94,0.72,7.5,12.0,1216.88,0.38,0.64,235.7
18.10.2016 03:00:00,995.13,10.38,9.49,94.2,12.61,11.88,0.73,7.46,11.94,1217.11,0.47,1.68,175.1
18.10.2016 04:00:00,994.96,10.74,9.96,94.9,12.92,12.26,0.66,7.7,12.32,1215.19,0.44,0.84,336.5
18.10.2016 05:00:00,994.77,10.64,10.03,96.0,12.83,12.32,0.51,7.74,12.38,1215.35,0.54,0.78,207.1
18.10.2016 06:00:00,994.67,10.44,9.92,96.6,12.66,12.23,0.43,7.68,12.3,1216.13,0.64,1.24,185.5
18.10.2016 07:00:00,994.74,10.93,10.27,95.7,13.08,12.52,0.56,7.87,12.59,1213.98,0.67,1.48,193.6
18.10.2016 08:00:00,995.1,11.49,10.67,94.7,13.58,12.86,0.72,8.08,12.92,1211.88,0.18,0.44,4.75
18.10.2016 09:00:00,995.36,11.77,10.92,94.5,13.83,13.07,0.76,8.21,13.13,1210.91,0.29,0.68,100.3
18.10.2016 10:00:00,995.38,12.47,11.26,92.3,14.49,13.37,1.12,8.4,13.43,1207.82,0.52,1.36,130.9
18.10.2016 11:00:00,995.32,12.96,11.09,88.4,14.96,13.22,1.74,8.31,13.29,1205.74,0.92,2.16,285.0
18.10.2016 12:00:00,994.89,14.98,10.53,74.7,17.06,12.74,4.32,8.0,12.81,1197.0,1.2,2.64,100.5
18.10.2016 13:00:00,994.5,14.15,10.17,76.9,16.17,12.43,3.73,7.81,12.5,1200.13,0.71,1.62,293.1
18.10.2016 14:00:00,994.08,14.46,10.11,75.1,16.49,12.39,4.11,7.79,12.46,1198.34,0.91,1.88,214.2
18.10.2016 15:00:00,993.67,13.3,10.77,84.6,15.3,12.94,2.36,8.14,13.02,1202.44,0.46,0.96,343.2
18.10.2016 16:00:00,993.19,13.43,10.73,83.7,15.43,12.91,2.51,8.13,13.0,1201.33,0.61,1.4,57.22
18.10.2016 17:00:00,993.03,12.75,10.73,87.5,14.75,12.91,1.84,8.13,13.0,1203.99,1.2,1.76,237.4
18.10.2016 18:00:00,992.88,12.18,10.42,89.0,14.21,12.65,1.56,7.96,12.74,1206.33,1.72,2.34,231.2
18.10.2016 19:00:00,992.8,11.33,10.27,93.2,13.43,12.52,0.91,7.88,12.61,1209.9,0.29,0.64,183.3
18.10.2016 20:00:00,992.8,10.38,9.55,94.6,12.61,11.93,0.68,7.51,12.02,1214.22,1.47,1.84,232.9
18.10.2016 21:00:00,992.76,10.72,8.87,88.3,12.9,11.39,1.51,7.17,11.47,1212.97,2.82,3.48,215.8
18.10.2016 22:00:00,992.16,10.4,8.57,88.4,12.63,11.16,1.46,7.03,11.25,1213.71,1.45,2.24,189.6
18.10.2016 23:00:00,991.63,9.92,8.23,89.2,12.23,10.91,1.32,6.87,11.0,1215.23,1.77,2.4,211.4
19.10.2016 00:00:00,990.89,9.43,8.34,92.9,11.83,10.99,0.84,6.93,11.09,1216.39,0.7,1.36,51.57
19.10.2016 01:00:00,990.25,9.03,8.12,94.0,11.52,10.83,0.69,6.83,10.93,1217.4,1.34,2.28,192.8
19.10.2016 02:00:00,989.61,8.86,7.98,94.2,11.38,10.72,0.66,6.77,10.84,1217.39,1.73,2.44,208.4
19.10.2016 03:00:00,989.23,8.9,8.21,95.4,11.42,10.89,0.53,6.88,11.01,1216.67,2.99,3.48,211.0
19.10.2016 04:00:00,988.95,9.0,7.85,92.5,11.49,10.63,0.86,6.71,10.75,1216.02,1.5,2.56,246.2
19.10.2016 05:00:00,988.84,8.73,7.41,91.4,11.28,10.31,0.97,6.51,10.43,1217.19,0.58,1.04,308.3
19.10.2016 06:00:00,988.87,8.17,5.98,86.0,10.86,9.34,1.52,5.9,9.45,1220.11,1.39,2.0,269.8
19.10.2016 07:00:00,988.93,7.11,5.36,88.6,10.1,8.95,1.15,5.65,9.05,1224.98,1.54,2.32,201.8
19.10.2016 08:00:00,989.1,7.04,5.03,87.0,10.06,8.75,1.31,5.52,8.84,1225.59,1.91,2.2,218.7
19.10.2016 09:00:00,989.28,7.97,5.83,86.3,10.72,9.25,1.47,5.84,9.35,1221.53,0.94,1.86,211.2
19.10.2016 10:00:00,989.4,8.79,5.84,81.7,11.33,9.26,2.07,5.84,9.36,1218.12,1.92,3.56,188.6
19.10.2016 11:00:00,989.09,9.48,5.66,77.0,11.87,9.14,2.73,5.77,9.24,1214.82,1.46,3.32,116.4
19.10.2016 12:00:00,988.71,9.85,3.61,65.06,12.17,7.92,4.25,5.0,8.01,1213.33,3.98,5.81,208.1
19.10.2016 13:00:00,988.15,9.2,4.86,74.2,11.65,8.64,3.01,5.46,8.75,1215.1,3.31,4.57,204.4
19.10.2016 14:00:00,987.4,9.38,5.75,78.0,11.79,9.2,2.59,5.81,9.31,1213.14,2.71,4.16,191.1
19.10.2016 15:00:00,986.8,9.76,5.38,74.1,12.1,8.96,3.13,5.67,9.08,1210.88,3.87,5.81,196.0
19.10.2016 16:00:00,986.35,9.97,4.95,70.9,12.27,8.7,3.57,5.5,8.82,1209.55,4.25,6.17,201.0
19.10.2016 17:00:00,986.17,9.83,4.76,70.6,12.15,8.58,3.57,5.43,8.7,1209.98,4.35,7.77,193.0
19.10.2016 18:00:00,985.99,9.26,4.65,72.8,11.7,8.52,3.18,5.39,8.64,1212.23,5.24,8.41,194.0
19.10.2016 19:00:00,985.83,9.06,5.03,75.8,11.54,8.75,2.79,5.54,8.87,1212.79,3.59,4.93,192.8
19.10.2016 20:00:00,985.57,9.1,5.26,76.8,11.57,8.89,2.68,5.63,9.02,1212.23,3.48,4.69,190.5
19.10.2016 21:00:00,985.68,8.07,6.34,88.8,10.79,9.58,1.21,6.07,9.72,1216.48,2.81,3.68,194.2
19.10.2016 22:00:00,985.81,7.84,6.45,90.9,10.62,9.66,0.97,6.11,9.79,1217.6,2.58,3.28,210.1
19.10.2016 23:00:00,986.18,7.41,4.34,80.8,10.31,8.33,1.98,5.27,8.45,1220.55,1.15,3.12,223.8
20.10.2016 00:00:00,986.56,7.11,3.49,77.7,10.1,7.85,2.25,4.96,7.96,1222.55,0.97,1.72,245.3
20.10.2016 01:00:00,986.79,6.48,3.95,83.8,9.67,8.11,1.57,5.13,8.21,1225.48,1.67,2.32,232.2
20.10.2016 02:00:00,986.8,6.35,3.9,84.3,9.59,8.08,1.51,5.11,8.19,1226.07,1.93,2.76,216.0
20.10.2016 03:00:00,986.63,6.46,3.78,82.9,9.66,8.01,1.65,5.06,8.12,1225.41,1.55,2.12,210.6
20.10.2016 04:00:00,986.44,6.25,3.26,81.1,9.52,7.72,1.8,4.88,7.83,1226.23,1.94,2.48,231.6
20.10.2016 05:00:00,986.25,5.87,2.96,81.5,9.28,7.56,1.72,4.78,7.67,1227.72,2.56,3.06,240.5
20.10.2016 06:00:00,986.34,5.75,3.4,84.8,9.2,7.8,1.4,4.93,7.91,1228.25,0.5,0.88,184.3
20.10.2016 07:00:00,986.56,5.74,3.34,84.5,9.19,7.76,1.42,4.91,7.87,1228.61,1.78,2.64,210.1
20.10.2016 08:00:00,986.99,6.14,3.83,85.1,9.45,8.04,1.41,5.08,8.15,1227.26,0.83,1.24,337.0
20.10.2016 09:00:00,987.26,6.99,4.43,83.7,10.02,8.39,1.63,5.3,8.49,1223.7,0.65,1.4,148.6
20.10.2016 10:00:00,987.16,7.76,3.99,77.0,10.56,8.13,2.43,5.14,8.24,1220.33,0.82,1.56,172.8
20.10.2016 11:00:00,987.0,8.23,3.85,73.8,10.91,8.05,2.86,5.09,8.16,1218.14,2.95,4.3,182.9
20.10.2016 12:00:00,986.59,8.87,3.73,70.1,11.39,7.99,3.41,5.05,8.09,1214.9,1.99,3.76,179.5
20.10.2016 13:00:00,986.23,8.38,3.72,72.4,11.02,7.98,3.04,5.05,8.09,1216.57,3.68,5.67,179.1
20.10.2016 14:00:00,986.05,8.1,4.71,79.1,10.81,8.55,2.26,5.41,8.67,1217.29,1.4,2.2,163.8
20.10.2016 15:00:00,985.93,7.01,4.89,86.3,10.03,8.66,1.37,5.48,8.78,1221.83,2.07,3.08,189.9
20.10.2016 16:00:00,986.03,6.21,4.48,88.6,9.5,8.42,1.08,5.33,8.53,1225.55,1.34,1.82,205.9
20.10.2016 17:00:00,985.89,5.99,4.73,91.6,9.35,8.56,0.79,5.42,8.69,1226.3,0.79,1.02,359.1
20.10.2016 18:00:00,985.85,5.85,4.79,92.9,9.26,8.6,0.66,5.44,8.72,1226.85,0.76,1.0,5.16
20.10.2016 19:00:00,985.82,5.72,4.8,93.8,9.18,8.61,0.57,5.45,8.73,1227.35,1.01,1.64,51.36
20.10.2016 20:00:00,985.76,5.48,4.64,94.3,9.02,8.51,0.51,5.39,8.63,1228.41,0.58,1.22,331.7
20.10.2016 21:00:00,985.93,5.38,4.64,94.9,8.97,8.51,0.46,5.39,8.63,1229.03,0.37,0.86,317.8
20.10.2016 22:00:00,985.83,5.33,4.66,95.4,8.93,8.52,0.41,5.39,8.64,1229.14,0.38,0.74,5.64
20.10.2016 23:00:00,985.81,5.06,4.25,94.5,8.77,8.28,0.48,5.24,8.4,1230.42,0.95,1.48,249.3
21.10.2016 00:00:00,985.93,5.02,4.08,93.6,8.74,8.18,0.56,5.18,8.3,1230.78,1.37,1.92,228.8
21.10.2016 01:00:00,985.58,5.1,4.31,94.6,8.79,8.31,0.47,5.26,8.44,1229.95,0.79,1.12,340.1
21.10.2016 02:00:00,985.46,5.22,4.44,94.7,8.86,8.39,0.47,5.32,8.52,1229.22,0.72,1.36,39.28
21.10.2016 03:00:00,985.43,5.19,4.19,93.2,8.85,8.25,0.6,5.22,8.37,1229.37,0.83,1.28,245.3
21.10.2016 04:00:00,985.32,5.36,4.34,93.1,8.95,8.33,0.62,5.28,8.46,1228.46,0.32,1.04,206.2
21.10.2016 05:00:00,985.32,5.21,4.31,93.9,8.86,8.32,0.54,5.27,8.44,1229.11,0.75,1.2,255.0
21.10.2016 06:00:00,985.45,5.0,3.95,92.9,8.73,8.11,0.62,5.13,8.23,1230.33,0.41,1.2,196.3
21.10.2016 07:00:00,985.81,4.9,3.84,92.8,8.67,8.05,0.62,5.09,8.16,1231.22,1.65,2.36,229.4
21.10.2016 08:00:00,986.17,5.12,3.94,92.1,8.8,8.11,0.7,5.13,8.22,1230.7,0.92,1.88,286.4
21.10.2016 09:00:00,986.34,4.88,3.51,90.8,8.66,7.86,0.8,4.97,7.97,1232.07,0.86,1.5,234.9
21.10.2016 10:00:00,986.57,5.89,3.82,86.5,9.29,8.04,1.25,5.08,8.15,1227.81,0.73,1.48,217.7
21.10.2016 11:00:00,986.89,7.11,3.96,80.3,10.1,8.11,1.99,5.13,8.22,1222.84,1.46,3.2,229.3
21.10.2016 12:00:00,986.9,6.95,4.12,82.1,10.0,8.21,1.79,5.19,8.31,1223.49,1.6,3.6,236.8
21.10.2016 13:00:00,986.44,7.99,3.9,75.3,10.73,8.08,2.65,5.11,8.19,1218.47,4.64,6.13,207.9
21.10.2016 14:00:00,986.45,8.59,4.02,72.9,11.18,8.15,3.03,5.15,8.26,1215.86,2.53,4.57,227.8
21.10.2016 15:00:00,986.54,8.71,4.12,72.8,11.27,8.2,3.07,5.19,8.32,1215.42,1.98,3.68,220.4
21.10.2016 16:00:00,986.8,7.63,3.59,75.5,10.47,7.91,2.57,5.0,8.01,1220.56,2.48,4.69,238.3
21.10.2016 17:00:00,987.06,6.18,4.52,89.1,9.47,8.44,1.03,5.34,8.55,1226.98,0.91,1.32,213.8
21.10.2016 18:00:00,987.28,5.99,4.53,90.3,9.35,8.44,0.91,5.34,8.55,1228.09,0.53,0.92,229.7
21.10.2016 19:00:00,987.39,5.92,4.43,90.1,9.31,8.39,0.92,5.3,8.49,1228.54,0.73,1.04,231.9
21.10.2016 20:00:00,987.4,5.89,4.79,92.6,9.29,8.6,0.69,5.44,8.71,1228.57,0.65,1.14,192.7
21.10.2016 21:00:00,987.48,5.62,4.82,94.6,9.11,8.62,0.49,5.45,8.73,1229.88,0.91,1.4,202.9
21.10.2016 22:00:00,987.53,5.34,4.61,95.0,8.94,8.49,0.45,5.37,8.6,1231.23,0.38,0.8,203.2
21.10.2016 23:00:00,987.28,5.47,4.45,93.1,9.02,8.4,0.62,5.31,8.51,1230.37,1.04,1.4,197.5
22.10.2016 00:00:00,987.08,5.06,3.99,92.8,8.76,8.13,0.63,5.14,8.24,1232.1,1.51,1.86,218.6
22.10.2016 01:00:00,987.02,5.24,3.96,91.4,8.88,8.11,0.76,5.13,8.22,1231.21,0.9,1.36,188.6
22.10.2016 02:00:00,986.83,5.3,3.39,87.4,8.91,7.79,1.12,4.93,7.9,1230.86,1.84,2.16,208.0
22.10.2016 03:00:00,986.39,5.06,3.71,91.0,8.76,7.97,0.79,5.04,8.08,1231.31,1.07,1.7,186.1
22.10.2016 04:00:00,986.06,4.86,3.83,93.0,8.64,8.04,0.6,5.09,8.15,1231.74,0.93,1.36,188.8
22.10.2016 05:00:00,985.81,4.75,3.96,94.6,8.58,8.11,0.46,5.13,8.23,1231.89,1.6,2.24,194.1
22.10.2016 06:00:00,985.7,4.8,4.17,95.7,8.61,8.24,0.37,5.21,8.35,1231.47,0.77,1.56,178.4
22.10.2016 07:00:00,985.75,4.85,4.34,96.5,8.64,8.33,0.3,5.28,8.46,1231.25,1.09,1.84,189.2
22.10.2016 08:00:00,985.96,4.93,4.46,96.8,8.68,8.41,0.28,5.32,8.53,1231.14,0.98,1.52,222.0
22.10.2016 09:00:00,985.95,5.23,4.75,96.7,8.87,8.58,0.29,5.43,8.7,1229.72,1.05,1.42,161.2
22.10.2016 10:00:00,986.05,5.5,4.72,94.7,9.04,8.56,0.48,5.42,8.68,1228.65,1.02,1.76,182.5
22.10.2016 11:00:00,986.23,5.84,5.03,94.5,9.25,8.74,0.51,5.53,8.87,1227.3,1.41,1.8,146.6
22.10.2016 12:00:00,986.28,6.84,4.67,86.0,9.92,8.53,1.39,5.4,8.65,1223.05,1.18,1.88,224.7
22.10.2016 13:00:00,986.45,6.84,4.61,85.7,9.91,8.5,1.42,5.37,8.61,1223.31,1.04,2.68,288.3
22.10.2016 14:00:00,986.47,7.42,4.7,82.8,10.32,8.55,1.78,5.41,8.66,1220.76,0.98,2.36,286.5
22.10.2016 15:00:00,986.55,7.31,4.78,83.9,10.24,8.59,1.65,5.44,8.71,1221.32,0.93,1.48,231.1
22.10.2016 16:00:00,986.72,7.2,4.99,85.8,10.17,8.72,1.44,5.52,8.84,1221.95,0.86,1.12,225.4
22.10.2016 17:00:00,987.04,6.94,4.24,82.9,9.98,8.28,1.71,5.23,8.38,1223.71,1.19,1.44,263.5
22.10.2016 18:00:00,987.51,6.97,4.25,82.8,10.0,8.28,1.72,5.23,8.39,1224.16,1.5,1.8,269.6
22.10.2016 19:00:00,987.77,6.69,4.83,87.9,9.82,8.63,1.19,5.45,8.73,1225.53,0.25,0.84,337.1
22.10.2016 20:00:00,988.19,5.77,3.53,85.5,9.21,7.87,1.34,4.97,7.97,1230.46,1.09,1.8,331.7
22.10.2016 21:00:00,988.53,5.4,4.21,92.0,8.97,8.26,0.72,5.21,8.35,1232.35,0.65,0.9,218.3
22.10.2016 22:00:00,988.41,5.47,4.35,92.5,9.02,8.34,0.68,5.27,8.44,1231.83,0.87,1.4,212.3
22.10.2016 23:00:00,988.49,4.98,4.33,95.6,8.71,8.33,0.38,5.26,8.43,1234.12,0.26,0.48,233.3
23.10.2016 00:00:00,988.71,4.32,3.91,97.1,8.32,8.08,0.24,5.1,8.18,1237.42,1.43,1.92,227.1
23.10.2016 01:00:00,988.52,4.32,4.04,98.0,8.32,8.16,0.17,5.15,8.25,1237.14,0.66,1.42,123.0
23.10.2016 02:00:00,988.51,4.09,3.83,98.2,8.19,8.04,0.15,5.08,8.14,1238.22,1.32,2.16,232.8
23.10.2016 03:00:00,988.37,4.2,4.0,98.6,8.25,8.14,0.12,5.14,8.23,1237.53,0.62,1.2,242.3
23.10.2016 04:00:00,988.17,4.53,4.28,98.3,8.45,8.3,0.14,5.24,8.4,1235.73,0.95,1.36,31.71
23.10.2016 05:00:00,988.29,4.4,4.16,98.3,8.37,8.23,0.14,5.19,8.33,1236.48,1.33,1.64,35.79
23.10.2016 06:00:00,988.35,4.65,4.42,98.4,8.52,8.38,0.14,5.29,8.48,1235.37,0.81,1.36,132.9
23.10.2016 07:00:00,988.45,4.67,4.38,98.0,8.53,8.36,0.17,5.28,8.46,1235.42,0.57,0.88,225.5
23.10.2016 08:00:00,988.66,4.66,4.31,97.6,8.52,8.32,0.2,5.25,8.41,1235.77,0.65,1.08,165.9
23.10.2016 09:00:00,988.77,5.26,4.55,95.2,8.89,8.46,0.43,5.34,8.56,1233.18,0.59,1.48,121.0
23.10.2016 10:00:00,988.96,6.15,4.59,89.7,9.45,8.48,0.97,5.35,8.57,1229.47,0.5,1.48,162.5
23.10.2016 11:00:00,988.88,7.31,5.13,86.0,10.24,8.81,1.43,5.56,8.91,1224.11,0.94,1.6,127.9
23.10.2016 12:00:00,988.46,8.34,5.65,83.1,10.99,9.13,1.86,5.77,9.24,1218.96,1.27,2.28,156.5
23.10.2016 13:00:00,987.91,9.07,5.71,79.4,11.55,9.17,2.38,5.79,9.28,1215.11,1.31,2.12,91.7
23.10.2016 14:00:00,987.59,9.94,5.61,74.4,12.24,9.11,3.13,5.76,9.22,1211.01,0.87,2.28,63.34
23.10.2016 15:00:00,987.52,9.86,6.05,77.1,12.18,9.39,2.79,5.94,9.51,1211.14,2.29,2.96,57.8
23.10.2016 16:00:00,987.64,9.33,6.14,80.4,11.75,9.45,2.3,5.97,9.57,1213.53,1.64,2.76,53.08
23.10.2016 17:00:00,987.4,8.86,5.55,79.7,11.38,9.07,2.31,5.74,9.19,1215.43,1.43,3.0,61.8
23.10.2016 18:00:00,987.65,8.52,5.37,80.5,11.13,8.96,2.17,5.66,9.07,1217.26,1.48,2.12,8.47
23.10.2016 19:00:00,987.54,8.02,5.28,82.8,10.75,8.9,1.85,5.63,9.02,1219.32,1.74,3.04,32.92
23.10.2016 20:00:00,987.6,6.79,4.95,88.0,9.88,8.7,1.19,5.5,8.81,1224.85,0.63,1.72,62.78
23.10.2016 21:00:00,987.7,6.3,4.59,88.8,9.55,8.48,1.07,5.36,8.59,1227.24,1.12,1.56,200.3
23.10.2016 22:00:00,987.8,6.32,4.31,86.9,9.57,8.31,1.25,5.25,8.42,1227.34,0.48,0.8,182.7
23.10.2016 23:00:00,987.62,6.14,4.29,87.9,9.45,8.31,1.14,5.25,8.41,1227.91,0.38,0.64,85.4
24.10.2016 00:00:00,987.55,5.5,4.28,91.8,9.04,8.3,0.74,5.24,8.4,1230.65,0.24,0.52,325.3
24.10.2016 01:00:00,987.64,5.82,4.48,91.1,9.24,8.42,0.82,5.32,8.52,1229.31,0.42,0.64,56.07
24.10.2016 02:00:00,987.68,5.96,4.51,90.4,9.33,8.43,0.9,5.33,8.54,1228.73,0.22,0.46,161.0
24.10.2016 03:00:00,987.64,5.83,4.56,91.5,9.25,8.46,0.79,5.35,8.57,1229.23,0.72,1.48,224.6
24.10.2016 04:00:00,987.87,5.78,4.72,92.9,9.22,8.56,0.65,5.41,8.67,1229.68,1.09,1.88,230.1
24.10.2016 05:00:00,988.01,5.83,4.87,93.5,9.25,8.65,0.6,5.46,8.75,1229.6,1.22,1.6,212.5
24.10.2016 06:00:00,988.12,6.18,5.22,93.5,9.48,8.86,0.62,5.6,8.97,1228.07,1.53,2.32,207.1
24.10.2016 07:00:00,988.33,6.34,5.28,92.9,9.58,8.9,0.68,5.62,9.01,1227.61,1.18,1.48,205.8
24.10.2016 08:00:00,988.49,6.29,5.49,94.6,9.55,9.03,0.52,5.7,9.14,1228.0,0.55,0.98,17.71
24.10.2016 09:00:00,989.32,6.75,5.78,93.5,9.86,9.22,0.64,5.82,9.32,1226.91,0.39,0.76,43.65
24.10.2016 10:00:00,989.04,7.57,6.14,90.6,10.43,9.45,0.98,5.96,9.55,1222.88,1.45,2.12,30.62
24.10.2016 11:00:00,989.17,8.17,6.44,88.8,10.86,9.65,1.22,6.09,9.75,1220.34,1.1,1.52,42.53
24.10.2016 12:00:00,989.17,8.49,6.67,88.3,11.1,9.8,1.3,6.19,9.91,1218.88,1.63,2.04,68.1
24.10.2016 13:00:00,988.16,8.68,7.47,92.1,11.25,10.36,0.89,6.55,10.48,1216.55,0.9,1.84,79.0
24.10.2016 14:00:00,987.98,8.85,8.02,94.5,11.38,10.75,0.63,6.8,10.88,1215.41,1.79,2.16,340.1
24.10.2016 15:00:00,987.58,9.06,8.55,96.6,11.54,11.15,0.39,7.05,11.29,1213.83,2.84,3.72,33.92
24.10.2016 16:00:00,987.34,8.96,8.54,97.2,11.46,11.14,0.32,7.05,11.28,1213.96,2.63,3.28,21.14
24.10.2016 17:00:00,987.48,8.96,8.57,97.4,11.46,11.16,0.3,7.06,11.31,1214.12,3.21,4.17,28.87
24.10.2016 18:00:00,987.63,8.86,8.53,97.8,11.38,11.13,0.25,7.04,11.27,1214.75,2.79,3.48,6.9
24.10.2016 19:00:00,987.99,8.86,8.56,98.0,11.38,11.16,0.23,7.05,11.29,1215.19,2.32,3.48,13.48
24.10.2016 20:00:00,987.91,8.6,8.32,98.1,11.19,10.97,0.21,6.94,11.11,1216.3,2.21,3.56,20.88
24.10.2016 21:00:00,988.38,8.53,8.25,98.1,11.13,10.92,0.21,6.9,11.05,1217.2,2.26,3.36,19.98
24.10.2016 22:00:00,988.74,8.09,7.81,98.1,10.8,10.6,0.21,6.69,10.72,1219.71,2.24,2.88,28.0
24.10.2016 23:00:00,988.59,7.83,7.59,98.4,10.61,10.44,0.17,6.6,10.57,1220.72,1.76,2.26,39.71
25.10.2016 00:00:00,989.12,7.93,7.72,98.6,10.69,10.54,0.15,6.65,10.65,1220.9,0.87,1.94,353.1
25.10.2016 01:00:00,989.41,7.74,7.46,98.1,10.55,10.35,0.2,6.53,10.46,1222.17,0.71,1.56,352.9
25.10.2016 02:00:00,989.24,7.59,7.28,97.9,10.44,10.22,0.22,6.45,10.33,1222.67,0.86,1.32,0.11
25.10.2016 03:00:00,989.55,7.79,7.43,97.6,10.59,10.33,0.25,6.52,10.44,1222.14,0.37,0.6,237.5
25.10.2016 04:00:00,990.17,7.79,7.48,97.9,10.59,10.36,0.22,6.54,10.47,1222.89,0.67,0.88,262.2
25.10.2016 05:00:00,990.32,7.78,7.5,98.1,10.58,10.38,0.2,6.54,10.48,1223.11,0.99,1.3,341.1
25.10.2016 06:00:00,991.14,7.9,7.62,98.1,10.67,10.46,0.2,6.59,10.56,1223.57,0.95,1.4,38.22
25.10.2016 07:00:00,991.93,7.98,7.62,97.6,10.72,10.47,0.26,6.59,10.55,1224.2,0.26,0.72,322.4
25.10.2016 08:00:00,993.18,8.25,7.74,96.6,10.92,10.55,0.37,6.63,10.62,1224.53,0.43,1.04,266.6
25.10.2016 09:00:00,993.98,8.48,7.71,94.9,11.09,10.53,0.57,6.62,10.59,1224.54,0.64,1.36,20.59
25.10.2016 10:00:00,994.5,9.05,8.2,94.4,11.53,10.89,0.65,6.84,10.95,1222.53,0.4,0.88,215.3
28.10.2016 13:10:00,1004.18,12.66,8.1,73.7,14.67,10.81,3.86,6.72,10.76,1218.93,2.46,6.05,272.3
28.10.2016 14:10:00,1004.13,12.5,8.43,76.2,14.51,11.06,3.45,6.88,11.01,1219.43,2.24,4.2,231.2
28.10.2016 15:10:00,1004.13,12.4,8.57,77.4,14.42,11.16,3.26,6.94,11.11,1219.81,1.3,3.06,241.6
28.10.2016 16:10:00,1004.17,12.06,8.54,79.0,14.1,11.14,2.96,6.93,11.09,1221.32,1.05,2.84,259.1
28.10.2016 17:10:00,1004.27,11.86,8.55,80.1,13.91,11.15,2.77,6.93,11.1,1222.3,1.88,3.64,235.0
28.10.2016 18:10:00,1004.64,11.76,8.63,81.1,13.82,11.21,2.61,6.97,11.16,1223.16,0.97,1.86,155.7
28.10.2016 19:10:00,1004.84,11.73,8.73,81.8,13.8,11.28,2.51,7.02,11.23,1223.49,1.03,2.16,221.2
28.10.2016 20:10:00,1004.91,11.66,8.86,82.9,13.73,11.38,2.35,7.08,11.33,1223.83,1.86,3.62,235.5
28.10.2016 21:10:00,1004.73,11.67,9.01,83.7,13.74,11.5,2.24,7.15,11.45,1223.51,1.51,2.6,254.4
28.10.2016 22:10:00,1004.85,11.9,9.15,83.2,13.95,11.61,2.34,7.22,11.55,1222.62,1.0,2.28,245.2
28.10.2016 23:10:00,1004.88,11.77,9.44,85.6,13.83,11.84,1.99,7.36,11.78,1223.11,1.57,4.4,267.9
29.10.2016 00:10:00,1005.09,11.65,9.51,86.7,13.72,11.9,1.83,7.4,11.84,1223.85,1.93,3.92,275.0
29.10.2016 01:10:00,1004.95,11.26,9.32,87.8,13.37,11.74,1.63,7.3,11.68,1225.44,2.37,4.04,265.2
29.10.2016 02:10:00,1004.8,10.92,9.31,89.8,13.07,11.74,1.33,7.3,11.68,1226.71,2.23,3.12,263.3
29.10.2016 03:10:00,1004.34,10.47,8.77,89.2,12.69,11.32,1.37,7.04,11.27,1228.3,1.72,3.12,263.1
29.10.2016 04:10:00,1004.49,10.24,8.63,89.7,12.49,11.21,1.29,6.97,11.16,1229.54,1.39,2.04,256.6
29.10.2016 05:10:00,1004.28,10.14,8.38,88.8,12.41,11.02,1.39,6.85,10.97,1229.79,1.11,2.2,252.5
29.10.2016 06:10:00,1004.6,8.93,6.16,82.7,11.44,9.46,1.98,5.88,9.42,1236.19,1.78,4.0,276.8
29.10.2016 07:10:00,1004.93,8.28,5.66,83.5,10.95,9.14,1.81,5.68,9.09,1239.6,1.77,2.88,259.0
29.10.2016 08:10:00,1005.48,8.39,5.92,84.4,11.03,9.31,1.72,5.78,9.26,1239.73,1.86,2.88,243.8
29.10.2016 09:10:00,1005.95,9.47,6.38,81.0,11.86,9.61,2.25,5.96,9.55,1235.42,2.22,3.7,255.2
29.10.2016 10:10:00,1005.65,10.33,6.56,77.4,12.57,9.73,2.84,6.04,9.67,1231.26,1.89,3.56,253.7
29.10.2016 11:10:00,1005.73,10.57,6.45,75.6,12.77,9.66,3.12,5.99,9.6,1230.34,2.34,5.01,265.3
29.10.2016 12:10:00,1005.26,10.68,5.97,72.6,12.87,9.34,3.53,5.8,9.29,1229.43,2.14,5.71,276.6
29.10.2016 13:10:00,1005.06,11.02,4.2,62.7,13.16,8.25,4.91,5.12,8.21,1228.22,1.68,3.96,306.1
29.10.2016 14:10:00,1004.41,11.16,4.52,63.52,13.28,8.44,4.85,5.24,8.4,1226.73,1.73,4.04,292.9
29.10.2016 15:10:00,1004.07,11.49,3.99,59.9,13.58,8.13,5.44,5.05,8.1,1225.03,3.13,5.13,268.8
29.10.2016 16:10:00,1004.22,10.3,4.35,66.5,12.54,8.34,4.2,5.18,8.31,1230.27,1.39,2.04,266.2
29.10.2016 17:10:00,1004.24,9.77,4.88,71.5,12.11,8.66,3.45,5.38,8.62,1232.45,1.95,3.16,257.8
29.10.2016 18:10:00,1004.2,9.33,4.79,73.2,11.75,8.6,3.15,5.35,8.57,1234.35,2.19,3.0,257.6
29.10.2016 19:10:00,1004.32,9.07,4.91,75.1,11.55,8.67,2.88,5.39,8.63,1235.6,2.23,3.56,256.6
29.10.2016 20:10:00,1004.22,9.09,5.08,75.9,11.56,8.78,2.79,5.45,8.74,1235.33,1.64,2.54,261.0
29.10.2016 21:10:00,1004.3,8.8,5.3,78.6,11.34,8.91,2.43,5.54,8.87,1236.64,2.73,4.16,258.8
29.10.2016 22:10:00,1004.23,8.6,5.37,80.1,11.19,8.96,2.23,5.57,8.92,1237.42,3.01,4.77,257.1
29.10.2016 23:10:00,1004.35,8.73,5.5,80.1,11.28,9.04,2.25,5.62,9.0,1236.95,2.5,3.84,256.2
30.10.2016 00:10:00,1004.33,8.65,5.55,80.8,11.22,9.07,2.15,5.64,9.03,1237.27,2.17,3.34,255.3
30.10.2016 01:10:00,1003.8,8.26,5.47,82.5,10.93,9.02,1.91,5.61,8.98,1238.35,2.39,3.26,254.3
30.10.2016 02:10:00,1003.47,8.26,5.47,82.5,10.93,9.02,1.91,5.61,8.99,1237.94,2.49,3.52,258.3
30.10.2016 03:10:00,1003.04,8.33,5.41,81.8,10.98,8.98,2.0,5.59,8.96,1237.12,2.35,3.28,256.8
30.10.2016 04:10:00,1002.87,8.1,5.45,83.3,10.81,9.01,1.81,5.6,8.98,1237.91,2.48,3.52,260.7
30.10.2016 05:10:00,1003.06,8.05,5.4,83.3,10.77,8.98,1.8,5.58,8.95,1238.37,2.64,3.92,256.9
30.10.2016 06:10:00,1002.81,8.01,5.27,82.8,10.75,8.9,1.85,5.54,8.87,1238.28,3.63,5.09,256.4
30.10.2016 07:10:00,1002.68,7.93,5.26,83.2,10.69,8.89,1.8,5.53,8.87,1238.47,2.75,4.69,259.9
30.10.2016 08:10:00,1003.26,8.09,5.35,82.8,10.8,8.95,1.86,5.57,8.92,1238.47,2.51,4.36,259.6
30.10.2016 09:10:00,1003.38,8.42,5.73,83.1,11.05,9.18,1.87,5.71,9.15,1237.05,2.22,3.76,261.0
30.10.2016 10:10:00,1003.16,9.23,6.25,81.6,11.67,9.53,2.15,5.93,9.5,1233.07,3.02,4.61,256.3
30.10.2016 11:10:00,1003.26,9.4,6.49,82.0,11.81,9.68,2.13,6.02,9.65,1232.37,1.51,3.96,255.7
30.10.2016 12:10:00,1003.02,9.12,7.04,86.8,11.59,10.06,1.53,6.26,10.03,1233.13,1.27,2.84,255.6
30.10.2016 13:10:00,1002.97,8.86,7.18,89.2,11.38,10.16,1.23,6.32,10.12,1234.16,1.53,3.48,296.1
30.10.2016 14:10:00,1002.69,8.8,7.58,92.0,11.34,10.43,0.91,6.5,10.4,1233.95,1.45,2.6,258.8
30.10.2016 15:10:00,1002.64,9.15,7.84,91.5,11.61,10.62,0.99,6.62,10.6,1232.27,0.84,2.04,260.9
30.10.2016 16:10:00,1002.72,8.94,7.75,92.2,11.45,10.55,0.89,6.57,10.52,1233.32,0.72,1.64,264.9
30.10.2016 17:10:00,1002.76,8.63,7.67,93.7,11.21,10.5,0.71,6.54,10.47,1234.75,1.68,2.76,250.2
30.10.2016 18:10:00,1003.09,8.53,7.61,93.9,11.13,10.45,0.68,6.51,10.42,1235.61,1.62,2.32,246.2
30.10.2016 19:10:00,1003.29,8.52,7.66,94.3,11.13,10.49,0.63,6.53,10.46,1235.89,0.37,0.88,100.2
30.10.2016 20:10:00,1003.46,8.44,7.58,94.3,11.06,10.43,0.63,6.49,10.4,1236.48,0.49,1.12,131.3
30.10.2016 21:10:00,1003.73,7.88,7.19,95.4,10.65,10.16,0.49,6.32,10.12,1239.4,1.23,2.44,350.4
30.10.2016 22:10:00,1003.81,7.78,7.14,95.7,10.58,10.12,0.45,6.3,10.08,1239.96,0.84,1.76,3.24
30.10.2016 23:10:00,1003.82,6.97,6.46,96.5,10.01,9.66,0.35,6.01,9.62,1243.76,1.19,1.68,225.3
31.10.2016 00:10:00,1003.66,6.15,5.6,96.3,9.45,9.1,0.35,5.66,9.07,1247.51,1.09,1.8,211.6
31.10.2016 01:10:00,1003.4,5.68,5.32,97.5,9.15,8.92,0.23,5.55,8.89,1249.35,1.07,1.48,241.0
31.10.2016 02:10:00,1003.35,5.86,5.62,98.4,9.27,9.12,0.15,5.67,9.09,1248.4,1.04,1.56,229.5
31.10.2016 03:10:00,1003.01,5.56,5.39,98.8,9.08,8.97,0.11,5.58,8.94,1249.36,0.56,0.82,215.3
31.10.2016 04:10:00,1002.8,4.57,4.42,98.9,8.47,8.38,0.09,5.21,8.36,1253.84,2.31,2.84,237.2
31.10.2016 05:10:00,1002.77,4.6,4.46,99.0,8.49,8.4,0.08,5.23,8.38,1253.65,1.55,2.4,228.4
31.10.2016 06:10:00,1002.77,4.99,4.86,99.1,8.72,8.64,0.08,5.38,8.62,1251.8,0.99,1.72,190.3
31.10.2016 07:10:00,1002.77,5.26,5.15,99.2,8.89,8.82,0.07,5.49,8.8,1250.49,1.44,2.16,218.6
31.10.2016 08:10:00,1002.96,5.68,5.57,99.2,9.16,9.08,0.07,5.65,9.06,1248.71,0.62,1.24,181.2
31.10.2016 09:10:00,1002.92,6.18,6.02,98.9,9.48,9.37,0.1,5.83,9.35,1246.29,0.94,1.6,178.5
31.10.2016 10:10:00,1002.63,6.71,6.49,98.5,9.83,9.68,0.15,6.03,9.66,1243.43,2.53,3.28,153.2
31.10.2016 11:10:00,1002.5,7.84,7.48,97.6,10.62,10.37,0.25,6.46,10.34,1237.96,1.2,1.84,154.0
31.10.2016 12:10:00,1002.11,9.46,7.81,89.4,11.86,10.6,1.26,6.61,10.58,1230.27,1.28,2.18,154.7
31.10.2016 13:10:00,1002.05,10.38,7.94,84.8,12.61,10.69,1.92,6.66,10.67,1226.16,0.84,1.32,149.8
31.10.2016 14:10:00,1001.49,11.04,8.36,83.5,13.18,11.0,2.17,6.86,10.99,1222.48,0.68,1.28,67.98
31.10.2016 15:10:00,1001.15,11.25,8.32,82.1,13.36,10.97,2.39,6.84,10.96,1221.18,0.2,0.44,15.72
31.10.2016 16:10:00,1000.72,11.26,8.25,81.7,13.37,10.93,2.45,6.82,10.92,1220.64,0.43,0.68,232.6
31.10.2016 17:10:00,1000.66,10.88,7.41,79.1,13.04,10.31,2.73,6.44,10.31,1222.47,1.23,1.56,346.8
31.10.2016 18:10:00,1000.74,9.61,7.05,84.0,11.98,10.06,1.92,6.28,10.05,1228.18,0.49,1.24,345.9
31.10.2016 19:10:00,1000.79,8.49,6.64,88.1,11.1,9.78,1.32,6.1,9.77,1233.26,0.7,1.0,60.85
31.10.2016 20:10:00,1000.75,7.58,6.3,91.6,10.43,9.56,0.88,5.96,9.55,1237.31,0.93,1.92,239.2
31.10.2016 21:10:00,1000.65,6.94,5.84,92.7,9.98,9.26,0.73,5.77,9.25,1240.17,1.27,2.04,243.5
31.10.2016 22:10:00,1000.49,6.4,5.61,94.7,9.62,9.11,0.51,5.68,9.11,1242.43,1.22,1.64,229.7
31.10.2016 23:10:00,1000.04,5.42,4.78,95.6,8.99,8.59,0.4,5.36,8.59,1246.46,1.04,1.6,197.0
01.11.2016 00:10:00,999.61,4.53,4.11,97.1,8.45,8.2,0.24,5.12,8.2,1250.12,0.98,1.36,184.4
01.11.2016 01:10:00,999.09,4.01,3.75,98.2,8.14,7.99,0.15,4.99,8.0,1251.92,0.86,1.16,203.0
01.11.2016 02:10:00,998.64,4.01,3.83,98.7,8.14,8.04,0.11,5.02,8.05,1251.31,0.95,1.42,204.9
01.11.2016 03:10:00,997.78,3.64,3.49,99.0,7.93,7.85,0.08,4.91,7.87,1252.02,2.03,2.92,198.9
01.11.2016 04:10:00,997.28,3.25,3.1,99.0,7.71,7.64,0.08,4.78,7.66,1253.26,1.02,1.7,199.9
01.11.2016 05:10:00,996.85,2.81,2.68,99.1,7.48,7.41,0.07,4.64,7.43,1254.83,1.72,2.88,211.2
01.11.2016 06:10:00,996.32,2.67,2.57,99.3,7.4,7.35,0.05,4.6,7.38,1254.79,1.58,2.52,200.0
01.11.2016 07:10:00,995.88,2.3,2.22,99.4,7.21,7.17,0.04,4.49,7.2,1256.0,1.58,2.94,175.0
01.11.2016 08:10:00,995.66,2.41,2.33,99.4,7.27,7.23,0.04,4.53,7.26,1255.21,1.09,1.72,217.1
01.11.2016 09:10:00,995.2,2.74,2.66,99.4,7.44,7.4,0.04,4.64,7.43,1253.03,1.58,2.6,181.8
01.11.2016 10:10:00,994.65,3.79,3.7,99.4,8.02,7.97,0.05,5.0,8.01,1247.34,0.77,1.54,205.2
01.11.2016 11:10:00,993.84,5.86,5.74,99.2,9.27,9.19,0.07,5.77,9.25,1236.5,0.73,1.44,217.9
01.11.2016 12:10:00,992.61,10.6,10.45,99.0,12.8,12.67,0.13,7.98,12.76,1212.71,1.9,2.7,174.8
01.11.2016 13:10:00,991.4,15.29,5.42,51.65,17.4,8.99,8.41,5.66,9.07,1193.21,2.89,5.33,215.0
01.11.2016 14:10:00,990.7,15.25,4.91,49.99,17.36,8.68,8.68,5.47,8.76,1192.67,2.02,3.4,276.8
01.11.2016 15:10:00,990.32,14.35,6.07,57.42,16.38,9.4,6.97,5.93,9.5,1195.61,0.92,1.56,342.4
01.11.2016 16:10:00,989.96,13.34,6.17,61.77,15.34,9.47,5.86,5.97,9.57,1199.36,1.44,2.28,283.9
01.11.2016 17:10:00,989.64,12.45,5.83,63.94,14.47,9.25,5.22,5.83,9.35,1202.81,1.72,2.36,231.2
01.11.2016 18:10:00,989.39,11.48,5.79,67.95,13.57,9.22,4.35,5.82,9.32,1206.61,1.07,1.64,230.6
01.11.2016 19:10:00,989.0,10.85,5.35,68.74,13.01,8.94,4.07,5.64,9.04,1208.94,1.65,2.16,236.6
01.11.2016 20:10:00,988.8,10.07,5.21,71.7,12.35,8.86,3.5,5.59,8.96,1212.06,0.65,1.6,121.2
01.11.2016 21:10:00,988.51,10.43,6.34,75.7,12.65,9.58,3.07,6.05,9.69,1209.83,1.42,2.64,242.6
01.11.2016 22:10:00,988.4,11.0,7.06,76.6,13.14,10.07,3.08,6.36,10.19,1207.04,1.36,2.8,248.6
01.11.2016 23:10:00,988.09,10.65,6.98,78.0,12.84,10.02,2.82,6.33,10.14,1208.18,1.12,2.2,245.9
02.11.2016 00:10:00,988.68,6.51,5.6,93.9,9.7,9.1,0.59,5.75,9.21,1227.22,4.11,5.81,25.78
02.11.2016 01:10:00,988.97,6.15,5.25,93.9,9.46,8.88,0.58,5.6,8.98,1229.26,0.55,1.72,53.28
02.11.2016 02:10:00,989.0,6.05,5.05,93.3,9.39,8.76,0.63,5.53,8.86,1229.83,1.23,2.36,282.8
02.11.2016 03:10:00,988.67,5.56,4.5,92.9,9.07,8.43,0.64,5.32,8.53,1231.74,1.69,3.02,243.2
02.11.2016 04:10:00,988.71,5.87,4.42,90.4,9.27,8.38,0.89,5.29,8.48,1230.42,2.48,4.13,260.8
02.11.2016 05:10:00,988.51,5.72,4.38,91.1,9.18,8.36,0.82,5.28,8.46,1230.86,2.73,5.41,256.1
02.11.2016 06:10:00,988.24,5.26,3.87,90.7,8.89,8.06,0.83,5.09,8.16,1232.68,3.29,4.21,258.0
02.11.2016 07:10:00,988.38,4.97,3.53,90.4,8.71,7.87,0.84,4.97,7.96,1234.25,1.43,2.36,243.2
02.11.2016 08:10:00,988.62,5.08,3.4,88.9,8.77,7.8,0.97,4.92,7.89,1234.1,0.88,2.08,241.6
02.11.2016 09:10:00,988.72,6.49,3.77,82.7,9.68,8.0,1.67,5.05,8.1,1227.9,1.88,3.81,229.9
02.11.2016 10:10:00,988.41,7.73,3.78,76.0,10.54,8.01,2.53,5.06,8.11,1222.07,2.7,5.59,235.6
02.11.2016 11:10:00,988.14,7.87,3.0,71.2,10.64,7.58,3.07,4.78,7.67,1221.33,3.52,8.19,259.2
02.11.2016 12:10:00,987.77,8.28,3.72,72.9,10.95,7.98,2.97,5.04,8.08,1218.91,2.14,5.27,261.0
02.11.2016 13:10:00,987.33,8.75,3.08,67.49,11.3,7.63,3.67,4.82,7.72,1216.5,3.19,6.25,251.0
02.11.2016 14:10:00,987.31,8.29,2.5,66.81,10.95,7.32,3.64,4.62,7.41,1218.6,3.62,6.41,268.9
02.11.2016 15:10:00,987.35,7.95,2.39,67.84,10.7,7.26,3.44,4.59,7.35,1220.16,1.58,3.44,75.8
02.11.2016 16:10:00,987.36,7.62,2.54,70.1,10.46,7.33,3.13,4.63,7.43,1221.57,2.57,4.99,258.2
02.11.2016 17:10:00,987.57,6.3,3.13,80.1,9.55,7.65,1.9,4.83,7.75,1227.46,2.29,4.04,257.5
02.11.2016 18:10:00,988.12,6.1,2.41,77.1,9.42,7.27,2.16,4.59,7.35,1229.19,2.14,3.88,251.4
02.11.2016 19:10:00,988.6,6.75,2.23,72.8,9.86,7.18,2.68,4.53,7.26,1226.98,2.19,5.39,257.7
02.11.2016 20:10:00,988.71,6.23,2.09,74.7,9.51,7.1,2.41,4.48,7.19,1229.42,1.66,3.95,242.5
02.11.2016 21:10:00,988.86,6.2,2.45,76.8,9.49,7.29,2.2,4.6,7.37,1229.65,2.33,4.13,232.3
02.11.2016 22:10:00,989.29,5.96,2.66,79.3,9.33,7.4,1.93,4.66,7.48,1231.23,2.09,4.33,250.4
02.11.2016 23:10:00,990.15,4.18,2.9,91.3,8.24,7.53,0.72,4.74,7.6,1240.12,1.9,3.53,33.05
03.11.2016 00:10:00,990.82,4.58,3.39,92.0,8.47,7.8,0.68,4.91,7.87,1239.08,1.13,2.04,271.3
03.11.2016 01:10:00,991.45,3.54,2.15,90.6,7.87,7.13,0.74,4.49,7.2,1244.85,2.61,3.93,260.6
03.11.2016 02:10:00,991.84,3.11,1.63,90.0,7.64,6.87,0.76,4.32,6.93,1247.39,2.7,3.89,259.2
03.11.2016 03:10:00,992.19,2.92,1.24,88.6,7.54,6.68,0.86,4.2,6.73,1248.75,2.2,2.72,254.1
03.11.2016 04:10:00,992.6,2.76,0.95,87.8,7.45,6.54,0.91,4.11,6.59,1250.08,2.7,3.49,259.5
03.11.2016 05:10:00,993.03,2.56,0.69,87.4,7.35,6.42,0.93,4.03,6.47,1251.57,1.93,2.84,248.8
03.11.2016 06:10:00,993.42,1.94,0.23,88.4,7.03,6.21,0.82,3.9,6.25,1255.01,0.52,1.44,299.4
03.11.2016 07:10:00,993.88,1.02,-0.17,91.7,6.58,6.03,0.55,3.78,6.07,1259.87,0.6,1.12,157.0
03.11.2016 08:10:00,994.2,2.2,0.54,88.7,7.16,6.35,0.81,3.98,6.39,1254.72,0.88,1.26,189.8
03.11.2016 09:10:00,994.78,2.78,0.8,86.8,7.46,6.48,0.98,4.06,6.51,1252.79,1.19,2.16,176.9
03.11.2016 10:10:00,994.98,5.02,2.03,80.9,8.74,7.07,1.67,4.43,7.11,1242.63,0.86,1.54,175.2
03.11.2016 11:10:00,995.08,7.22,1.53,67.05,10.18,6.83,3.35,4.28,6.86,1233.14,0.86,1.96,115.1
03.11.2016 12:10:00,994.83,7.37,-0.09,59.0,10.29,6.07,4.22,3.8,6.1,1232.52,0.82,2.12,220.1
03.11.2016 13:10:00,994.6,7.28,0.37,61.38,10.22,6.27,3.95,3.93,6.31,1232.54,0.66,1.92,25.67
03.11.2016 14:10:00,994.28,6.97,1.76,69.36,10.01,6.94,3.07,4.35,6.98,1233.2,3.92,6.55,227.6
03.11.2016 15:10:00,994.15,6.12,2.45,77.3,9.43,7.29,2.14,4.57,7.33,1236.64,3.16,3.88,222.2
03.11.2016 16:10:00,994.26,5.93,3.56,84.7,9.31,7.89,1.42,4.95,7.93,1237.33,1.26,1.82,198.9
03.11.2016 17:10:00,994.33,5.15,3.45,88.7,8.82,7.83,1.0,4.91,7.87,1240.89,0.66,1.54,192.5
03.11.2016 18:10:00,994.34,4.71,3.45,91.5,8.55,7.82,0.73,4.91,7.87,1242.89,1.16,2.16,197.0
03.11.2016 19:10:00,994.39,4.72,3.63,92.6,8.56,7.93,0.63,4.97,7.97,1242.84,0.98,1.38,185.2
03.11.2016 20:10:00,994.17,4.54,3.63,93.8,8.45,7.93,0.52,4.97,7.97,1243.38,1.53,2.2,181.9
03.11.2016 21:10:00,994.19,3.87,3.21,95.4,8.06,7.69,0.37,4.83,7.74,1246.51,1.27,1.76,206.5
03.11.2016 22:10:00,994.19,3.63,3.05,96.0,7.92,7.61,0.32,4.77,7.65,1247.66,0.99,1.86,194.2
03.11.2016 23:10:00,993.97,3.54,3.01,96.3,7.88,7.59,0.29,4.76,7.63,1247.78,0.84,1.76,151.0
04.11.2016 00:10:00,993.66,2.94,2.43,96.4,7.55,7.28,0.27,4.57,7.33,1250.23,1.37,2.1,183.0
04.11.2016 01:10:00,993.17,2.35,1.91,96.9,7.24,7.02,0.22,4.41,7.06,1252.41,1.88,2.82,180.2
04.11.2016 02:10:00,992.82,1.98,1.63,97.5,7.05,6.87,0.18,4.32,6.92,1253.73,1.28,2.56,194.3
04.11.2016 03:10:00,992.45,1.56,1.24,97.7,6.84,6.68,0.16,4.2,6.73,1255.29,1.54,2.02,208.7
04.11.2016 04:10:00,991.99,1.41,1.06,97.5,6.77,6.6,0.17,4.15,6.65,1255.42,1.66,2.16,208.9
04.11.2016 05:10:00,991.66,1.38,0.98,97.2,6.75,6.56,0.19,4.12,6.61,1255.18,1.31,2.08,164.4
04.11.2016 06:10:00,991.11,1.14,0.69,96.8,6.63,6.42,0.21,4.04,6.48,1255.63,0.93,1.7,184.9
04.11.2016 07:10:00,990.97,1.7,1.19,96.4,6.91,6.66,0.25,4.19,6.72,1252.77,1.04,1.92,185.4
04.11.2016 08:10:00,990.8,1.78,1.17,95.7,6.95,6.65,0.3,4.18,6.71,1252.21,1.19,2.16,211.0
04.11.2016 09:10:00,990.8,2.71,1.67,92.8,7.43,6.89,0.53,4.34,6.96,1247.85,0.95,1.68,201.1
04.11.2016 10:10:00,990.4,3.75,2.03,88.5,7.99,7.07,0.92,4.45,7.14,1242.6,2.1,3.53,166.9
04.11.2016 11:10:00,990.1,5.57,2.4,80.0,9.08,7.27,1.82,4.58,7.34,1234.01,2.7,3.93,157.7
04.11.2016 12:10:00,989.02,6.37,2.37,75.5,9.6,7.25,2.35,4.57,7.33,1229.14,2.64,4.08,175.2
04.11.2016 13:10:00,988.07,7.29,1.85,68.27,10.23,6.98,3.25,4.41,7.07,1224.05,3.99,6.61,178.7
04.11.2016 14:10:00,986.98,7.33,1.38,65.82,10.26,6.75,3.51,4.27,6.84,1222.63,3.16,4.75,178.6
04.11.2016 15:10:00,986.8,7.52,1.64,66.19,10.39,6.88,3.51,4.35,6.97,1221.52,2.04,3.92,165.1
04.11.2016 16:10:00,986.06,7.26,1.9,68.63,10.21,7.01,3.2,4.43,7.1,1221.67,2.95,3.94,177.7
04.11.2016 17:10:00,985.78,7.07,1.76,68.88,10.08,6.94,3.14,4.39,7.04,1222.19,2.73,4.04,164.8
04.11.2016 18:10:00,985.44,6.55,2.11,73.2,9.72,7.11,2.6,4.5,7.22,1223.97,1.79,2.84,186.8
04.11.2016 19:10:00,985.18,6.3,2.17,74.8,9.55,7.15,2.41,4.52,7.25,1224.72,1.91,2.88,173.5
04.11.2016 20:10:00,984.71,6.01,2.31,77.1,9.36,7.22,2.14,4.57,7.33,1225.38,1.16,2.08,183.2
04.11.2016 21:10:00,984.61,5.7,2.32,78.8,9.17,7.22,1.94,4.58,7.34,1226.6,1.06,1.88,212.6
04.11.2016 22:10:00,983.92,5.34,2.7,83.0,8.94,7.42,1.52,4.7,7.54,1227.23,1.69,3.56,206.7
04.11.2016 23:10:00,983.25,5.0,2.78,85.5,8.73,7.46,1.27,4.73,7.59,1227.87,0.75,1.68,154.5
05.11.2016 00:10:00,982.55,5.02,2.64,84.5,8.74,7.39,1.35,4.69,7.52,1226.93,2.3,2.96,196.6
05.11.2016 01:10:00,981.79,4.96,2.92,86.6,8.71,7.54,1.17,4.79,7.68,1226.16,2.14,3.12,199.1
05.11.2016 02:10:00,981.21,4.94,3.25,88.8,8.69,7.72,0.97,4.91,7.87,1225.45,2.32,3.2,185.9
05.11.2016 03:10:00,980.08,5.29,3.2,86.3,8.91,7.69,1.22,4.89,7.85,1222.5,1.92,2.64,205.3
05.11.2016 04:10:00,979.26,5.28,3.46,88.0,8.9,7.83,1.07,4.99,8.0,1221.45,2.81,3.81,199.1
05.11.2016 05:10:00,978.42,5.4,3.57,87.9,8.98,7.89,1.09,5.03,8.07,1219.85,2.29,3.1,198.0
05.11.2016 06:10:00,977.49,5.55,3.56,87.0,9.07,7.89,1.18,5.04,8.07,1218.06,2.48,3.68,202.2
05.11.2016 07:10:00,977.22,6.4,3.68,82.7,9.62,7.96,1.66,5.08,8.14,1213.96,2.0,2.84,184.4
05.11.2016 08:10:00,977.14,7.26,3.69,78.0,10.21,7.96,2.25,5.08,8.15,1210.14,1.78,3.52,165.5
05.11.2016 09:10:00,976.04,7.53,4.53,81.2,10.4,8.44,1.95,5.4,8.65,1207.39,2.35,3.96,195.2
05.11.2016 10:10:00,975.85,8.35,5.04,79.6,11.0,8.75,2.24,5.6,8.97,1203.49,3.15,4.53,193.1
05.11.2016 11:10:00,975.13,8.53,5.2,79.5,11.13,8.85,2.28,5.66,9.08,1201.79,1.96,3.04,195.3
05.11.2016 12:10:00,974.06,8.84,5.82,81.3,11.37,9.24,2.13,5.92,9.49,1198.96,2.6,3.64,180.4
05.11.2016 13:10:00,973.2,8.11,6.92,92.2,10.82,9.98,0.84,6.4,10.25,1200.66,0.7,1.4,142.9
05.11.2016 14:10:00,972.8,7.75,6.97,94.8,10.56,10.01,0.55,6.42,10.29,1201.69,1.22,1.64,23.65
05.11.2016 15:10:00,972.59,7.73,7.13,96.0,10.54,10.12,0.42,6.5,10.41,1201.46,0.85,1.36,160.2
05.11.2016 16:10:00,972.42,7.6,7.05,96.3,10.45,10.06,0.39,6.46,10.35,1201.84,0.44,0.84,5.69
05.11.2016 17:10:00,972.44,7.19,6.2,93.4,10.16,9.49,0.67,6.09,9.76,1203.89,0.85,1.64,327.5
05.11.2016 18:10:00,972.4,6.63,5.41,91.9,9.77,8.98,0.79,5.77,9.24,1206.49,1.89,2.92,255.8
05.11.2016 19:10:00,972.4,6.33,5.19,92.4,9.57,8.85,0.73,5.68,9.1,1207.86,1.57,1.96,250.2
05.11.2016 20:10:00,972.76,6.32,5.37,93.6,9.57,8.96,0.61,5.75,9.21,1208.28,0.7,1.52,125.3
05.11.2016 21:10:00,972.97,6.11,4.77,91.1,9.43,8.59,0.84,5.51,8.83,1209.62,0.46,1.32,224.5
05.11.2016 22:10:00,973.17,5.8,4.43,90.9,9.23,8.39,0.84,5.38,8.62,1211.34,2.09,2.72,248.9
05.11.2016 23:10:00,973.61,5.35,3.99,90.9,8.94,8.13,0.81,5.21,8.35,1213.95,2.34,3.08,251.9
06.11.2016 00:10:00,973.44,5.17,3.68,90.1,8.83,7.96,0.87,5.1,8.17,1214.61,2.24,2.76,237.6
06.11.2016 01:10:00,973.68,4.81,3.25,89.6,8.61,7.72,0.9,4.94,7.92,1216.61,2.04,2.46,245.9
06.11.2016 02:10:00,973.32,4.25,2.86,90.6,8.28,7.5,0.78,4.81,7.71,1218.68,1.35,2.36,235.3
06.11.2016 03:10:00,973.38,3.55,2.58,93.3,7.88,7.36,0.53,4.71,7.56,1221.91,0.46,0.94,153.4
06.11.2016 04:10:00,973.25,3.11,2.55,96.1,7.64,7.34,0.3,4.71,7.54,1223.72,0.65,1.28,150.7
06.11.2016 05:10:00,973.33,2.97,2.5,96.7,7.57,7.32,0.25,4.69,7.52,1224.44,1.23,1.88,190.7
06.11.2016 06:10:00,972.81,3.59,2.17,90.4,7.9,7.14,0.76,4.58,7.34,1221.14,1.17,1.64,237.5
06.11.2016 07:10:00,973.55,3.0,1.65,90.8,7.58,6.88,0.7,4.41,7.07,1224.82,3.06,3.57,227.6
06.11.2016 08:10:00,973.78,3.17,1.84,90.9,7.67,6.98,0.7,4.47,7.16,1224.28,1.39,2.72,210.7
06.11.2016 09:10:00,973.85,3.68,2.48,91.8,7.96,7.3,0.65,4.68,7.5,1221.96,1.44,2.72,138.6
06.11.2016 10:10:00,974.13,5.33,3.04,85.1,8.93,7.6,1.33,4.87,7.81,1214.92,2.85,4.41,197.3
06.11.2016 11:10:00,973.87,5.65,2.64,80.9,9.14,7.39,1.74,4.73,7.59,1213.3,3.3,4.73,202.7
06.11.2016 12:10:00,973.51,6.43,2.98,78.5,9.64,7.57,2.07,4.85,7.77,1209.4,3.75,5.57,205.6
06.11.2016 13:10:00,973.24,7.34,1.69,67.25,10.26,6.9,3.36,4.42,7.09,1205.45,2.44,4.89,234.3
06.11.2016 14:10:00,973.23,7.06,0.03,60.8,10.07,6.12,3.95,3.92,6.29,1207.01,2.93,5.39,218.1
06.11.2016 15:10:00,973.44,6.05,0.35,66.7,9.39,6.27,3.13,4.01,6.44,1211.56,3.32,6.01,221.6
06.11.2016 16:10:00,973.71,6.19,0.48,66.7,9.48,6.33,3.16,4.05,6.5,1211.27,0.57,1.14,337.6
06.11.2016 17:10:00,973.98,5.69,0.85,70.9,9.16,6.5,2.67,4.16,6.67,1213.69,1.42,1.72,225.2
06.11.2016 18:10:00,974.56,5.16,1.33,76.2,8.83,6.72,2.1,4.3,6.9,1216.64,1.17,1.42,211.9
06.11.2016 19:10:00,974.64,4.58,1.15,78.3,8.48,6.64,1.84,4.25,6.81,1219.3,2.17,3.16,237.5
06.11.2016 20:10:00,974.71,4.3,1.03,79.2,8.31,6.58,1.73,4.21,6.75,1220.64,0.8,2.1,195.8
06.11.2016 21:10:00,975.25,3.86,0.67,79.6,8.06,6.41,1.64,4.1,6.58,1223.36,2.14,2.8,208.0
06.11.2016 22:10:00,975.49,3.23,1.0,85.2,7.71,6.57,1.14,4.2,6.73,1226.37,1.52,2.8,124.9
06.11.2016 23:10:00,975.69,3.1,1.11,86.7,7.64,6.62,1.02,4.23,6.79,1227.17,1.44,3.14,164.8
07.11.2016 00:10:00,975.74,2.74,0.29,83.8,7.44,6.24,1.21,3.99,6.39,1229.02,2.19,3.0,212.8
07.11.2016 01:10:00,976.17,1.7,0.16,89.5,6.91,6.18,0.73,3.95,6.33,1234.27,1.67,2.32,211.4
07.11.2016 02:10:00,976.6,1.54,-0.05,89.1,6.83,6.08,0.74,3.88,6.23,1235.55,1.14,1.76,224.6
07.11.2016 03:10:00,976.68,1.33,-0.02,90.7,6.73,6.1,0.63,3.89,6.25,1236.6,1.19,2.16,173.2
07.11.2016 04:10:00,976.84,1.37,0.13,91.4,6.75,6.17,0.58,3.94,6.31,1236.58,0.54,1.16,174.1
07.11.2016 05:10:00,976.99,1.42,0.22,91.7,6.77,6.21,0.56,3.96,6.35,1236.53,1.11,1.88,203.1
07.11.2016 06:10:00,977.24,1.42,0.4,92.9,6.77,6.29,0.48,4.01,6.44,1236.81,0.9,1.44,138.5
07.11.2016 07:10:00,977.67,1.83,0.79,92.8,6.97,6.47,0.5,4.13,6.62,1235.43,0.37,0.88,103.9
07.11.2016 08:10:00,978.26,1.78,0.64,92.1,6.95,6.4,0.55,4.08,6.54,1236.46,0.88,1.48,204.6
07.11.2016 09:10:00,978.56,1.87,1.14,94.9,6.99,6.64,0.36,4.23,6.78,1236.3,1.32,2.16,188.2
07.11.2016 10:10:00,979.0,2.15,1.55,95.8,7.13,6.83,0.3,4.35,6.98,1235.5,0.76,1.54,180.9
07.11.2016 11:10:00,979.43,2.18,1.5,95.2,7.15,6.81,0.34,4.33,6.95,1235.91,1.17,1.68,142.9
07.11.2016 12:10:00,979.55,2.54,1.76,94.6,7.33,6.94,0.4,4.42,7.08,1234.42,1.05,1.44,192.1
07.11.2016 13:10:00,979.8,3.07,2.16,93.7,7.62,7.14,0.48,4.54,7.28,1232.26,0.6,1.42,111.3
07.11.2016 14:10:00,980.02,3.45,2.46,93.2,7.83,7.29,0.53,4.64,7.44,1230.77,0.93,2.36,257.3
07.11.2016 15:10:00,980.38,3.17,1.7,90.0,7.67,6.91,0.77,4.39,7.04,1232.64,1.82,2.92,199.5
07.11.2016 16:10:00,980.73,2.88,1.64,91.5,7.52,6.88,0.64,4.37,7.01,1234.39,0.47,1.18,221.5
07.11.2016 17:10:00,980.95,2.85,1.91,93.5,7.5,7.01,0.49,4.46,7.15,1234.76,0.85,1.84,202.9
07.11.2016 18:10:00,981.49,2.4,1.76,95.5,7.26,6.94,0.33,4.41,7.07,1237.48,0.99,1.64,149.5
07.11.2016 19:10:00,981.69,2.54,1.87,95.3,7.34,6.99,0.34,4.44,7.12,1237.06,0.4,0.88,158.9
07.11.2016 20:10:00,981.86,2.35,1.83,96.3,7.24,6.97,0.27,4.43,7.1,1238.14,0.86,1.5,150.5
07.11.2016 21:10:00,982.15,2.32,1.88,96.9,7.22,7.0,0.22,4.44,7.13,1238.63,0.91,1.4,162.1
07.11.2016 22:10:00,982.05,2.3,1.88,97.0,7.21,7.0,0.22,4.44,7.13,1238.59,1.17,2.16,132.2
07.11.2016 23:10:00,981.87,2.13,1.69,96.9,7.13,6.9,0.22,4.39,7.03,1239.18,1.04,2.12,181.2
08.11.2016 00:10:00,981.64,2.0,1.51,96.5,7.06,6.81,0.25,4.33,6.94,1239.51,1.36,1.74,141.2
08.11.2016 01:10:00,981.53,2.05,1.45,95.8,7.08,6.79,0.3,4.31,6.91,1239.18,1.07,1.88,151.5
08.11.2016 02:10:00,981.49,1.9,1.26,95.5,7.01,6.69,0.32,4.25,6.82,1239.82,0.59,1.38,161.9
08.11.2016 03:10:00,981.03,2.14,1.01,92.2,7.13,6.57,0.56,4.18,6.7,1238.24,0.93,2.96,148.9
08.11.2016 04:10:00,980.96,1.74,0.92,94.3,6.93,6.53,0.39,4.15,6.66,1239.98,1.02,2.04,171.0
08.11.2016 05:10:00,980.83,1.82,0.97,94.1,6.97,6.56,0.41,4.17,6.68,1239.45,1.57,2.16,148.4
08.11.2016 06:10:00,980.48,1.85,1.05,94.4,6.98,6.59,0.39,4.19,6.72,1238.85,1.43,2.12,144.7
08.11.2016 07:10:00,980.61,2.0,0.84,92.0,7.06,6.49,0.56,4.13,6.62,1238.37,1.57,2.12,209.1
08.11.2016 08:10:00,980.77,2.25,0.88,90.6,7.19,6.51,0.68,4.14,6.64,1237.43,2.05,3.45,183.4
08.11.2016 09:10:00,980.94,2.39,0.99,90.4,7.26,6.56,0.7,4.17,6.69,1237.01,2.58,3.73,181.3
08.11.2016 10:10:00,980.93,2.87,1.2,88.7,7.51,6.66,0.85,4.24,6.79,1234.79,2.1,3.08,172.1
08.11.2016 11:10:00,980.92,3.89,1.26,82.9,8.07,6.69,1.38,4.25,6.82,1230.23,3.07,4.29,196.6
08.11.2016 12:10:00,980.74,4.06,0.74,78.9,8.17,6.45,1.72,4.1,6.57,1229.37,4.62,7.61,204.7
08.11.2016 13:10:00,980.69,3.76,0.47,79.0,8.0,6.32,1.68,4.02,6.44,1230.7,4.46,7.99,198.2
08.11.2016 14:10:00,980.64,3.8,0.54,79.2,8.02,6.35,1.67,4.04,6.48,1230.42,4.15,6.31,211.7
08.11.2016 15:10:00,981.21,1.34,0.12,91.5,6.73,6.16,0.57,3.91,6.28,1242.26,2.48,4.41,251.1
08.11.2016 16:10:00,981.57,1.51,0.04,89.9,6.81,6.13,0.69,3.89,6.24,1241.97,1.37,2.68,260.3
08.11.2016 17:10:00,982.12,1.54,-0.01,89.4,6.83,6.1,0.72,3.88,6.22,1242.55,0.86,1.64,202.7
08.11.2016 18:10:00,982.64,1.01,-0.19,91.7,6.57,6.02,0.55,3.82,6.13,1245.67,1.96,2.6,233.7
08.11.2016 19:10:00,982.86,0.86,0.01,94.0,6.5,6.11,0.39,3.88,6.22,1246.58,1.0,2.16,185.0
08.11.2016 20:10:00,982.93,0.52,-0.43,93.3,6.34,5.92,0.42,3.75,6.02,1248.31,0.77,1.24,228.9
08.11.2016 21:10:00,983.12,0.45,-0.28,94.8,6.31,5.98,0.33,3.79,6.09,1248.83,0.74,1.12,223.6
08.11.2016 22:10:00,983.31,0.49,-0.29,94.5,6.33,5.98,0.35,3.79,6.08,1248.9,0.8,1.12,232.9
08.11.2016 23:10:00,983.34,0.51,-1.07,89.1,6.34,5.65,0.69,3.58,5.74,1249.01,1.86,2.32,245.5
09.11.2016 00:10:00,983.59,-0.13,-1.65,89.4,6.05,5.41,0.64,3.43,5.5,1252.36,2.13,2.72,243.8
09.11.2016 01:10:00,983.33,-0.42,-2.12,88.2,5.93,5.23,0.7,3.31,5.31,1253.42,1.48,2.12,245.7
09.11.2016 02:10:00,983.19,-1.35,-2.08,94.7,5.53,5.24,0.29,3.32,5.33,1257.53,0.6,1.52,272.9
09.11.2016 03:10:00,982.69,-2.02,-2.56,96.0,5.27,5.06,0.21,3.21,5.14,1260.08,1.1,1.76,189.0
09.11.2016 04:10:00,982.33,-2.83,-3.27,96.8,4.95,4.8,0.16,3.04,4.88,1263.56,1.23,1.6,192.3
09.11.2016 05:10:00,981.97,-3.12,-3.5,97.2,4.85,4.71,0.14,2.99,4.8,1264.48,1.41,2.12,216.7
09.11.2016 06:10:00,981.52,-2.84,-3.19,97.4,4.95,4.82,0.13,3.06,4.91,1262.55,1.36,2.98,187.2
09.11.2016 07:10:00,981.21,-2.85,-3.19,97.5,4.95,4.83,0.12,3.06,4.92,1262.17,1.31,2.24,206.3
09.11.2016 08:10:00,981.04,-2.2,-2.57,97.3,5.19,5.05,0.14,3.21,5.15,1258.83,1.28,2.46,181.0
09.11.2016 09:10:00,980.84,-0.71,-1.27,96.0,5.8,5.57,0.23,3.54,5.68,1251.44,1.64,2.24,201.5
09.11.2016 10:10:00,980.45,1.06,-0.93,86.5,6.6,5.71,0.89,3.63,5.82,1242.79,2.51,3.41,179.1
09.11.2016 11:10:00,980.27,2.89,-0.67,77.3,7.52,5.82,1.71,3.7,5.93,1234.26,4.46,7.33,184.6
09.11.2016 12:10:00,979.61,3.71,-0.94,71.5,7.97,5.7,2.27,3.63,5.82,1229.84,3.89,6.01,173.1
09.11.2016 13:10:00,979.3,3.49,-0.91,72.8,7.85,5.71,2.13,3.64,5.83,1230.44,3.99,5.65,185.2
09.11.2016 14:10:00,978.66,4.47,-1.01,67.45,8.41,5.67,2.74,3.61,5.8,1225.31,2.98,5.17,175.7
09.11.2016 15:10:00,978.28,3.97,-1.73,66.22,8.12,5.38,2.74,3.43,5.5,1227.16,3.84,5.57,184.3
09.11.2016 16:10:00,977.97,3.46,-1.41,70.3,7.83,5.51,2.33,3.51,5.63,1228.97,2.23,3.44,183.3
09.11.2016 17:10:00,977.81,2.66,-1.15,75.9,7.4,5.61,1.78,3.58,5.74,1232.31,2.38,3.53,195.7
09.11.2016 18:10:00,977.7,2.16,-1.08,79.0,7.14,5.64,1.5,3.6,5.77,1234.36,2.19,3.53,203.0
09.11.2016 19:10:00,977.46,1.74,-1.21,80.7,6.93,5.59,1.34,3.56,5.72,1236.0,1.5,2.08,210.3
09.11.2016 20:10:00,977.31,1.73,-1.18,80.9,6.92,5.6,1.32,3.57,5.73,1235.83,1.34,2.04,209.1
09.11.2016 21:10:00,977.16,1.79,-1.09,81.1,6.95,5.64,1.31,3.6,5.77,1235.34,2.14,3.08,203.7
09.11.2016 22:10:00,976.96,1.94,-0.86,81.6,7.03,5.73,1.29,3.66,5.87,1234.4,2.25,3.08,202.1
09.11.2016 23:10:00,976.5,2.0,-0.67,82.4,7.06,5.82,1.24,3.71,5.96,1233.5,2.31,3.02,205.5
10.11.2016 00:10:00,976.1,2.07,-0.03,85.9,7.1,6.09,1.0,3.89,6.24,1232.53,2.68,4.69,172.1
10.11.2016 01:10:00,975.43,1.72,0.29,90.2,6.92,6.24,0.68,3.99,6.4,1233.2,2.43,4.61,171.0
10.11.2016 02:10:00,975.16,1.2,0.26,93.4,6.66,6.22,0.44,3.98,6.38,1235.21,1.9,3.53,151.4
10.11.2016 03:10:00,974.46,0.61,-0.1,95.0,6.38,6.06,0.32,3.88,6.22,1237.06,1.53,2.4,198.1
10.11.2016 04:10:00,974.01,1.03,0.33,95.1,6.58,6.26,0.32,4.01,6.42,1234.5,0.95,1.64,211.2
10.11.2016 05:10:00,973.91,1.17,0.37,94.4,6.65,6.28,0.37,4.02,6.44,1233.72,0.48,0.88,307.1
10.11.2016 06:10:00,974.35,1.09,0.4,95.1,6.61,6.29,0.32,4.02,6.45,1234.62,0.87,1.48,228.6
10.11.2016 07:10:00,975.01,1.23,0.51,94.9,6.68,6.34,0.34,4.05,6.5,1234.81,1.16,2.0,1.64
10.11.2016 08:10:00,976.1,0.84,0.09,94.7,6.49,6.15,0.34,3.93,6.3,1238.07,1.42,2.6,259.8
10.11.2016 09:10:00,977.21,0.99,0.08,93.6,6.56,6.14,0.42,3.92,6.29,1238.78,1.26,2.72,227.9
10.11.2016 10:10:00,978.14,1.05,0.14,93.6,6.59,6.17,0.42,3.93,6.31,1239.7,2.1,4.49,241.2
10.11.2016 11:10:00,979.17,1.14,0.13,92.9,6.64,6.16,0.47,3.93,6.3,1240.57,1.97,4.53,253.6
10.11.2016 12:10:00,979.57,1.71,0.56,92.0,6.91,6.36,0.55,4.05,6.49,1238.42,1.13,3.45,286.4
10.11.2016 13:10:00,980.03,2.07,0.75,90.9,7.09,6.45,0.65,4.1,6.58,1237.35,0.8,2.18,245.5
10.11.2016 14:10:00,980.53,2.31,0.77,89.5,7.21,6.46,0.76,4.11,6.59,1236.91,0.51,1.28,233.3
10.11.2016 15:10:00,980.91,2.49,0.97,89.6,7.31,6.55,0.76,4.17,6.68,1236.51,0.6,1.0,214.4
10.11.2016 16:10:00,981.37,2.54,0.91,88.9,7.34,6.52,0.81,4.15,6.65,1236.88,0.86,1.2,227.7
10.11.2016 17:10:00,981.75,2.44,1.22,91.6,7.28,6.67,0.61,4.24,6.8,1237.75,0.38,0.92,260.9
10.11.2016 18:10:00,981.88,1.78,0.9,93.8,6.95,6.52,0.43,4.14,6.64,1240.94,1.22,1.44,227.5
10.11.2016 19:10:00,981.99,1.71,0.75,93.3,6.91,6.45,0.46,4.1,6.57,1241.45,0.9,1.36,212.0
10.11.2016 20:10:00,982.0,1.77,1.11,95.4,6.94,6.62,0.32,4.2,6.74,1241.13,1.55,2.72,166.8
10.11.2016 21:10:00,982.04,1.74,1.11,95.6,6.93,6.62,0.3,4.21,6.74,1241.3,1.69,2.72,177.7
10.11.2016 22:10:00,981.83,1.84,1.23,95.7,6.98,6.68,0.3,4.24,6.8,1240.55,1.35,2.48,185.7
10.11.2016 23:10:00,981.87,1.67,1.08,95.9,6.89,6.61,0.28,4.2,6.73,1241.43,1.34,2.28,200.5
11.11.2016 00:10:00,981.76,1.73,1.12,95.7,6.92,6.63,0.3,4.21,6.75,1240.98,1.19,1.94,215.1
11.11.2016 01:10:00,981.93,1.87,1.24,95.6,6.99,6.68,0.31,4.24,6.81,1240.56,1.02,1.64,217.6
11.11.2016 02:10:00,982.0,1.85,1.31,96.2,6.98,6.72,0.27,4.26,6.84,1240.73,0.18,0.44,286.7
11.11.2016 03:10:00,981.92,1.85,1.34,96.4,6.98,6.73,0.25,4.27,6.85,1240.61,1.11,1.38,32.49
11.11.2016 04:10:00,982.19,2.04,1.64,97.2,7.08,6.88,0.2,4.37,7.01,1240.01,1.41,2.4,344.5
11.11.2016 05:10:00,982.61,2.07,1.67,97.2,7.09,6.89,0.2,4.37,7.01,1240.42,2.06,3.04,8.92
11.11.2016 06:10:00,983.04,2.04,1.6,96.9,7.08,6.86,0.22,4.35,6.98,1241.1,2.99,4.27,37.26
11.11.2016 07:10:00,983.92,1.8,1.4,97.2,6.96,6.76,0.19,4.29,6.87,1243.35,3.77,5.33,28.71
11.11.2016 08:10:00,984.92,1.4,1.05,97.5,6.76,6.59,0.17,4.17,6.69,1246.5,4.21,5.73,25.59
11.11.2016 09:10:00,986.01,1.07,0.76,97.8,6.6,6.45,0.15,4.08,6.55,1249.47,4.27,6.29,25.21
11.11.2016 10:10:00,987.3,0.99,0.56,96.9,6.56,6.36,0.2,4.02,6.44,1251.49,3.67,6.25,26.8
11.11.2016 11:10:00,988.4,0.78,0.24,96.2,6.46,6.22,0.25,3.92,6.29,1253.95,4.42,6.33,25.37
11.11.2016 12:10:00,989.11,0.84,0.23,95.7,6.49,6.21,0.28,3.92,6.28,1254.57,4.73,6.55,34.97
11.11.2016 13:10:00,989.88,0.89,0.18,95.0,6.52,6.19,0.33,3.9,6.25,1255.31,4.61,7.41,32.72
11.11.2016 14:10:00,990.66,1.0,-0.07,92.5,6.57,6.07,0.49,3.82,6.13,1255.87,4.06,6.17,28.16
11.11.2016 15:10:00,991.59,0.97,-0.37,90.7,6.55,5.94,0.61,3.74,5.99,1257.26,5.39,7.37,34.3
11.11.2016 16:10:00,992.45,0.71,-0.72,90.1,6.43,5.8,0.64,3.64,5.84,1259.58,5.01,7.49,31.24
11.11.2016 17:10:00,993.55,0.8,-1.16,86.7,6.47,5.61,0.86,3.52,5.65,1260.69,3.96,6.27,25.7
11.11.2016 18:10:00,994.5,0.8,-1.25,86.1,6.47,5.57,0.9,3.49,5.6,1261.92,3.74,5.89,23.96
11.11.2016 19:10:00,995.32,0.67,-1.44,85.7,6.41,5.49,0.92,3.44,5.52,1263.59,3.49,5.93,25.59
11.11.2016 20:10:00,996.14,0.75,-1.27,86.3,6.45,5.56,0.88,3.48,5.59,1264.25,3.2,5.33,40.66
11.11.2016 21:10:00,996.82,0.66,-1.21,87.2,6.41,5.59,0.82,3.49,5.61,1265.49,2.82,3.93,31.22
11.11.2016 22:10:00,997.36,0.4,-1.53,86.8,6.29,5.46,0.83,3.41,5.47,1267.46,3.66,5.61,31.0
11.11.2016 23:10:00,997.6,0.3,-1.42,88.1,6.24,5.5,0.74,3.44,5.51,1268.18,3.18,4.77,33.96
12.11.2016 00:10:00,997.55,0.13,-1.37,89.6,6.16,5.52,0.64,3.45,5.54,1268.93,3.94,5.73,38.56
12.11.2016 01:10:00,997.65,-0.14,-1.83,88.3,6.05,5.34,0.71,3.34,5.35,1270.38,2.84,4.79,41.13
12.11.2016 02:10:00,997.73,-0.73,-2.17,89.9,5.79,5.21,0.58,3.25,5.22,1273.28,1.94,2.68,33.86
12.11.2016 03:10:00,998.14,-0.87,-2.1,91.3,5.73,5.23,0.5,3.27,5.24,1274.46,3.24,4.33,25.96
12.11.2016 04:10:00,998.35,-0.85,-2.25,90.2,5.74,5.18,0.56,3.23,5.18,1274.69,4.31,5.41,36.18
12.11.2016 05:10:00,998.71,-1.01,-2.02,92.8,5.67,5.26,0.41,3.29,5.27,1275.83,3.1,4.57,25.03
12.11.2016 06:10:00,998.78,-1.18,-2.02,94.0,5.6,5.26,0.34,3.29,5.27,1276.73,2.76,3.45,28.71
12.11.2016 07:10:00,998.83,-1.03,-1.87,94.0,5.66,5.32,0.34,3.32,5.33,1276.06,2.8,4.25,35.44
12.11.2016 08:10:00,999.07,-1.05,-1.81,94.5,5.66,5.35,0.31,3.34,5.35,1276.42,2.03,3.08,29.25
12.11.2016 09:10:00,999.35,-0.96,-1.64,95.1,5.69,5.41,0.28,3.38,5.42,1276.33,1.49,2.08,52.73
12.11.2016 10:10:00,999.46,-0.8,-1.47,95.2,5.76,5.48,0.28,3.42,5.49,1275.7,1.31,1.88,61.08
12.11.2016 11:10:00,999.36,-0.55,-1.5,93.3,5.87,5.47,0.39,3.41,5.48,1274.42,1.83,2.96,15.14
12.11.2016 12:10:00,999.05,-0.06,-1.99,86.8,6.08,5.28,0.8,3.29,5.28,1271.84,1.79,2.36,34.43
12.11.2016 13:10:00,998.59,0.31,-2.36,82.2,6.25,5.13,1.11,3.2,5.14,1269.6,1.44,2.4,53.92
12.11.2016 14:10:00,998.59,0.7,-4.03,70.5,6.42,4.53,1.9,2.83,4.54,1268.09,1.89,4.21,144.1
12.11.2016 15:10:00,998.59,0.19,-2.01,85.1,6.19,5.27,0.92,3.29,5.28,1270.09,2.45,3.0,35.18
12.11.2016 16:10:00,998.66,0.03,-1.86,87.0,6.12,5.33,0.8,3.32,5.33,1270.89,2.37,3.04,35.63
12.11.2016 17:10:00,998.85,0.11,-2.19,84.4,6.16,5.2,0.96,3.24,5.2,1270.81,1.61,2.32,38.53
12.11.2016 18:10:00,999.08,0.13,-2.34,83.4,6.16,5.14,1.02,3.21,5.15,1271.05,0.9,1.88,81.5
12.11.2016 19:10:00,999.31,0.17,-3.09,78.6,6.18,4.86,1.32,3.03,4.86,1271.29,1.5,2.8,131.2
12.11.2016 20:10:00,999.3,-0.14,-4.1,74.5,6.05,4.5,1.54,2.81,4.51,1272.87,1.73,2.7,98.4
12.11.2016 21:10:00,999.34,-0.35,-4.79,71.8,5.96,4.28,1.68,2.67,4.28,1274.01,1.98,2.92,92.5
12.11.2016 22:10:00,999.49,-0.41,-4.56,73.4,5.93,4.35,1.58,2.71,4.35,1274.45,1.57,2.04,69.81
12.11.2016 23:10:00,999.56,-0.47,-4.57,73.7,5.9,4.35,1.55,2.71,4.35,1274.85,1.72,3.69,98.5
13.11.2016 00:10:00,999.77,-0.57,-4.74,73.3,5.86,4.29,1.56,2.68,4.29,1275.61,1.51,2.66,88.0
13.11.2016 01:10:00,999.68,-0.57,-4.73,73.3,5.86,4.29,1.56,2.68,4.3,1275.48,2.23,3.53,163.3
13.11.2016 02:10:00,999.56,-0.56,-4.32,75.6,5.86,4.43,1.43,2.76,4.43,1275.23,1.42,1.92,136.5
13.11.2016 03:10:00,999.48,-0.64,-4.38,75.7,5.83,4.41,1.42,2.75,4.41,1275.51,1.66,2.64,132.5
13.11.2016 04:10:00,999.57,-0.69,-4.51,75.2,5.81,4.37,1.44,2.72,4.37,1275.87,0.93,1.56,194.3
13.11.2016 05:10:00,999.81,-0.86,-4.37,77.0,5.73,4.42,1.32,2.75,4.42,1276.96,0.51,1.08,114.5
13.11.2016 06:10:00,999.94,-1.62,-4.53,80.4,5.42,4.36,1.06,2.72,4.36,1280.71,0.55,1.2,197.7
13.11.2016 07:10:00,1000.24,-2.31,-4.5,84.8,5.15,4.37,0.78,2.72,4.37,1284.36,1.17,1.68,200.8
13.11.2016 08:10:00,1000.96,-2.12,-4.5,83.6,5.23,4.37,0.86,2.72,4.36,1284.38,0.67,1.2,131.4
13.11.2016 09:10:00,1001.39,-1.69,-4.24,82.6,5.4,4.46,0.94,2.77,4.45,1282.85,1.29,2.02,194.6
13.11.2016 10:10:00,1001.78,-0.13,-3.76,76.4,6.05,4.62,1.43,2.88,4.61,1275.94,1.85,3.45,176.0
13.11.2016 11:10:00,1001.98,1.01,-3.95,69.3,6.57,4.56,2.02,2.83,4.55,1270.91,2.34,3.85,165.8
13.11.2016 12:10:00,1001.78,2.01,-4.36,62.52,7.06,4.42,2.65,2.75,4.41,1266.1,3.22,4.93,172.8
13.11.2016 13:10:00,1001.56,2.61,-4.22,60.56,7.37,4.47,2.91,2.78,4.46,1263.07,3.23,5.09,136.7
13.11.2016 14:10:00,1001.25,3.54,-4.28,56.44,7.88,4.45,3.43,2.77,4.44,1258.45,2.46,4.85,142.3
13.11.2016 15:10:00,1001.43,3.95,-4.43,54.17,8.11,4.39,3.72,2.73,4.39,1256.81,2.56,4.16,118.8
13.11.2016 16:10:00,1001.91,2.41,-4.06,62.18,7.27,4.52,2.75,2.81,4.51,1264.39,2.21,4.44,104.4
13.11.2016 17:10:00,1002.64,1.21,-4.31,66.5,6.67,4.43,2.23,2.76,4.42,1270.89,0.59,1.14,226.5
13.11.2016 18:10:00,1003.17,0.45,-4.21,70.8,6.31,4.47,1.84,2.77,4.45,1275.09,1.57,2.44,0.99
13.11.2016 19:10:00,1003.65,-0.7,-4.02,78.1,5.8,4.53,1.27,2.81,4.52,1281.04,0.19,0.6,358.1
13.11.2016 20:10:00,1003.98,-0.81,-4.3,77.1,5.76,4.44,1.32,2.75,4.42,1282.03,0.85,1.12,215.7
13.11.2016 21:10:00,1004.7,-1.6,-4.48,80.6,5.43,4.38,1.05,2.71,4.36,1286.74,0.47,1.08,29.71
13.11.2016 22:10:00,1005.34,-2.62,-4.41,87.4,5.04,4.4,0.63,2.73,4.38,1292.37,0.39,0.72,206.3
13.11.2016 23:10:00,1005.71,-2.95,-4.68,87.8,4.91,4.31,0.6,2.67,4.29,1294.5,0.23,0.54,162.9
14.11.2016 00:10:00,1006.07,-3.32,-5.06,87.7,4.78,4.19,0.59,2.59,4.16,1296.8,0.87,1.36,220.5
14.11.2016 01:10:00,1006.2,-3.79,-5.38,88.6,4.61,4.09,0.53,2.53,4.06,1299.24,0.39,1.36,163.0
14.11.2016 02:10:00,1006.28,-4.31,-5.52,91.2,4.43,4.04,0.39,2.5,4.02,1301.89,0.19,0.4,227.0
14.11.2016 03:10:00,1006.42,-4.91,-6.06,91.6,4.24,3.88,0.36,2.4,3.86,1305.08,1.3,1.68,206.6
14.11.2016 04:10:00,1006.46,-5.28,-6.25,92.8,4.12,3.82,0.3,2.37,3.8,1306.95,1.17,1.72,223.7
14.11.2016 05:10:00,1006.62,-5.7,-6.68,92.7,3.99,3.7,0.29,2.29,3.67,1309.28,0.38,0.92,104.0
14.11.2016 06:10:00,1006.69,-5.63,-6.51,93.5,4.01,3.75,0.26,2.32,3.72,1309.01,0.35,0.8,202.7
14.11.2016 07:10:00,1007.42,-5.9,-6.84,93.0,3.93,3.65,0.27,2.26,3.63,1311.32,0.29,0.6,239.2
14.11.2016 08:10:00,1007.8,-6.02,-7.05,92.3,3.89,3.59,0.3,2.22,3.57,1312.41,1.31,1.78,200.5
14.11.2016 09:10:00,1008.1,-4.2,-6.33,85.0,4.47,3.8,0.67,2.35,3.77,1303.85,0.87,1.44,166.1
14.11.2016 10:10:00,1008.17,-2.74,-5.21,83.0,4.99,4.14,0.85,2.56,4.11,1296.74,1.18,2.24,162.7
14.11.2016 11:10:00,1008.01,-0.76,-4.13,77.8,5.78,4.5,1.28,2.78,4.46,1286.92,1.45,2.28,189.5
14.11.2016 12:10:00,1007.42,2.07,-2.94,69.28,7.09,4.92,2.18,3.04,4.88,1272.74,1.36,2.56,176.8
14.11.2016 13:10:00,1006.85,3.91,-2.92,60.88,8.09,4.92,3.16,3.05,4.89,1263.56,1.51,2.62,177.3
14.11.2016 14:10:00,1006.1,4.93,-2.79,57.2,8.69,4.97,3.72,3.08,4.94,1257.96,1.46,2.36,181.1
14.11.2016 15:10:00,1005.45,4.81,-3.02,56.75,8.61,4.89,3.72,3.03,4.86,1257.76,1.09,1.58,190.1
14.11.2016 16:10:00,1005.23,3.35,-3.7,59.74,7.77,4.64,3.13,2.88,4.62,1264.24,1.39,1.68,216.4
14.11.2016 17:10:00,1005.24,1.97,-4.06,64.15,7.04,4.52,2.53,2.8,4.49,1270.64,1.32,1.96,227.3
14.11.2016 18:10:00,1005.61,1.36,-4.83,63.22,6.74,4.26,2.48,2.64,4.24,1274.03,1.33,1.84,218.2
14.11.2016 19:10:00,1005.68,-0.59,-4.7,73.6,5.85,4.31,1.54,2.67,4.28,1283.25,0.95,1.76,234.7
14.11.2016 20:10:00,1005.11,-1.19,-4.2,79.9,5.6,4.47,1.13,2.77,4.45,1285.26,0.17,0.4,289.2
14.11.2016 21:10:00,1004.86,-1.71,-4.4,81.8,5.39,4.41,0.98,2.73,4.38,1287.45,0.72,1.16,155.0
14.11.2016 22:10:00,1004.64,-1.95,-4.24,84.2,5.29,4.46,0.84,2.76,4.44,1288.25,1.17,2.16,194.3
14.11.2016 23:10:00,1003.86,-2.0,-4.33,84.0,5.27,4.43,0.84,2.75,4.41,1287.51,1.21,2.12,204.5
15.11.2016 00:10:00,1003.61,-1.1,-4.19,79.4,5.63,4.47,1.16,2.78,4.46,1282.93,1.14,1.76,218.3
15.11.2016 01:10:00,1003.18,-0.63,-4.08,77.3,5.83,4.51,1.32,2.8,4.5,1280.11,0.71,1.36,211.7
15.11.2016 02:10:00,1002.56,-0.47,-4.02,76.8,5.9,4.53,1.37,2.82,4.52,1278.59,1.25,1.96,220.7
15.11.2016 03:10:00,1002.23,-0.2,-3.87,76.1,6.02,4.58,1.44,2.85,4.57,1276.85,1.61,2.08,213.3
15.11.2016 04:10:00,1001.96,0.05,-3.71,75.7,6.13,4.64,1.49,2.89,4.63,1275.35,1.01,2.36,189.4
15.11.2016 05:10:00,1001.4,0.15,-3.54,76.1,6.17,4.7,1.48,2.92,4.69,1274.14,1.45,2.08,195.2
15.11.2016 06:10:00,1000.88,0.59,-3.41,74.4,6.38,4.74,1.63,2.95,4.74,1271.38,2.4,3.16,170.2
15.11.2016 07:10:00,1000.31,0.96,-3.29,73.1,6.55,4.79,1.76,2.98,4.79,1268.91,3.88,5.61,153.8
15.11.2016 08:10:00,999.95,1.12,-3.23,72.6,6.62,4.81,1.81,3.0,4.81,1267.74,3.13,5.17,163.1
15.11.2016 09:10:00,999.4,1.73,-3.5,68.11,6.92,4.71,2.21,2.94,4.72,1264.26,3.32,4.57,168.9
15.11.2016 10:10:00,999.52,1.85,-2.9,70.6,6.98,4.93,2.05,3.07,4.93,1263.76,3.32,4.85,173.0
15.11.2016 11:10:00,999.29,0.9,-0.52,90.2,6.52,5.88,0.64,3.67,5.88,1267.41,2.71,4.73,167.5
15.11.2016 12:10:00,998.67,1.22,0.11,92.3,6.67,6.16,0.51,3.84,6.17,1265.0,1.6,3.2,161.3
15.11.2016 13:10:00,997.82,1.49,0.32,91.9,6.8,6.25,0.55,3.91,6.27,1262.64,2.82,4.41,163.6
15.11.2016 14:10:00,997.27,2.19,0.79,90.4,7.16,6.47,0.69,4.04,6.49,1258.6,3.25,4.97,158.9
15.11.2016 15:10:00,997.02,2.14,1.28,94.0,7.13,6.7,0.43,4.19,6.72,1258.41,2.05,3.93,177.8
15.11.2016 16:10:00,996.96,2.28,1.36,93.6,7.2,6.74,0.46,4.22,6.76,1257.68,1.93,3.36,197.0
15.11.2016 17:10:00,996.77,2.12,1.44,95.2,7.12,6.78,0.34,4.24,6.8,1258.13,1.87,2.68,173.1
15.11.2016 18:10:00,996.54,2.18,1.5,95.2,7.15,6.81,0.34,4.26,6.83,1257.56,2.73,4.25,174.9
15.11.2016 19:10:00,996.39,2.33,1.63,95.1,7.23,6.87,0.35,4.3,6.9,1256.67,2.09,3.28,156.5
15.11.2016 20:10:00,996.16,2.47,1.72,94.8,7.3,6.92,0.38,4.33,6.94,1255.74,2.21,3.69,176.0
15.11.2016 21:10:00,995.96,2.67,2.14,96.3,7.4,7.13,0.27,4.46,7.16,1254.47,1.45,2.68,196.3
15.11.2016 22:10:00,995.75,2.99,2.49,96.5,7.57,7.31,0.27,4.58,7.34,1252.66,1.18,2.16,180.1
15.11.2016 23:10:00,995.69,3.26,2.8,96.8,7.72,7.47,0.25,4.68,7.51,1251.28,0.64,2.12,202.6
16.11.2016 00:10:00,995.86,3.6,3.19,97.1,7.91,7.68,0.23,4.81,7.71,1249.84,0.83,1.36,216.8
16.11.2016 01:10:00,995.53,3.74,3.39,97.6,7.99,7.8,0.19,4.89,7.83,1248.76,0.73,1.48,178.5
16.11.2016 02:10:00,995.45,3.67,3.35,97.8,7.95,7.77,0.17,4.87,7.81,1248.97,1.26,1.88,191.7
16.11.2016 03:10:00,995.04,3.8,3.54,98.2,8.02,7.88,0.14,4.94,7.92,1247.83,1.72,2.8,178.5
16.11.2016 04:10:00,994.36,3.87,3.62,98.3,8.06,7.92,0.14,4.97,7.97,1246.64,1.78,2.6,179.9
16.11.2016 05:10:00,994.16,3.9,3.68,98.5,8.08,7.96,0.12,4.99,8.0,1246.23,1.14,1.76,201.3
16.11.2016 06:10:00,993.63,4.03,3.83,98.6,8.15,8.04,0.11,5.05,8.09,1244.94,1.58,2.72,189.1
16.11.2016 07:10:00,993.25,4.27,4.08,98.7,8.29,8.18,0.11,5.14,8.24,1243.33,1.76,3.12,179.3
16.11.2016 08:10:00,992.88,4.32,4.13,98.7,8.32,8.21,0.11,5.16,8.27,1242.61,2.06,3.49,178.7
16.11.2016 09:10:00,991.95,4.74,4.51,98.4,8.57,8.43,0.14,5.3,8.5,1239.48,2.55,4.81,172.7
16.11.2016 10:10:00,991.48,5.36,4.97,97.3,8.95,8.71,0.24,5.48,8.78,1236.0,2.75,4.45,178.1
16.11.2016 11:10:00,990.86,5.44,4.96,96.7,9.0,8.7,0.3,5.48,8.78,1234.87,3.28,5.17,153.1
16.11.2016 12:10:00,989.89,5.86,5.4,96.9,9.27,8.98,0.29,5.66,9.07,1231.67,2.34,4.89,147.7
16.11.2016 13:10:00,989.0,6.41,5.83,96.1,9.62,9.25,0.38,5.84,9.35,1228.02,2.74,5.05,178.6
16.11.2016 14:10:00,988.36,7.1,6.45,95.6,10.1,9.65,0.44,6.1,9.77,1223.99,2.36,5.29,154.8
16.11.2016 15:10:00,987.87,8.19,6.97,92.0,10.88,10.01,0.87,6.33,10.13,1218.47,3.67,6.73,174.9
16.11.2016 16:10:00,987.46,7.98,7.05,93.8,10.72,10.06,0.66,6.36,10.19,1218.85,1.64,3.64,145.5
16.11.2016 17:10:00,987.75,7.83,6.99,94.4,10.61,10.02,0.59,6.33,10.14,1219.88,2.08,4.39,167.2
16.11.2016 18:10:00,987.59,8.26,7.1,92.4,10.93,10.1,0.83,6.39,10.23,1217.78,4.23,7.33,197.4
16.11.2016 19:10:00,987.16,8.16,7.1,93.0,10.86,10.1,0.76,6.39,10.23,1217.68,1.14,2.64,180.5
16.11.2016 20:10:00,986.97,9.4,7.22,86.2,11.81,10.18,1.63,6.44,10.31,1212.06,3.6,6.21,195.5
16.11.2016 21:10:00,986.8,8.68,7.04,89.4,11.25,10.05,1.19,6.36,10.19,1215.01,3.21,4.63,199.7
16.11.2016 22:10:00,986.83,9.5,7.33,86.3,11.89,10.26,1.63,6.49,10.4,1211.43,4.32,6.13,203.7
16.11.2016 23:10:00,986.66,9.08,7.1,87.4,11.56,10.1,1.46,6.39,10.24,1213.09,3.29,5.05,207.1
17.11.2016 00:10:00,986.47,9.14,7.21,87.7,11.6,10.18,1.43,6.44,10.31,1212.57,3.64,5.31,210.3
17.11.2016 01:10:00,985.5,9.02,6.91,86.6,11.51,9.97,1.54,6.31,10.11,1211.98,3.85,5.05,207.0
17.11.2016 02:10:00,985.19,9.19,6.6,83.8,11.64,9.76,1.89,6.18,9.9,1210.97,2.07,3.14,207.2
17.11.2016 03:10:00,984.69,8.88,6.16,83.0,11.4,9.46,1.94,6.0,9.61,1211.82,3.69,6.17,233.2
17.11.2016 04:10:00,984.3,8.94,5.88,81.1,11.45,9.28,2.16,5.89,9.43,1211.16,4.52,6.01,221.5
17.11.2016 05:10:00,983.83,8.93,5.61,79.6,11.44,9.11,2.33,5.78,9.25,1210.71,4.43,6.25,222.9
17.11.2016 06:10:00,983.49,8.44,5.59,82.2,11.06,9.1,1.97,5.77,9.25,1212.4,3.4,4.29,213.3
17.11.2016 07:10:00,983.18,9.08,5.64,79.0,11.56,9.13,2.43,5.8,9.28,1209.25,1.15,1.72,175.4
17.11.2016 08:10:00,982.63,9.23,5.46,77.2,11.67,9.01,2.66,5.72,9.17,1207.98,2.64,3.72,202.6
17.11.2016 09:10:00,982.27,9.08,5.84,80.1,11.56,9.26,2.3,5.88,9.42,1208.07,3.83,5.89,189.0
17.11.2016 10:10:00,981.81,10.24,6.93,79.9,12.49,9.98,2.51,6.35,10.17,1202.22,4.88,7.97,202.8
17.11.2016 11:10:00,981.69,10.68,7.44,80.3,12.87,10.33,2.53,6.57,10.52,1200.05,6.82,9.19,205.2
17.11.2016 12:10:00,981.23,11.83,7.51,74.8,13.89,10.39,3.5,6.61,10.59,1194.62,6.51,9.15,201.6
17.11.2016 13:10:00,981.01,11.76,6.73,71.2,13.82,9.84,3.98,6.26,10.03,1194.89,7.25,10.73,210.7
17.11.2016 14:10:00,980.32,11.57,6.89,72.9,13.65,9.95,3.7,6.34,10.15,1194.8,6.29,10.43,206.0
17.11.2016 15:10:00,980.13,11.38,6.86,73.7,13.48,9.93,3.55,6.33,10.14,1195.37,6.53,8.89,209.5
17.11.2016 16:10:00,980.24,10.96,6.81,75.5,13.11,9.9,3.21,6.3,10.1,1197.29,7.48,10.05,208.7
17.11.2016 17:10:00,980.36,10.73,6.26,73.8,12.91,9.53,3.38,6.07,9.72,1198.58,3.03,5.77,181.2
17.11.2016 18:10:00,979.97,10.64,6.31,74.5,12.83,9.56,3.27,6.09,9.76,1198.46,2.66,4.32,176.1
17.11.2016 19:10:00,979.6,10.37,6.41,76.4,12.6,9.63,2.97,6.14,9.83,1199.12,4.21,6.05,197.1
17.11.2016 20:10:00,978.96,10.95,6.45,73.7,13.1,9.65,3.45,6.16,9.86,1195.87,4.81,7.17,195.0
17.11.2016 21:10:00,978.67,11.47,6.13,69.65,13.56,9.44,4.12,6.02,9.65,1193.43,7.46,10.77,208.4
17.11.2016 22:10:00,978.64,11.43,6.33,70.8,13.52,9.58,3.95,6.11,9.78,1193.5,4.35,7.05,197.4
17.11.2016 23:10:00,977.86,11.0,6.2,72.2,13.14,9.49,3.65,6.06,9.7,1194.39,3.49,5.53,184.8
18.11.2016 00:10:00,977.59,11.12,6.38,72.5,13.25,9.61,3.64,6.13,9.83,1193.5,5.08,8.05,207.7
18.11.2016 01:10:00,976.94,11.59,6.08,68.85,13.67,9.41,4.26,6.01,9.63,1190.83,7.12,11.81,208.1
18.11.2016 02:10:00,976.29,11.66,6.1,68.63,13.73,9.42,4.31,6.03,9.65,1189.73,4.24,5.81,190.8
18.11.2016 03:10:00,975.17,11.36,6.57,72.3,13.46,9.73,3.73,6.23,9.98,1189.47,6.39,10.45,186.0
18.11.2016 04:10:00,974.5,11.47,6.65,72.2,13.56,9.79,3.77,6.27,10.05,1188.17,7.55,11.89,194.0
18.11.2016 05:10:00,974.36,11.93,6.61,69.83,13.98,9.76,4.22,6.26,10.02,1186.09,7.24,10.37,202.2
18.11.2016 06:10:00,973.86,11.21,6.9,74.7,13.33,9.96,3.37,6.38,10.22,1188.39,6.19,8.93,196.3
18.11.2016 07:10:00,973.18,10.86,7.39,79.1,13.02,10.3,2.72,6.61,10.58,1188.86,6.46,10.09,193.9
18.11.2016 08:10:00,972.8,12.56,6.98,68.72,14.57,10.01,4.56,6.43,10.29,1181.46,9.09,15.5,209.8
18.11.2016 09:10:00,972.5,12.59,7.44,70.8,14.6,10.34,4.26,6.64,10.63,1180.82,6.57,8.89,198.1
18.11.2016 10:10:00,972.35,12.86,7.49,69.77,14.86,10.37,4.49,6.66,10.66,1179.51,7.8,12.47,202.2
18.11.2016 11:10:00,972.41,13.51,7.59,67.35,15.51,10.44,5.06,6.71,10.74,1176.87,8.06,11.21,198.2
18.11.2016 12:10:00,974.42,8.92,6.02,82.0,11.43,9.37,2.06,6.01,9.62,1199.0,5.68,8.61,261.3
18.11.2016 13:10:00,974.42,8.98,7.09,87.9,11.48,10.09,1.39,6.47,10.35,1198.42,4.19,6.97,204.8
18.11.2016 14:10:00,974.75,9.8,7.02,82.8,12.13,10.04,2.09,6.43,10.3,1195.37,4.5,7.49,196.5
18.11.2016 15:10:00,975.26,9.66,6.69,81.7,12.02,9.82,2.2,6.29,10.07,1196.69,5.77,8.21,201.4
18.11.2016 16:10:00,976.5,9.04,6.18,82.2,11.52,9.47,2.05,6.06,9.7,1201.02,4.92,6.77,203.7
18.11.2016 17:10:00,976.67,8.91,4.09,71.7,11.42,8.19,3.23,5.23,8.39,1202.38,6.85,10.33,208.6
18.11.2016 18:10:00,977.61,8.41,3.55,71.4,11.04,7.88,3.16,5.03,8.06,1205.82,7.46,10.29,209.3
18.11.2016 19:10:00,978.57,8.29,3.46,71.5,10.95,7.83,3.12,4.99,8.0,1207.55,8.52,10.85,209.0
18.11.2016 20:10:00,979.54,8.03,2.76,69.26,10.76,7.45,3.31,4.75,7.61,1210.04,7.14,9.71,206.9
18.11.2016 21:10:00,980.49,7.76,2.97,71.6,10.56,7.56,3.0,4.81,7.71,1212.33,5.15,6.77,206.0
18.11.2016 22:10:00,980.88,7.41,2.79,72.4,10.31,7.47,2.85,4.75,7.61,1214.37,5.55,8.93,201.0
18.11.2016 23:10:00,981.83,7.53,2.29,69.31,10.4,7.21,3.19,4.58,7.34,1215.15,5.19,7.45,209.2
19.11.2016 00:10:00,982.45,7.21,2.08,69.78,10.17,7.1,3.07,4.51,7.23,1217.36,3.78,6.17,214.5
19.11.2016 01:10:00,982.65,7.12,2.35,71.6,10.11,7.24,2.87,4.6,7.37,1217.94,2.26,3.41,207.1
19.11.2016 02:10:00,982.43,6.95,2.61,73.8,9.99,7.37,2.62,4.68,7.51,1218.35,0.82,2.08,237.2
19.11.2016 03:10:00,982.27,6.17,2.74,78.6,9.47,7.44,2.03,4.73,7.58,1221.53,0.98,1.52,157.7
19.11.2016 04:10:00,982.49,5.68,2.84,81.9,9.15,7.49,1.66,4.76,7.63,1223.93,1.62,2.64,180.8
19.11.2016 05:10:00,982.48,5.6,3.05,83.6,9.1,7.61,1.49,4.83,7.74,1224.21,1.07,1.92,174.2
19.11.2016 06:10:00,982.37,5.68,3.23,84.2,9.15,7.71,1.45,4.89,7.85,1223.65,0.92,1.68,211.0
19.11.2016 07:10:00,981.58,5.83,3.4,84.3,9.25,7.8,1.45,4.96,7.94,1221.97,0.39,1.24,290.2
19.11.2016 08:10:00,981.68,5.8,3.45,84.8,9.23,7.82,1.4,4.97,7.97,1222.22,1.26,2.76,184.0
19.11.2016 09:10:00,981.96,6.27,3.81,84.2,9.54,8.03,1.51,5.1,8.18,1220.39,1.68,2.32,205.1
19.11.2016 10:10:00,981.35,6.84,4.29,83.7,9.92,8.3,1.62,5.28,8.46,1217.02,1.34,2.52,177.9
19.11.2016 11:10:00,980.98,8.19,4.45,77.2,10.88,8.4,2.48,5.34,8.56,1210.69,4.07,6.49,191.7
19.11.2016 12:10:00,980.74,8.43,3.89,73.0,11.06,8.07,2.99,5.14,8.23,1209.52,6.35,9.69,215.7
19.11.2016 13:10:00,980.62,8.33,4.13,74.8,10.98,8.21,2.77,5.23,8.38,1209.73,1.97,3.02,198.1
19.11.2016 14:10:00,980.87,6.79,4.28,84.0,9.88,8.3,1.58,5.28,8.46,1216.67,2.22,4.49,222.9
19.11.2016 15:10:00,982.06,5.88,3.89,87.0,9.28,8.07,1.21,5.13,8.22,1222.24,2.81,4.79,205.7
19.11.2016 16:10:00,982.25,5.29,3.87,90.5,8.91,8.06,0.85,5.12,8.21,1225.04,3.59,4.57,205.4
19.11.2016 17:10:00,983.01,5.27,3.76,89.9,8.9,8.0,0.9,5.08,8.14,1226.11,1.4,2.08,160.4
19.11.2016 18:10:00,983.38,4.67,3.25,90.5,8.53,7.72,0.81,4.9,7.85,1229.38,2.02,2.6,219.0
19.11.2016 19:10:00,983.86,4.14,2.53,89.2,8.22,7.33,0.89,4.65,7.45,1232.51,4.55,4.93,222.1
19.11.2016 20:10:00,984.34,4.06,1.97,86.2,8.17,7.04,1.13,4.46,7.15,1233.62,2.86,3.93,200.0
19.11.2016 21:10:00,984.41,3.73,1.62,86.0,7.99,6.87,1.12,4.35,6.98,1235.22,4.21,4.77,218.5
19.11.2016 22:10:00,984.57,3.87,1.43,84.0,8.06,6.77,1.29,4.29,6.88,1234.86,3.33,4.01,218.4
19.11.2016 23:10:00,984.56,3.26,1.24,86.5,7.72,6.68,1.04,4.23,6.79,1237.6,3.1,4.53,202.6
20.11.2016 00:10:00,984.44,3.21,1.12,86.1,7.69,6.62,1.07,4.2,6.73,1237.74,1.5,2.2,213.6
20.11.2016 01:10:00,984.1,3.12,1.14,86.8,7.65,6.64,1.01,4.21,6.74,1237.69,1.48,2.44,204.4
20.11.2016 02:10:00,983.67,2.89,1.07,87.8,7.52,6.6,0.92,4.19,6.71,1238.2,1.63,2.16,206.4
20.11.2016 03:10:00,983.4,2.76,1.06,88.5,7.45,6.59,0.86,4.18,6.71,1238.44,1.7,2.26,196.0
20.11.2016 04:10:00,983.08,2.9,1.22,88.7,7.52,6.67,0.85,4.23,6.79,1237.38,1.99,2.52,201.8
20.11.2016 05:10:00,982.55,3.66,1.43,85.3,7.94,6.77,1.17,4.3,6.89,1233.27,2.2,3.67,172.0
20.11.2016 06:10:00,981.65,3.84,1.47,84.5,8.04,6.8,1.25,4.32,6.92,1231.33,1.95,3.36,184.0
20.11.2016 07:10:00,981.31,4.7,1.26,78.3,8.54,6.69,1.85,4.25,6.82,1227.15,2.71,4.01,193.3
20.11.2016 08:10:00,980.52,4.61,1.08,77.8,8.49,6.61,1.89,4.2,6.74,1226.57,3.41,4.97,194.5
20.11.2016 09:10:00,979.82,6.01,0.63,68.28,9.37,6.4,2.97,4.07,6.53,1219.64,4.03,6.67,175.9
20.11.2016 10:10:00,979.09,6.93,0.43,63.13,9.98,6.3,3.68,4.01,6.44,1214.77,5.7,10.37,180.9
20.11.2016 11:10:00,978.4,8.15,0.19,57.07,10.85,6.19,4.66,3.95,6.33,1208.71,6.58,10.29,179.5
20.11.2016 12:10:00,977.65,9.7,1.32,55.78,12.05,6.72,5.33,4.29,6.87,1200.91,5.8,9.13,178.4
20.11.2016 13:10:00,976.61,11.56,2.35,53.04,13.64,7.24,6.41,4.62,7.41,1191.56,3.8,6.13,187.4
20.11.2016 14:10:00,976.34,13.08,2.35,48.02,15.08,7.24,7.84,4.63,7.42,1184.9,5.59,7.81,181.9
20.11.2016 15:10:00,976.82,13.37,1.93,45.7,15.37,7.02,8.34,4.48,7.19,1184.38,5.4,8.01,182.4
20.11.2016 16:10:00,977.05,12.08,2.25,50.88,14.12,7.18,6.93,4.59,7.35,1189.94,4.67,7.89,171.4
20.11.2016 17:10:00,978.14,11.36,2.46,54.19,13.46,7.29,6.17,4.65,7.46,1194.24,4.02,5.81,172.4
20.11.2016 18:10:00,978.77,10.4,2.63,58.49,12.63,7.39,5.24,4.71,7.55,1199.01,2.23,3.44,200.2
20.11.2016 19:10:00,979.08,10.6,2.97,59.13,12.8,7.57,5.23,4.82,7.73,1198.47,2.23,3.88,178.1
20.11.2016 20:10:00,979.49,10.43,3.07,60.23,12.65,7.62,5.03,4.85,7.78,1199.66,2.44,3.88,189.3
20.11.2016 21:10:00,979.91,10.76,3.22,59.51,12.93,7.7,5.24,4.9,7.86,1198.75,1.06,1.92,183.8
20.11.2016 22:10:00,980.37,10.91,3.22,58.92,13.06,7.7,5.37,4.9,7.85,1198.68,1.92,2.88,189.5
20.11.2016 23:10:00,980.74,10.47,3.08,60.08,12.69,7.62,5.06,4.85,7.77,1201.03,1.01,2.04,105.2
21.11.2016 00:10:00,981.42,9.83,2.64,60.8,12.15,7.39,4.76,4.7,7.53,1204.69,2.15,3.26,136.3
21.11.2016 01:10:00,981.4,9.01,2.58,63.99,11.5,7.36,4.14,4.68,7.5,1208.18,1.41,2.48,191.2
21.11.2016 02:10:00,981.64,8.42,2.69,67.12,11.05,7.42,3.63,4.71,7.56,1210.98,3.56,5.31,161.0
21.11.2016 03:10:00,981.27,7.78,2.52,69.26,10.58,7.33,3.25,4.66,7.47,1213.32,1.67,2.96,166.9
21.11.2016 04:10:00,981.17,7.87,2.13,66.92,10.64,7.12,3.52,4.53,7.26,1212.91,1.17,2.08,63.42
21.11.2016 05:10:00,981.33,8.39,1.94,63.72,11.03,7.03,4.0,4.47,7.16,1210.91,0.67,1.72,202.8
21.11.2016 06:10:00,981.43,8.3,2.01,64.46,10.96,7.06,3.9,4.49,7.2,1211.4,1.16,2.6,186.4
21.11.2016 07:10:00,981.59,7.41,1.78,67.34,10.31,6.95,3.37,4.41,7.08,1215.5,1.88,2.76,195.7
21.11.2016 08:10:00,981.44,7.53,1.76,66.71,10.4,6.94,3.46,4.41,7.07,1214.8,1.21,2.4,172.4
21.11.2016 09:10:00,981.29,7.83,1.55,64.4,10.61,6.84,3.78,4.34,6.97,1213.36,2.38,3.57,163.9
21.11.2016 10:10:00,980.89,8.39,1.36,61.14,11.03,6.74,4.29,4.29,6.87,1210.5,2.3,3.12,196.1
21.11.2016 11:10:00,980.3,8.77,1.72,61.15,11.32,6.92,4.4,4.4,7.06,1208.05,1.25,2.36,181.9
21.11.2016 12:10:00,979.61,9.47,2.0,59.5,11.86,7.06,4.8,4.49,7.21,1204.15,1.22,2.16,210.8
21.11.2016 13:10:00,979.17,10.5,2.14,56.07,12.71,7.13,5.58,4.54,7.28,1199.2,1.05,1.92,209.8
21.11.2016 14:10:00,978.81,11.48,2.68,54.6,13.57,7.41,6.16,4.72,7.57,1194.5,0.6,1.72,239.5
21.11.2016 15:10:00,978.69,11.54,3.28,56.78,13.62,7.74,5.89,4.93,7.9,1193.95,1.68,2.6,208.8
21.11.2016 16:10:00,978.98,11.33,4.3,61.88,13.43,8.31,5.12,5.3,8.49,1194.92,3.17,4.4,199.0
21.11.2016 17:10:00,978.91,11.0,4.24,62.96,13.14,8.28,4.87,5.27,8.45,1196.24,2.82,4.2,199.3
21.11.2016 18:10:00,979.18,10.81,4.11,63.17,12.98,8.2,4.78,5.22,8.37,1197.41,3.24,4.22,190.8
21.11.2016 19:10:00,979.67,10.49,4.18,64.89,12.7,8.24,4.46,5.25,8.41,1199.34,2.56,3.52,195.5
21.11.2016 20:10:00,980.04,10.53,4.22,64.87,12.74,8.26,4.47,5.26,8.43,1199.62,2.14,2.88,192.7
21.11.2016 21:10:00,980.38,10.39,4.23,65.54,12.62,8.27,4.35,5.26,8.44,1200.62,1.61,2.48,167.9
21.11.2016 22:10:00,980.2,9.51,4.29,69.8,11.9,8.3,3.59,5.29,8.47,1204.12,2.37,3.6,176.5
21.11.2016 23:10:00,980.16,10.11,4.39,67.52,12.38,8.36,4.02,5.32,8.53,1201.5,1.24,2.26,128.5
22.11.2016 00:10:00,980.44,9.93,4.53,69.01,12.24,8.44,3.79,5.37,8.61,1202.57,0.49,1.24,287.3
22.11.2016 01:10:00,980.53,9.77,4.6,70.1,12.11,8.49,3.62,5.4,8.65,1203.34,1.84,2.52,189.6
22.11.2016 02:10:00,980.66,10.24,5.11,70.4,12.49,8.8,3.7,5.6,8.97,1201.36,2.04,3.04,181.0
22.11.2016 03:10:00,981.06,10.79,5.66,70.5,12.96,9.14,3.82,5.81,9.31,1199.36,1.8,2.56,198.6
22.11.2016 04:10:00,981.33,10.37,5.73,72.9,12.6,9.19,3.42,5.84,9.36,1201.45,1.98,3.2,214.3
22.11.2016 05:10:00,981.71,10.16,5.75,74.0,12.43,9.2,3.23,5.85,9.37,1202.8,1.76,2.6,187.9
22.11.2016 06:10:00,982.58,10.17,5.74,73.9,12.43,9.19,3.25,5.84,9.35,1203.83,1.36,2.16,196.8
22.11.2016 07:10:00,983.58,10.32,5.71,73.0,12.56,9.17,3.39,5.82,9.32,1204.43,2.64,3.4,218.9
22.11.2016 08:10:00,984.64,9.75,5.77,76.2,12.09,9.21,2.88,5.84,9.36,1208.15,0.8,1.36,206.4
22.11.2016 09:10:00,985.14,9.35,5.81,78.5,11.77,9.24,2.53,5.85,9.38,1210.46,0.44,1.68,67.08
22.11.2016 10:10:00,985.93,9.86,6.27,78.3,12.18,9.54,2.64,6.04,9.67,1209.11,0.6,0.88,164.5
22.11.2016 11:10:00,986.14,10.09,6.23,76.9,12.37,9.51,2.86,6.02,9.64,1208.4,1.69,3.24,187.0
22.11.2016 12:10:00,986.36,10.77,6.35,74.1,12.94,9.59,3.35,6.07,9.72,1205.74,2.79,4.28,177.6
22.11.2016 13:10:00,986.43,11.35,6.54,72.2,13.45,9.71,3.74,6.15,9.85,1203.31,2.13,3.72,167.8
22.11.2016 14:10:00,986.43,11.64,6.78,72.0,13.71,9.87,3.84,6.25,10.01,1202.01,1.56,2.46,182.2
22.11.2016 15:10:00,986.67,11.55,6.87,72.9,13.63,9.94,3.69,6.29,10.07,1202.66,1.19,2.16,180.0
22.11.2016 16:10:00,987.01,11.48,6.92,73.5,13.57,9.97,3.6,6.31,10.1,1203.35,2.69,3.48,204.5
22.11.2016 17:10:00,987.38,11.16,6.98,75.4,13.28,10.02,3.27,6.33,10.14,1205.14,1.9,2.92,202.9
22.11.2016 18:10:00,987.86,10.34,7.01,79.8,12.58,10.04,2.54,6.34,10.16,1209.21,1.65,2.64,211.3
22.11.2016 19:10:00,988.17,9.55,6.67,82.2,11.93,9.8,2.12,6.19,9.92,1213.07,1.55,2.2,211.1
22.11.2016 20:10:00,988.5,8.72,6.26,84.5,11.28,9.53,1.75,6.02,9.64,1217.18,1.36,2.0,209.6
22.11.2016 21:10:00,988.65,7.41,5.83,89.7,10.31,9.25,1.06,5.84,9.36,1223.18,1.22,2.04,200.8
22.11.2016 22:10:00,989.18,7.2,5.79,90.7,10.17,9.22,0.95,5.82,9.32,1224.77,0.24,0.52,57.51
22.11.2016 23:10:00,989.64,5.4,4.36,93.0,8.97,8.34,0.63,5.26,8.43,1233.7,0.82,1.36,166.3
23.11.2016 00:10:00,989.86,5.24,4.61,95.7,8.88,8.5,0.38,5.36,8.58,1234.58,0.29,0.68,194.3
23.11.2016 01:10:00,989.87,5.18,4.46,95.1,8.84,8.41,0.43,5.3,8.49,1234.9,0.62,1.36,177.1
23.11.2016 02:10:00,990.28,5.27,4.68,96.0,8.89,8.54,0.36,5.38,8.62,1234.98,0.43,1.04,253.5
23.11.2016 03:10:00,990.57,3.72,3.22,96.5,7.98,7.7,0.28,4.85,7.77,1242.64,0.61,1.2,152.9
23.11.2016 04:10:00,990.96,3.76,3.4,97.5,8.0,7.8,0.2,4.91,7.87,1242.89,0.54,1.2,196.9
23.11.2016 05:10:00,991.01,4.07,3.72,97.6,8.18,7.98,0.2,5.02,8.05,1241.51,0.48,1.04,331.9
23.11.2016 06:10:00,991.4,4.02,3.64,97.4,8.15,7.94,0.21,4.99,8.0,1242.24,0.69,1.24,221.3
23.11.2016 07:10:00,991.58,3.87,3.51,97.5,8.06,7.86,0.2,4.95,7.93,1243.14,0.76,1.68,161.4
23.11.2016 08:10:00,991.81,3.53,3.12,97.1,7.87,7.64,0.23,4.81,7.71,1245.07,1.11,2.52,177.6
23.11.2016 09:10:00,992.26,4.22,3.75,96.7,8.27,7.99,0.27,5.03,8.06,1242.36,0.19,0.48,38.03
23.11.2016 10:10:00,992.53,5.83,4.24,89.5,9.25,8.27,0.97,5.2,8.34,1235.44,0.84,1.66,182.4
23.11.2016 11:10:00,992.62,6.37,4.72,89.2,9.6,8.56,1.04,5.38,8.63,1233.03,0.78,1.64,206.7
23.11.2016 12:10:00,992.2,7.46,5.31,86.2,10.35,8.92,1.43,5.61,8.99,1227.53,1.19,1.92,198.2
23.11.2016 13:10:00,991.75,8.67,5.73,81.7,11.24,9.18,2.06,5.78,9.26,1221.58,0.96,1.36,217.9
23.11.2016 14:10:00,991.59,10.23,6.28,76.4,12.48,9.54,2.95,6.01,9.62,1214.49,1.11,1.64,213.3
23.11.2016 15:10:00,991.59,11.25,6.52,72.6,13.36,9.7,3.66,6.11,9.78,1210.06,0.23,0.44,13.72
23.11.2016 16:10:00,991.76,10.3,6.42,76.8,12.54,9.63,2.91,6.06,9.71,1214.36,0.47,0.8,37.77
23.11.2016 17:10:00,992.14,9.89,6.54,79.6,12.2,9.71,2.49,6.11,9.79,1216.55,0.21,0.4,210.0
23.11.2016 18:10:00,992.45,8.77,6.48,85.5,11.32,9.67,1.64,6.09,9.75,1221.78,0.56,0.8,19.4
23.11.2016 19:10:00,993.03,8.33,6.46,88.0,10.98,9.66,1.32,6.08,9.73,1224.42,0.87,1.36,235.7
23.11.2016 20:10:00,993.05,7.59,6.16,90.6,10.44,9.46,0.98,5.95,9.53,1227.76,0.58,0.88,228.7
23.11.2016 21:10:00,993.09,6.38,5.13,91.7,9.61,8.81,0.8,5.54,8.87,1233.43,1.23,1.68,185.6
23.11.2016 22:10:00,993.31,6.33,5.65,95.4,9.58,9.14,0.44,5.74,9.2,1233.76,0.24,0.52,258.2
23.11.2016 23:10:00,993.41,6.16,5.45,95.2,9.46,9.01,0.45,5.66,9.07,1234.72,0.21,0.44,68.63
24.11.2016 00:10:00,993.4,5.02,4.35,95.4,8.74,8.34,0.4,5.24,8.39,1240.09,0.35,0.56,174.9
24.11.2016 01:10:00,993.36,4.93,4.36,96.1,8.69,8.35,0.34,5.24,8.4,1240.43,0.23,0.44,85.3
24.11.2016 02:10:00,993.41,4.68,4.26,97.1,8.53,8.29,0.25,5.21,8.34,1241.63,0.29,0.52,52.65
24.11.2016 03:10:00,993.68,5.17,4.73,97.0,8.83,8.57,0.26,5.38,8.62,1239.65,0.79,1.44,229.9
24.11.2016 04:10:00,993.55,6.06,5.64,97.1,9.4,9.13,0.27,5.73,9.19,1235.26,1.93,2.7,24.48
24.11.2016 05:10:00,993.97,6.15,5.83,97.8,9.46,9.25,0.21,5.81,9.3,1235.34,1.66,2.84,12.2
24.11.2016 06:10:00,994.17,6.34,6.09,98.3,9.58,9.42,0.16,5.91,9.47,1234.68,2.81,4.17,27.67
24.11.2016 07:10:00,994.42,6.33,6.1,98.4,9.58,9.42,0.15,5.91,9.48,1235.01,2.19,3.0,26.65
24.11.2016 08:10:00,995.01,6.4,6.16,98.3,9.62,9.46,0.16,5.93,9.51,1235.42,2.94,5.69,27.4
24.11.2016 09:10:00,995.51,6.11,5.86,98.3,9.43,9.27,0.16,5.81,9.31,1237.43,3.6,5.25,26.2
24.11.2016 10:10:00,996.07,6.01,5.79,98.5,9.36,9.22,0.14,5.78,9.26,1238.62,3.94,5.21,32.91
24.11.2016 11:10:00,996.25,6.07,5.88,98.7,9.4,9.28,0.12,5.81,9.31,1238.54,3.06,4.29,30.2
24.11.2016 12:10:00,995.94,6.28,6.1,98.8,9.54,9.43,0.11,5.91,9.46,1237.14,3.19,5.05,39.86
24.11.2016 13:10:00,995.91,6.46,6.32,99.0,9.66,9.57,0.1,6.0,9.61,1236.23,3.03,4.89,38.47
24.11.2016 14:10:00,995.3,6.29,6.14,99.0,9.55,9.45,0.1,5.93,9.5,1236.29,3.89,5.29,29.25
24.11.2016 15:10:00,995.44,6.07,5.94,99.1,9.4,9.32,0.08,5.84,9.36,1237.48,3.45,4.93,28.3
24.11.2016 16:10:00,995.75,5.93,5.81,99.2,9.31,9.24,0.07,5.79,9.28,1238.56,3.75,5.25,38.52
24.11.2016 17:10:00,995.58,5.86,5.74,99.2,9.27,9.19,0.07,5.76,9.23,1238.66,4.03,6.27,32.18
24.11.2016 18:10:00,996.05,5.8,5.69,99.2,9.23,9.16,0.07,5.74,9.19,1239.52,4.08,5.61,29.49
24.11.2016 19:10:00,996.35,5.49,5.36,99.1,9.03,8.95,0.08,5.61,8.98,1241.37,4.56,6.85,36.94
24.11.2016 20:10:00,996.5,5.21,5.07,99.0,8.86,8.77,0.09,5.49,8.8,1242.88,3.86,5.33,38.5
24.11.2016 21:10:00,996.62,4.94,4.81,99.1,8.69,8.61,0.08,5.39,8.64,1244.34,2.41,3.0,32.69
24.11.2016 22:10:00,996.72,4.87,4.73,99.0,8.65,8.56,0.09,5.36,8.59,1244.79,3.89,5.61,36.29
24.11.2016 23:10:00,996.72,4.63,4.43,98.6,8.51,8.39,0.12,5.25,8.42,1245.94,3.26,5.27,46.7
25.11.2016 00:10:00,996.57,4.17,3.8,97.4,8.24,8.02,0.21,5.02,8.05,1248.0,3.74,6.47,46.77
25.11.2016 01:10:00,996.45,4.02,3.67,97.6,8.15,7.95,0.2,4.98,7.98,1248.58,2.58,3.77,74.0
25.11.2016 02:10:00,996.39,3.88,3.52,97.5,8.07,7.86,0.2,4.92,7.89,1249.18,2.73,4.25,55.89
25.11.2016 03:10:00,996.09,3.81,3.15,95.4,8.03,7.66,0.37,4.8,7.69,1249.18,3.26,4.61,46.62
25.11.2016 04:10:00,996.29,3.75,3.11,95.6,7.99,7.64,0.35,4.78,7.67,1249.73,4.25,6.01,48.44
25.11.2016 05:10:00,995.78,3.49,2.93,96.1,7.85,7.54,0.31,4.73,7.58,1250.29,4.24,5.85,47.73
25.11.2016 06:10:00,995.98,3.53,2.91,95.7,7.87,7.53,0.34,4.72,7.56,1250.41,4.03,5.69,43.91
25.11.2016 07:10:00,995.98,3.22,1.03,85.5,7.7,6.58,1.12,4.12,6.61,1252.23,3.07,5.41,78.4
25.11.2016 08:10:00,996.44,2.81,0.63,85.5,7.48,6.39,1.08,4.0,6.42,1254.79,2.55,3.89,81.4
25.11.2016 09:10:00,996.72,2.47,0.26,85.3,7.3,6.22,1.07,3.89,6.24,1256.78,2.8,4.85,61.57
25.11.2016 10:10:00,996.86,2.52,0.26,85.0,7.32,6.23,1.1,3.89,6.25,1256.71,3.0,4.57,63.25
25.11.2016 11:10:00,996.64,2.51,0.06,83.8,7.32,6.14,1.19,3.84,6.16,1256.49,2.28,3.77,57.46
25.11.2016 12:10:00,996.35,2.76,0.67,86.1,7.45,6.41,1.04,4.01,6.44,1254.89,2.93,4.53,56.61
25.11.2016 13:10:00,996.08,3.17,0.85,84.7,7.67,6.5,1.17,4.07,6.52,1252.65,1.73,2.56,71.4
25.11.2016 14:10:00,995.74,4.41,0.87,77.7,8.38,6.51,1.87,4.08,6.54,1246.6,2.37,3.77,46.85
25.11.2016 15:10:00,995.42,4.99,0.61,73.2,8.72,6.38,2.34,4.0,6.41,1243.66,2.55,3.69,42.84
25.11.2016 16:10:00,995.6,3.49,1.28,85.4,7.85,6.7,1.15,4.2,6.73,1250.51,3.23,4.89,37.07
25.11.2016 17:10:00,995.73,2.8,1.08,88.4,7.47,6.6,0.87,4.14,6.63,1253.84,3.95,4.89,40.36
25.11.2016 18:10:00,995.92,2.44,1.0,90.2,7.28,6.57,0.71,4.11,6.6,1255.71,2.99,4.69,34.82
25.11.2016 19:10:00,996.26,2.18,0.82,90.7,7.15,6.49,0.66,4.06,6.51,1257.37,2.53,4.01,48.59
25.11.2016 20:10:00,996.21,1.73,0.59,92.1,6.92,6.38,0.55,3.99,6.4,1259.4,3.01,4.13,38.01
25.11.2016 21:10:00,996.54,1.32,0.33,93.1,6.72,6.26,0.46,3.91,6.28,1261.79,2.27,3.08,76.0
25.11.2016 22:10:00,996.66,1.1,0.29,94.3,6.62,6.24,0.38,3.9,6.26,1262.95,2.02,2.76,31.32
25.11.2016 23:10:00,996.61,0.89,0.21,95.2,6.52,6.2,0.31,3.88,6.23,1263.85,1.98,3.55,22.29
26.11.2016 00:10:00,996.14,0.75,0.21,96.1,6.45,6.2,0.25,3.88,6.22,1263.9,1.54,2.16,80.4
26.11.2016 01:10:00,995.95,0.71,0.29,97.0,6.43,6.24,0.19,3.9,6.26,1263.86,0.46,1.52,103.7
26.11.2016 02:10:00,995.69,0.42,0.02,97.1,6.3,6.11,0.18,3.83,6.14,1264.91,1.36,1.9,74.1
26.11.2016 03:10:00,995.25,0.29,-0.09,97.3,6.24,6.07,0.17,3.8,6.1,1264.97,0.96,1.56,9.29
26.11.2016 04:10:00,994.68,0.03,-0.29,97.7,6.12,5.98,0.14,3.75,6.01,1265.51,1.43,2.6,208.1
26.11.2016 05:10:00,994.52,-0.04,-0.31,98.0,6.09,5.97,0.12,3.74,6.0,1265.61,0.68,1.08,21.82
26.11.2016 06:10:00,994.14,-0.09,-0.34,98.2,6.07,5.96,0.11,3.74,5.99,1265.37,1.53,2.44,214.9
26.11.2016 07:10:00,994.32,-0.27,-0.5,98.3,5.99,5.89,0.1,3.69,5.92,1266.44,1.2,1.56,267.9
26.11.2016 08:10:00,994.16,-0.41,-0.64,98.3,5.93,5.83,0.1,3.65,5.86,1266.94,1.74,2.28,219.9
26.11.2016 09:10:00,994.13,-0.43,-0.62,98.6,5.92,5.84,0.08,3.66,5.87,1267.0,1.16,1.6,232.9
26.11.2016 10:10:00,993.8,-0.29,-0.44,98.9,5.98,5.91,0.07,3.71,5.95,1265.87,0.51,1.08,265.4
26.11.2016 11:10:00,993.5,0.66,0.46,98.6,6.41,6.32,0.09,3.96,6.36,1260.95,1.0,2.04,130.7
26.11.2016 12:10:00,992.8,1.18,0.93,98.2,6.65,6.54,0.12,4.1,6.58,1257.53,1.69,3.0,176.8
26.11.2016 13:10:00,992.13,2.05,1.69,97.4,7.09,6.9,0.18,4.34,6.96,1252.52,0.81,1.52,172.6
26.11.2016 14:10:00,991.3,3.09,1.61,90.0,7.63,6.87,0.76,4.32,6.93,1246.8,0.81,1.52,153.7
26.11.2016 15:10:00,990.7,3.81,1.98,87.8,8.03,7.05,0.98,4.44,7.12,1242.7,0.88,1.76,115.4
26.11.2016 16:10:00,990.34,3.08,1.9,91.9,7.62,7.01,0.62,4.41,7.08,1245.55,0.47,1.26,222.2
26.11.2016 17:10:00,990.4,2.42,1.72,95.1,7.28,6.92,0.36,4.36,6.99,1248.64,0.95,1.48,330.8
26.11.2016 18:10:00,990.48,1.81,1.37,96.9,6.96,6.75,0.22,4.25,6.81,1251.63,0.73,1.1,259.2
26.11.2016 19:10:00,990.25,1.49,1.21,98.0,6.81,6.67,0.14,4.2,6.74,1252.8,1.41,1.92,229.5
26.11.2016 20:10:00,990.24,1.03,0.8,98.4,6.58,6.47,0.11,4.08,6.54,1255.02,1.22,1.72,230.1
26.11.2016 21:10:00,990.25,0.62,0.39,98.4,6.39,6.29,0.1,3.96,6.35,1257.0,1.14,1.6,242.0
26.11.2016 22:10:00,990.01,0.23,0.06,98.8,6.21,6.14,0.07,3.86,6.2,1258.55,1.02,1.44,223.2
26.11.2016 23:10:00,989.84,-0.03,-0.18,98.9,6.1,6.03,0.07,3.8,6.09,1259.57,0.73,1.4,187.5
27.11.2016 00:10:00,989.57,-0.61,-0.72,99.2,5.84,5.79,0.05,3.65,5.86,1262.02,1.23,1.84,218.4
27.11.2016 01:10:00,989.25,-0.59,-0.67,99.4,5.85,5.82,0.04,3.67,5.88,1261.5,1.22,1.92,219.0
27.11.2016 02:10:00,988.87,-0.77,-0.88,99.2,5.77,5.73,0.05,3.61,5.79,1261.92,0.62,1.48,163.5
27.11.2016 03:10:00,988.85,0.23,0.21,99.9,6.21,6.2,0.01,3.91,6.27,1257.05,0.7,1.62,177.9
27.11.2016 04:10:00,988.77,1.14,1.08,99.6,6.63,6.61,0.03,4.17,6.68,1252.58,0.61,1.2,187.5
27.11.2016 05:10:00,988.87,3.0,2.98,99.8,7.58,7.57,0.02,4.77,7.65,1243.78,2.0,3.55,253.9
27.11.2016 06:10:00,989.08,3.04,3.01,99.8,7.6,7.58,0.02,4.78,7.67,1243.9,2.73,4.41,259.3
27.11.2016 07:10:00,989.3,3.2,3.12,99.4,7.69,7.64,0.05,4.82,7.73,1243.4,3.15,5.51,257.5
27.11.2016 08:10:00,989.44,3.37,3.17,98.6,7.78,7.67,0.11,4.84,7.75,1242.8,4.01,6.07,262.8
27.11.2016 09:10:00,990.35,3.6,3.08,96.4,7.91,7.63,0.28,4.8,7.7,1242.94,1.27,3.04,274.4
27.11.2016 10:10:00,990.45,3.6,2.77,94.3,7.91,7.46,0.45,4.7,7.53,1243.15,2.63,3.89,262.6
27.11.2016 11:10:00,990.63,4.77,3.26,89.9,8.59,7.72,0.87,4.86,7.79,1238.03,1.91,3.53,262.5
27.11.2016 12:10:00,990.4,5.88,3.44,84.3,9.28,7.82,1.46,4.93,7.9,1232.76,1.47,2.4,237.4
27.11.2016 13:10:00,990.46,5.8,2.56,79.6,9.23,7.34,1.88,4.63,7.42,1233.42,0.88,2.52,354.5
27.11.2016 14:10:00,990.46,5.53,1.99,77.9,9.06,7.05,2.0,4.44,7.12,1234.75,1.28,2.64,247.2
27.11.2016 15:10:00,990.85,5.87,1.43,73.1,9.27,6.78,2.49,4.27,6.84,1233.87,1.42,2.76,261.1
27.11.2016 16:10:00,991.33,4.32,1.2,80.1,8.32,6.67,1.66,4.19,6.72,1241.4,1.4,2.64,253.0
27.11.2016 17:10:00,991.68,3.66,0.74,81.1,7.95,6.44,1.5,4.05,6.5,1244.89,1.76,3.08,253.4
27.11.2016 18:10:00,992.44,3.01,0.67,84.5,7.59,6.41,1.18,4.03,6.46,1248.79,0.96,1.64,240.9
27.11.2016 19:10:00,993.26,2.11,0.2,87.1,7.12,6.2,0.92,3.89,6.24,1254.01,0.56,1.2,213.8
27.11.2016 20:10:00,993.85,1.48,-0.23,88.3,6.8,6.0,0.8,3.77,6.04,1257.74,1.51,2.4,217.1
27.11.2016 21:10:00,994.4,1.59,-0.36,86.8,6.85,5.95,0.9,3.73,5.98,1257.96,1.87,3.12,244.6
27.11.2016 22:10:00,994.91,2.27,-0.47,82.0,7.2,5.9,1.3,3.7,5.93,1255.54,1.37,3.57,228.1
27.11.2016 23:10:00,995.14,1.2,-1.62,81.4,6.66,5.42,1.24,3.4,5.45,1260.95,1.71,3.08,218.3
28.11.2016 00:10:00,995.53,0.45,-2.12,82.8,6.31,5.22,1.09,3.27,5.25,1265.0,1.2,2.28,178.6
28.11.2016 01:10:00,995.82,0.02,-2.33,84.1,6.12,5.14,0.97,3.22,5.17,1267.39,0.98,1.64,164.4
28.11.2016 02:10:00,995.97,0.32,-2.73,79.9,6.25,4.99,1.26,3.12,5.01,1266.29,1.49,2.64,238.3
28.11.2016 03:10:00,996.09,-0.3,-3.08,81.4,5.98,4.86,1.11,3.04,4.88,1269.36,1.62,2.48,219.5
28.11.2016 04:10:00,996.49,-0.72,-3.35,82.3,5.79,4.77,1.03,2.98,4.78,1271.89,1.94,3.05,238.9
28.11.2016 05:10:00,997.21,-1.02,-3.38,83.9,5.67,4.76,0.91,2.97,4.77,1274.2,1.46,2.04,145.6
28.11.2016 06:10:00,997.96,-1.44,-3.81,83.8,5.5,4.61,0.89,2.88,4.62,1277.2,0.52,1.34,118.6
28.11.2016 07:10:00,998.83,-1.06,-3.89,81.0,5.65,4.58,1.07,2.86,4.58,1276.54,0.77,1.6,46.15
28.11.2016 08:10:00,999.61,-0.95,-4.0,79.7,5.7,4.54,1.16,2.83,4.54,1277.06,1.1,2.32,175.5
28.11.2016 09:10:00,1000.35,-0.23,-4.39,73.4,6.01,4.41,1.6,2.75,4.41,1274.7,1.13,3.45,18.33
28.11.2016 10:10:00,1001.19,-0.32,-4.72,72.0,5.97,4.3,1.67,2.67,4.29,1276.21,2.97,4.21,24.42
28.11.2016 11:10:00,1001.7,0.06,-5.1,68.05,6.14,4.18,1.96,2.6,4.17,1275.16,4.2,7.01,25.23
28.11.2016 12:10:00,1001.98,0.1,-5.19,67.39,6.15,4.15,2.01,2.58,4.14,1275.34,3.16,5.01,29.5
28.11.2016 13:10:00,1002.49,0.8,-5.03,64.84,6.48,4.2,2.28,2.61,4.19,1272.7,4.07,6.05,41.57
28.11.2016 14:10:00,1002.75,0.78,-5.26,63.83,6.46,4.12,2.34,2.56,4.11,1273.2,3.26,5.19,31.19
28.11.2016 15:10:00,1003.02,0.86,-4.84,65.5,6.5,4.26,2.24,2.65,4.25,1273.09,1.98,3.45,20.96
28.11.2016 16:10:00,1003.49,-0.29,-4.86,71.1,5.98,4.25,1.73,2.64,4.24,1279.06,0.49,1.16,314.6
28.11.2016 17:10:00,1004.03,-0.79,-4.86,73.8,5.76,4.25,1.51,2.64,4.24,1282.11,0.93,2.4,340.9
28.11.2016 18:10:00,1004.54,-1.04,-4.75,75.8,5.66,4.29,1.37,2.66,4.27,1283.91,1.08,1.72,349.6
28.11.2016 19:10:00,1005.19,-1.52,-4.55,79.7,5.46,4.35,1.11,2.7,4.33,1287.0,0.51,1.04,309.2
28.11.2016 20:10:00,1005.74,-1.76,-4.43,81.9,5.37,4.4,0.97,2.72,4.37,1288.81,0.52,1.44,5.72
28.11.2016 21:10:00,1006.02,-1.6,-4.27,81.9,5.43,4.45,0.98,2.75,4.42,1288.37,0.74,1.2,349.7
28.11.2016 22:10:00,1006.21,-2.13,-4.62,82.9,5.22,4.33,0.89,2.68,4.3,1291.17,0.71,1.28,282.8
28.11.2016 23:10:00,1006.64,-3.9,-5.22,90.5,4.57,4.14,0.43,2.56,4.11,1300.34,0.17,0.32,41.48
29.11.2016 00:10:00,1006.82,-4.09,-5.43,90.3,4.51,4.07,0.44,2.52,4.04,1301.5,1.39,2.02,239.1
29.11.2016 01:10:00,1006.92,-4.39,-5.66,90.8,4.41,4.0,0.41,2.48,3.97,1303.13,1.29,1.66,244.3
29.11.2016 02:10:00,1007.08,-4.91,-6.19,90.7,4.24,3.84,0.39,2.38,3.82,1305.96,0.59,1.04,202.6
29.11.2016 03:10:00,1006.97,-5.22,-6.28,92.2,4.14,3.82,0.32,2.36,3.79,1307.32,0.55,0.8,237.4
29.11.2016 04:10:00,1006.93,-5.56,-6.78,91.0,4.03,3.67,0.36,2.27,3.64,1308.99,1.06,1.4,223.2
29.11.2016 05:10:00,1007.06,-5.95,-6.77,93.9,3.91,3.67,0.24,2.27,3.65,1311.09,0.69,1.06,210.6
29.11.2016 06:10:00,1007.12,-6.5,-7.4,93.3,3.75,3.5,0.25,2.16,3.47,1313.96,0.95,1.1,211.0
29.11.2016 07:10:00,1007.44,-6.38,-7.39,92.5,3.79,3.5,0.28,2.16,3.48,1313.78,0.4,0.96,140.3
29.11.2016 08:10:00,1007.75,-7.0,-7.93,93.0,3.61,3.36,0.25,2.07,3.33,1317.31,0.41,0.72,210.2
29.11.2016 09:10:00,1007.96,-5.23,-6.87,88.2,4.13,3.65,0.49,2.25,3.62,1308.77,0.34,0.68,141.5
29.11.2016 10:10:00,1008.41,-4.32,-6.46,84.9,4.43,3.76,0.67,2.32,3.73,1304.85,0.86,1.44,120.7
29.11.2016 11:10:00,1008.39,-2.73,-5.5,81.1,4.99,4.05,0.94,2.5,4.02,1297.01,0.95,1.48,137.0
29.11.2016 12:10:00,1007.92,-0.83,-4.37,76.8,5.75,4.41,1.33,2.73,4.38,1287.19,0.86,1.6,141.0
29.11.2016 13:10:00,1007.5,1.46,-4.05,66.59,6.79,4.52,2.27,2.8,4.49,1275.86,0.99,1.68,117.4
29.11.2016 14:10:00,1007.26,1.29,-3.91,68.11,6.71,4.57,2.14,2.83,4.54,1276.32,1.1,1.82,189.7
29.11.2016 15:10:00,1007.07,1.78,-3.98,65.45,6.95,4.55,2.4,2.81,4.51,1273.85,0.32,0.64,211.0
29.11.2016 16:10:00,1006.81,-0.14,-4.39,72.9,6.05,4.41,1.64,2.73,4.38,1282.52,0.73,1.14,312.5
29.11.2016 17:10:00,1006.77,-1.43,-4.62,78.7,5.5,4.33,1.17,2.68,4.3,1288.57,0.2,0.48,354.8
29.11.2016 18:10:00,1006.81,-1.92,-4.87,80.1,5.31,4.25,1.06,2.63,4.22,1290.99,2.26,2.56,234.3
29.11.2016 19:10:00,1006.76,-2.89,-5.17,84.2,4.93,4.15,0.78,2.57,4.13,1295.62,1.81,2.44,230.9
29.11.2016 20:10:00,1006.71,-3.89,-5.73,86.9,4.58,3.98,0.6,2.46,3.95,1300.45,0.78,1.32,179.6
29.11.2016 21:10:00,1006.76,-4.26,-6.73,82.8,4.45,3.68,0.77,2.28,3.66,1302.48,1.33,1.98,216.3
29.11.2016 22:10:00,1006.72,-4.87,-6.99,85.0,4.25,3.61,0.64,2.23,3.59,1305.4,0.81,1.44,79.4
29.11.2016 23:10:00,1006.12,-5.74,-7.06,90.3,3.98,3.59,0.39,2.22,3.57,1308.88,0.93,1.8,190.0
30.11.2016 00:10:00,1005.75,-5.86,-7.11,90.8,3.94,3.58,0.36,2.22,3.56,1309.0,0.39,0.68,134.1
30.11.2016 01:10:00,1006.0,-5.54,-7.0,89.4,4.04,3.61,0.43,2.23,3.59,1307.76,0.7,1.18,214.2
30.11.2016 02:10:00,1005.71,-6.47,-7.88,89.6,3.76,3.37,0.39,2.09,3.35,1312.02,0.86,1.84,181.9
30.11.2016 03:10:00,1005.24,-6.89,-7.84,92.9,3.64,3.38,0.26,2.09,3.36,1313.48,0.42,0.96,255.4
30.11.2016 04:10:00,1004.74,-6.37,-8.89,82.2,3.79,3.11,0.67,1.93,3.1,1310.41,1.23,1.96,205.2
30.11.2016 05:10:00,1004.77,-6.69,-8.76,85.1,3.7,3.15,0.55,1.95,3.13,1311.98,0.34,0.92,269.2
30.11.2016 06:10:00,1004.52,-7.07,-8.66,88.3,3.59,3.17,0.42,1.96,3.15,1313.54,1.22,2.2,168.5
30.11.2016 07:10:00,1004.11,-7.08,-8.4,90.2,3.59,3.23,0.35,2.01,3.22,1313.01,0.62,1.24,169.5
30.11.2016 08:10:00,1004.24,-5.78,-7.67,86.4,3.96,3.42,0.54,2.12,3.41,1306.72,0.62,1.32,204.1
30.11.2016 09:10:00,1003.91,-5.4,-7.67,83.9,4.08,3.43,0.66,2.13,3.41,1304.4,0.96,1.76,161.2
30.11.2016 10:10:00,1003.69,-4.1,-6.37,84.1,4.51,3.79,0.72,2.35,3.78,1297.65,1.04,2.0,213.8
30.11.2016 11:10:00,1003.24,-1.68,-5.03,77.8,5.4,4.2,1.2,2.61,4.19,1285.33,0.9,1.72,159.7
30.11.2016 12:10:00,1002.44,1.65,-4.41,63.96,6.88,4.4,2.48,2.74,4.39,1268.63,0.79,1.68,152.9
30.11.2016 13:10:00,1002.1,4.34,-8.07,39.84,8.33,3.32,5.01,2.06,3.31,1256.43,2.15,6.49,263.8
30.11.2016 14:10:00,1001.39,3.74,-6.86,45.66,7.99,3.65,4.34,2.27,3.64,1258.09,1.78,4.17,239.8
30.11.2016 15:10:00,1000.63,3.54,-5.32,52.14,7.88,4.11,3.77,2.56,4.1,1257.84,2.3,5.29,260.0
30.11.2016 16:10:00,1000.67,3.47,-5.15,53.06,7.84,4.16,3.68,2.59,4.16,1258.15,1.64,3.36,242.8
30.11.2016 17:10:00,1000.58,3.44,-4.66,55.21,7.82,4.32,3.5,2.69,4.32,1258.12,0.95,2.24,245.3
30.11.2016 18:10:00,1000.08,3.27,-4.4,56.97,7.73,4.4,3.33,2.74,4.4,1258.2,1.19,2.68,258.6
30.11.2016 19:10:00,1000.08,3.51,-3.76,58.78,7.86,4.62,3.24,2.88,4.62,1257.01,1.2,3.77,245.5
30.11.2016 20:10:00,999.69,3.35,-2.74,64.22,7.77,4.99,2.78,3.11,4.99,1257.08,2.55,4.33,259.2
30.11.2016 21:10:00,999.85,3.01,-1.45,72.4,7.59,5.49,2.09,3.42,5.49,1258.59,1.52,3.28,288.2
30.11.2016 22:10:00,999.57,3.27,-1.0,73.5,7.73,5.68,2.05,3.54,5.68,1256.98,2.25,4.37,259.1
30.11.2016 23:10:00,999.43,3.4,-0.07,77.9,7.8,6.08,1.72,3.79,6.08,1256.01,2.55,5.05,259.5
01.12.2016 00:10:00,999.42,3.45,0.53,81.1,7.82,6.35,1.48,3.96,6.35,1255.66,1.93,3.61,248.0
01.12.2016 01:10:00,998.92,3.64,0.71,81.1,7.93,6.43,1.5,4.02,6.44,1254.12,2.25,3.97,277.7
01.12.2016 02:10:00,998.67,3.74,0.76,80.8,7.99,6.46,1.53,4.03,6.46,1253.33,1.28,3.93,194.0
01.12.2016 03:10:00,998.22,3.46,0.68,81.9,7.83,6.42,1.42,4.01,6.43,1254.04,2.44,4.85,248.9
01.12.2016 04:10:00,997.7,3.47,1.33,85.8,7.84,6.72,1.11,4.2,6.74,1253.21,2.41,5.09,250.1
01.12.2016 05:10:00,997.22,3.96,0.93,80.5,8.12,6.53,1.58,4.08,6.55,1250.46,2.26,6.09,243.8
01.12.2016 06:10:00,996.86,3.97,1.19,82.0,8.12,6.66,1.46,4.17,6.68,1249.92,3.06,5.65,258.0
01.12.2016 07:10:00,996.43,4.27,1.37,81.3,8.3,6.74,1.55,4.22,6.77,1247.97,3.62,5.93,251.9
01.12.2016 08:10:00,996.31,4.16,1.24,81.2,8.23,6.68,1.55,4.18,6.71,1248.35,2.74,6.37,255.6
01.12.2016 09:10:00,995.85,4.41,1.38,80.6,8.38,6.75,1.63,4.23,6.78,1246.62,2.48,4.73,246.4
01.12.2016 10:10:00,996.2,4.8,1.53,79.3,8.61,6.82,1.78,4.27,6.85,1245.3,2.06,4.05,249.3
01.12.2016 11:10:00,995.7,5.1,1.71,78.6,8.79,6.91,1.88,4.33,6.94,1243.25,1.95,3.65,258.4
01.12.2016 12:10:00,994.67,5.53,2.15,78.8,9.06,7.14,1.92,4.47,7.17,1239.98,2.19,4.41,255.6
01.12.2016 13:10:00,993.9,5.85,2.3,77.9,9.26,7.21,2.05,4.53,7.26,1237.55,3.01,7.21,253.5
01.12.2016 14:10:00,993.22,6.08,2.21,76.1,9.41,7.16,2.25,4.5,7.21,1235.68,2.84,7.17,253.4
01.12.2016 15:10:00,993.2,6.0,1.94,75.1,9.36,7.03,2.33,4.41,7.08,1236.09,2.25,5.01,251.3
01.12.2016 16:10:00,992.4,5.76,2.07,77.1,9.2,7.09,2.11,4.46,7.15,1236.14,3.76,7.05,251.1
01.12.2016 17:10:00,992.02,5.8,2.04,76.7,9.23,7.08,2.15,4.45,7.14,1235.46,3.05,6.73,246.9
01.12.2016 18:10:00,991.59,5.61,2.42,79.9,9.11,7.28,1.83,4.58,7.34,1235.7,2.84,5.57,248.3
01.12.2016 19:10:00,990.98,5.94,2.41,78.0,9.32,7.27,2.05,4.57,7.33,1233.48,3.83,7.97,258.5
01.12.2016 20:10:00,990.54,5.85,2.5,79.0,9.26,7.32,1.94,4.61,7.39,1233.3,3.35,6.93,256.5
01.12.2016 21:10:00,989.99,5.72,2.77,81.3,9.18,7.46,1.72,4.7,7.53,1233.14,3.38,6.29,260.9
01.12.2016 22:10:00,989.72,5.66,3.09,83.5,9.14,7.63,1.51,4.81,7.71,1232.96,4.07,7.17,258.7
01.12.2016 23:10:00,989.09,6.39,3.13,79.6,9.62,7.65,1.96,4.83,7.74,1228.94,4.29,9.21,263.1
02.12.2016 00:10:00,989.35,5.84,3.72,86.2,9.26,7.98,1.28,5.03,8.07,1231.53,3.05,6.21,266.6
02.12.2016 01:10:00,988.5,6.22,3.81,84.5,9.5,8.03,1.47,5.07,8.12,1228.78,3.88,7.85,261.8
02.12.2016 02:10:00,988.71,5.71,4.29,90.5,9.17,8.3,0.87,5.24,8.4,1231.15,3.1,6.73,254.0
02.12.2016 03:10:00,988.23,5.9,4.33,89.6,9.3,8.33,0.97,5.26,8.43,1229.7,3.77,6.87,260.1
02.12.2016 04:10:00,988.23,6.11,4.39,88.7,9.43,8.36,1.07,5.28,8.46,1228.79,2.93,4.55,260.1
02.12.2016 05:10:00,988.22,5.94,4.57,90.9,9.32,8.47,0.85,5.35,8.57,1229.47,3.06,5.73,259.0
02.12.2016 06:10:00,988.03,6.08,4.65,90.5,9.41,8.52,0.89,5.38,8.62,1228.57,3.76,6.69,269.1
02.12.2016 07:10:00,988.82,5.93,4.58,91.0,9.32,8.48,0.84,5.35,8.57,1230.23,1.7,4.29,284.6
02.12.2016 08:10:00,990.35,4.62,2.92,88.7,8.5,7.54,0.96,4.75,7.61,1238.41,2.37,6.09,15.9
02.12.2016 09:10:00,991.52,4.03,0.59,78.2,8.15,6.38,1.78,4.01,6.43,1243.07,1.63,4.29,217.9
02.12.2016 10:10:00,992.55,4.37,-0.25,71.8,8.35,6.0,2.36,3.77,6.04,1243.03,1.66,4.29,71.8
02.12.2016 11:10:00,993.37,4.63,-0.78,67.82,8.51,5.77,2.74,3.62,5.81,1243.0,1.51,3.49,6.18
02.12.2016 12:10:00,993.62,5.3,-0.74,64.89,8.91,5.78,3.13,3.63,5.82,1240.3,2.48,4.95,27.64
02.12.2016 13:10:00,993.7,5.06,-1.56,62.13,8.77,5.45,3.32,3.42,5.48,1241.63,2.93,5.83,27.17
02.12.2016 14:10:00,994.15,5.33,-1.8,59.93,8.93,5.35,3.58,3.36,5.38,1241.05,2.6,3.97,26.48
02.12.2016 15:10:00,994.42,4.82,-2.46,59.11,8.62,5.1,3.53,3.19,5.13,1243.76,0.94,1.96,264.7
02.12.2016 16:10:00,994.78,3.7,-2.52,63.68,7.97,5.07,2.89,3.18,5.1,1249.26,1.54,2.12,259.2
02.12.2016 17:10:00,995.15,2.97,-2.87,65.34,7.56,4.94,2.62,3.1,4.97,1253.1,1.36,1.8,254.2
02.12.2016 18:10:00,995.39,1.12,-2.57,76.3,6.63,5.05,1.57,3.16,5.08,1261.81,0.48,0.92,112.7
02.12.2016 19:10:00,995.77,-0.33,-3.31,80.2,5.96,4.78,1.18,2.99,4.8,1269.15,0.94,1.68,209.4
02.12.2016 20:10:00,996.38,-0.57,-2.75,85.1,5.86,4.99,0.87,3.12,5.0,1270.93,0.26,0.52,214.9
02.12.2016 21:10:00,996.63,-1.87,-3.43,89.0,5.32,4.74,0.59,2.96,4.76,1277.44,0.23,0.48,240.7
02.12.2016 22:10:00,996.67,-2.45,-3.66,91.3,5.1,4.66,0.44,2.91,4.67,1280.28,0.44,1.0,308.8
02.12.2016 23:10:00,996.98,-2.52,-3.77,91.1,5.07,4.62,0.45,2.89,4.63,1281.05,0.2,0.44,196.6
03.12.2016 00:10:00,997.36,-3.11,-4.05,93.2,4.85,4.52,0.33,2.82,4.53,1284.39,0.41,0.74,343.5
03.12.2016 01:10:00,997.48,-3.2,-4.08,93.6,4.82,4.51,0.31,2.82,4.52,1284.96,0.82,1.32,206.2
03.12.2016 02:10:00,997.63,-3.53,-4.49,93.0,4.7,4.37,0.33,2.73,4.38,1286.79,0.27,0.44,184.7
03.12.2016 03:10:00,997.6,-4.13,-5.1,92.9,4.49,4.17,0.32,2.61,4.18,1289.75,0.67,0.88,204.9
03.12.2016 04:10:00,997.48,-4.28,-5.07,94.2,4.44,4.19,0.26,2.61,4.2,1290.29,0.19,0.36,138.4
03.12.2016 05:10:00,997.72,-4.49,-5.25,94.4,4.37,4.13,0.24,2.58,4.14,1291.63,0.5,0.96,202.6
03.12.2016 06:10:00,998.04,-4.72,-5.53,94.0,4.3,4.04,0.26,2.52,4.05,1293.19,0.75,1.16,202.8
03.12.2016 07:10:00,998.35,-4.7,-5.53,93.9,4.3,4.04,0.26,2.52,4.05,1293.51,0.4,0.86,130.7
03.12.2016 08:10:00,998.78,-5.71,-6.75,92.3,3.99,3.68,0.31,2.29,3.68,1299.13,0.87,1.32,191.9
03.12.2016 09:10:00,999.15,-4.84,-6.02,91.4,4.26,3.89,0.37,2.43,3.9,1295.29,0.75,1.36,143.0
03.12.2016 10:10:00,999.61,-3.41,-5.37,86.2,4.75,4.09,0.66,2.55,4.09,1288.91,0.96,1.52,193.2
03.12.2016 11:10:00,999.76,-1.56,-4.04,83.1,5.45,4.53,0.92,2.82,4.53,1280.14,0.38,0.8,196.3
03.12.2016 12:10:00,999.59,-0.13,-3.4,78.5,6.05,4.75,1.3,2.96,4.75,1273.1,0.7,1.0,123.8
03.12.2016 13:10:00,999.35,2.51,-2.29,70.5,7.32,5.16,2.16,3.22,5.16,1260.4,0.84,1.8,162.7
03.12.2016 14:10:00,999.26,2.86,-1.84,71.1,7.51,5.34,2.17,3.33,5.34,1258.6,0.84,1.44,130.2
03.12.2016 15:10:00,999.13,2.68,-1.74,72.5,7.41,5.37,2.04,3.35,5.38,1259.23,0.97,1.56,193.5
03.12.2016 16:10:00,999.21,1.18,-2.18,78.2,6.65,5.2,1.45,3.24,5.21,1266.33,0.16,0.28,268.5
03.12.2016 17:10:00,999.69,-0.24,-2.6,84.0,6.0,5.04,0.96,3.14,5.04,1273.58,0.83,1.32,30.64
03.12.2016 18:10:00,1000.03,-1.44,-2.96,89.3,5.5,4.91,0.59,3.06,4.91,1279.69,0.15,0.48,339.3
03.12.2016 19:10:00,1000.35,-2.02,-3.33,90.7,5.27,4.78,0.49,2.97,4.77,1282.92,1.8,2.44,236.1
03.12.2016 20:10:00,1000.71,-2.67,-3.59,93.3,5.02,4.68,0.34,2.91,4.68,1286.51,0.6,0.92,194.8
03.12.2016 21:10:00,1001.07,-3.45,-4.27,94.0,4.73,4.45,0.28,2.77,4.44,1290.83,0.86,1.48,210.6
03.12.2016 22:10:00,1001.16,-3.81,-4.6,94.2,4.6,4.34,0.27,2.7,4.33,1292.73,0.24,0.48,133.9
03.12.2016 23:10:00,1001.35,-4.57,-5.33,94.4,4.35,4.1,0.24,2.55,4.1,1296.74,0.87,1.38,204.5
04.12.2016 00:10:00,1001.55,-4.84,-5.43,95.6,4.26,4.07,0.19,2.53,4.06,1298.33,0.85,1.48,229.0
04.12.2016 01:10:00,1001.5,-5.27,-5.85,95.6,4.12,3.94,0.18,2.45,3.94,1300.37,0.97,1.44,218.0
04.12.2016 02:10:00,1001.69,-5.87,-6.56,94.8,3.94,3.73,0.2,2.32,3.73,1303.64,1.32,1.98,201.6
04.12.2016 03:10:00,1001.93,-6.11,-6.82,94.7,3.86,3.66,0.2,2.28,3.65,1305.19,1.26,1.6,229.3
04.12.2016 04:10:00,1001.79,-6.51,-7.28,94.2,3.75,3.53,0.22,2.2,3.53,1307.0,1.57,1.8,216.9
04.12.2016 05:10:00,1001.82,-6.72,-7.51,94.0,3.69,3.47,0.22,2.16,3.46,1308.11,1.19,1.56,229.1
04.12.2016 06:10:00,1001.81,-6.9,-7.71,93.9,3.64,3.41,0.22,2.12,3.41,1309.04,1.18,1.98,216.4
04.12.2016 07:10:00,1002.03,-7.26,-8.14,93.4,3.54,3.3,0.23,2.05,3.3,1311.14,0.54,1.0,181.3
04.12.2016 08:10:00,1002.56,-7.33,-8.15,93.8,3.52,3.3,0.22,2.05,3.29,1312.18,0.78,1.72,175.7
04.12.2016 09:10:00,1003.08,-6.94,-7.73,94.1,3.62,3.41,0.21,2.12,3.4,1310.91,0.2,0.52,63.71
04.12.2016 10:10:00,1003.48,-5.87,-6.68,94.0,3.94,3.7,0.24,2.3,3.69,1306.03,0.87,1.36,184.9
04.12.2016 11:10:00,1003.42,-4.57,-5.3,94.6,4.35,4.11,0.23,2.55,4.1,1299.43,0.73,1.44,207.3
04.12.2016 12:10:00,1002.93,-3.24,-4.02,94.3,4.81,4.53,0.27,2.82,4.52,1292.16,0.74,1.5,200.0
04.12.2016 13:10:00,1002.76,0.15,-3.13,78.5,6.17,4.85,1.33,3.01,4.83,1275.81,0.9,1.28,151.7
04.12.2016 14:10:00,1002.51,1.05,-3.39,72.1,6.59,4.75,1.84,2.95,4.74,1271.33,0.72,1.2,207.2
04.12.2016 15:10:00,1002.33,1.97,-2.9,70.0,7.04,4.93,2.11,3.06,4.92,1266.77,0.6,1.26,37.36
04.12.2016 16:10:00,1002.27,0.04,-3.16,78.9,6.13,4.83,1.29,3.01,4.82,1275.68,0.3,0.52,88.3
04.12.2016 17:10:00,1002.4,-1.12,-3.56,83.4,5.62,4.69,0.93,2.92,4.68,1281.38,0.17,0.48,322.5
04.12.2016 18:10:00,1002.7,-1.99,-3.54,89.1,5.28,4.7,0.58,2.92,4.69,1285.85,0.66,0.88,33.75
04.12.2016 19:10:00,1002.95,-2.53,-4.08,89.0,5.07,4.51,0.56,2.8,4.5,1288.81,0.29,0.52,148.6
04.12.2016 20:10:00,1003.04,-3.52,-4.72,91.3,4.71,4.3,0.41,2.67,4.28,1293.77,0.96,1.68,219.2
04.12.2016 21:10:00,1003.14,-4.36,-5.27,93.3,4.42,4.12,0.3,2.56,4.11,1298.04,0.42,0.76,29.52
04.12.2016 22:10:00,1002.92,-5.13,-6.0,93.5,4.17,3.9,0.27,2.42,3.89,1301.56,0.67,1.24,135.2
04.12.2016 23:10:00,1002.99,-5.32,-6.1,94.2,4.1,3.87,0.24,2.4,3.86,1302.64,1.02,1.48,203.3
05.12.2016 00:10:00,1002.73,-5.78,-6.61,93.8,3.96,3.72,0.25,2.31,3.71,1304.6,0.61,1.1,205.2
05.12.2016 01:10:00,1002.43,-6.11,-7.02,93.2,3.87,3.6,0.26,2.24,3.59,1305.86,0.5,0.92,207.9
05.12.2016 02:10:00,1002.27,-7.31,-8.12,93.9,3.52,3.31,0.21,2.06,3.3,1311.7,1.5,2.32,140.7
05.12.2016 03:10:00,1002.08,-7.44,-8.3,93.5,3.49,3.26,0.23,2.03,3.25,1312.12,0.53,1.14,80.8
05.12.2016 04:10:00,1001.78,-7.69,-8.69,92.5,3.42,3.16,0.26,1.97,3.16,1313.01,0.51,1.0,135.0
05.12.2016 05:10:00,1001.64,-7.6,-8.68,91.9,3.44,3.17,0.28,1.97,3.16,1312.37,0.74,1.64,68.92
05.12.2016 06:10:00,1001.41,-7.62,-8.68,92.0,3.44,3.16,0.28,1.97,3.16,1312.17,0.62,1.16,84.5
05.12.2016 07:10:00,1001.3,-7.97,-9.09,91.6,3.35,3.06,0.28,1.91,3.06,1313.81,0.46,0.72,123.3
05.12.2016 08:10:00,1001.29,-8.52,-9.59,91.9,3.2,2.95,0.26,1.83,2.94,1316.59,0.74,1.88,106.5
05.12.2016 09:10:00,1001.28,-7.86,-9.12,90.6,3.37,3.06,0.32,1.9,3.05,1313.25,1.19,2.02,56.2
05.12.2016 10:10:00,1001.29,-5.39,-7.69,83.7,4.08,3.42,0.67,2.13,3.41,1300.97,0.59,1.4,186.9
05.12.2016 11:10:00,1000.67,-3.14,-6.24,79.0,4.84,3.83,1.02,2.38,3.82,1289.11,1.05,1.6,187.1
05.12.2016 12:10:00,1000.37,-0.87,-4.74,74.9,5.73,4.29,1.44,2.67,4.29,1277.77,0.71,1.64,127.4
05.12.2016 13:10:00,999.73,1.56,-3.57,68.6,6.84,4.69,2.15,2.92,4.69,1265.49,0.57,1.1,102.6
05.12.2016 14:10:00,999.37,3.51,-3.15,61.54,7.86,4.84,3.02,3.02,4.84,1256.02,0.56,1.04,129.2
05.12.2016 15:10:00,999.18,3.21,-2.99,63.64,7.69,4.9,2.8,3.05,4.9,1257.14,0.32,0.64,359.8
05.12.2016 16:10:00,999.26,1.27,-3.46,70.6,6.7,4.73,1.97,2.95,4.73,1266.2,0.27,0.64,66.85
05.12.2016 17:10:00,999.31,-0.5,-3.73,78.7,5.89,4.63,1.25,2.89,4.64,1274.53,0.72,1.04,31.05
05.12.2016 18:10:00,999.63,-1.37,-3.98,82.3,5.52,4.55,0.98,2.83,4.55,1279.03,0.47,0.92,209.3
05.12.2016 19:10:00,999.93,-1.88,-5.03,78.9,5.32,4.2,1.12,2.61,4.2,1282.0,1.83,2.24,227.1
05.12.2016 20:10:00,1000.18,-2.76,-5.74,79.8,4.98,3.98,1.01,2.48,3.98,1286.6,1.29,1.88,238.6
05.12.2016 21:10:00,1000.49,-3.82,-6.15,83.7,4.6,3.85,0.75,2.4,3.85,1292.12,0.36,0.92,167.2
05.12.2016 22:10:00,1000.55,-3.72,-5.57,86.9,4.63,4.03,0.61,2.51,4.03,1291.67,0.61,0.8,204.9
05.12.2016 23:10:00,1000.84,-4.19,-5.84,88.2,4.47,3.95,0.53,2.46,3.94,1294.33,0.88,1.38,224.8
06.12.2016 00:10:00,1001.18,-4.87,-6.27,89.8,4.25,3.82,0.43,2.37,3.81,1298.09,0.4,0.76,135.4
06.12.2016 01:10:00,1001.48,-5.4,-6.55,91.5,4.08,3.74,0.35,2.32,3.73,1301.09,1.03,1.44,201.7
06.12.2016 02:10:00,1001.51,-5.81,-6.99,91.3,3.96,3.61,0.34,2.25,3.61,1303.19,0.43,0.7,215.3
06.12.2016 03:10:00,1001.8,-6.82,-7.99,91.3,3.66,3.34,0.32,2.08,3.33,1308.66,0.94,1.44,193.4
06.12.2016 04:10:00,1001.98,-6.19,-7.31,91.7,3.84,3.52,0.32,2.19,3.51,1305.74,0.53,1.2,165.2
06.12.2016 05:10:00,1002.14,-6.29,-7.49,91.1,3.81,3.47,0.34,2.16,3.46,1306.44,0.42,0.92,179.5
06.12.2016 06:10:00,1002.75,-6.96,-8.11,91.4,3.62,3.31,0.31,2.06,3.3,1310.59,0.3,0.6,143.2
06.12.2016 07:10:00,1003.42,-7.97,-9.03,92.0,3.35,3.08,0.27,1.91,3.07,1316.59,0.54,1.12,184.2
06.12.2016 08:10:00,1003.84,-7.89,-9.05,91.3,3.37,3.07,0.29,1.91,3.06,1316.74,0.43,0.96,100.3
06.12.2016 09:10:00,1004.38,-7.29,-8.46,91.3,3.53,3.22,0.31,2.0,3.21,1314.41,0.5,1.52,62.43
06.12.2016 10:10:00,1004.93,-5.56,-7.96,83.1,4.03,3.35,0.68,2.08,3.33,1306.58,0.62,1.08,206.5
06.12.2016 11:10:00,1005.2,-4.15,-6.87,81.2,4.49,3.64,0.84,2.26,3.62,1299.93,0.74,1.44,137.8
06.12.2016 12:10:00,1005.07,-2.11,-5.66,76.5,5.23,4.0,1.23,2.48,3.98,1289.78,0.77,1.5,168.8
06.12.2016 13:10:00,1004.86,-0.24,-5.0,70.1,6.0,4.21,1.8,2.61,4.19,1280.56,1.08,2.04,163.7
06.12.2016 14:10:00,1004.84,0.49,-4.46,69.27,6.33,4.38,1.94,2.72,4.36,1277.09,0.88,1.48,199.8
06.12.2016 15:10:00,1005.03,1.32,-4.02,67.45,6.72,4.53,2.19,2.81,4.51,1273.39,0.56,1.0,187.4
06.12.2016 16:10:00,1005.58,-0.78,-4.36,76.6,5.77,4.42,1.35,2.74,4.39,1283.96,1.61,2.08,46.54
06.12.2016 17:10:00,1006.08,-1.99,-4.4,83.5,5.27,4.4,0.87,2.73,4.38,1290.34,0.94,1.44,127.7
06.12.2016 18:10:00,1006.4,-3.17,-4.89,87.8,4.83,4.24,0.59,2.63,4.22,1296.44,0.29,0.68,74.0
06.12.2016 19:10:00,1006.82,-4.17,-5.34,91.5,4.48,4.1,0.38,2.54,4.07,1301.89,0.23,0.52,114.6
06.12.2016 20:10:00,1007.09,-4.6,-5.61,92.6,4.34,4.02,0.32,2.48,3.99,1304.39,0.2,0.44,66.41
06.12.2016 21:10:00,1007.73,-5.26,-6.26,92.6,4.13,3.82,0.31,2.36,3.79,1308.5,0.54,1.16,165.9
06.12.2016 22:10:00,1007.62,-5.7,-6.56,93.6,3.99,3.73,0.26,2.31,3.7,1310.59,0.32,0.62,169.3
06.12.2016 23:10:00,1007.43,-6.05,-6.84,94.1,3.88,3.65,0.23,2.26,3.63,1312.09,0.45,1.16,337.7
07.12.2016 00:10:00,1007.12,-6.56,-7.59,92.3,3.73,3.45,0.29,2.13,3.42,1314.28,1.38,2.28,205.2
07.12.2016 01:10:00,1007.48,-7.1,-8.16,92.1,3.58,3.3,0.28,2.04,3.27,1317.49,0.45,0.88,189.4
07.12.2016 02:10:00,1007.31,-7.13,-8.01,93.4,3.57,3.34,0.24,2.06,3.31,1317.4,0.33,0.88,96.6
07.12.2016 03:10:00,1007.43,-7.6,-8.51,93.1,3.44,3.21,0.24,1.98,3.18,1319.95,0.45,0.88,48.12
07.12.2016 04:10:00,1007.47,-7.4,-8.54,91.5,3.5,3.2,0.3,1.98,3.18,1319.02,0.49,0.98,192.0
07.12.2016 05:10:00,1007.03,-8.14,-9.28,91.4,3.3,3.02,0.28,1.87,3.0,1322.21,1.21,2.04,209.4
07.12.2016 06:10:00,1006.56,-8.28,-9.42,91.4,3.27,2.98,0.28,1.85,2.97,1322.3,1.09,1.56,203.1
07.12.2016 07:10:00,1006.61,-8.14,-9.37,90.8,3.3,3.0,0.3,1.85,2.98,1321.67,0.55,1.0,141.5
07.12.2016 08:10:00,1006.57,-8.27,-9.56,90.3,3.27,2.95,0.32,1.83,2.93,1322.29,1.31,2.52,175.0
07.12.2016 09:10:00,1006.51,-8.01,-9.34,90.1,3.34,3.01,0.33,1.86,2.99,1320.89,1.58,2.89,185.9
07.12.2016 10:10:00,1006.61,-6.62,-8.24,88.2,3.72,3.28,0.44,2.03,3.26,1314.0,0.83,2.04,206.0
07.12.2016 11:10:00,1006.57,-4.85,-6.65,87.1,4.26,3.71,0.55,2.29,3.68,1305.07,0.74,1.64,234.0
07.12.2016 12:10:00,1006.12,-2.24,-4.94,81.6,5.18,4.23,0.95,2.62,4.2,1291.65,0.64,1.16,125.3
07.12.2016 13:10:00,1005.37,0.29,-3.37,76.3,6.24,4.76,1.48,2.95,4.73,1278.52,1.49,2.76,182.4
07.12.2016 14:10:00,1004.92,0.08,-2.52,82.6,6.14,5.07,1.07,3.15,5.05,1278.78,1.54,2.8,216.8
07.12.2016 15:10:00,1004.91,1.0,-1.57,82.9,6.57,5.44,1.12,3.38,5.42,1274.28,1.17,2.64,195.3
07.12.2016 16:10:00,1004.63,1.1,-1.37,83.5,6.62,5.52,1.09,3.43,5.5,1273.4,2.17,3.45,197.2
07.12.2016 17:10:00,1004.97,1.31,-1.13,83.7,6.72,5.62,1.09,3.49,5.59,1272.81,0.35,0.96,165.5
07.12.2016 18:10:00,1004.94,1.24,-0.99,85.0,6.68,5.68,1.0,3.52,5.65,1273.08,0.69,1.08,190.8
07.12.2016 19:10:00,1004.85,1.06,-0.96,86.3,6.6,5.69,0.9,3.53,5.66,1273.81,2.05,2.9,200.0
07.12.2016 20:10:00,1005.44,1.66,-0.98,82.5,6.89,5.68,1.21,3.52,5.65,1271.77,1.17,2.84,174.0
07.12.2016 21:10:00,1005.33,1.52,-1.06,82.9,6.82,5.65,1.17,3.5,5.62,1272.31,1.67,2.64,156.2
07.12.2016 22:10:00,1005.2,1.49,-1.12,82.7,6.8,5.63,1.18,3.49,5.6,1272.28,1.81,2.96,211.0
07.12.2016 23:10:00,1004.72,1.51,-1.04,83.1,6.81,5.66,1.15,3.51,5.63,1271.58,2.03,2.96,192.9
08.12.2016 00:10:00,1004.51,1.83,-1.02,81.3,6.97,5.67,1.3,3.52,5.64,1269.8,1.82,2.96,207.4
08.12.2016 01:10:00,1004.3,1.8,-0.99,81.6,6.96,5.68,1.28,3.52,5.65,1269.66,1.44,2.64,207.7
08.12.2016 02:10:00,1004.48,2.01,-0.81,81.5,7.06,5.75,1.31,3.57,5.73,1268.92,1.19,2.28,225.4
08.12.2016 03:10:00,1004.71,1.75,-0.98,82.0,6.93,5.69,1.25,3.53,5.66,1270.43,1.05,2.0,211.6
08.12.2016 04:10:00,1004.0,1.41,-1.08,83.4,6.76,5.64,1.12,3.5,5.62,1271.13,3.38,4.85,192.9
08.12.2016 05:10:00,1003.94,1.52,-1.15,82.3,6.82,5.61,1.21,3.48,5.59,1270.54,0.78,2.32,243.4
08.12.2016 06:10:00,1003.69,1.19,-1.2,84.0,6.66,5.59,1.07,3.47,5.57,1271.76,2.31,3.12,196.1
08.12.2016 07:10:00,1003.51,1.13,-1.18,84.5,6.63,5.6,1.03,3.48,5.58,1271.8,1.02,2.08,182.6
08.12.2016 08:10:00,1003.71,0.61,-1.45,86.0,6.39,5.49,0.89,3.41,5.47,1274.53,2.79,4.69,165.2
08.12.2016 09:10:00,1003.64,1.12,-1.3,83.8,6.63,5.55,1.07,3.45,5.53,1272.05,0.91,1.44,139.8
08.12.2016 10:10:00,1004.27,2.84,-1.12,75.1,7.49,5.63,1.87,3.49,5.6,1264.89,0.69,1.54,130.2
08.12.2016 11:10:00,1003.67,3.47,-0.73,73.9,7.84,5.79,2.05,3.6,5.77,1261.17,1.25,2.14,197.9
08.12.2016 12:10:00,1002.59,4.5,-0.62,69.29,8.43,5.84,2.59,3.63,5.82,1255.13,2.79,4.15,174.1
08.12.2016 13:10:00,1001.88,7.61,-0.68,55.59,10.46,5.81,4.64,3.62,5.8,1240.34,1.35,2.6,185.8
08.12.2016 14:10:00,1001.41,7.91,-1.09,52.85,10.67,5.64,5.03,3.51,5.63,1238.51,1.64,2.6,215.7
08.12.2016 15:10:00,1001.26,8.71,-1.37,49.01,11.27,5.52,5.75,3.44,5.52,1234.87,0.89,1.52,52.7
08.12.2016 16:10:00,1001.37,7.42,-1.36,53.54,10.32,5.53,4.8,3.44,5.52,1240.68,0.89,1.88,194.7
08.12.2016 17:10:00,1001.24,5.18,-1.23,63.14,8.84,5.58,3.26,3.47,5.57,1250.48,1.22,2.34,205.9
08.12.2016 18:10:00,1001.18,4.37,-1.21,66.91,8.35,5.59,2.76,3.48,5.58,1254.04,0.92,1.66,159.8
08.12.2016 19:10:00,1001.51,3.87,-1.29,68.95,8.06,5.56,2.5,3.46,5.55,1256.75,0.64,1.24,200.4
08.12.2016 20:10:00,1001.36,3.55,-1.19,71.0,7.88,5.6,2.29,3.48,5.59,1257.98,1.23,2.42,168.6
08.12.2016 21:10:00,1001.39,3.73,-1.19,70.1,7.98,5.6,2.39,3.48,5.59,1257.2,1.28,2.24,215.3
08.12.2016 22:10:00,1001.0,3.54,-1.09,71.6,7.88,5.64,2.24,3.51,5.63,1257.58,1.75,2.94,181.3
08.12.2016 23:10:00,1001.2,3.49,-0.94,72.6,7.85,5.7,2.15,3.55,5.69,1257.99,0.86,1.84,184.0
09.12.2016 00:10:00,1000.43,2.95,-1.04,74.9,7.55,5.66,1.9,3.53,5.66,1259.51,1.55,2.56,206.5
09.12.2016 01:10:00,1000.14,2.98,-1.36,73.0,7.57,5.53,2.04,3.44,5.53,1259.08,2.21,3.08,200.7
09.12.2016 02:10:00,999.96,2.0,-1.61,76.9,7.06,5.43,1.63,3.38,5.43,1263.39,2.23,3.55,210.0
09.12.2016 03:10:00,1000.15,2.91,-1.34,73.5,7.53,5.54,2.0,3.45,5.53,1259.42,0.71,1.6,230.7
09.12.2016 04:10:00,1000.19,3.39,-0.99,72.9,7.79,5.68,2.11,3.54,5.68,1257.2,0.8,2.16,166.2
09.12.2016 05:10:00,1000.36,4.23,0.01,73.9,8.27,6.11,2.16,3.81,6.11,1253.4,0.75,1.68,165.1
09.12.2016 06:10:00,1000.26,3.32,0.52,81.8,7.75,6.34,1.41,3.95,6.34,1257.32,0.58,1.26,191.4
09.12.2016 07:10:00,1000.2,4.35,1.43,81.2,8.34,6.77,1.57,4.22,6.77,1252.34,0.67,1.6,237.6
09.12.2016 08:10:00,1000.46,4.79,2.25,83.5,8.6,7.18,1.42,4.48,7.18,1250.48,0.75,1.2,166.3
09.12.2016 09:10:00,1000.9,5.83,3.24,83.4,9.25,7.71,1.54,4.81,7.71,1246.13,1.08,1.76,148.1
09.12.2016 10:10:00,1001.15,7.45,4.66,82.4,10.34,8.52,1.82,5.31,8.51,1238.87,0.59,1.8,234.0
09.12.2016 11:10:00,1000.96,8.33,5.2,80.6,10.98,8.85,2.13,5.52,8.84,1234.61,1.44,2.44,217.6
09.12.2016 12:10:00,1001.16,8.72,5.54,80.4,11.28,9.07,2.21,5.65,9.06,1233.05,1.49,2.48,226.6
09.12.2016 13:10:00,1001.36,8.96,5.56,79.2,11.46,9.08,2.38,5.66,9.07,1232.23,1.57,2.24,222.9
09.12.2016 14:10:00,1001.38,8.59,5.33,79.9,11.18,8.93,2.25,5.57,8.92,1233.94,2.72,5.73,230.8
09.12.2016 15:10:00,1001.51,8.73,5.3,79.0,11.28,8.91,2.37,5.56,8.9,1233.5,2.34,4.45,243.5
09.12.2016 16:10:00,1001.49,8.45,5.03,79.0,11.07,8.75,2.33,5.45,8.73,1234.78,1.89,3.34,230.6
09.12.2016 17:10:00,1001.37,7.68,4.83,82.1,10.51,8.63,1.88,5.38,8.61,1238.08,0.85,2.16,117.2
09.12.2016 18:10:00,1001.37,6.49,3.91,83.5,9.68,8.08,1.6,5.04,8.07,1243.61,2.09,3.76,147.8
09.12.2016 19:10:00,1001.09,6.0,3.95,86.6,9.36,8.11,1.25,5.05,8.1,1245.41,2.28,3.2,100.0
09.12.2016 20:10:00,1000.86,5.42,3.71,88.7,8.99,7.97,1.02,4.97,7.97,1247.78,1.05,2.16,208.1
09.12.2016 21:10:00,1000.8,5.53,3.93,89.4,9.06,8.1,0.96,5.05,8.09,1247.17,1.96,2.92,182.9
09.12.2016 22:10:00,1000.34,5.96,4.29,89.0,9.33,8.31,1.03,5.18,8.3,1244.57,1.93,3.36,188.4
09.12.2016 23:10:00,1000.44,5.92,4.12,88.2,9.31,8.21,1.1,5.12,8.21,1244.92,1.15,1.8,215.8
10.12.2016 00:10:00,999.77,6.28,4.1,85.9,9.54,8.19,1.35,5.11,8.2,1242.5,1.26,2.84,170.1
10.12.2016 01:10:00,999.05,6.23,4.09,86.1,9.51,8.19,1.32,5.11,8.2,1241.81,2.47,3.48,148.3
10.12.2016 02:10:00,998.83,5.54,3.87,89.0,9.06,8.06,1.0,5.04,8.07,1244.69,1.5,2.54,191.2
10.12.2016 03:10:00,998.58,5.49,3.94,89.7,9.03,8.1,0.93,5.06,8.11,1244.56,1.96,3.08,186.6
10.12.2016 04:10:00,998.22,5.17,3.8,90.8,8.83,8.02,0.81,5.01,8.03,1245.58,1.86,2.6,198.1
10.12.2016 05:10:00,997.98,5.27,3.8,90.2,8.9,8.02,0.87,5.02,8.04,1244.83,1.01,1.6,195.4
10.12.2016 06:10:00,997.66,4.52,3.46,92.8,8.44,7.83,0.61,4.9,7.85,1247.88,0.88,1.48,159.6
10.12.2016 07:10:00,997.12,2.98,2.31,95.3,7.57,7.22,0.36,4.51,7.24,1254.44,1.44,3.45,187.4
10.12.2016 08:10:00,996.75,2.99,2.27,95.0,7.57,7.2,0.38,4.5,7.22,1253.96,2.1,4.09,189.6
10.12.2016 09:10:00,996.63,4.55,3.04,89.9,8.46,7.6,0.85,4.76,7.63,1246.59,0.75,1.96,200.2
10.12.2016 10:10:00,997.05,6.63,3.77,81.9,9.78,8.01,1.77,5.01,8.03,1237.62,0.72,1.8,193.3
10.12.2016 11:10:00,996.9,9.4,4.54,71.6,11.81,8.45,3.35,5.29,8.48,1225.11,1.43,3.36,187.6
10.12.2016 12:10:00,996.28,11.0,4.41,63.73,13.14,8.38,4.77,5.25,8.41,1217.49,2.24,3.7,200.5
10.12.2016 13:10:00,995.76,11.79,3.63,57.25,13.85,7.93,5.92,4.97,7.96,1213.68,1.63,2.92,213.5
10.12.2016 14:10:00,995.25,12.1,3.94,57.33,14.14,8.1,6.03,5.08,8.14,1211.67,2.27,3.88,201.4
10.12.2016 15:10:00,995.18,11.72,3.19,55.73,13.79,7.68,6.1,4.82,7.72,1213.39,2.59,5.25,220.0
10.12.2016 16:10:00,995.43,10.12,3.28,62.41,12.39,7.73,4.66,4.85,7.77,1220.52,1.48,2.32,214.5
10.12.2016 17:10:00,995.51,9.16,3.01,65.32,11.62,7.59,4.03,4.76,7.62,1224.84,1.0,1.72,193.3
10.12.2016 18:10:00,995.27,8.28,2.92,68.85,10.95,7.54,3.41,4.72,7.57,1228.4,2.58,4.57,217.8
10.12.2016 19:10:00,995.08,7.39,2.92,73.2,10.3,7.54,2.76,4.73,7.58,1232.06,2.51,4.41,197.6
10.12.2016 20:10:00,994.94,6.77,2.74,75.4,9.87,7.44,2.43,4.66,7.48,1234.69,1.95,3.69,192.8
10.12.2016 21:10:00,994.37,5.95,2.53,78.6,9.33,7.33,2.0,4.6,7.37,1237.63,1.64,2.88,157.7
10.12.2016 22:10:00,993.78,5.47,2.49,81.0,9.02,7.31,1.71,4.59,7.35,1239.01,1.07,1.72,192.3
10.12.2016 23:10:00,993.34,5.43,2.61,82.0,8.99,7.38,1.62,4.63,7.42,1238.63,1.79,2.68,182.9
11.12.2016 00:10:00,992.71,5.11,2.43,82.8,8.79,7.28,1.51,4.57,7.33,1239.33,1.48,2.56,193.4
11.12.2016 01:10:00,991.61,5.17,2.53,83.0,8.83,7.33,1.5,4.61,7.39,1237.64,0.9,2.04,180.8
11.12.2016 02:10:00,990.61,5.58,2.83,82.4,9.09,7.49,1.6,4.72,7.56,1234.5,2.23,3.91,171.7
11.12.2016 03:10:00,989.55,5.96,3.25,82.7,9.33,7.72,1.61,4.87,7.8,1231.38,4.24,8.29,200.1
11.12.2016 04:10:00,988.61,6.4,3.35,80.8,9.62,7.77,1.85,4.91,7.86,1228.25,2.27,3.28,191.2
11.12.2016 05:10:00,987.21,5.38,2.84,83.6,8.96,7.49,1.47,4.73,7.59,1231.13,3.42,5.65,175.0
11.12.2016 06:10:00,985.94,7.47,4.18,79.6,10.36,8.24,2.11,5.22,8.36,1220.03,7.67,11.5,209.5
11.12.2016 07:10:00,985.19,7.58,4.35,79.9,10.43,8.34,2.1,5.28,8.46,1218.58,7.04,10.85,205.5
11.12.2016 08:10:00,985.52,7.96,4.44,78.4,10.71,8.4,2.31,5.32,8.52,1217.31,6.11,8.95,210.0
11.12.2016 09:10:00,985.96,8.57,4.78,77.0,11.16,8.6,2.57,5.44,8.72,1215.13,4.05,8.01,229.7
11.12.2016 10:10:00,987.42,7.96,4.91,81.0,10.71,8.67,2.03,5.48,8.78,1219.54,3.78,7.45,260.7
11.12.2016 11:10:00,988.95,7.54,4.06,78.5,10.41,8.17,2.24,5.15,8.26,1223.5,3.99,6.45,273.3
11.12.2016 12:10:00,990.26,7.55,4.1,78.7,10.41,8.2,2.22,5.16,8.28,1225.07,2.49,6.05,272.2
11.12.2016 13:10:00,990.43,7.71,3.29,73.5,10.53,7.74,2.79,4.87,7.81,1224.79,2.78,6.69,277.6
11.12.2016 14:10:00,990.62,8.18,2.84,68.94,10.87,7.49,3.38,4.72,7.57,1223.1,2.52,5.21,251.2
11.12.2016 15:10:00,990.97,7.54,3.12,73.5,10.41,7.65,2.76,4.81,7.72,1226.25,3.67,7.85,259.6
11.12.2016 16:10:00,991.28,6.78,3.13,77.5,9.87,7.65,2.22,4.82,7.72,1229.98,1.83,3.77,259.6
11.12.2016 17:10:00,991.6,6.49,3.19,79.4,9.68,7.68,1.99,4.83,7.75,1231.64,1.83,4.45,247.4
11.12.2016 18:10:00,991.67,6.34,2.94,78.8,9.58,7.55,2.03,4.75,7.61,1232.45,1.53,3.53,242.2
11.12.2016 19:10:00,991.78,6.23,3.15,80.6,9.51,7.66,1.84,4.82,7.73,1233.0,2.69,5.29,252.3
11.12.2016 20:10:00,991.7,6.2,2.62,77.8,9.49,7.38,2.11,4.64,7.44,1233.19,1.63,3.12,244.2
11.12.2016 21:10:00,991.71,6.14,2.75,78.8,9.45,7.45,2.0,4.68,7.51,1233.42,1.78,3.36,235.3
11.12.2016 22:10:00,991.82,5.41,3.72,88.8,8.98,7.98,1.01,5.02,8.04,1236.51,1.76,3.43,248.1
11.12.2016 23:10:00,991.95,5.6,3.75,87.8,9.1,7.99,1.11,5.03,8.06,1235.83,2.41,3.89,261.7
12.12.2016 00:10:00,991.82,5.62,3.73,87.6,9.12,7.99,1.13,5.02,8.05,1235.59,2.97,5.95,249.1
12.12.2016 01:10:00,991.89,5.94,3.5,84.3,9.32,7.85,1.46,4.94,7.92,1234.34,3.18,6.09,261.0
12.12.2016 02:10:00,992.15,5.7,3.34,84.7,9.17,7.76,1.4,4.88,7.83,1235.74,2.54,5.05,246.5
12.12.2016 03:10:00,992.42,5.62,3.37,85.4,9.12,7.79,1.33,4.89,7.84,1236.43,2.58,4.65,260.6
12.12.2016 04:10:00,992.53,5.79,3.51,85.2,9.22,7.86,1.36,4.94,7.92,1235.79,2.81,4.21,260.9
12.12.2016 05:10:00,992.71,6.0,3.43,83.5,9.36,7.82,1.54,4.91,7.87,1235.1,2.5,5.79,254.8
12.12.2016 06:10:00,992.98,6.0,3.53,84.1,9.36,7.87,1.49,4.95,7.93,1235.4,3.45,6.09,258.0
12.12.2016 07:10:00,993.53,6.2,3.66,83.7,9.49,7.94,1.55,4.99,8.0,1235.16,3.26,5.49,258.1
12.12.2016 08:10:00,994.28,6.27,3.88,84.6,9.54,8.07,1.47,5.06,8.11,1235.75,2.93,5.03,256.9
12.12.2016 09:10:00,995.33,6.15,4.08,86.5,9.46,8.18,1.28,5.13,8.22,1237.51,2.7,4.05,263.1
12.12.2016 10:10:00,996.2,6.07,4.46,89.4,9.4,8.41,1.0,5.27,8.44,1238.87,2.75,5.51,257.8
12.12.2016 11:10:00,996.51,6.75,4.62,86.2,9.86,8.5,1.36,5.32,8.53,1236.2,2.64,5.73,263.9
12.12.2016 12:10:00,997.02,6.93,4.84,86.5,9.98,8.63,1.35,5.4,8.66,1236.0,2.2,6.05,272.1
12.12.2016 13:10:00,997.2,6.88,5.04,88.0,9.94,8.75,1.19,5.48,8.78,1236.37,1.75,3.0,271.6
12.12.2016 14:10:00,997.59,6.01,4.31,88.8,9.37,8.32,1.05,5.2,8.34,1240.91,6.01,9.13,25.52
12.12.2016 15:10:00,998.11,4.93,4.26,95.4,8.69,8.29,0.4,5.18,8.3,1246.4,2.71,4.01,34.15
12.12.2016 16:10:00,998.65,4.8,3.77,93.0,8.61,8.0,0.6,5.0,8.02,1247.79,0.95,1.92,9.57
12.12.2016 17:10:00,999.2,4.95,3.33,89.2,8.7,7.76,0.94,4.84,7.76,1247.93,1.18,1.6,305.6
12.12.2016 18:10:00,999.5,4.8,3.42,90.7,8.61,7.81,0.8,4.87,7.81,1248.94,0.19,0.56,295.0
12.12.2016 19:10:00,999.92,4.36,3.5,94.1,8.35,7.85,0.49,4.9,7.85,1251.43,1.45,1.84,258.0
12.12.2016 20:10:00,999.97,4.34,3.49,94.2,8.33,7.85,0.48,4.9,7.85,1251.61,0.32,0.6,204.9
12.12.2016 21:10:00,1000.26,4.14,3.47,95.4,8.22,7.84,0.38,4.89,7.84,1252.88,1.07,1.92,234.0
12.12.2016 22:10:00,1000.3,3.94,3.36,96.0,8.1,7.78,0.32,4.85,7.78,1253.85,0.8,1.38,206.1
12.12.2016 23:10:00,1000.55,3.8,3.31,96.6,8.02,7.75,0.27,4.83,7.75,1254.81,0.98,1.44,187.9
13.12.2016 00:10:00,1000.53,3.37,2.94,97.0,7.78,7.55,0.23,4.71,7.55,1256.82,0.59,0.96,215.9
13.12.2016 01:10:00,1000.3,3.11,2.78,97.7,7.64,7.46,0.18,4.65,7.46,1257.77,0.99,1.74,217.1
13.12.2016 02:10:00,1000.21,3.21,2.9,97.8,7.7,7.53,0.17,4.69,7.53,1257.15,0.57,1.04,198.3
13.12.2016 03:10:00,1000.09,2.69,2.35,97.6,7.42,7.24,0.18,4.51,7.24,1259.51,1.39,2.08,166.3
13.12.2016 04:10:00,999.79,2.63,2.33,97.9,7.38,7.23,0.16,4.51,7.23,1259.43,0.72,1.32,188.8
13.12.2016 05:10:00,999.76,2.69,2.42,98.1,7.41,7.27,0.14,4.54,7.27,1259.11,0.69,1.08,166.5
13.12.2016 06:10:00,999.61,2.62,2.38,98.3,7.38,7.25,0.13,4.52,7.25,1259.24,0.96,1.98,172.6
13.12.2016 07:10:00,999.56,2.62,2.39,98.4,7.38,7.26,0.12,4.53,7.26,1259.17,1.34,2.52,188.9
13.12.2016 08:10:00,999.74,2.31,2.08,98.4,7.22,7.1,0.12,4.43,7.1,1260.89,0.64,1.12,200.9
13.12.2016 09:10:00,999.94,2.58,2.37,98.5,7.36,7.25,0.11,4.52,7.25,1259.84,0.95,1.86,148.1
13.12.2016 10:10:00,999.71,2.94,2.68,98.2,7.55,7.41,0.14,4.62,7.41,1257.84,0.95,1.36,187.7
13.12.2016 11:10:00,999.35,3.88,3.5,97.4,8.07,7.86,0.21,4.9,7.86,1252.91,1.41,2.28,185.1
13.12.2016 12:10:00,998.85,4.49,2.98,89.9,8.42,7.57,0.85,4.73,7.58,1249.66,2.26,3.32,178.3
13.12.2016 13:10:00,998.26,4.8,2.86,87.2,8.61,7.51,1.1,4.69,7.52,1247.54,1.34,2.04,166.2
13.12.2016 14:10:00,997.71,5.52,2.72,82.1,9.05,7.43,1.62,4.64,7.45,1243.68,2.3,3.73,147.4
13.12.2016 15:10:00,997.6,5.36,2.68,82.8,8.95,7.41,1.54,4.63,7.43,1244.27,1.15,2.28,171.0
13.12.2016 16:10:00,997.48,4.79,2.75,86.6,8.6,7.45,1.15,4.66,7.47,1246.66,1.18,1.64,208.7
13.12.2016 17:10:00,997.51,4.63,2.71,87.3,8.51,7.43,1.08,4.64,7.45,1247.38,1.02,1.68,191.3
13.12.2016 18:10:00,997.26,4.36,2.57,88.1,8.34,7.35,0.99,4.6,7.37,1248.36,1.14,1.84,199.8
13.12.2016 19:10:00,997.06,4.25,2.66,89.3,8.28,7.4,0.89,4.63,7.42,1248.54,1.27,2.84,181.3
13.12.2016 20:10:00,997.07,4.09,2.7,90.6,8.19,7.42,0.77,4.64,7.44,1249.29,1.45,1.98,208.7
13.12.2016 21:10:00,997.07,4.35,2.84,89.9,8.34,7.5,0.84,4.69,7.52,1248.1,1.47,3.04,152.0
13.12.2016 22:10:00,996.75,4.26,3.06,91.9,8.29,7.61,0.67,4.77,7.64,1248.03,1.34,2.52,167.4
13.12.2016 23:10:00,996.88,4.37,3.08,91.3,8.35,7.62,0.73,4.77,7.65,1247.7,1.22,1.96,181.8
14.12.2016 00:10:00,996.99,4.63,3.12,89.9,8.51,7.65,0.86,4.79,7.67,1246.63,0.42,0.72,187.4
14.12.2016 01:10:00,996.75,4.5,3.09,90.5,8.43,7.63,0.8,4.77,7.65,1246.92,0.82,1.36,203.2
14.12.2016 02:10:00,996.42,4.48,3.07,90.5,8.42,7.62,0.8,4.77,7.65,1246.61,0.75,1.56,148.1
14.12.2016 03:10:00,996.29,4.27,2.98,91.3,8.29,7.57,0.72,4.74,7.6,1247.43,0.74,1.32,225.2
14.12.2016 04:10:00,996.13,4.35,3.03,91.1,8.34,7.6,0.74,4.76,7.63,1246.84,0.76,1.4,162.4
14.12.2016 05:10:00,996.29,4.33,3.03,91.2,8.33,7.6,0.73,4.76,7.62,1247.13,1.1,1.92,122.6
14.12.2016 06:10:00,996.43,4.25,3.16,92.6,8.28,7.67,0.61,4.8,7.7,1247.65,0.85,1.26,140.6
14.12.2016 07:10:00,996.74,4.15,3.54,95.8,8.22,7.88,0.35,4.93,7.91,1248.37,0.57,0.84,213.2
14.12.2016 08:10:00,996.99,4.28,3.66,95.7,8.3,7.94,0.36,4.97,7.97,1248.08,0.56,1.06,190.5
14.12.2016 09:10:00,997.48,4.41,3.76,95.5,8.38,8.0,0.38,5.0,8.02,1248.07,0.49,0.88,241.8
14.12.2016 10:10:00,997.68,5.11,4.17,93.6,8.8,8.23,0.56,5.15,8.25,1245.07,0.57,1.1,174.3
14.12.2016 11:10:00,998.09,5.42,3.99,90.5,8.99,8.13,0.85,5.08,8.15,1244.26,1.49,3.16,211.0
14.12.2016 12:10:00,998.08,5.23,4.01,91.8,8.87,8.15,0.73,5.09,8.16,1245.07,2.02,3.08,223.9
14.12.2016 13:10:00,998.21,5.26,4.05,91.9,8.89,8.17,0.72,5.1,8.18,1245.12,1.32,2.6,289.0
14.12.2016 14:10:00,998.45,5.3,3.97,91.1,8.91,8.12,0.79,5.07,8.13,1245.26,0.8,2.12,348.3
14.12.2016 15:10:00,998.44,5.21,3.88,91.1,8.86,8.07,0.79,5.04,8.08,1245.68,1.09,2.24,255.9
14.12.2016 16:10:00,998.94,4.95,3.69,91.5,8.7,7.96,0.74,4.97,7.97,1247.51,0.85,2.06,286.6
14.12.2016 17:10:00,999.3,4.79,3.64,92.2,8.6,7.93,0.67,4.95,7.94,1248.67,1.0,1.64,276.5
14.12.2016 18:10:00,999.67,4.8,3.8,93.2,8.61,8.02,0.59,5.01,8.03,1249.04,0.41,0.68,46.09
14.12.2016 19:10:00,1000.12,4.76,3.84,93.8,8.58,8.05,0.53,5.02,8.05,1249.82,0.54,1.04,199.6
14.12.2016 20:10:00,1000.27,4.38,3.85,96.3,8.36,8.05,0.31,5.02,8.05,1251.67,1.61,1.82,224.6
14.12.2016 21:10:00,1000.7,4.59,4.1,96.6,8.48,8.19,0.29,5.11,8.19,1251.22,0.55,1.3,123.5
14.12.2016 22:10:00,1001.03,4.57,4.0,96.1,8.47,8.14,0.33,5.07,8.13,1251.76,0.42,0.84,192.1
14.12.2016 23:10:00,1001.39,4.64,4.01,95.7,8.51,8.14,0.37,5.07,8.13,1251.9,0.35,1.16,315.4
15.12.2016 00:10:00,1001.59,4.42,3.87,96.2,8.38,8.06,0.32,5.02,8.05,1253.15,1.91,2.32,37.73
15.12.2016 01:10:00,1001.66,4.49,3.95,96.3,8.42,8.11,0.31,5.05,8.1,1252.92,0.69,1.04,230.4
15.12.2016 02:10:00,1001.77,4.46,3.94,96.4,8.41,8.1,0.3,5.05,8.09,1253.19,0.75,1.2,204.6
15.12.2016 03:10:00,1001.88,4.48,3.96,96.4,8.42,8.11,0.3,5.05,8.1,1253.22,1.75,2.16,40.12
15.12.2016 04:10:00,1001.8,4.47,4.08,97.3,8.41,8.18,0.23,5.1,8.17,1253.15,1.43,1.92,38.97
15.12.2016 05:10:00,1001.65,4.7,4.32,97.4,8.55,8.33,0.22,5.19,8.31,1251.85,1.06,1.54,56.87
15.12.2016 06:10:00,1001.91,4.37,4.04,97.7,8.35,8.16,0.19,5.08,8.14,1253.75,0.66,1.36,108.1
15.12.2016 07:10:00,1002.3,3.85,3.33,96.4,8.05,7.76,0.29,4.83,7.75,1256.76,1.78,2.72,79.5
15.12.2016 08:10:00,1002.52,3.67,2.9,94.7,7.95,7.53,0.42,4.68,7.51,1258.0,2.27,3.36,79.8
15.12.2016 09:10:00,1003.15,3.77,2.53,91.6,8.01,7.33,0.67,4.56,7.31,1258.42,2.17,3.16,112.4
15.12.2016 10:10:00,1003.62,3.13,1.96,92.0,7.65,7.04,0.61,4.37,7.01,1262.05,2.38,3.41,70.8
15.12.2016 11:10:00,1003.42,3.0,1.77,91.6,7.58,6.94,0.64,4.31,6.92,1262.46,2.6,3.67,69.15
15.12.2016 12:10:00,1003.13,3.24,1.86,90.6,7.71,6.99,0.72,4.34,6.97,1260.96,2.43,3.93,114.5
15.12.2016 13:10:00,1002.69,3.1,1.57,89.6,7.64,6.84,0.79,4.26,6.82,1261.11,2.05,3.36,129.5
15.12.2016 14:10:00,1002.41,2.59,1.27,91.0,7.36,6.7,0.66,4.17,6.68,1263.18,1.76,2.48,112.3
15.12.2016 15:10:00,1002.52,1.78,0.72,92.6,6.95,6.44,0.51,4.0,6.42,1267.13,2.45,4.33,94.0
15.12.2016 16:10:00,1002.52,1.62,0.51,92.3,6.87,6.34,0.53,3.94,6.32,1267.94,2.33,4.05,68.98
15.12.2016 17:10:00,1002.54,1.61,0.62,93.1,6.86,6.39,0.47,3.97,6.37,1268.01,1.72,3.08,64.07
15.12.2016 18:10:00,1002.67,2.04,0.2,87.6,7.08,6.2,0.88,3.85,6.18,1266.27,1.51,4.45,110.1
15.12.2016 19:10:00,1002.54,2.0,-0.07,86.1,7.06,6.08,0.98,3.78,6.06,1266.35,1.73,3.28,152.7
15.12.2016 20:10:00,1002.46,1.27,-0.95,85.1,6.7,5.7,1.0,3.54,5.68,1269.8,2.58,4.55,160.8
15.12.2016 21:10:00,1002.86,0.93,-1.1,86.2,6.54,5.63,0.9,3.5,5.62,1271.89,2.67,4.17,165.5
15.12.2016 22:10:00,1002.65,0.66,-1.32,86.5,6.41,5.54,0.87,3.45,5.53,1272.92,1.71,2.68,174.9
15.12.2016 23:10:00,1002.52,0.6,-1.69,84.6,6.38,5.4,0.98,3.36,5.38,1273.12,2.09,3.65,167.0
16.12.2016 00:10:00,1002.4,0.4,-1.99,83.9,6.29,5.28,1.01,3.28,5.26,1273.94,2.89,4.65,176.9
16.12.2016 01:10:00,1002.51,0.33,-2.06,83.9,6.25,5.25,1.01,3.26,5.23,1274.46,3.29,4.33,194.2
16.12.2016 02:10:00,1002.73,0.27,-2.09,84.1,6.23,5.24,0.99,3.26,5.22,1274.99,2.07,3.04,170.1
16.12.2016 03:10:00,1002.89,0.19,-2.16,84.1,6.19,5.21,0.98,3.24,5.19,1275.59,2.7,4.17,174.4
16.12.2016 04:10:00,1002.71,0.2,-2.21,83.8,6.2,5.19,1.0,3.23,5.18,1275.33,3.03,4.09,180.1
16.12.2016 05:10:00,1003.03,0.31,-2.34,82.3,6.25,5.14,1.11,3.19,5.12,1275.25,2.42,3.99,186.8
16.12.2016 06:10:00,1003.37,0.08,-2.68,81.6,6.14,5.01,1.13,3.11,5.0,1276.81,2.16,3.16,183.1
16.12.2016 07:10:00,1003.56,-0.67,-3.12,83.4,5.81,4.85,0.97,3.01,4.83,1280.66,2.42,4.01,169.1
16.12.2016 08:10:00,1003.79,-1.43,-3.42,86.2,5.5,4.74,0.76,2.94,4.72,1284.57,1.67,2.56,174.2
16.12.2016 09:10:00,1004.12,-1.4,-3.55,85.2,5.51,4.7,0.82,2.91,4.68,1284.87,1.68,2.2,192.9
16.12.2016 10:10:00,1004.42,-0.31,-3.29,80.2,5.97,4.79,1.18,2.97,4.77,1280.1,3.09,4.59,174.2
16.12.2016 11:10:00,1004.48,0.59,-3.38,74.6,6.37,4.75,1.62,2.95,4.73,1275.99,4.08,5.45,186.5
16.12.2016 12:10:00,1004.22,1.46,-3.2,71.0,6.79,4.82,1.97,2.99,4.8,1271.56,3.71,5.33,182.9
16.12.2016 13:10:00,1004.23,2.76,-2.99,65.72,7.45,4.9,2.55,3.04,4.88,1265.56,2.8,4.95,194.3
16.12.2016 14:10:00,1004.13,2.79,-3.08,65.12,7.47,4.86,2.61,3.02,4.84,1265.28,2.83,3.77,195.7
16.12.2016 15:10:00,1004.41,2.69,-3.16,65.24,7.41,4.84,2.58,3.0,4.81,1266.14,2.42,3.08,198.3
16.12.2016 16:10:00,1004.85,2.02,-3.22,68.14,7.07,4.81,2.25,2.99,4.79,1269.8,2.29,2.88,218.7
16.12.2016 17:10:00,1005.32,0.85,-3.18,74.3,6.5,4.83,1.67,2.99,4.8,1275.81,1.27,1.88,182.2
16.12.2016 18:10:00,1005.71,0.0,-3.29,78.4,6.11,4.79,1.32,2.97,4.76,1280.27,1.07,1.6,218.6
16.12.2016 19:10:00,1005.96,-1.01,-3.32,84.2,5.67,4.78,0.9,2.96,4.75,1285.33,1.5,2.36,217.5
16.12.2016 20:10:00,1006.24,-0.81,-3.4,82.5,5.76,4.75,1.01,2.94,4.72,1284.78,1.53,2.28,206.4
16.12.2016 21:10:00,1006.36,-1.4,-3.58,85.0,5.51,4.68,0.83,2.9,4.65,1287.75,1.18,2.16,215.5
16.12.2016 22:10:00,1006.84,-1.35,-3.6,84.6,5.53,4.68,0.85,2.9,4.65,1288.15,1.03,1.44,228.6
16.12.2016 23:10:00,1007.27,-2.53,-4.39,87.0,5.07,4.41,0.66,2.73,4.38,1294.45,0.96,1.6,230.4
17.12.2016 00:10:00,1007.54,-3.47,-4.89,89.8,4.72,4.24,0.48,2.62,4.21,1299.38,1.23,2.06,202.8
17.12.2016 01:10:00,1007.44,-3.95,-5.21,90.9,4.56,4.14,0.41,2.56,4.11,1301.61,0.57,1.12,139.0
17.12.2016 02:10:00,1007.68,-3.75,-4.74,92.8,4.63,4.29,0.33,2.65,4.26,1300.88,0.24,0.52,228.6
17.12.2016 03:10:00,1007.82,-4.37,-5.38,92.6,4.42,4.09,0.33,2.53,4.06,1304.14,0.46,0.74,216.0
17.12.2016 04:10:00,1008.0,-4.53,-5.43,93.4,4.36,4.07,0.29,2.52,4.04,1305.18,1.61,2.12,221.8
17.12.2016 05:10:00,1008.04,-4.88,-5.72,93.8,4.25,3.98,0.26,2.46,3.95,1307.0,1.31,1.8,195.8
17.12.2016 06:10:00,1008.3,-5.17,-6.07,93.3,4.15,3.88,0.28,2.39,3.84,1308.77,0.41,0.76,164.5
17.12.2016 07:10:00,1008.84,-5.24,-6.08,93.8,4.13,3.87,0.26,2.39,3.84,1309.85,0.34,0.64,178.1
17.12.2016 08:10:00,1009.28,-4.77,-5.68,93.3,4.28,3.99,0.29,2.47,3.96,1308.07,0.54,0.88,208.0
17.12.2016 09:10:00,1009.53,-4.89,-6.05,91.5,4.24,3.88,0.36,2.4,3.85,1309.02,0.67,1.72,150.5
17.12.2016 10:10:00,1009.88,-2.91,-5.04,85.1,4.93,4.19,0.73,2.59,4.15,1299.7,0.34,1.2,96.5
17.12.2016 11:10:00,1010.13,-1.36,-4.04,81.9,5.53,4.53,1.0,2.79,4.48,1292.48,0.61,1.28,110.2
17.12.2016 12:10:00,1010.0,0.01,-3.09,79.5,6.11,4.86,1.25,3.0,4.81,1285.67,0.61,1.44,229.3
17.12.2016 13:10:00,1009.82,2.62,-2.05,71.2,7.38,5.25,2.12,3.24,5.2,1273.08,0.53,1.06,186.6
17.12.2016 14:10:00,1009.64,2.79,-1.49,73.3,7.47,5.48,1.99,3.38,5.42,1271.95,0.73,1.28,207.5
17.12.2016 15:10:00,1009.76,2.27,-1.24,77.5,7.19,5.58,1.62,3.44,5.52,1274.49,0.53,0.92,210.0
17.12.2016 16:10:00,1009.9,2.05,-1.24,78.7,7.08,5.58,1.51,3.44,5.52,1275.65,0.47,0.8,243.7
17.12.2016 17:10:00,1010.15,1.53,-1.27,81.5,6.83,5.56,1.26,3.43,5.51,1278.38,0.28,0.56,350.7
17.12.2016 18:10:00,1010.14,0.79,-0.87,88.6,6.47,5.73,0.74,3.54,5.67,1281.78,0.67,1.12,193.9
17.12.2016 19:10:00,1010.32,1.3,-0.8,85.8,6.71,5.76,0.95,3.55,5.7,1279.59,0.36,0.84,27.94
17.12.2016 20:10:00,1010.31,1.05,-0.73,87.8,6.59,5.79,0.8,3.57,5.73,1280.72,0.92,1.28,205.3
17.12.2016 21:10:00,1010.52,0.78,-0.74,89.5,6.47,5.79,0.68,3.57,5.73,1282.26,0.64,1.46,177.8
17.12.2016 22:10:00,1010.35,1.25,-0.42,88.6,6.69,5.92,0.76,3.66,5.86,1279.8,0.82,1.1,198.0
17.12.2016 23:10:00,1010.35,1.15,-0.56,88.3,6.64,5.86,0.78,3.62,5.8,1280.29,0.93,1.48,217.0
18.12.2016 00:10:00,1009.94,1.29,-0.33,88.9,6.7,5.96,0.74,3.68,5.9,1279.09,0.61,1.0,143.8
18.12.2016 01:10:00,1009.67,1.05,-0.4,90.0,6.59,5.93,0.66,3.66,5.87,1279.87,0.55,1.2,146.3
18.12.2016 02:10:00,1009.45,1.27,-0.24,89.6,6.7,6.0,0.7,3.71,5.95,1278.5,0.45,1.12,181.7
18.12.2016 03:10:00,1009.39,1.49,0.24,91.3,6.81,6.21,0.59,3.84,6.16,1277.3,0.4,0.72,119.3
18.12.2016 04:10:00,1009.08,1.25,0.38,93.9,6.69,6.28,0.41,3.88,6.22,1278.02,0.58,1.44,128.1
18.12.2016 05:10:00,1008.39,1.8,0.93,93.9,6.96,6.53,0.42,4.04,6.48,1274.46,1.14,1.72,219.1
18.12.2016 06:10:00,1008.41,1.8,0.96,94.1,6.96,6.55,0.41,4.05,6.49,1274.46,0.79,1.1,210.0
18.12.2016 07:10:00,1007.91,1.32,0.69,95.5,6.72,6.42,0.3,3.97,6.37,1276.12,1.12,1.68,93.7
18.12.2016 08:10:00,1007.67,1.22,0.75,96.7,6.67,6.45,0.22,3.99,6.4,1276.28,0.74,1.28,205.9
18.12.2016 09:10:00,1007.43,1.31,0.95,97.4,6.72,6.54,0.17,4.05,6.5,1275.49,1.2,2.48,129.7
18.12.2016 10:10:00,1007.2,1.61,1.2,97.1,6.86,6.66,0.2,4.13,6.62,1273.78,1.4,2.2,150.4
18.12.2016 11:10:00,1006.9,2.77,2.17,95.8,7.46,7.15,0.31,4.43,7.1,1267.78,0.93,1.96,197.7
18.12.2016 12:10:00,1006.13,4.73,2.56,85.8,8.56,7.35,1.22,4.55,7.3,1257.81,1.82,3.24,259.3
18.12.2016 13:10:00,1005.4,5.03,2.19,81.8,8.75,7.16,1.59,4.44,7.12,1255.61,2.16,4.61,264.6
18.12.2016 14:10:00,1005.1,4.62,2.03,83.2,8.5,7.07,1.43,4.39,7.04,1257.11,2.74,5.73,263.0
18.12.2016 15:10:00,1004.96,4.27,2.19,86.3,8.29,7.16,1.14,4.44,7.12,1258.51,2.13,5.05,249.1
18.12.2016 16:10:00,1004.61,4.27,2.01,85.2,8.29,7.07,1.23,4.39,7.03,1258.11,1.05,2.16,272.2
18.12.2016 17:10:00,1004.43,3.9,2.13,88.2,8.08,7.13,0.95,4.42,7.09,1259.54,2.73,4.45,258.0
18.12.2016 18:10:00,1004.36,3.75,2.07,88.7,8.0,7.09,0.9,4.4,7.06,1260.12,2.66,3.93,254.5
18.12.2016 19:10:00,1004.38,3.63,2.26,90.7,7.93,7.19,0.74,4.47,7.16,1260.66,1.57,2.72,240.3
18.12.2016 20:10:00,1004.48,3.64,2.32,91.0,7.94,7.22,0.71,4.48,7.19,1260.71,0.99,2.12,197.2
18.12.2016 21:10:00,1004.49,3.53,2.42,92.4,7.87,7.28,0.6,4.52,7.24,1261.2,0.66,1.16,220.9
18.12.2016 22:10:00,1004.5,3.54,2.53,93.1,7.88,7.33,0.54,4.55,7.3,1261.17,0.64,1.04,235.7
18.12.2016 23:10:00,1004.47,3.51,2.64,94.0,7.86,7.39,0.47,4.59,7.36,1261.22,0.46,0.88,91.3
19.12.2016 00:10:00,1004.59,3.34,2.75,95.9,7.77,7.45,0.32,4.63,7.42,1262.12,0.36,0.7,156.4
19.12.2016 01:10:00,1004.5,3.32,2.87,96.9,7.75,7.51,0.24,4.67,7.48,1262.08,0.27,0.64,132.4
19.12.2016 02:10:00,1004.5,2.82,2.41,97.1,7.49,7.27,0.22,4.51,7.24,1264.46,0.84,1.28,137.6
19.12.2016 03:10:00,1004.5,2.89,2.52,97.4,7.52,7.33,0.2,4.55,7.29,1264.13,0.73,1.48,123.7
19.12.2016 04:10:00,1004.29,2.83,2.46,97.4,7.49,7.3,0.19,4.53,7.26,1264.15,0.62,0.84,11.44
19.12.2016 05:10:00,1004.29,2.67,2.37,97.9,7.4,7.25,0.16,4.5,7.22,1264.92,0.61,0.92,238.2
19.12.2016 06:10:00,1004.24,2.69,2.45,98.3,7.42,7.29,0.13,4.53,7.26,1264.72,0.72,1.34,34.63
19.12.2016 07:10:00,1004.37,2.77,2.54,98.4,7.46,7.34,0.12,4.56,7.3,1264.54,0.76,1.56,200.1
19.12.2016 08:10:00,1004.21,2.72,2.49,98.4,7.43,7.31,0.12,4.54,7.28,1264.55,0.83,1.44,207.8
19.12.2016 09:10:00,1004.47,2.65,2.32,97.7,7.39,7.22,0.17,4.48,7.19,1265.25,0.44,0.84,320.4
19.12.2016 10:10:00,1004.5,3.13,2.24,93.8,7.65,7.18,0.47,4.46,7.15,1263.09,0.79,1.52,157.2
19.12.2016 11:10:00,1004.35,3.31,1.81,89.9,7.75,6.96,0.78,4.32,6.93,1262.21,1.02,2.32,156.7
19.12.2016 12:10:00,1003.62,3.19,-0.04,79.3,7.68,6.09,1.59,3.78,6.07,1262.25,2.47,3.53,82.3
19.12.2016 13:10:00,1003.3,3.18,0.04,79.8,7.68,6.13,1.55,3.81,6.11,1261.89,2.56,4.31,163.1
19.12.2016 14:10:00,1002.98,3.14,-0.33,77.9,7.65,5.96,1.69,3.71,5.94,1261.74,2.08,3.24,88.6
19.12.2016 15:10:00,1002.67,3.13,-0.39,77.6,7.65,5.94,1.71,3.69,5.92,1261.39,2.0,2.64,75.5
19.12.2016 16:10:00,1002.62,3.0,-0.27,79.0,7.58,5.99,1.59,3.72,5.97,1261.9,1.71,2.64,62.29
19.12.2016 17:10:00,1002.35,2.93,-0.22,79.7,7.54,6.01,1.53,3.74,6.0,1261.88,1.65,2.72,55.92
19.12.2016 18:10:00,1002.12,2.88,0.05,81.6,7.51,6.13,1.38,3.81,6.12,1261.75,0.67,1.48,125.1
19.12.2016 19:10:00,1002.26,2.32,-0.07,84.1,7.22,6.07,1.15,3.78,6.06,1264.51,1.34,2.26,150.3
19.12.2016 20:10:00,1002.5,1.77,-0.63,84.0,6.94,5.83,1.11,3.63,5.82,1267.45,2.11,3.89,178.3
19.12.2016 21:10:00,1002.48,1.02,-1.14,85.4,6.58,5.62,0.96,3.49,5.6,1271.0,0.97,1.76,172.5
19.12.2016 22:10:00,1002.16,-0.04,-1.64,88.9,6.09,5.42,0.68,3.37,5.4,1275.6,1.59,2.36,214.9
19.12.2016 23:10:00,1002.21,-0.66,-1.76,92.2,5.82,5.36,0.45,3.34,5.35,1278.64,0.24,0.68,70.6
20.12.2016 00:10:00,1001.94,-1.24,-2.1,93.8,5.58,5.23,0.35,3.25,5.22,1281.05,0.18,0.44,126.6
20.12.2016 01:10:00,1002.21,-1.86,-2.58,94.8,5.33,5.05,0.28,3.14,5.04,1284.44,1.48,1.76,32.22
20.12.2016 02:10:00,1002.28,-1.99,-2.56,95.8,5.28,5.06,0.22,3.14,5.04,1285.11,1.25,1.88,17.98
20.12.2016 03:10:00,1002.05,-2.44,-2.98,96.0,5.1,4.9,0.2,3.05,4.89,1287.04,0.73,1.28,187.4
20.12.2016 04:10:00,1001.73,-2.02,-2.47,96.7,5.27,5.09,0.17,3.17,5.08,1284.53,0.83,1.56,193.5
20.12.2016 05:10:00,1001.09,-1.49,-2.07,95.8,5.48,5.25,0.23,3.27,5.24,1281.14,0.95,1.64,194.5
20.12.2016 06:10:00,1000.6,-0.96,-2.04,92.3,5.69,5.26,0.44,3.27,5.25,1278.0,0.97,1.92,196.0
20.12.2016 07:10:00,1000.22,-0.87,-1.95,92.3,5.73,5.29,0.44,3.3,5.29,1277.08,0.61,1.54,84.5
20.12.2016 08:10:00,1000.34,-0.53,-2.02,89.6,5.88,5.26,0.61,3.28,5.26,1275.66,1.6,2.88,149.2
20.12.2016 09:10:00,1000.22,-0.2,-2.12,86.8,6.02,5.22,0.79,3.26,5.22,1274.0,1.03,1.56,146.6
20.12.2016 10:10:00,999.94,0.28,-1.6,87.1,6.24,5.43,0.8,3.39,5.43,1271.28,1.19,1.94,187.3
20.12.2016 11:10:00,999.64,0.9,-1.52,83.8,6.52,5.46,1.06,3.41,5.46,1268.05,1.07,2.2,174.0
20.12.2016 12:10:00,998.77,1.55,-1.89,77.8,6.83,5.32,1.52,3.32,5.32,1263.99,2.16,3.45,188.2
20.12.2016 13:10:00,998.09,3.51,-1.32,70.5,7.86,5.54,2.32,3.46,5.55,1254.07,1.04,2.14,188.7
20.12.2016 14:10:00,997.74,2.92,-1.49,72.6,7.54,5.47,2.07,3.42,5.49,1256.32,2.05,3.16,45.8
20.12.2016 15:10:00,997.6,1.48,-1.47,80.6,6.8,5.48,1.32,3.42,5.49,1262.74,2.83,3.41,357.4
20.12.2016 16:10:00,997.56,-0.5,-2.18,88.3,5.89,5.2,0.69,3.25,5.21,1272.0,3.79,4.69,12.99
20.12.2016 17:10:00,997.37,-0.87,-2.46,88.9,5.73,5.09,0.64,3.18,5.11,1273.56,1.23,2.6,298.4
20.12.2016 18:10:00,997.7,-0.73,-3.13,83.7,5.79,4.85,0.94,3.03,4.86,1273.43,1.38,2.32,195.0
20.12.2016 19:10:00,997.59,-1.22,-3.67,83.3,5.59,4.65,0.93,2.91,4.67,1275.66,1.9,2.62,162.2
20.12.2016 20:10:00,997.64,-2.02,-4.07,85.8,5.26,4.52,0.75,2.82,4.53,1279.6,1.55,2.16,199.8
20.12.2016 21:10:00,997.86,-2.03,-4.29,84.4,5.26,4.44,0.82,2.77,4.45,1279.92,1.28,2.81,202.0
20.12.2016 22:10:00,998.1,-2.17,-4.51,83.9,5.2,4.37,0.84,2.73,4.38,1280.96,2.21,2.93,205.3
20.12.2016 23:10:00,998.23,-2.47,-4.74,84.3,5.09,4.29,0.8,2.68,4.3,1282.55,1.57,2.4,188.9
21.12.2016 00:10:00,998.33,-2.56,-4.9,83.8,5.06,4.24,0.82,2.65,4.25,1283.12,1.56,2.16,209.8
21.12.2016 01:10:00,998.12,-3.11,-5.15,85.7,4.85,4.16,0.69,2.6,4.17,1285.54,1.87,2.73,227.2
21.12.2016 02:10:00,998.12,-3.97,-5.77,87.2,4.55,3.97,0.58,2.48,3.97,1289.74,0.73,1.28,166.5
21.12.2016 03:10:00,998.52,-3.85,-5.45,88.6,4.59,4.07,0.52,2.54,4.07,1289.64,0.51,1.58,41.82
21.12.2016 04:10:00,999.0,-4.87,-5.86,92.7,4.25,3.94,0.31,2.46,3.94,1295.21,0.22,0.58,259.7
21.12.2016 05:10:00,999.52,-4.79,-5.81,92.5,4.28,3.96,0.32,2.47,3.96,1295.47,0.51,1.0,26.82
21.12.2016 06:10:00,1000.16,-4.93,-6.01,92.1,4.23,3.9,0.33,2.43,3.89,1297.04,0.33,0.68,259.0
21.12.2016 07:10:00,1000.44,-4.48,-5.71,91.1,4.38,3.99,0.39,2.48,3.99,1295.19,0.41,1.0,202.8
21.12.2016 08:10:00,1001.24,-4.29,-5.51,91.1,4.44,4.05,0.4,2.52,4.04,1295.25,0.73,1.68,164.0
21.12.2016 09:10:00,1001.64,-4.62,-5.73,91.9,4.33,3.98,0.35,2.47,3.97,1297.43,1.56,2.81,179.4
21.12.2016 10:10:00,1002.1,-2.68,-4.76,85.5,5.01,4.28,0.73,2.66,4.27,1288.57,1.44,2.52,179.2
21.12.2016 11:10:00,1002.1,-1.16,-3.95,81.2,5.61,4.56,1.05,2.83,4.55,1281.21,0.91,1.64,185.9
21.12.2016 12:10:00,1001.29,0.24,-3.49,75.9,6.22,4.72,1.5,2.94,4.71,1273.55,3.64,4.85,155.6
21.12.2016 13:10:00,1001.32,2.9,-2.93,65.32,7.53,4.92,2.61,3.06,4.91,1261.21,2.76,4.43,164.5
21.12.2016 14:10:00,1001.3,3.63,-2.62,63.53,7.93,5.04,2.89,3.13,5.03,1257.83,2.06,3.45,174.5
21.12.2016 15:10:00,1001.5,3.4,-2.47,65.26,7.8,5.09,2.71,3.17,5.08,1259.08,1.48,2.3,184.5
21.12.2016 16:10:00,1001.9,1.98,-2.66,71.2,7.05,5.02,2.03,3.12,5.01,1266.13,1.67,2.8,176.5
21.12.2016 17:10:00,1002.36,1.09,-3.01,74.0,6.61,4.89,1.72,3.04,4.88,1270.89,1.61,2.52,216.8
21.12.2016 18:10:00,1002.51,-0.21,-3.13,80.6,6.01,4.85,1.17,3.01,4.83,1277.16,1.1,2.32,186.9
21.12.2016 19:10:00,1003.04,-0.71,-3.21,83.1,5.8,4.82,0.98,2.99,4.8,1280.18,0.31,0.8,207.0
21.12.2016 20:10:00,1003.01,-1.43,-3.47,85.9,5.5,4.72,0.78,2.94,4.71,1283.56,1.91,3.1,185.2
21.12.2016 21:10:00,1003.1,-1.69,-3.45,87.7,5.4,4.73,0.66,2.94,4.72,1284.91,1.92,3.25,195.9
21.12.2016 22:10:00,1002.79,-2.4,-3.81,90.0,5.12,4.61,0.51,2.86,4.59,1287.96,1.78,3.25,191.2
21.12.2016 23:10:00,1002.55,-2.42,-3.78,90.3,5.11,4.61,0.5,2.87,4.6,1287.73,2.07,3.21,186.6
22.12.2016 00:10:00,1002.16,-2.61,-3.91,90.7,5.04,4.57,0.47,2.84,4.56,1288.15,2.95,4.27,191.7
22.12.2016 01:10:00,1001.92,-2.35,-3.79,89.8,5.14,4.61,0.52,2.87,4.6,1286.61,2.53,3.33,195.0
22.12.2016 02:10:00,1001.9,-2.39,-3.81,89.9,5.12,4.61,0.52,2.86,4.6,1286.73,1.51,2.95,201.5
22.12.2016 03:10:00,1002.28,-2.14,-3.57,89.9,5.22,4.69,0.53,2.92,4.68,1286.02,1.34,1.78,223.5
22.12.2016 04:10:00,1002.03,-1.65,-3.14,89.5,5.41,4.84,0.57,3.01,4.83,1283.32,3.26,4.07,215.6
22.12.2016 05:10:00,1001.91,-2.51,-3.72,91.3,5.08,4.64,0.44,2.88,4.63,1287.31,1.57,2.73,198.4
22.12.2016 06:10:00,1002.0,-2.27,-3.47,91.4,5.17,4.72,0.44,2.94,4.71,1286.25,1.98,2.77,208.7
22.12.2016 07:10:00,1002.06,-2.6,-3.69,92.1,5.04,4.65,0.4,2.89,4.64,1287.92,3.33,4.65,198.7
22.12.2016 08:10:00,1002.49,-2.35,-3.44,92.2,5.14,4.74,0.4,2.94,4.72,1287.28,2.77,3.85,178.9
22.12.2016 09:10:00,1002.83,-2.0,-3.19,91.5,5.27,4.83,0.45,3.0,4.81,1285.98,2.53,4.09,192.3
22.12.2016 10:10:00,1003.04,-1.03,-2.63,88.8,5.66,5.03,0.63,3.12,5.01,1281.58,2.42,3.85,186.0
22.12.2016 11:10:00,1002.9,1.42,-1.54,80.6,6.77,5.46,1.31,3.39,5.44,1269.77,1.22,2.3,171.1
22.12.2016 12:10:00,1002.63,2.4,-1.16,77.2,7.26,5.61,1.66,3.49,5.59,1264.83,2.66,4.75,148.9
22.12.2016 13:10:00,1002.26,3.08,-0.97,74.6,7.63,5.69,1.94,3.54,5.68,1261.21,3.64,5.69,168.7
22.12.2016 14:10:00,1002.15,3.55,-0.88,72.7,7.88,5.73,2.15,3.56,5.72,1258.95,2.05,4.21,165.6
22.12.2016 15:10:00,1002.2,2.76,-1.14,75.4,7.45,5.62,1.83,3.49,5.61,1262.65,2.62,4.17,185.4
22.12.2016 16:10:00,1002.42,2.48,-1.11,77.1,7.3,5.63,1.67,3.5,5.62,1264.21,2.1,2.88,202.1
22.12.2016 17:10:00,1002.88,2.4,-1.06,77.8,7.26,5.65,1.61,3.51,5.63,1265.14,0.99,1.86,152.6
22.12.2016 18:10:00,1003.4,1.48,-1.12,82.8,6.8,5.63,1.17,3.5,5.61,1270.06,0.96,1.96,148.1
22.12.2016 19:10:00,1003.9,0.96,-0.97,86.9,6.55,5.69,0.86,3.53,5.67,1273.06,1.22,2.04,184.0
22.12.2016 20:10:00,1004.19,0.41,-0.64,92.6,6.29,5.83,0.47,3.62,5.8,1275.92,1.48,2.24,177.5
22.12.2016 21:10:00,1004.29,0.33,-0.51,94.1,6.25,5.89,0.37,3.65,5.86,1276.41,1.41,2.68,181.0
22.12.2016 22:10:00,1004.68,0.28,-0.43,95.0,6.23,5.92,0.31,3.67,5.89,1277.12,1.79,2.8,196.0
22.12.2016 23:10:00,1005.0,0.52,-0.19,95.0,6.34,6.02,0.32,3.74,5.99,1276.36,0.58,1.16,158.5
23.12.2016 00:10:00,1004.98,0.49,-0.27,94.6,6.33,5.99,0.34,3.72,5.96,1276.46,0.98,1.6,140.6
23.12.2016 01:10:00,1005.28,0.56,-0.17,94.8,6.36,6.03,0.33,3.74,6.0,1276.51,0.8,1.12,137.3
23.12.2016 02:10:00,1005.15,0.54,-0.12,95.3,6.35,6.05,0.3,3.75,6.02,1276.43,0.64,1.36,183.6
23.12.2016 03:10:00,1005.73,0.64,0.04,95.7,6.4,6.13,0.28,3.8,6.09,1276.64,0.39,0.96,299.3
23.12.2016 04:10:00,1006.33,0.8,-0.07,93.9,6.47,6.08,0.39,3.77,6.04,1276.71,0.67,1.2,199.2
23.12.2016 05:10:00,1007.19,1.02,0.15,93.9,6.58,6.17,0.4,3.82,6.13,1276.74,0.4,0.84,159.0
23.12.2016 06:10:00,1007.55,0.92,-0.14,92.6,6.53,6.04,0.48,3.74,6.0,1277.73,2.89,4.89,238.5
23.12.2016 07:10:00,1007.06,1.02,-0.07,92.4,6.58,6.08,0.5,3.76,6.03,1276.63,3.51,5.29,224.3
23.12.2016 08:10:00,1007.92,0.86,-0.3,91.9,6.5,5.98,0.53,3.7,5.93,1278.48,1.54,2.96,156.0
23.12.2016 09:10:00,1007.96,0.06,-0.61,95.2,6.14,5.84,0.29,3.61,5.8,1282.33,1.7,2.36,183.6
23.12.2016 10:10:00,1008.42,1.15,0.18,93.2,6.64,6.19,0.45,3.82,6.14,1277.69,2.09,3.24,186.1
23.12.2016 11:10:00,1008.43,2.67,0.54,85.8,7.4,6.35,1.05,3.93,6.3,1270.57,2.59,3.97,167.6
23.12.2016 12:10:00,1008.16,3.63,0.83,81.8,7.93,6.49,1.44,4.01,6.43,1265.74,1.98,2.68,177.5
23.12.2016 13:10:00,1007.42,4.65,1.08,77.6,8.51,6.61,1.91,4.09,6.56,1260.15,2.07,2.8,174.3
23.12.2016 14:10:00,1006.78,4.73,1.34,78.6,8.56,6.73,1.83,4.17,6.69,1258.91,1.65,2.64,200.6
23.12.2016 15:10:00,1006.47,4.59,1.21,78.6,8.48,6.67,1.82,4.13,6.62,1259.17,0.98,1.38,70.5
23.12.2016 16:10:00,1006.05,2.86,0.58,84.9,7.51,6.37,1.13,3.95,6.33,1266.67,0.7,1.04,210.8
23.12.2016 17:10:00,1005.69,1.8,-0.09,87.2,6.96,6.07,0.89,3.76,6.03,1271.25,1.35,2.16,205.5
23.12.2016 18:10:00,1005.08,0.2,-0.98,91.7,6.2,5.68,0.51,3.53,5.66,1278.09,2.02,2.92,185.2
23.12.2016 19:10:00,1004.68,-0.31,-1.44,92.0,5.97,5.49,0.48,3.41,5.47,1280.06,1.78,2.24,179.4
23.12.2016 20:10:00,1004.2,-0.87,-1.82,93.2,5.73,5.34,0.39,3.32,5.32,1282.15,2.66,3.85,172.4
23.12.2016 21:10:00,1003.65,-1.02,-1.87,93.9,5.67,5.32,0.35,3.31,5.3,1282.18,0.59,1.02,177.4
23.12.2016 22:10:00,1002.71,-0.67,-1.71,92.6,5.82,5.39,0.43,3.35,5.37,1279.29,2.19,2.84,196.2
23.12.2016 23:10:00,1001.52,-0.86,-1.7,94.0,5.73,5.39,0.34,3.35,5.38,1278.68,1.82,2.48,196.9
24.12.2016 00:10:00,1000.73,-0.37,-1.46,92.3,5.95,5.49,0.46,3.42,5.48,1275.29,0.69,1.32,203.8
24.12.2016 01:10:00,1000.52,0.48,-1.08,89.2,6.33,5.64,0.68,3.52,5.64,1271.0,0.35,0.88,250.7
24.12.2016 02:10:00,999.65,0.72,-0.54,91.2,6.44,5.87,0.57,3.66,5.87,1268.65,1.58,2.6,183.7
24.12.2016 03:10:00,998.96,2.38,0.21,85.5,7.25,6.2,1.05,3.87,6.21,1259.99,1.24,2.72,188.4
24.12.2016 04:10:00,998.31,3.09,0.58,83.5,7.63,6.37,1.26,3.98,6.38,1255.89,0.7,1.56,125.2
24.12.2016 05:10:00,997.97,4.25,1.14,80.1,8.28,6.63,1.65,4.14,6.65,1250.07,0.7,1.32,179.3
24.12.2016 06:10:00,997.69,4.33,1.62,82.5,8.33,6.87,1.46,4.29,6.89,1249.26,2.5,5.65,214.7
24.12.2016 07:10:00,997.51,4.85,1.84,80.8,8.64,6.98,1.66,4.36,7.0,1246.63,3.33,5.49,208.3
24.12.2016 08:10:00,997.48,5.17,1.83,78.9,8.84,6.97,1.86,4.36,6.99,1245.15,4.98,8.93,212.1
24.12.2016 09:10:00,997.75,4.27,2.56,88.6,8.29,7.35,0.95,4.59,7.36,1249.37,6.12,9.45,213.8
24.12.2016 10:10:00,997.42,4.67,2.31,84.6,8.53,7.22,1.31,4.51,7.23,1247.22,6.68,9.33,212.5
24.12.2016 11:10:00,997.11,5.23,2.55,82.8,8.87,7.34,1.53,4.59,7.36,1244.27,6.53,10.77,214.8
24.12.2016 12:10:00,997.16,5.8,2.82,81.1,9.23,7.49,1.74,4.68,7.51,1241.7,6.06,8.97,218.5
24.12.2016 13:10:00,996.87,6.4,2.97,78.6,9.62,7.56,2.06,4.73,7.59,1238.63,4.0,6.21,213.4
24.12.2016 14:10:00,996.72,6.3,3.41,81.7,9.55,7.81,1.75,4.89,7.83,1238.8,2.01,4.91,225.7
24.12.2016 15:10:00,996.9,6.03,3.06,81.2,9.38,7.61,1.76,4.76,7.64,1240.29,0.99,2.72,269.4
24.12.2016 16:10:00,997.15,5.63,2.59,80.7,9.12,7.36,1.76,4.6,7.38,1242.5,1.29,2.36,209.5
24.12.2016 17:10:00,997.29,5.1,2.46,83.0,8.79,7.29,1.49,4.56,7.31,1245.09,2.21,3.57,228.7
24.12.2016 18:10:00,997.22,5.4,0.91,72.7,8.98,6.53,2.45,4.08,6.55,1244.0,2.27,4.65,230.1
24.12.2016 19:10:00,997.76,5.2,0.43,71.2,8.85,6.3,2.55,3.94,6.32,1245.69,3.22,5.89,237.6
24.12.2016 20:10:00,997.48,5.14,0.31,70.9,8.81,6.25,2.56,3.91,6.26,1245.64,2.7,5.17,227.1
24.12.2016 21:10:00,997.37,5.07,0.52,72.3,8.77,6.34,2.43,3.96,6.36,1245.77,1.97,3.99,223.0
24.12.2016 22:10:00,996.79,5.62,0.99,72.0,9.11,6.56,2.55,4.1,6.58,1242.48,5.09,7.65,208.8
24.12.2016 23:10:00,996.81,5.74,1.5,74.1,9.19,6.81,2.38,4.26,6.83,1241.87,1.95,3.79,224.0
25.12.2016 00:10:00,996.44,5.87,1.87,75.4,9.27,6.99,2.28,4.38,7.02,1240.72,1.8,4.25,221.6
25.12.2016 01:10:00,996.25,6.12,2.14,75.6,9.43,7.13,2.3,4.46,7.16,1239.33,2.69,5.73,222.6
25.12.2016 02:10:00,996.27,6.12,2.46,77.3,9.44,7.3,2.14,4.57,7.32,1239.25,2.62,5.49,220.8
25.12.2016 03:10:00,996.12,6.24,2.9,79.1,9.52,7.53,1.99,4.71,7.56,1238.42,2.7,6.57,236.1
25.12.2016 04:10:00,995.89,6.38,2.96,78.7,9.61,7.56,2.05,4.74,7.59,1237.5,3.1,6.73,241.0
25.12.2016 05:10:00,995.62,6.28,2.83,78.5,9.54,7.49,2.05,4.69,7.52,1237.63,2.21,5.37,234.5
25.12.2016 06:10:00,995.83,6.67,3.26,78.8,9.8,7.72,2.08,4.84,7.76,1236.06,2.04,5.21,245.8
25.12.2016 07:10:00,995.21,6.67,3.32,79.1,9.8,7.75,2.05,4.86,7.79,1235.3,3.34,7.97,225.3
25.12.2016 08:10:00,995.12,7.17,3.26,76.1,10.15,7.72,2.42,4.84,7.76,1232.98,2.77,6.41,232.1
25.12.2016 09:10:00,995.17,7.21,3.5,77.2,10.17,7.85,2.32,4.92,7.89,1232.82,2.39,5.29,227.2
25.12.2016 10:10:00,995.7,7.24,3.87,79.1,10.19,8.06,2.13,5.05,8.1,1233.24,2.8,5.41,217.7
25.12.2016 11:10:00,995.6,7.64,3.69,76.0,10.48,7.96,2.51,4.99,8.0,1231.41,3.6,8.57,211.1
25.12.2016 12:10:00,995.13,8.38,4.16,74.7,11.02,8.23,2.79,5.16,8.27,1227.46,4.39,7.25,210.9
25.12.2016 13:10:00,994.98,8.43,4.55,76.5,11.06,8.46,2.6,5.3,8.5,1226.96,3.62,6.29,211.0
25.12.2016 14:10:00,994.97,8.86,4.87,76.0,11.38,8.65,2.73,5.43,8.7,1224.97,3.92,7.45,228.0
25.12.2016 15:10:00,995.43,8.67,5.15,78.5,11.24,8.82,2.42,5.53,8.86,1226.29,1.4,4.22,217.3
25.12.2016 16:10:00,995.85,8.71,5.48,80.1,11.27,9.03,2.24,5.66,9.06,1226.54,1.07,2.7,311.6
25.12.2016 17:10:00,995.75,8.99,5.7,79.8,11.49,9.17,2.32,5.75,9.2,1225.13,1.79,4.04,264.5
25.12.2016 18:10:00,995.83,9.0,6.12,82.1,11.49,9.44,2.06,5.91,9.48,1225.07,1.61,3.8,208.0
25.12.2016 19:10:00,995.7,9.13,6.46,83.3,11.59,9.66,1.94,6.06,9.7,1224.24,1.53,2.72,148.6
25.12.2016 20:10:00,996.08,9.4,6.24,80.6,11.81,9.52,2.29,5.96,9.55,1223.61,2.25,4.69,210.2
25.12.2016 21:10:00,996.37,9.16,6.17,81.5,11.62,9.47,2.15,5.93,9.5,1225.02,2.05,4.2,252.6
25.12.2016 22:10:00,996.85,8.75,6.19,83.9,11.3,9.48,1.82,5.94,9.51,1227.4,2.77,6.07,236.3
25.12.2016 23:10:00,997.15,8.88,5.88,81.4,11.4,9.28,2.12,5.81,9.31,1227.3,3.29,7.53,234.3
26.12.2016 00:10:00,997.18,8.86,5.57,79.8,11.38,9.08,2.3,5.69,9.11,1227.5,1.96,3.44,231.7
26.12.2016 01:10:00,997.54,8.95,5.44,78.6,11.45,9.0,2.45,5.63,9.03,1227.6,2.9,6.83,232.7
26.12.2016 02:10:00,997.73,8.96,5.34,78.0,11.46,8.94,2.52,5.59,8.96,1227.82,4.24,8.81,232.2
26.12.2016 03:10:00,997.38,8.94,5.18,77.2,11.45,8.84,2.61,5.53,8.86,1227.53,4.96,6.97,204.8
26.12.2016 04:10:00,997.1,9.09,5.08,75.9,11.56,8.78,2.79,5.49,8.8,1226.56,4.19,6.73,206.6
26.12.2016 05:10:00,996.95,9.07,5.0,75.6,11.55,8.73,2.82,5.46,8.76,1226.48,3.49,5.37,195.2
26.12.2016 06:10:00,996.69,8.93,5.11,76.9,11.44,8.8,2.64,5.51,8.83,1226.74,3.5,6.09,209.8
26.12.2016 07:10:00,996.53,8.71,5.06,77.8,11.27,8.77,2.5,5.49,8.8,1227.51,3.75,6.73,208.8
26.12.2016 08:10:00,996.38,8.44,5.11,79.5,11.06,8.8,2.27,5.51,8.83,1228.48,2.74,5.53,221.8
26.12.2016 09:10:00,996.62,8.59,5.13,78.8,11.18,8.81,2.37,5.52,8.84,1228.12,3.86,5.37,212.2
26.12.2016 10:10:00,996.21,9.11,5.58,78.5,11.58,9.09,2.49,5.69,9.12,1225.22,5.77,9.09,200.3
26.12.2016 11:10:00,995.62,9.97,5.78,75.1,12.27,9.21,3.06,5.78,9.25,1220.71,6.32,9.65,212.8
26.12.2016 12:10:00,995.25,10.52,5.86,72.8,12.73,9.27,3.46,5.81,9.31,1217.87,7.74,11.17,214.9
26.12.2016 13:10:00,995.15,10.55,6.08,73.8,12.75,9.41,3.34,5.9,9.46,1217.55,2.66,5.89,218.8
26.12.2016 14:10:00,996.81,9.34,5.95,79.3,11.76,9.33,2.43,5.84,9.36,1224.86,2.61,5.59,279.6
26.12.2016 15:10:00,997.63,5.85,3.65,85.7,9.26,7.94,1.32,4.96,7.95,1241.87,3.12,5.79,263.2
26.12.2016 16:10:00,998.46,5.67,1.99,77.1,9.15,7.05,2.09,4.4,7.06,1244.11,2.09,5.13,268.2
26.12.2016 17:10:00,998.94,5.28,1.21,74.9,8.9,6.67,2.23,4.16,6.68,1246.62,2.62,6.77,236.8
26.12.2016 18:10:00,999.87,5.64,1.18,72.9,9.13,6.65,2.47,4.15,6.65,1246.21,2.28,4.21,231.6
26.12.2016 19:10:00,1000.83,5.41,0.69,71.5,8.98,6.42,2.56,4.0,6.42,1248.54,2.9,6.85,268.5
26.12.2016 20:10:00,1001.33,4.94,-0.2,69.22,8.69,6.02,2.68,3.75,6.01,1251.45,2.59,5.45,259.0
26.12.2016 21:10:00,1001.93,4.27,-0.76,69.69,8.29,5.78,2.51,3.6,5.77,1255.37,1.94,5.13,241.7
26.12.2016 22:10:00,1002.9,4.04,-1.66,66.29,8.16,5.41,2.75,3.36,5.39,1257.8,2.19,3.89,262.5
26.12.2016 23:10:00,1002.75,3.6,-2.03,66.47,7.91,5.26,2.65,3.27,5.24,1259.66,2.43,4.61,251.0
27.12.2016 00:10:00,1003.13,3.55,-1.98,66.96,7.88,5.28,2.6,3.28,5.26,1260.36,2.3,6.49,244.2
27.12.2016 01:10:00,1003.27,3.4,-1.97,67.76,7.8,5.29,2.51,3.28,5.27,1261.22,1.39,2.8,205.7
27.12.2016 02:10:00,1003.4,3.51,-1.73,68.42,7.86,5.38,2.48,3.34,5.36,1260.85,2.52,4.97,240.9
27.12.2016 03:10:00,1003.25,3.8,-1.5,68.2,8.02,5.47,2.55,3.4,5.46,1259.28,1.8,5.27,252.8
27.12.2016 04:10:00,1003.53,4.2,-1.14,68.07,8.25,5.62,2.64,3.49,5.6,1257.74,2.92,5.65,251.5
27.12.2016 05:10:00,1003.54,4.27,-0.82,69.38,8.29,5.75,2.54,3.57,5.73,1257.39,2.9,5.83,258.2
27.12.2016 06:10:00,1003.89,4.27,-0.61,70.4,8.3,5.84,2.46,3.63,5.82,1257.77,3.1,6.13,249.3
27.12.2016 07:10:00,1004.19,4.4,-0.47,70.5,8.37,5.9,2.47,3.66,5.88,1257.53,2.69,6.13,249.7
27.12.2016 08:10:00,1004.35,4.45,-0.38,70.7,8.4,5.94,2.46,3.69,5.91,1257.5,3.06,5.49,265.5
27.12.2016 09:10:00,1004.84,4.63,-0.21,70.7,8.51,6.01,2.49,3.73,5.99,1257.25,3.39,6.87,267.5
27.12.2016 10:10:00,1005.12,5.06,0.28,71.1,8.77,6.23,2.53,3.87,6.2,1255.54,3.11,6.29,247.2
27.12.2016 11:10:00,1006.2,5.55,0.49,69.79,9.07,6.33,2.74,3.92,6.29,1254.68,3.65,7.95,263.6
27.12.2016 12:10:00,1006.57,5.8,0.93,70.8,9.23,6.54,2.7,4.05,6.49,1253.89,3.07,6.79,262.8
27.12.2016 13:10:00,1006.93,6.02,1.14,70.8,9.37,6.63,2.74,4.11,6.59,1253.33,3.15,6.33,255.4
27.12.2016 14:10:00,1007.21,6.41,1.14,68.88,9.63,6.63,3.0,4.11,6.59,1251.91,3.81,7.55,271.3
27.12.2016 15:10:00,1008.13,6.15,1.49,72.0,9.45,6.81,2.65,4.21,6.75,1254.17,3.53,5.69,264.7
27.12.2016 16:10:00,1008.81,6.13,1.88,74.1,9.45,7.0,2.45,4.33,6.94,1254.98,3.1,6.73,262.8
27.12.2016 17:10:00,1009.38,5.81,2.74,80.6,9.23,7.44,1.79,4.6,7.37,1256.96,2.82,5.17,264.0
27.12.2016 18:10:00,1009.62,6.19,2.64,77.9,9.48,7.39,2.1,4.56,7.32,1255.56,2.78,5.85,266.1
27.12.2016 19:10:00,1010.36,6.29,2.68,77.6,9.55,7.41,2.14,4.57,7.33,1256.03,2.84,4.81,264.5
27.12.2016 20:10:00,1011.15,6.35,2.72,77.5,9.59,7.43,2.16,4.58,7.35,1256.73,2.86,5.53,259.7
27.12.2016 21:10:00,1011.33,5.88,3.01,81.7,9.28,7.58,1.7,4.68,7.5,1258.98,2.88,5.13,264.0
27.12.2016 22:10:00,1011.39,6.25,2.97,79.4,9.52,7.56,1.96,4.66,7.48,1257.39,1.99,4.01,262.4
27.12.2016 23:10:00,1011.29,6.27,2.64,77.5,9.54,7.39,2.15,4.56,7.31,1257.27,2.73,5.61,267.6
28.12.2016 00:10:00,1011.58,6.27,2.61,77.3,9.54,7.37,2.16,4.54,7.29,1257.64,2.8,4.81,262.4
28.12.2016 01:10:00,1011.86,6.2,2.58,77.5,9.49,7.36,2.14,4.53,7.27,1258.3,2.66,4.93,268.3
28.12.2016 02:10:00,1011.77,6.09,2.41,77.2,9.41,7.27,2.15,4.48,7.18,1258.77,2.78,6.47,263.7
28.12.2016 03:10:00,1011.98,5.73,2.17,77.8,9.18,7.14,2.04,4.4,7.06,1260.71,3.43,6.73,261.1
28.12.2016 04:10:00,1012.62,5.41,1.99,78.5,8.98,7.05,1.93,4.34,6.96,1262.98,1.89,3.81,259.4
28.12.2016 05:10:00,1012.54,5.26,1.98,79.3,8.89,7.05,1.84,4.34,6.96,1263.57,2.5,4.05,265.1
28.12.2016 06:10:00,1012.4,4.75,2.19,83.4,8.58,7.15,1.42,4.41,7.07,1265.67,3.37,5.85,257.0
28.12.2016 07:10:00,1012.61,4.65,2.12,83.6,8.52,7.12,1.4,4.39,7.03,1266.39,3.21,5.45,267.2
28.12.2016 08:10:00,1013.02,4.73,2.05,82.7,8.56,7.08,1.48,4.36,6.99,1266.56,3.59,6.09,259.9
28.12.2016 09:10:00,1013.8,4.91,2.14,82.2,8.67,7.13,1.54,4.39,7.03,1266.7,1.93,4.69,272.2
28.12.2016 10:10:00,1014.09,5.07,2.3,82.2,8.77,7.21,1.56,4.43,7.11,1266.28,1.89,4.53,263.4
28.12.2016 11:10:00,1014.25,5.27,2.71,83.5,8.89,7.43,1.47,4.57,7.32,1265.48,2.71,4.11,264.5
28.12.2016 12:10:00,1014.15,6.03,2.9,80.3,9.38,7.53,1.85,4.63,7.42,1261.88,2.33,4.61,261.4
28.12.2016 13:10:00,1013.76,5.43,2.65,82.2,9.0,7.4,1.6,4.55,7.29,1264.14,2.89,4.41,253.6
28.12.2016 14:10:00,1013.52,5.21,2.59,83.1,8.86,7.36,1.5,4.53,7.26,1264.87,3.3,6.53,260.5
28.12.2016 15:10:00,1013.54,5.03,3.02,86.8,8.74,7.59,1.15,4.67,7.49,1265.62,2.45,3.69,258.4
28.12.2016 16:10:00,1013.64,4.83,2.97,87.7,8.62,7.56,1.06,4.65,7.46,1266.66,2.36,3.93,253.7
28.12.2016 17:10:00,1013.78,4.54,2.76,88.2,8.45,7.45,1.0,4.59,7.35,1268.22,2.45,4.13,261.2
28.12.2016 18:10:00,1014.26,4.4,2.55,87.7,8.37,7.34,1.03,4.51,7.24,1269.49,2.69,4.29,258.5
28.12.2016 19:10:00,1014.54,3.93,2.52,90.5,8.09,7.33,0.77,4.5,7.22,1272.03,2.43,3.69,254.6
28.12.2016 20:10:00,1014.74,3.73,2.37,90.8,7.98,7.25,0.73,4.46,7.14,1273.22,3.0,4.37,243.5
28.12.2016 21:10:00,1014.95,3.51,2.29,91.7,7.86,7.21,0.65,4.43,7.1,1274.5,1.13,3.36,226.6
28.12.2016 22:10:00,1014.92,3.42,2.05,90.7,7.81,7.08,0.73,4.35,6.98,1274.97,1.63,3.0,243.6
28.12.2016 23:10:00,1015.29,3.5,2.08,90.4,7.85,7.1,0.75,4.36,6.99,1275.05,1.29,1.82,103.3
29.12.2016 00:10:00,1015.16,3.4,2.05,90.8,7.8,7.08,0.72,4.35,6.98,1275.34,0.74,1.44,225.8
29.12.2016 01:10:00,1014.79,3.33,1.89,90.3,7.76,7.01,0.75,4.31,6.9,1275.26,0.9,1.36,207.3
29.12.2016 02:10:00,1014.81,3.47,1.97,89.9,7.84,7.04,0.79,4.33,6.94,1274.61,0.62,1.36,138.8
29.12.2016 03:10:00,1014.68,3.26,1.85,90.4,7.72,6.98,0.74,4.29,6.88,1275.42,0.32,0.72,204.8
29.12.2016 04:10:00,1014.79,3.12,1.75,90.7,7.64,6.93,0.71,4.26,6.83,1276.26,1.0,1.48,145.0
29.12.2016 05:10:00,1014.66,3.09,1.76,90.9,7.63,6.94,0.69,4.26,6.84,1276.2,0.42,0.72,258.0
29.12.2016 06:10:00,1014.69,2.53,1.37,92.0,7.33,6.75,0.59,4.15,6.65,1278.93,1.88,2.32,245.5
29.12.2016 07:10:00,1014.71,2.67,1.45,91.6,7.41,6.78,0.62,4.17,6.68,1278.29,0.45,0.94,249.6
29.12.2016 08:10:00,1014.82,2.67,1.74,93.6,7.4,6.93,0.47,4.26,6.83,1278.39,0.44,0.96,235.4
29.12.2016 09:10:00,1014.98,2.62,1.49,92.2,7.38,6.8,0.58,4.18,6.7,1278.86,1.12,1.48,234.2
29.12.2016 10:10:00,1015.13,3.04,2.07,93.3,7.6,7.09,0.51,4.36,6.99,1276.96,0.64,0.96,201.1
29.12.2016 11:10:00,1015.0,3.49,2.18,91.1,7.85,7.15,0.7,4.39,7.04,1274.71,0.62,0.98,143.9
29.12.2016 12:10:00,1014.63,3.45,2.27,91.9,7.83,7.19,0.63,4.42,7.09,1274.38,0.91,1.88,113.5
29.12.2016 13:10:00,1014.22,3.75,2.25,89.9,7.99,7.18,0.81,4.42,7.08,1272.52,1.0,1.84,182.9
29.12.2016 14:10:00,1013.7,3.97,2.19,88.1,8.12,7.15,0.97,4.4,7.06,1270.85,0.9,1.52,164.7
29.12.2016 15:10:00,1013.69,4.35,1.95,84.3,8.34,7.03,1.31,4.33,6.94,1269.16,0.61,1.38,180.5
29.12.2016 16:10:00,1013.42,4.38,1.83,83.4,8.36,6.97,1.39,4.29,6.88,1268.71,0.35,0.64,6.56
29.12.2016 17:10:00,1012.94,3.87,1.49,84.4,8.06,6.8,1.26,4.19,6.72,1270.53,0.82,1.12,236.6
29.12.2016 18:10:00,1012.62,3.23,0.69,83.3,7.71,6.42,1.29,3.95,6.34,1273.22,1.36,1.92,233.5
29.12.2016 19:10:00,1012.56,2.41,0.51,87.2,7.27,6.34,0.93,3.9,6.26,1276.98,0.45,0.68,50.78
29.12.2016 20:10:00,1012.35,1.22,-0.31,89.5,6.67,5.97,0.7,3.68,5.9,1282.44,1.3,2.12,214.7
29.12.2016 21:10:00,1012.46,-0.23,-0.7,96.6,6.01,5.8,0.2,3.57,5.73,1289.46,1.05,1.84,218.6
29.12.2016 22:10:00,1012.25,-0.87,-1.18,97.7,5.73,5.6,0.13,3.45,5.53,1292.32,0.97,1.76,216.8
29.12.2016 23:10:00,1012.46,-1.24,-1.51,98.0,5.58,5.47,0.11,3.36,5.4,1294.43,1.54,2.04,222.8
30.12.2016 00:10:00,1012.42,-1.82,-2.06,98.2,5.34,5.25,0.1,3.23,5.18,1297.24,1.14,1.72,213.7
30.12.2016 01:10:00,1012.49,-2.3,-2.56,98.1,5.16,5.06,0.1,3.11,5.0,1299.72,0.78,1.96,216.1
30.12.2016 02:10:00,1012.18,-2.6,-2.86,98.1,5.04,4.94,0.1,3.04,4.89,1300.85,1.82,2.48,212.8
30.12.2016 03:10:00,1011.85,-3.18,-3.52,97.5,4.83,4.71,0.12,2.9,4.65,1303.33,1.11,1.52,219.8
30.12.2016 04:10:00,1011.91,-3.28,-3.65,97.3,4.79,4.66,0.13,2.87,4.61,1303.91,1.68,2.64,217.3
30.12.2016 05:10:00,1011.6,-3.21,-3.59,97.2,4.82,4.68,0.13,2.88,4.63,1303.13,1.78,2.36,225.6
30.12.2016 06:10:00,1011.58,-3.73,-4.13,97.0,4.63,4.49,0.14,2.77,4.44,1305.73,0.97,1.72,198.6
30.12.2016 07:10:00,1011.48,-4.1,-4.54,96.7,4.5,4.36,0.15,2.68,4.31,1307.46,1.36,2.75,190.9
30.12.2016 08:10:00,1011.49,-4.66,-5.17,96.2,4.32,4.15,0.16,2.56,4.11,1310.3,0.62,1.28,235.4
30.12.2016 09:10:00,1011.74,-4.85,-5.44,95.6,4.25,4.07,0.19,2.5,4.02,1311.62,1.24,1.88,201.7
30.12.2016 10:10:00,1011.73,-3.92,-4.43,96.2,4.57,4.39,0.17,2.71,4.34,1306.9,0.83,1.44,198.9
30.12.2016 11:10:00,1011.15,-2.6,-3.01,97.0,5.04,4.89,0.15,3.01,4.84,1299.52,1.04,1.5,209.4
30.12.2016 12:10:00,1010.61,-0.92,-1.21,97.9,5.71,5.59,0.12,3.45,5.53,1290.47,0.47,1.28,159.9
30.12.2016 13:10:00,1009.78,0.43,-0.03,96.7,6.3,6.09,0.21,3.76,6.04,1282.8,1.35,2.12,208.4
30.12.2016 14:10:00,1009.35,2.11,1.77,97.6,7.11,6.94,0.17,4.29,6.88,1274.04,1.33,1.84,228.0
30.12.2016 15:10:00,1009.16,3.55,1.58,86.9,7.88,6.85,1.03,4.23,6.79,1267.2,1.1,1.52,234.4
30.12.2016 16:10:00,1008.92,2.83,0.02,81.7,7.49,6.12,1.37,3.78,6.06,1270.59,1.23,1.84,216.0
30.12.2016 17:10:00,1008.75,1.83,-0.51,84.4,6.97,5.89,1.09,3.64,5.83,1275.07,1.46,2.24,220.6
30.12.2016 18:10:00,1008.92,0.38,-1.87,84.8,6.28,5.32,0.95,3.29,5.28,1282.34,0.35,1.0,145.1
30.12.2016 19:10:00,1008.89,-0.78,-3.1,84.2,5.77,4.86,0.91,3.0,4.81,1287.98,0.82,1.24,168.2
30.12.2016 20:10:00,1008.98,-1.87,-2.83,93.1,5.32,4.96,0.37,3.06,4.91,1293.2,0.85,2.04,176.6
30.12.2016 21:10:00,1009.25,-2.08,-3.65,88.9,5.24,4.66,0.58,2.88,4.62,1294.7,0.36,0.84,198.5
30.12.2016 22:10:00,1008.93,-2.85,-5.41,82.4,4.95,4.08,0.87,2.52,4.04,1298.27,1.18,1.84,199.4
30.12.2016 23:10:00,1008.81,-3.33,-5.2,86.8,4.77,4.14,0.63,2.56,4.11,1300.41,0.93,1.48,213.5
31.12.2016 00:10:00,1008.64,-4.17,-5.36,91.4,4.48,4.09,0.39,2.53,4.06,1304.27,0.92,1.88,176.3
31.12.2016 01:10:00,1008.05,-4.26,-6.37,85.1,4.45,3.79,0.66,2.34,3.76,1304.09,0.55,1.04,258.7
31.12.2016 02:10:00,1007.52,-5.05,-6.28,91.0,4.19,3.82,0.38,2.36,3.79,1307.2,0.61,1.34,108.9
31.12.2016 03:10:00,1007.35,-4.67,-6.56,86.5,4.32,3.73,0.58,2.31,3.71,1305.16,0.49,1.2,309.5
31.12.2016 04:10:00,1006.95,-4.47,-7.77,77.6,4.38,3.4,0.98,2.1,3.38,1303.88,0.59,1.38,150.7
31.12.2016 05:10:00,1006.71,-4.9,-8.64,74.9,4.24,3.17,1.06,1.96,3.15,1305.77,0.51,1.04,208.9
31.12.2016 06:10:00,1006.59,-5.17,-9.31,72.5,4.15,3.01,1.14,1.86,2.99,1307.01,0.67,1.04,212.7
31.12.2016 07:10:00,1006.57,-6.2,-8.77,81.9,3.84,3.14,0.69,1.94,3.12,1311.94,0.37,0.68,244.6
31.12.2016 08:10:00,1006.22,-6.84,-8.71,86.4,3.65,3.16,0.5,1.95,3.14,1314.62,0.95,1.9,181.1
31.12.2016 09:10:00,1006.23,-6.31,-8.42,84.9,3.81,3.23,0.57,2.0,3.21,1312.01,1.28,1.84,180.6
31.12.2016 10:10:00,1005.99,-5.02,-7.71,81.3,4.2,3.41,0.79,2.11,3.39,1305.3,0.99,1.88,187.7
31.12.2016 11:10:00,1005.38,-3.31,-6.62,77.7,4.78,3.72,1.07,2.3,3.7,1296.05,1.24,2.44,176.5
31.12.2016 12:10:00,1004.62,-0.71,-5.97,67.37,5.8,3.91,1.89,2.42,3.89,1282.65,1.06,2.08,202.9
31.12.2016 13:10:00,1003.79,1.97,-4.38,62.63,7.04,4.41,2.63,2.74,4.39,1268.85,0.82,1.88,188.2
31.12.2016 14:10:00,1003.25,4.15,-3.76,56.2,8.22,4.62,3.6,2.87,4.61,1258.09,0.58,1.32,231.0
31.12.2016 15:10:00,1003.09,4.97,-3.04,56.03,8.71,4.88,3.83,3.03,4.86,1254.09,0.54,1.04,221.7
31.12.2016 16:10:00,1002.54,2.44,-4.39,60.5,7.28,4.41,2.88,2.74,4.4,1265.12,0.46,1.08,177.2
31.12.2016 17:10:00,1002.43,1.29,-4.63,64.53,6.71,4.33,2.38,2.69,4.32,1270.29,1.35,1.88,223.8
31.12.2016 18:10:00,1002.27,-0.42,-4.92,71.5,5.92,4.23,1.69,2.63,4.22,1278.14,0.44,1.0,232.8
31.12.2016 19:10:00,1002.18,-0.98,-5.36,72.0,5.69,4.09,1.59,2.54,4.08,1280.7,0.87,1.36,190.6
31.12.2016 20:10:00,1001.4,-1.4,-6.84,66.29,5.51,3.65,1.86,2.27,3.65,1281.87,1.02,1.92,225.4
31.12.2016 21:10:00,1001.19,-2.75,-6.9,72.9,4.99,3.64,1.35,2.26,3.63,1288.02,0.71,1.56,158.7
31.12.2016 22:10:00,1000.65,-2.89,-7.15,72.3,4.93,3.57,1.37,2.22,3.57,1288.03,0.35,0.68,216.7
31.12.2016 23:10:00,1000.11,-3.93,-8.09,72.6,4.56,3.31,1.25,2.06,3.31,1292.41,0.56,1.0,202.6
